{"type": "FeatureCollection", "features": [{"type": "Feature", "geometry": {"type": "Point", "coordinates": [-88.7191607, 37.1457958]}, "properties": {"name": "Rural Health Inc", "city": "Metropolis", "facility_type": "Outpatient mental health facility", "street": "1003 East 5th Street", "zip": "62960", "phone": "618-524-7499"}}, {"type": "Feature", "geometry": {"type": "Point", "coordinates": [-89.1642015, 37.3662543]}, "properties": {"name": "Rural Health Inc", "city": "Dongola", "facility_type": "Outpatient mental health facility", "street": "318 U.S. Highway 51 North", "zip": "62926", "phone": "618-827-3545"}}, {"type": "Feature", "geometry": {"type": "Point", "coordinates": [-88.8933949, 37.4241903]}, "properties": {"name": "Rural Health Inc", "city": "Vienna", "facility_type": "Outpatient mental health facility", "street": "803 North 1st Street", "zip": "62995", "phone": "618-658-2811"}}, {"type": "Feature", "geometry": {"type": "Point", "coordinates": [-89.2469371, 37.4634944]}, "properties": {"name": "Rural Health Inc", "city": "Anna", "facility_type": "Outpatient mental health facility", "street": "513 North Main Street", "zip": "62906", "phone": "618-833-4471"}}, {"type": "Feature", "geometry": {"type": "Point", "coordinates": [-88.9719699, 37.5572348]}, "properties": {"name": "Rural Health Inc", "city": "Goreville", "facility_type": "Outpatient mental health facility", "street": "211 North Broadway", "zip": "62939", "phone": "618-995-1002"}}, {"type": "Feature", "geometry": {"type": "Point", "coordinates": [-89.2181337, 37.6925382]}, "properties": {"name": "Carbondale South (Centerstone of Illinois)", "city": "Carbondale", "facility_type": "Type not specified", "street": "2311 South Illinois Avenue", "zip": "62903", "phone": "618-457-6703"}}, {"type": "Feature", "geometry": {"type": "Point", "coordinates": [-88.1843357, 37.7116549]}, "properties": {"name": "Christopher Rural Health Planning Corp (Shawneetown Healthcare Clinic)", "city": "Shawneetown", "facility_type": "Type not specified", "street": "9525 Gold Hill Road", "zip": "62984", "phone": "618-269-3815 x1711"}}, {"type": "Feature", "geometry": {"type": "Point", "coordinates": [-89.1999971, 37.7225806]}, "properties": {"name": "Carbondale (Shawnee Healthcare)", "city": "Carbondale", "facility_type": "Type not specified", "street": "400 South Lewis Lane", "zip": "62901", "phone": "618-519-9200"}}, {"type": "Feature", "geometry": {"type": "Point", "coordinates": [-89.2080713, 37.7270758]}, "properties": {"name": "Carbondale OB GYN (Shawnee Healthcare)", "city": "Carbondale", "facility_type": "Type not specified", "street": "101 South Wall Street", "zip": "62901", "phone": "618-519-9200"}}, {"type": "Feature", "geometry": {"type": "Point", "coordinates": [-88.9389582, 37.7295547]}, "properties": {"name": "Bentley (Centerstone of Illinois)", "city": "Marion", "facility_type": "Community mental health center", "street": "202 South Bentley Street", "zip": "62959", "phone": "855-608-3560"}}, {"type": "Feature", "geometry": {"type": "Point", "coordinates": [-89.0411422, 37.7461321]}, "properties": {"name": "Shawnee Health Social Services (Shawnee Health Service and Development)", "city": "Carterville", "facility_type": "Type not specified", "street": "6355 Brandhorst Road", "zip": "62918", "phone": "618-519-9200"}}, {"type": "Feature", "geometry": {"type": "Point", "coordinates": [-89.0724882, 37.7466399]}, "properties": {"name": "Carterville (Centerstone of Illinois)", "city": "Carterville", "facility_type": "Community mental health center", "street": "403 Municipal Drive", "zip": "62918", "phone": "855-608-3560"}}, {"type": "Feature", "geometry": {"type": "Point", "coordinates": [-88.9798795, 37.750937]}, "properties": {"name": "Marion (Shawnee Healthcare)", "city": "Marion", "facility_type": "Type not specified", "street": "3111 Williamson County Parkway", "zip": "62959", "phone": "618-519-9200"}}, {"type": "Feature", "geometry": {"type": "Point", "coordinates": [-89.0767819, 37.7505464]}, "properties": {"name": "Carterville (Shawnee Healthcare)", "city": "Carterville", "facility_type": "Type not specified", "street": "1006 South Division Street", "zip": "62918", "phone": "618-519-9200"}}, {"type": "Feature", "geometry": {"type": "Point", "coordinates": [-89.3231595, 37.7737926]}, "properties": {"name": "Murphysboro (Shawnee Healthcare)", "city": "Murphysboro", "facility_type": "Type not specified", "street": "7 South Hospital Drive", "zip": "62966", "phone": "618-519-9200"}}, {"type": "Feature", "geometry": {"type": "Point", "coordinates": [-88.931786, 37.8044611]}, "properties": {"name": "Christopher Rural Health Corporation (Johnston City Community Health Center)", "city": "Johnston City", "facility_type": "Type not specified", "street": "14410 Route 37", "zip": "62951", "phone": "618-983-6911"}}, {"type": "Feature", "geometry": {"type": "Point", "coordinates": [-88.9389173, 37.8972715]}, "properties": {"name": "West Frankfort (Centerstone of Illinois)", "city": "West Frankfort", "facility_type": "Community mental health center", "street": "902 West Main Street", "zip": "62896", "phone": "855-608-3560"}}, {"type": "Feature", "geometry": {"type": "Point", "coordinates": [-89.8007544, 37.9331369]}, "properties": {"name": "ComWell", "city": "Chester", "facility_type": "Community mental health center", "street": "2517 State Street", "zip": "62233", "phone": "618-825-4547"}}, {"type": "Feature", "geometry": {"type": "Point", "coordinates": [-89.0739732075646, 37.9782962179332]}, "properties": {"name": "Christopher Rural Health Corporation (REA Clinic)", "city": "Christopher", "facility_type": "Type not specified", "street": "4241 Highway 14 West", "zip": "62822", "phone": "618-724-2401"}}, {"type": "Feature", "geometry": {"type": "Point", "coordinates": [-89.2328049, 37.9773013]}, "properties": {"name": "Christopher Rural Health Corporation (Rea DuQuoin Medical)", "city": "Du Quoin", "facility_type": "Type not specified", "street": "1564 South Washington Street", "zip": "62832", "phone": "618-542-8702"}}, {"type": "Feature", "geometry": {"type": "Point", "coordinates": [-88.9186718, 37.9954754]}, "properties": {"name": "Christopher Rural Health Corp (Rea Clinic Benton)", "city": "Benton", "facility_type": "Type not specified", "street": "206 East Church Street", "zip": "62812", "phone": "618-435-9888 x1711"}}, {"type": "Feature", "geometry": {"type": "Point", "coordinates": [-89.2366314, 37.9941908]}, "properties": {"name": "Christopher Rural Health Planning Corp (CRHPC Comprehensive Behav Health Ctr)", "city": "Du Quoin", "facility_type": "Type not specified", "street": "119 Gas Plant Road", "zip": "62832", "phone": "618-790-2146 x1711"}}, {"type": "Feature", "geometry": {"type": "Point", "coordinates": [-89.2330296, 37.9948336]}, "properties": {"name": "Outpatient Treatment Services (Perry County Counseling Center Inc)", "city": "Du Quoin", "facility_type": "Outpatient mental health facility", "street": "1016 South Madison Street", "zip": "62832", "phone": "618-542-4357"}}, {"type": "Feature", "geometry": {"type": "Point", "coordinates": [-88.1867354, 38.0767378]}, "properties": {"name": "Christopher Rural Health Corp (CRHPC Carmi Health Center)", "city": "Carmi", "facility_type": "Type not specified", "street": "103 Commerce Street", "zip": "62821", "phone": "618-384-5686 x1711"}}, {"type": "Feature", "geometry": {"type": "Point", "coordinates": [-89.037604, 38.090972]}, "properties": {"name": "Christopher Rural Health Corporation (Sesser Community Health Center)", "city": "Sesser", "facility_type": "Type not specified", "street": "6294 State Highway 154", "zip": "62884", "phone": "618-625-6979 x1711"}}, {"type": "Feature", "geometry": {"type": "Point", "coordinates": [-89.7052121, 38.1418897]}, "properties": {"name": "ComWell", "city": "Sparta", "facility_type": "Community mental health center", "street": "104 Northtown Road", "zip": "62286", "phone": "618-443-3045"}}, {"type": "Feature", "geometry": {"type": "Point", "coordinates": [-89.994244, 38.1847806]}, "properties": {"name": "Red Bud Office (ComWell)", "city": "Red Bud", "facility_type": "Type not specified", "street": "10257 State Route 3", "zip": "62278", "phone": "618-282-6233"}}, {"type": "Feature", "geometry": {"type": "Point", "coordinates": [-88.9278041, 38.2993816]}, "properties": {"name": "Christopher Rural Health Corp (Mt Vernon Community Health Center)", "city": "Mount Vernon", "facility_type": "Type not specified", "street": "2920 Veterans Memorial Drive", "zip": "62864", "phone": "618-244-6544 x1711"}}, {"type": "Feature", "geometry": {"type": "Point", "coordinates": [-88.9444547, 38.3080858]}, "properties": {"name": "Thompson Counseling Services", "city": "Mount Vernon", "facility_type": "Outpatient mental health facility", "street": "9 Cusumano Professional Plaza", "zip": "62864", "phone": "618-242-4290"}}, {"type": "Feature", "geometry": {"type": "Point", "coordinates": [-88.9695878, 38.3121998]}, "properties": {"name": "Spero Counseling and Wellness Center", "city": "Mount Vernon", "facility_type": "Community mental health center", "street": "107 Shiloh Drive", "zip": "62864", "phone": "618-242-6944"}}, {"type": "Feature", "geometry": {"type": "Point", "coordinates": [-88.9208427, 38.3642721]}, "properties": {"name": "Comprehensive Connections", "city": "Mount Vernon", "facility_type": "Community mental health center", "street": "16338 North IL Highway 37", "zip": "62864", "phone": "618-242-1510"}}, {"type": "Feature", "geometry": {"type": "Point", "coordinates": [-88.0583219, 38.3771192]}, "properties": {"name": "Christopher Rural Health Corp (Albion Community Heath Center)", "city": "Albion", "facility_type": "Type not specified", "street": "33 West Main Street", "zip": "62806", "phone": "618-445-2287 x1711"}}, {"type": "Feature", "geometry": {"type": "Point", "coordinates": [-90.1530828, 38.3601814]}, "properties": {"name": "Substance Abuse Alternatives (Human Support Services)", "city": "Waterloo", "facility_type": "Multi-setting mental health facility", "street": "988 North Illinois Route 3", "zip": "62298", "phone": "618-939-4444"}}, {"type": "Feature", "geometry": {"type": "Point", "coordinates": [-88.374064, 38.3799049]}, "properties": {"name": "Christopher Rural Health Corp (Fairfield Community Health Center)", "city": "Fairfield", "facility_type": "Type not specified", "street": "1007 West Main Street", "zip": "62837", "phone": "618-842-4470 x1711"}}, {"type": "Feature", "geometry": {"type": "Point", "coordinates": [-87.767685, 38.418666]}, "properties": {"name": "Wabash Community Health Center", "city": "Mount Carmel", "facility_type": "Outpatient mental health facility", "street": "1123 North Chestnut Street", "zip": "62863", "phone": "618-263-4970"}}, {"type": "Feature", "geometry": {"type": "Point", "coordinates": [-89.5521401, 38.4303423]}, "properties": {"name": "ComWell", "city": "Okawville", "facility_type": "Community mental health center", "street": "109 West Elm Street", "zip": "62271", "phone": "618-243-2091"}}, {"type": "Feature", "geometry": {"type": "Point", "coordinates": [-89.1233306, 38.5297024]}, "properties": {"name": "Community Resource Center", "city": "Centralia", "facility_type": "Type not specified", "street": "904 Martin Luther King Drive", "zip": "62801", "phone": "618-533-1391 x62801"}}, {"type": "Feature", "geometry": {"type": "Point", "coordinates": [-89.1172755, 38.5300938]}, "properties": {"name": "Centralia Campus (SSM Health Saint Marys Hospital)", "city": "Centralia", "facility_type": "Separate inpatient psychiatric unit of a general hospital", "street": "400 North Pleasant Avenue", "zip": "62801", "phone": "618-436-8000"}}, {"type": "Feature", "geometry": {"type": "Point", "coordinates": [-89.1164341, 38.532205]}, "properties": {"name": "SSM Behavioral Health", "city": "Centralia", "facility_type": "Outpatient mental health facility", "street": "444 North Pleasant Avenue", "zip": "62801", "phone": "618-436-5665"}}, {"type": "Feature", "geometry": {"type": "Point", "coordinates": [-90.0373258, 38.5532438]}, "properties": {"name": "Chestnut Health Systems Inc", "city": "Belleville", "facility_type": "Community mental health center", "street": "12 North 64th Street", "zip": "62223", "phone": "618-397-0900"}}, {"type": "Feature", "geometry": {"type": "Point", "coordinates": [-89.9856893, 38.5658142]}, "properties": {"name": "Swansea (Gateway Foundation)", "city": "Belleville", "facility_type": "Outpatient mental health facility", "street": "1 Bronze Pointe Boulevard", "zip": "62226", "phone": "618-234-9002"}}, {"type": "Feature", "geometry": {"type": "Point", "coordinates": [-90.1082702, 38.5699763]}, "properties": {"name": "Behavioral Health and Wellness (Touchette Regional Hospital)", "city": "East Saint Louis", "facility_type": "Separate inpatient psychiatric unit of a general hospital", "street": "5900 Bond Avenue", "zip": "62207", "phone": "618-332-3060"}}, {"type": "Feature", "geometry": {"type": "Point", "coordinates": [-89.9207242, 38.5728703]}, "properties": {"name": "St Clair County VA Clinic (VA Saint Louis Healthcare System)", "city": "O Fallon", "facility_type": "Veterans Affairs Medical Center or other VA healthcare facility", "street": "1190 Fortune Boulevard", "zip": "62269", "phone": "314-286-6988"}}, {"type": "Feature", "geometry": {"type": "Point", "coordinates": [-89.9788007, 38.6001371]}, "properties": {"name": "Hoyleton Youth and Family Services", "city": "Fairview Heights", "facility_type": "Community mental health center", "street": "8 Executive Drive", "zip": "62208", "phone": "618-688-4727"}}, {"type": "Feature", "geometry": {"type": "Point", "coordinates": [-89.3675107, 38.6109686]}, "properties": {"name": "Community Resource Center", "city": "Carlyle", "facility_type": "Community mental health center", "street": "580 8th Street", "zip": "62231", "phone": "618-594-4581"}}, {"type": "Feature", "geometry": {"type": "Point", "coordinates": [-88.9656025, 38.6212357]}, "properties": {"name": "Community Resource Center", "city": "Salem", "facility_type": "Community mental health center", "street": "315 Westgate Street", "zip": "62881", "phone": "618-548-2181 x62881"}}, {"type": "Feature", "geometry": {"type": "Point", "coordinates": [-90.1644982, 38.6183821]}, "properties": {"name": "Saint Clair County Inc (Comprehensive Behavior Health Center)", "city": "East Saint Louis", "facility_type": "Outpatient mental health facility", "street": "505 South 8th Street", "zip": "62201", "phone": "618-482-7330 x7047"}}, {"type": "Feature", "geometry": {"type": "Point", "coordinates": [-90.036445, 38.6329863]}, "properties": {"name": "Caseyville (Gateway Foundation)", "city": "Caseyville", "facility_type": "Residential treatment center (RTC) for adults", "street": "600 West Lincoln Avenue", "zip": "62232", "phone": "618-345-3970"}}, {"type": "Feature", "geometry": {"type": "Point", "coordinates": [-88.4915798, 38.6808457]}, "properties": {"name": "Christopher Rural Health Corp (Clay Medical Center)", "city": "Flora", "facility_type": "Type not specified", "street": "165 Kinnaman Drive", "zip": "62839", "phone": "618-662-8386 x1711"}}, {"type": "Feature", "geometry": {"type": "Point", "coordinates": [-88.0828162, 38.7316551]}, "properties": {"name": "Jasper County Health Department", "city": "Olney", "facility_type": "Community mental health center", "street": "117 North Boone Street", "zip": "62450", "phone": "618-783-4154"}}, {"type": "Feature", "geometry": {"type": "Point", "coordinates": [-90.1341, 38.745675]}, "properties": {"name": "Chestnut Health Systems Inc", "city": "Granite City", "facility_type": "Type not specified", "street": "50 Northgate Industrial Drive", "zip": "62040", "phone": "618-877-4420"}}, {"type": "Feature", "geometry": {"type": "Point", "coordinates": [-89.989239, 38.7927398]}, "properties": {"name": "Addiction Treatment Strategies", "city": "Edwardsville", "facility_type": "Outpatient mental health facility", "street": "95 North Research Drive", "zip": "62025", "phone": "618-692-6880"}}, {"type": "Feature", "geometry": {"type": "Point", "coordinates": [-90.0906515, 38.8613175]}, "properties": {"name": "Chestnut Health Systems", "city": "Wood River", "facility_type": "Outpatient mental health facility", "street": "337 East Ferguson Avenue", "zip": "62095", "phone": "888-924-3786"}}, {"type": "Feature", "geometry": {"type": "Point", "coordinates": [-89.4132487, 38.8784544]}, "properties": {"name": "Prairie Counseling Center (Bond County Health Department)", "city": "Greenville", "facility_type": "Community mental health center", "street": "1520 South 4th Street", "zip": "62246", "phone": "618-664-1455"}}, {"type": "Feature", "geometry": {"type": "Point", "coordinates": [-90.1476957, 38.9008946]}, "properties": {"name": "Alton (Centerstone of Illinois)", "city": "Alton", "facility_type": "Type not specified", "street": "2615 Edwards Street", "zip": "62002", "phone": "618-462-2331"}}, {"type": "Feature", "geometry": {"type": "Point", "coordinates": [-90.1735593, 38.9077053]}, "properties": {"name": "Psychological Services (OSF Saint Anthonys Health Center)", "city": "Alton", "facility_type": "Outpatient mental health facility", "street": "1 Saint Anthonys Way", "zip": "62002", "phone": "618-474-6240"}}, {"type": "Feature", "geometry": {"type": "Point", "coordinates": [-89.0954347, 38.9619873]}, "properties": {"name": "Community Resource Center", "city": "Vandalia", "facility_type": "Community mental health center", "street": "421 West Main Street", "zip": "62471", "phone": "618-283-4229"}}, {"type": "Feature", "geometry": {"type": "Point", "coordinates": [-88.1606753, 38.980404]}, "properties": {"name": "Jasper County Health Department", "city": "Newton", "facility_type": "Community mental health center", "street": "910 South Van Buren Street", "zip": "62448", "phone": "618-783-4154"}}, {"type": "Feature", "geometry": {"type": "Point", "coordinates": [-89.8181234, 39.1297137]}, "properties": {"name": "Maple Street Clinic (Macoupin County Public Health Departme)", "city": "Gillespie", "facility_type": "Type not specified", "street": "109 East Maple Street", "zip": "62033", "phone": "217-854-3223"}}, {"type": "Feature", "geometry": {"type": "Point", "coordinates": [-89.6408073, 39.1803163]}, "properties": {"name": "Saint Francis Way Clinic (Macoupin County Public Health Dept)", "city": "Litchfield", "facility_type": "Type not specified", "street": "805 Saint Francis Way", "zip": "62056", "phone": "217-854-3223"}}, {"type": "Feature", "geometry": {"type": "Point", "coordinates": [-88.2445401, 39.2710512]}, "properties": {"name": "Compass Counseling", "city": "Toledo", "facility_type": "Outpatient mental health facility", "street": "204 South Meridian Street", "zip": "62468", "phone": "217-259-5852"}}, {"type": "Feature", "geometry": {"type": "Point", "coordinates": [-89.8872077, 39.2770611]}, "properties": {"name": "Locust Street Resource Center", "city": "Carlinville", "facility_type": "Multi-setting mental health facility", "street": "320 South Locust Street", "zip": "62626", "phone": "217-854-3166"}}, {"type": "Feature", "geometry": {"type": "Point", "coordinates": [-87.6985576, 39.3864081]}, "properties": {"name": "Edgar and Clark Counties/Forsythe Ctr (Human Resources Center of)", "city": "Marshall", "facility_type": "Community mental health center", "street": "406 North 2nd Street", "zip": "62441", "phone": "217-826-6212"}}, {"type": "Feature", "geometry": {"type": "Point", "coordinates": [-88.7917525, 39.4084051]}, "properties": {"name": "Shelby County Community Services", "city": "Shelbyville", "facility_type": "Community mental health center", "street": "249 North Morgan Street", "zip": "62565", "phone": "217-774-2113"}}, {"type": "Feature", "geometry": {"type": "Point", "coordinates": [-88.3623488, 39.4828971]}, "properties": {"name": "LifeLinks Mental Health", "city": "Mattoon", "facility_type": "Multi-setting mental health facility", "street": "750 Broadway Avenue East", "zip": "61938", "phone": "217-238-5700"}}, {"type": "Feature", "geometry": {"type": "Point", "coordinates": [-89.2930221, 39.5592803]}, "properties": {"name": "Taylorville (SIU Center for Family Medicine)", "city": "Taylorville", "facility_type": "Type not specified", "street": "303 East Bidwell Street.", "zip": "62568", "phone": "217-824-1134"}}, {"type": "Feature", "geometry": {"type": "Point", "coordinates": [-87.6771505, 39.6061541]}, "properties": {"name": "Edgard and Clark Counties/Life Center (Human Resource Center of)", "city": "Paris", "facility_type": "Community mental health center", "street": "745 East Court Street", "zip": "61944", "phone": "217-465-4118"}}, {"type": "Feature", "geometry": {"type": "Point", "coordinates": [-90.8345026, 39.6049376]}, "properties": {"name": "Pike Site (Mental Health Centers of Illinois)", "city": "Pittsfield", "facility_type": "Community mental health center", "street": "1260 West Washington Street", "zip": "62363", "phone": "217-285-4436"}}, {"type": "Feature", "geometry": {"type": "Point", "coordinates": [-90.2470766, 39.7181263]}, "properties": {"name": "Jacksonville (Gateway Foundation)", "city": "Jacksonville", "facility_type": "Type not specified", "street": "1300 Lincoln Avenue", "zip": "62650", "phone": "217-243-8849"}}, {"type": "Feature", "geometry": {"type": "Point", "coordinates": [-90.2238927, 39.7338279]}, "properties": {"name": "Jacksonville (SIU Center for Family Medicine)", "city": "Jacksonville", "facility_type": "Type not specified", "street": "425 East State Street", "zip": "62650", "phone": "217-757-8137"}}, {"type": "Feature", "geometry": {"type": "Point", "coordinates": [-89.6212133, 39.7589688]}, "properties": {"name": "Springfield Outpatient (Gateway Foundation)", "city": "Springfield", "facility_type": "Multi-setting mental health facility", "street": "2323 Stevenson Drive", "zip": "62703", "phone": "217-529-9266"}}, {"type": "Feature", "geometry": {"type": "Point", "coordinates": [-89.6225484, 39.7591638]}, "properties": {"name": "Springfield (Gateway Foundation)", "city": "Springfield", "facility_type": "Residential treatment center (RTC) for adults", "street": "2200 Lake Victoria Drive", "zip": "62703", "phone": "217-529-9266 x2670"}}, {"type": "Feature", "geometry": {"type": "Point", "coordinates": [-89.651269, 39.8044145]}, "properties": {"name": "Wellness (SIU Center for Healthy Aging and)", "city": "Springfield", "facility_type": "Type not specified", "street": "319 East Madison Street", "zip": "62701", "phone": "217-545-4781"}}, {"type": "Feature", "geometry": {"type": "Point", "coordinates": [-89.6567571, 39.8099694]}, "properties": {"name": "Memorial Medical Center", "city": "Springfield", "facility_type": "Separate inpatient psychiatric unit of a general hospital", "street": "701 North 1st Street", "zip": "62781", "phone": "217-788-3000"}}, {"type": "Feature", "geometry": {"type": "Point", "coordinates": [-89.6548363, 39.8110495]}, "properties": {"name": "Memorial Behavioral Health Counseling", "city": "Springfield", "facility_type": "Partial hospitalization/day treatment", "street": "901 North 1st Street", "zip": "62702", "phone": "217-788-4051"}}, {"type": "Feature", "geometry": {"type": "Point", "coordinates": [-88.9520474, 39.8398122]}, "properties": {"name": "Pleasant Counseling", "city": "Decatur", "facility_type": "Outpatient mental health facility", "street": "335 East Wood Street", "zip": "62523", "phone": "217-422-6908"}}, {"type": "Feature", "geometry": {"type": "Point", "coordinates": [-88.9563098, 39.842273]}, "properties": {"name": "Heritage Behavioral Health Center", "city": "Decatur", "facility_type": "Type not specified", "street": "151 North Main Street", "zip": "62523", "phone": "217-362-6262"}}, {"type": "Feature", "geometry": {"type": "Point", "coordinates": [-88.9576253, 39.8754483]}, "properties": {"name": "Heritage Behavioral Health Center Inc", "city": "Decatur", "facility_type": "Community mental health center", "street": "2965 North Main Street", "zip": "62526", "phone": "217-362-6262"}}, {"type": "Feature", "geometry": {"type": "Point", "coordinates": [-91.4051424, 39.9296583]}, "properties": {"name": "Clarity Healthcare (Brightli)", "city": "Quincy", "facility_type": "Type not specified", "street": "639 York Street", "zip": "62301", "phone": "217-222-6277"}}, {"type": "Feature", "geometry": {"type": "Point", "coordinates": [-91.344924, 39.9313579]}, "properties": {"name": "South Campus (Transitions of Western Illinois)", "city": "Quincy", "facility_type": "Type not specified", "street": "4409 Maine Street", "zip": "62305", "phone": "217-223-0413"}}, {"type": "Feature", "geometry": {"type": "Point", "coordinates": [-91.4006758, 39.9361411]}, "properties": {"name": "Outpatient Behavioral Health (Blessing Health)", "city": "Quincy", "facility_type": "Outpatient mental health facility", "street": "927 Broadway", "zip": "62301", "phone": "217-224-4453"}}, {"type": "Feature", "geometry": {"type": "Point", "coordinates": [-91.3995443, 39.9370375]}, "properties": {"name": "Behavioral Health (Blessing Hospital)", "city": "Quincy", "facility_type": "Separate inpatient psychiatric unit of a general hospital", "street": "1005 Broadway Street", "zip": "62301", "phone": "217-223-8400 x4550"}}, {"type": "Feature", "geometry": {"type": "Point", "coordinates": [-90.2127458, 39.9477208]}, "properties": {"name": "Cass County Health Clinic", "city": "Virginia", "facility_type": "Type not specified", "street": "331 South Main Street", "zip": "62691", "phone": "217-452-3057"}}, {"type": "Feature", "geometry": {"type": "Point", "coordinates": [-90.7652503, 39.9795663]}, "properties": {"name": "Brown Site/Administrative Site (Mental Health Centers of Western IL)", "city": "Mount Sterling", "facility_type": "Multi-setting mental health facility", "street": "700 SE Cross Street", "zip": "62353", "phone": "217-773-3325"}}, {"type": "Feature", "geometry": {"type": "Point", "coordinates": [-90.4189527, 40.0099874]}, "properties": {"name": "Cass County Health Department", "city": "Beardstown", "facility_type": "Type not specified", "street": "1501 Wall Street", "zip": "62618", "phone": "217-323-2182"}}, {"type": "Feature", "geometry": {"type": "Point", "coordinates": [-90.4342093, 40.0175886]}, "properties": {"name": "SUD Program (Community Hope and Recovery Center)", "city": "Beardstown", "facility_type": "Community mental health center", "street": "121 East 2nd Street", "zip": "62618", "phone": "217-323-2980"}}, {"type": "Feature", "geometry": {"type": "Point", "coordinates": [-88.5709511, 40.049004]}, "properties": {"name": "Piatt County Mental Health Center", "city": "Monticello", "facility_type": "Community mental health center", "street": "1921 North Market Street", "zip": "61856", "phone": "217-762-5371"}}, {"type": "Feature", "geometry": {"type": "Point", "coordinates": [-88.2212092, 40.1063914]}, "properties": {"name": "Urbana (Rosecrance Therapies)", "city": "Urbana", "facility_type": "Outpatient mental health facility", "street": "700 South Gregory Street", "zip": "61801", "phone": "815-391-1000"}}, {"type": "Feature", "geometry": {"type": "Point", "coordinates": [-88.2572315, 40.1178094]}, "properties": {"name": "Pavilion Behavioral Health System", "city": "Champaign", "facility_type": "Psychiatric hospital", "street": "809 West Church Street", "zip": "61820", "phone": "217-373-1700"}}, {"type": "Feature", "geometry": {"type": "Point", "coordinates": [-87.6069017, 40.1285515]}, "properties": {"name": "MPower Counseling PLLC", "city": "Danville", "facility_type": "Type not specified", "street": "1035 East Main Street", "zip": "61832", "phone": "217-213-6114"}}, {"type": "Feature", "geometry": {"type": "Point", "coordinates": [-88.2414786, 40.1240533]}, "properties": {"name": "Walnut (Rosecrance Inc)", "city": "Champaign", "facility_type": "Outpatient mental health facility", "street": "801 North Walnut Street", "zip": "61820", "phone": "815-391-1000"}}, {"type": "Feature", "geometry": {"type": "Point", "coordinates": [-87.5919677, 40.1317041]}, "properties": {"name": "Substance Use Disorders Program (VA Illiana Healthcare System)", "city": "Danville", "facility_type": "Veterans Affairs Medical Center or other VA healthcare facility", "street": "1900 East Main Street", "zip": "61832", "phone": "217-554-3000"}}, {"type": "Feature", "geometry": {"type": "Point", "coordinates": [-87.6456259, 40.135154]}, "properties": {"name": "Center for Childrens Services (Aunt Marthas Health and Wellness)", "city": "Danville", "facility_type": "Outpatient mental health facility", "street": "702 North Logan Avenue", "zip": "61832", "phone": "217-446-1300"}}, {"type": "Feature", "geometry": {"type": "Point", "coordinates": [-90.561946, 40.1197943]}, "properties": {"name": "Health Association (Schuyler County Mental)", "city": "Rushville", "facility_type": "Outpatient mental health facility", "street": "127 South Liberty Street", "zip": "62681", "phone": "217-322-4373"}}, {"type": "Feature", "geometry": {"type": "Point", "coordinates": [-88.2499957, 40.1432114]}, "properties": {"name": "Moreland (Rosecrance Inc)", "city": "Champaign", "facility_type": "Multi-setting mental health facility", "street": "2302 Moreland Boulevard", "zip": "61822", "phone": "815-391-1000"}}, {"type": "Feature", "geometry": {"type": "Point", "coordinates": [-88.9790417, 40.142631]}, "properties": {"name": "Heritage Behavioral Health Center Inc", "city": "Clinton", "facility_type": "Community mental health center", "street": "140 Sunrise Court", "zip": "61727", "phone": "217-570-0900"}}, {"type": "Feature", "geometry": {"type": "Point", "coordinates": [-91.1133286, 40.4079293]}, "properties": {"name": "Carthage (Memorial Medical Clinic)", "city": "Carthage", "facility_type": "Outpatient mental health facility", "street": "1450 North County Road 2050", "zip": "62321", "phone": "217-357-6888"}}, {"type": "Feature", "geometry": {"type": "Point", "coordinates": [-91.1342764, 40.4164402]}, "properties": {"name": "Hancock Site (Mental Health Centers of Western IL)", "city": "Carthage", "facility_type": "Multi-setting mental health facility", "street": "607 Buchanan Street", "zip": "62321", "phone": "217-357-3176"}}, {"type": "Feature", "geometry": {"type": "Point", "coordinates": [-88.1266602, 40.4544506]}, "properties": {"name": "Community Resource and Counseling Ctr", "city": "Paxton", "facility_type": "Community mental health center", "street": "1510 West Ottawa Road", "zip": "60957", "phone": "217-379-4302"}}, {"type": "Feature", "geometry": {"type": "Point", "coordinates": [-90.6643079, 40.447]}, "properties": {"name": "Behavioral Health Services (McDonough District Hospital)", "city": "Macomb", "facility_type": "Outpatient mental health facility", "street": "525 East Grant Street", "zip": "61455", "phone": "309-836-1582"}}, {"type": "Feature", "geometry": {"type": "Point", "coordinates": [-90.7059004, 40.4485362]}, "properties": {"name": "Bridgeway Inc", "city": "Macomb", "facility_type": "Type not specified", "street": "900 South Deer Road", "zip": "61455", "phone": "309-837-4876"}}, {"type": "Feature", "geometry": {"type": "Point", "coordinates": [-88.3687769, 40.479382]}, "properties": {"name": "Behavioral Wellness Center", "city": "Gibson City", "facility_type": "Outpatient mental health facility", "street": "10 Doctors Park", "zip": "60936", "phone": "217-784-4540"}}, {"type": "Feature", "geometry": {"type": "Point", "coordinates": [-88.9943968, 40.4821685]}, "properties": {"name": "Human Services (McLean County Center for)", "city": "Bloomington", "facility_type": "Type not specified", "street": "108 West Market Street", "zip": "61701", "phone": "309-827-5351"}}, {"type": "Feature", "geometry": {"type": "Point", "coordinates": [-88.9437537, 40.4832358]}, "properties": {"name": "Bloomington (Gateway Foundation)", "city": "Bloomington", "facility_type": "Outpatient mental health facility", "street": "404 North Hershey Road", "zip": "61704", "phone": "309-459-2020 x0"}}, {"type": "Feature", "geometry": {"type": "Point", "coordinates": [-88.9953419, 40.4830038]}, "properties": {"name": "Tower (McLean County Ctr for Human Services)", "city": "Bloomington", "facility_type": "Community mental health center", "street": "520 North Center Street", "zip": "61701", "phone": "309-827-5351"}}, {"type": "Feature", "geometry": {"type": "Point", "coordinates": [-89.0212565, 40.4915324]}, "properties": {"name": "Chestnut Health Systems Inc", "city": "Bloomington", "facility_type": "Outpatient mental health facility", "street": "1003 Martin Luther King Jr Drive", "zip": "61701", "phone": "309-827-6026"}}, {"type": "Feature", "geometry": {"type": "Point", "coordinates": [-88.99059, 40.497034]}, "properties": {"name": "Mental Health Day Group (Carle BroMenn Medical Center)", "city": "Normal", "facility_type": "Partial hospitalization/day treatment", "street": "1304 Franklin Avenue", "zip": "61761", "phone": "309-268-6232"}}, {"type": "Feature", "geometry": {"type": "Point", "coordinates": [-89.5988843, 40.547654]}, "properties": {"name": "Vanderver (Heartland Health Services)", "city": "Pekin", "facility_type": "Multi-setting mental health facility", "street": "3248 Van De Ver Avenue", "zip": "61554", "phone": "309-680-7600"}}, {"type": "Feature", "geometry": {"type": "Point", "coordinates": [-89.6030146, 40.5503753]}, "properties": {"name": "Tazwood Ctr for Wellness ICT/TLC (Tazwood Mental Health Center)", "city": "Pekin", "facility_type": "Residential treatment center (RTC) for adults", "street": "1421 and 1425 Valle Vista Boulevard", "zip": "61554", "phone": "309-347-2499"}}, {"type": "Feature", "geometry": {"type": "Point", "coordinates": [-89.587243, 40.6816308]}, "properties": {"name": "Tazwood Center for Wellness (Trillium Place East Peoria)", "city": "East Peoria", "facility_type": "Outpatient mental health facility", "street": "200 River Road", "zip": "61611", "phone": "309-671-8092"}}, {"type": "Feature", "geometry": {"type": "Point", "coordinates": [-89.5919365, 40.6883978]}, "properties": {"name": "FamilyCore", "city": "Peoria", "facility_type": "Outpatient mental health facility", "street": "330 SW Washington Street", "zip": "61602", "phone": "309-676-2400"}}, {"type": "Feature", "geometry": {"type": "Point", "coordinates": [-89.603251, 40.6898363]}, "properties": {"name": "Community Crisis Center (Trillium Place)", "city": "Peoria", "facility_type": "Residential treatment center (RTC) for adults", "street": "130 Richard Pryor Place", "zip": "61605", "phone": "309-689-3081"}}, {"type": "Feature", "geometry": {"type": "Point", "coordinates": [-89.5881814, 40.694011]}, "properties": {"name": "Human Service Center (Trillium Place Jefferson)", "city": "Peoria", "facility_type": "Community mental health center", "street": "228 NE Jefferson Street", "zip": "61603", "phone": "309-671-8005"}}, {"type": "Feature", "geometry": {"type": "Point", "coordinates": [-89.5884023, 40.7010639]}, "properties": {"name": "Behavioral Health Services/Outpatient (OSF Saint Francis Medical Center)", "city": "Peoria", "facility_type": "Outpatient mental health facility", "street": "617 NE Glendale Avenue", "zip": "61603", "phone": "309-624-9522"}}, {"type": "Feature", "geometry": {"type": "Point", "coordinates": [-89.5972974, 40.7016357]}, "properties": {"name": "Hamilton Boulevard (Trillium Place Hamilton)", "city": "Peoria", "facility_type": "Community mental health center", "street": "1200 North Hamilton Boulevard", "zip": "61606", "phone": "309-671-8040"}}, {"type": "Feature", "geometry": {"type": "Point", "coordinates": [-89.5852728, 40.7162239]}, "properties": {"name": "Wisconsin (Heartland Health Services)", "city": "Peoria", "facility_type": "Multi-setting mental health facility", "street": "2321 North Wisconsin Avenue", "zip": "61603", "phone": "309-680-7600"}}, {"type": "Feature", "geometry": {"type": "Point", "coordinates": [-89.2712935, 40.7207737]}, "properties": {"name": "Tazwood Center for Wellness (Trillium Place)", "city": "Eureka", "facility_type": "Outpatient mental health facility", "street": "101 South Major Street", "zip": "61530", "phone": "309-671-8092"}}, {"type": "Feature", "geometry": {"type": "Point", "coordinates": [-89.6016539, 40.7453052]}, "properties": {"name": "Peoria (Gateway Foundation)", "city": "Peoria", "facility_type": "Outpatient mental health facility", "street": "4812 North Sheridan Road", "zip": "61614", "phone": "309-570-0200 x0"}}, {"type": "Feature", "geometry": {"type": "Point", "coordinates": [-89.6460896, 40.7523109]}, "properties": {"name": "Trillium Place", "city": "Peoria", "facility_type": "Residential treatment center (RTC) for adults", "street": "3300 West New Leaf Lane", "zip": "61615", "phone": "309-671-8953"}}, {"type": "Feature", "geometry": {"type": "Point", "coordinates": [-87.7394995, 40.772402]}, "properties": {"name": "Iroquois Mental Health Center", "city": "Watseka", "facility_type": "Community mental health center", "street": "323 West Mulberry Street", "zip": "60970", "phone": "815-432-5241"}}, {"type": "Feature", "geometry": {"type": "Point", "coordinates": [-88.6406779, 40.885236]}, "properties": {"name": "(IHR) Counseling Services (Institute for Human Resources)", "city": "Pontiac", "facility_type": "Community mental health center", "street": "920 West Custer Avenue", "zip": "61764", "phone": "815-844-6109"}}, {"type": "Feature", "geometry": {"type": "Point", "coordinates": [-90.6484348, 40.9100343]}, "properties": {"name": "Eagle View Community Health System (Henderson County Rural Health Center)", "city": "Monmouth", "facility_type": "Outpatient mental health facility", "street": "230 South Main Street", "zip": "61462", "phone": "309-924-2414"}}, {"type": "Feature", "geometry": {"type": "Point", "coordinates": [-90.6517442, 40.9235373]}, "properties": {"name": "Bridgeway Inc", "city": "Monmouth", "facility_type": "Type not specified", "street": "301 Industrial Park Road", "zip": "61462", "phone": "309-734-9461"}}, {"type": "Feature", "geometry": {"type": "Point", "coordinates": [-90.9415221, 40.9310204]}, "properties": {"name": "Eagle View Community Health System (Henderson County Rural Health Center)", "city": "Oquawka", "facility_type": "Outpatient mental health facility", "street": "1204 Highway 164 East", "zip": "61469", "phone": "309-924-2414"}}, {"type": "Feature", "geometry": {"type": "Point", "coordinates": [-90.3601204, 40.9749622]}, "properties": {"name": "Bridgeway Inc", "city": "Galesburg", "facility_type": "Type not specified", "street": "2323 Windish Drive", "zip": "61401", "phone": "309-344-2323"}}, {"type": "Feature", "geometry": {"type": "Point", "coordinates": [-87.8659512, 41.1148833]}, "properties": {"name": "Kankakee (Rosecrance Inc)", "city": "Kankakee", "facility_type": "Outpatient mental health facility", "street": "505 South Schuyler Avenue", "zip": "60901", "phone": "217-560-4465"}}, {"type": "Feature", "geometry": {"type": "Point", "coordinates": [-87.8626782, 41.1198539]}, "properties": {"name": "One Direction Forward Inc", "city": "Kankakee", "facility_type": "Type not specified", "street": "1 Dearborn Square", "zip": "60901", "phone": "815-304-4111"}}, {"type": "Feature", "geometry": {"type": "Point", "coordinates": [-87.8708865, 41.134437]}, "properties": {"name": "Iroquois Mental Health Center", "city": "Kankakee", "facility_type": "Community mental health center", "street": "70 Meadowview Center", "zip": "60901", "phone": "815-269-4769"}}, {"type": "Feature", "geometry": {"type": "Point", "coordinates": [-87.8778111, 41.1393502]}, "properties": {"name": "Behavioral Health OP Services (Riverside Medical Center/Pathways)", "city": "Bradley", "facility_type": "Outpatient mental health facility", "street": "400 South Kennedy Drive", "zip": "60915", "phone": "815-936-7373"}}, {"type": "Feature", "geometry": {"type": "Point", "coordinates": [-89.9252503, 41.2236289]}, "properties": {"name": "Bridgeway Inc", "city": "Kewanee", "facility_type": "Type not specified", "street": "137 East College Street", "zip": "61443", "phone": "309-852-4331"}}, {"type": "Feature", "geometry": {"type": "Point", "coordinates": [-87.8417272, 41.2507626]}, "properties": {"name": "Iroquois Mental Health Center", "city": "Manteno", "facility_type": "Community mental health center", "street": "411 West Division Street", "zip": "60950", "phone": "815-468-3241"}}, {"type": "Feature", "geometry": {"type": "Point", "coordinates": [-88.4226671, 41.3768063]}, "properties": {"name": "Crossroads Counseling Services PLLC", "city": "Morris", "facility_type": "Outpatient mental health facility", "street": "1802 North Division Street", "zip": "60450", "phone": "815-941-3882"}}, {"type": "Feature", "geometry": {"type": "Point", "coordinates": [-89.4687444, 41.3939175]}, "properties": {"name": "Arukah Institute of Healing", "city": "Princeton", "facility_type": "Type not specified", "street": "1916 North Main Street", "zip": "61356", "phone": "815-872-2943"}}, {"type": "Feature", "geometry": {"type": "Point", "coordinates": [-87.630118, 41.4770712]}, "properties": {"name": "Emergency Behav Healthcare Ctr (Grand Prairie Services)", "city": "Steger", "facility_type": "Residential treatment center (RTC) for adults", "street": "67 East 34th Street", "zip": "60475", "phone": "708-331-0500"}}, {"type": "Feature", "geometry": {"type": "Point", "coordinates": [-90.4689661, 41.4708556]}, "properties": {"name": "Moline (Rosecrance Inc)", "city": "Moline", "facility_type": "Multi-setting mental health facility", "street": "4900 38th Avenue", "zip": "61265", "phone": "815-391-1000"}}, {"type": "Feature", "geometry": {"type": "Point", "coordinates": [-87.7207442, 41.5052644]}, "properties": {"name": "Community Mental Health and Counseling (Sertoma Star Services Inc)", "city": "Matteson", "facility_type": "Community mental health center", "street": "4331 Lincoln Highway", "zip": "60443", "phone": "708-748-1951"}}, {"type": "Feature", "geometry": {"type": "Point", "coordinates": [-87.6628471, 41.5056965]}, "properties": {"name": "Williams Center (Grand Prairie Services)", "city": "Chicago Heights", "facility_type": "Type not specified", "street": "450 West 14th Street", "zip": "60411", "phone": "708-444-1012"}}, {"type": "Feature", "geometry": {"type": "Point", "coordinates": [-87.7316843, 41.5051757]}, "properties": {"name": "One Direction Forward Inc", "city": "Matteson", "facility_type": "Type not specified", "street": "4747 Lincoln Mall Drive", "zip": "60443", "phone": "708-300-6977"}}, {"type": "Feature", "geometry": {"type": "Point", "coordinates": [-87.6576974, 41.5062975]}, "properties": {"name": "Elite Treatment Center (Elite Houses of Sober Living)", "city": "Chicago Heights", "facility_type": "Type not specified", "street": "395 West Lincoln Highway", "zip": "60411", "phone": "708-755-5117"}}, {"type": "Feature", "geometry": {"type": "Point", "coordinates": [-90.5133413, 41.4886924]}, "properties": {"name": "TROC (Transitions Mental Health Services)", "city": "Moline", "facility_type": "Outpatient mental health facility", "street": "2326 16th Street", "zip": "61265", "phone": "309-283-1228"}}, {"type": "Feature", "geometry": {"type": "Point", "coordinates": [-90.5696241, 41.4933723]}, "properties": {"name": "Hilltop (Transitions Mental Health Services)", "city": "Rock Island", "facility_type": "Outpatient mental health facility", "street": "2202 18th Avenue", "zip": "61201", "phone": "309-429-6231"}}, {"type": "Feature", "geometry": {"type": "Point", "coordinates": [-90.573478, 41.5036436]}, "properties": {"name": "Residential/Main Building (Transitions Mental Health Services)", "city": "Rock Island", "facility_type": "Residential treatment center (RTC) for adults", "street": "805 19th Street", "zip": "61201", "phone": "309-283-1228"}}, {"type": "Feature", "geometry": {"type": "Point", "coordinates": [-88.1360016, 41.5279269]}, "properties": {"name": "Saint Joseph Medical Center (Prime Healthcare)", "city": "Joliet", "facility_type": "Separate inpatient psychiatric unit of a general hospital", "street": "333 Madison Street", "zip": "60435", "phone": "815-725-7133 x4528"}}, {"type": "Feature", "geometry": {"type": "Point", "coordinates": [-88.1316552, 41.5290275]}, "properties": {"name": "Trinity Services Family Counseling Ctr (Trinity Services Inc)", "city": "Joliet", "facility_type": "Community mental health center", "street": "2000 Glenwood Avenue", "zip": "60435", "phone": "815-722-4384"}}, {"type": "Feature", "geometry": {"type": "Point", "coordinates": [-87.6944601, 41.5340394]}, "properties": {"name": "Flossmoor Center (Grand Prairie Services)", "city": "Flossmoor", "facility_type": "Type not specified", "street": "19530 Kedzie Avenue", "zip": "60422", "phone": "708-799-2200"}}, {"type": "Feature", "geometry": {"type": "Point", "coordinates": [-88.1018183, 41.5374136]}, "properties": {"name": "Cornerstone Services Inc", "city": "Joliet", "facility_type": "Community mental health center", "street": "800 Black Road", "zip": "60435", "phone": "815-727-6667"}}, {"type": "Feature", "geometry": {"type": "Point", "coordinates": [-87.8551106, 41.542364]}, "properties": {"name": "Linden Oaks Behavioral Health", "city": "Mokena", "facility_type": "Partial hospitalization/day treatment", "street": "9697 West 191st Street", "zip": "60448", "phone": "630-646-6550"}}, {"type": "Feature", "geometry": {"type": "Point", "coordinates": [-88.1598608, 41.5397828]}, "properties": {"name": "Owl Street Therapy", "city": "Joliet", "facility_type": "Outpatient mental health facility", "street": "1000 Essington Road", "zip": "60435", "phone": "815-216-4333"}}, {"type": "Feature", "geometry": {"type": "Point", "coordinates": [-88.1233008, 41.5522673]}, "properties": {"name": "Residential (Stepping Stones Inc)", "city": "Joliet", "facility_type": "Residential treatment center (RTC) for adults", "street": "1621 Theodore Street", "zip": "60435", "phone": "815-744-4555"}}, {"type": "Feature", "geometry": {"type": "Point", "coordinates": [-87.560089, 41.5681436]}, "properties": {"name": "Lansing (Christian Community Health Center)", "city": "Lansing", "facility_type": "Community mental health center", "street": "2320 Thornton-Lansing Road", "zip": "60438", "phone": "773-233-4100"}}, {"type": "Feature", "geometry": {"type": "Point", "coordinates": [-87.6964919, 41.5685495]}, "properties": {"name": "Link and Option Center Inc", "city": "Hazel Crest", "facility_type": "Outpatient mental health facility", "street": "3330 West 177th Street", "zip": "60429", "phone": "708-331-8111"}}, {"type": "Feature", "geometry": {"type": "Point", "coordinates": [-87.6032182, 41.6010317]}, "properties": {"name": "Cornerstone Services Inc", "city": "South Holland", "facility_type": "Community mental health center", "street": "530-542 East 162nd Street", "zip": "60473", "phone": "708-825-1986"}}, {"type": "Feature", "geometry": {"type": "Point", "coordinates": [-87.5943345, 41.6012797]}, "properties": {"name": "Link and Option Center Inc", "city": "South Holland", "facility_type": "Outpatient mental health facility", "street": "924 East 162nd Street", "zip": "60473", "phone": "708-331-8111"}}, {"type": "Feature", "geometry": {"type": "Point", "coordinates": [-87.5953223, 41.6012339]}, "properties": {"name": "Link and Option Center Inc", "city": "South Holland", "facility_type": "Outpatient mental health facility", "street": "900 East 162nd Street", "zip": "60473", "phone": "708-331-8111"}}, {"type": "Feature", "geometry": {"type": "Point", "coordinates": [-87.6070181, 41.6132165]}, "properties": {"name": "NFP (ICAN Community Services Inc)", "city": "South Holland", "facility_type": "Outpatient mental health facility", "street": "15475 South Park Avenue", "zip": "60473", "phone": "708-596-5680"}}, {"type": "Feature", "geometry": {"type": "Point", "coordinates": [-87.8658509, 41.6112016]}, "properties": {"name": "Palos Hosp Outpt Behav Health Services (Northwestern Medicine)", "city": "Orland Park", "facility_type": "Partial hospitalization/day treatment", "street": "15300 West Avenue", "zip": "60462", "phone": "708-460-2721"}}, {"type": "Feature", "geometry": {"type": "Point", "coordinates": [-87.5951641, 41.6221501]}, "properties": {"name": "South Holland (Christian Community Health Center)", "city": "South Holland", "facility_type": "Community mental health center", "street": "901 East Sibley Boulevard", "zip": "60473", "phone": "773-233-4100"}}, {"type": "Feature", "geometry": {"type": "Point", "coordinates": [-87.5593999, 41.6266091]}, "properties": {"name": "Calumet City (Christian Community Health Center)", "city": "Calumet City", "facility_type": "Community mental health center", "street": "364 Torrence Avenue", "zip": "60409", "phone": "773-233-4100"}}, {"type": "Feature", "geometry": {"type": "Point", "coordinates": [-88.224431, 41.6352993]}, "properties": {"name": "Crossroads Counseling Services PLLC", "city": "Plainfield", "facility_type": "Outpatient mental health facility", "street": "13550 Route 30", "zip": "60544", "phone": "815-941-3882"}}, {"type": "Feature", "geometry": {"type": "Point", "coordinates": [-88.6114851, 41.6454271]}, "properties": {"name": "Northwestern Medicine Ben Gordon Ctr (DeKalb Behavioral Health Foundation)", "city": "Sandwich", "facility_type": "Community mental health center", "street": "100 South Latham Street", "zip": "60548", "phone": "815-756-4875"}}, {"type": "Feature", "geometry": {"type": "Point", "coordinates": [-88.2175116, 41.652872]}, "properties": {"name": "Endeavor Health Plainfield (Endeavor Health Plainfield)", "city": "Plainfield", "facility_type": "Partial hospitalization/day treatment", "street": "24600 West 127th Street", "zip": "60585", "phone": "815-731-9090"}}, {"type": "Feature", "geometry": {"type": "Point", "coordinates": [-87.6798152, 41.660793]}, "properties": {"name": "LifeHouse Behavioral Health", "city": "Blue Island", "facility_type": "Outpatient mental health facility", "street": "12761 Western Avenue", "zip": "60406", "phone": "708-808-6678"}}, {"type": "Feature", "geometry": {"type": "Point", "coordinates": [-88.4321345, 41.6557554]}, "properties": {"name": "Crossroads Counseling Services PLLC", "city": "Yorkville", "facility_type": "Outpatient mental health facility", "street": "608 East Veterans Parkway", "zip": "60560", "phone": "815-941-3882"}}, {"type": "Feature", "geometry": {"type": "Point", "coordinates": [-88.4648933, 41.6592356]}, "properties": {"name": "Kendall County Health Department", "city": "Yorkville", "facility_type": "Outpatient mental health facility", "street": "811 West John Street", "zip": "60560", "phone": "630-553-9100"}}, {"type": "Feature", "geometry": {"type": "Point", "coordinates": [-87.8128143, 41.6698049]}, "properties": {"name": "Inpatient Behavioral Health (Northwestern Medicine Palos Hospital)", "city": "Palos Heights", "facility_type": "Separate inpatient psychiatric unit of a general hospital", "street": "12251 South 80th Avenue", "zip": "60463", "phone": "708-923-4000"}}, {"type": "Feature", "geometry": {"type": "Point", "coordinates": [-87.6811878, 41.6796658]}, "properties": {"name": "Consulting Group (Solutions Counseling and)", "city": "Chicago", "facility_type": "Outpatient mental health facility", "street": "11740 South Western Avenue", "zip": "60643", "phone": "312-241-3761"}}, {"type": "Feature", "geometry": {"type": "Point", "coordinates": [-87.681304, 41.6832734]}, "properties": {"name": "Therapies Chicago Beverly (Rosecrance Inc)", "city": "Chicago", "facility_type": "Type not specified", "street": "11532 South Western Avenue", "zip": "60643", "phone": "815-391-1000"}}, {"type": "Feature", "geometry": {"type": "Point", "coordinates": [-87.6176692, 41.6855247]}, "properties": {"name": "Roseland East 115th Street Health Hub (Chicago Department of Public Health)", "city": "Chicago", "facility_type": "Community mental health center", "street": "200 East 115th Street", "zip": "60628", "phone": "312-747-1013"}}, {"type": "Feature", "geometry": {"type": "Point", "coordinates": [-87.6217334, 41.6865622]}, "properties": {"name": "(HRDI)/SW Central Non MAT Outpt Servs (Human Resources Development Institute)", "city": "Chicago", "facility_type": "Type not specified", "street": "33 East 114th Street", "zip": "60628", "phone": "773-660-4630"}}, {"type": "Feature", "geometry": {"type": "Point", "coordinates": [-87.6221337, 41.6869721]}, "properties": {"name": "Southwest Central Medication Assisted (Human Resources Development Institute)", "city": "Chicago", "facility_type": "Type not specified", "street": "33 East 114th Street", "zip": "60628", "phone": "773-660-4630"}}, {"type": "Feature", "geometry": {"type": "Point", "coordinates": [-87.8165583, 41.6970103]}, "properties": {"name": "Counseling Center of Illinois Inc", "city": "Palos Hills", "facility_type": "Type not specified", "street": "10661 South Roberts Road", "zip": "60465", "phone": "773-777-6767"}}, {"type": "Feature", "geometry": {"type": "Point", "coordinates": [-88.0844275, 41.7084946]}, "properties": {"name": "Complete Care Behavioral Health PLLC", "city": "Bolingbrook", "facility_type": "Outpatient mental health facility", "street": "440 West Boughton Road", "zip": "60440", "phone": "630-405-7820"}}, {"type": "Feature", "geometry": {"type": "Point", "coordinates": [-87.6433901, 41.7168999]}, "properties": {"name": "Chicago (Christian Community Health Center)", "city": "Chicago", "facility_type": "Community mental health center", "street": "9718 South Halsted Street", "zip": "60628", "phone": "773-233-4100"}}, {"type": "Feature", "geometry": {"type": "Point", "coordinates": [-87.6778901, 41.7207415]}, "properties": {"name": "KAM Alliance Inc", "city": "Chicago", "facility_type": "Type not specified", "street": "2215 West 95th Street", "zip": "60643", "phone": "773-239-9600"}}, {"type": "Feature", "geometry": {"type": "Point", "coordinates": [-87.7281417, 41.720166]}, "properties": {"name": "ODA Solutions Inc", "city": "Oak Lawn", "facility_type": "Outpatient mental health facility", "street": "4237 1/2 West 95th Street", "zip": "60453", "phone": "773-597-7698"}}, {"type": "Feature", "geometry": {"type": "Point", "coordinates": [-87.6427837, 41.7209434]}, "properties": {"name": "Woodson Regional LibraryChicago Public (Chicago Department of Public Health)", "city": "Chicago", "facility_type": "Community mental health center", "street": "9525 South Halsted Street", "zip": "60628", "phone": "312-747-6900"}}, {"type": "Feature", "geometry": {"type": "Point", "coordinates": [-87.6939348, 41.7214911]}, "properties": {"name": "Outpatient Dept of Chicago Behavioral (Evergreen Behavioral Health)", "city": "Evergreen Park", "facility_type": "Type not specified", "street": "2850 West 95th Street", "zip": "60805", "phone": "708-422-0110"}}, {"type": "Feature", "geometry": {"type": "Point", "coordinates": [-87.5489337, 41.7303183]}, "properties": {"name": "SouthEast Center (Metropolitan Family Services)", "city": "Chicago", "facility_type": "Community mental health center", "street": "3062 East 91st Street", "zip": "60617", "phone": "773-371-2900"}}, {"type": "Feature", "geometry": {"type": "Point", "coordinates": [-89.3383413, 41.7207297]}, "properties": {"name": "Womens Recovery Home (Sinnissippi Centers Inc)", "city": "Amboy", "facility_type": "Type not specified", "street": "200 West Hawley Street", "zip": "61310", "phone": "815-284-6611"}}, {"type": "Feature", "geometry": {"type": "Point", "coordinates": [-87.8196001, 41.7335466]}, "properties": {"name": "Pillars Community Health", "city": "Hickory Hills", "facility_type": "Type not specified", "street": "8020 West 87th Street", "zip": "60457", "phone": "708-995-3851"}}, {"type": "Feature", "geometry": {"type": "Point", "coordinates": [-87.8470495, 41.7438619]}, "properties": {"name": "New Hope Community Service Center", "city": "Justice", "facility_type": "Community mental health center", "street": "9050 West 81st Street", "zip": "60458", "phone": "773-737-9555 x100"}}, {"type": "Feature", "geometry": {"type": "Point", "coordinates": [-87.762614, 41.744768]}, "properties": {"name": "Behavioral Health Division (Stickney Public Health District)", "city": "Burbank", "facility_type": "Outpatient mental health facility", "street": "5635 State Road", "zip": "60459", "phone": "708-424-9200 x2118"}}, {"type": "Feature", "geometry": {"type": "Point", "coordinates": [-88.3171826, 41.7462086]}, "properties": {"name": "VNA Healthcare", "city": "Aurora", "facility_type": "Outpatient mental health facility", "street": "323 Weston Avenue", "zip": "60505", "phone": "630-892-4355"}}, {"type": "Feature", "geometry": {"type": "Point", "coordinates": [-88.0644069, 41.7488932]}, "properties": {"name": "Linden Oaks Hospital (Endeavor Health Woodridge)", "city": "Woodridge", "facility_type": "Outpatient mental health facility", "street": "3329 75th Street", "zip": "60517", "phone": "630-646-7387"}}, {"type": "Feature", "geometry": {"type": "Point", "coordinates": [-88.1847769, 41.7485845]}, "properties": {"name": "Naperville (SamaraCare Counseling)", "city": "Naperville", "facility_type": "Outpatient mental health facility", "street": "1819 Bay Scott Circle", "zip": "60540", "phone": "630-357-2456"}}, {"type": "Feature", "geometry": {"type": "Point", "coordinates": [-87.7322672, 41.7547662]}, "properties": {"name": "Emages Inc", "city": "Chicago", "facility_type": "Outpatient mental health facility", "street": "7601 South Kostner Avenue", "zip": "60652", "phone": "773-224-7386"}}, {"type": "Feature", "geometry": {"type": "Point", "coordinates": [-87.5637539, 41.7613652]}, "properties": {"name": "A Safe Haven", "city": "Chicago", "facility_type": "Community mental health center", "street": "7346 South Kingston Avenue", "zip": "60649", "phone": "773-392-7003"}}, {"type": "Feature", "geometry": {"type": "Point", "coordinates": [-88.1562203, 41.759096]}, "properties": {"name": "Linden Oaks Hospital (Endeavor Health)", "city": "Naperville", "facility_type": "Psychiatric hospital", "street": "852 South West Street", "zip": "60540", "phone": "630-305-5500"}}, {"type": "Feature", "geometry": {"type": "Point", "coordinates": [-87.682945, 41.7689111]}, "properties": {"name": "OE/Urban Behavioral Health (Habilitative Systems Inc)", "city": "Chicago", "facility_type": "Community mental health center", "street": "6845 South Western Avenue", "zip": "60636", "phone": "773-745-2675"}}, {"type": "Feature", "geometry": {"type": "Point", "coordinates": [-87.6922738, 41.7691032]}, "properties": {"name": "Under the Rainbow/Holy Cross (Behavioral Health and)", "city": "Chicago", "facility_type": "Community mental health center", "street": "2701 West 68th Street", "zip": "60629", "phone": "773-565-2550"}}, {"type": "Feature", "geometry": {"type": "Point", "coordinates": [-88.3297849, 41.7658948]}, "properties": {"name": "VNA Healthcare", "city": "Aurora", "facility_type": "Outpatient mental health facility", "street": "400 North Highland Avenue", "zip": "60506", "phone": "630-892-4355"}}, {"type": "Feature", "geometry": {"type": "Point", "coordinates": [-87.9926567, 41.7719755]}, "properties": {"name": "Westmont (Geode Health)", "city": "Westmont", "facility_type": "Outpatient mental health facility", "street": "6319 South Fairview Avenue", "zip": "60559", "phone": "630-566-2096"}}, {"type": "Feature", "geometry": {"type": "Point", "coordinates": [-87.5714853, 41.7774249]}, "properties": {"name": "La Rabida Childrens Hospital", "city": "Chicago", "facility_type": "Outpatient mental health facility", "street": "6501 South Promontory Drive", "zip": "60649", "phone": "773-363-6700"}}, {"type": "Feature", "geometry": {"type": "Point", "coordinates": [-88.1506655, 41.7728619]}, "properties": {"name": "Light On Anxiety Treatment Center", "city": "Naperville", "facility_type": "Outpatient mental health facility", "street": "130 West Jefferson Avenue", "zip": "60540", "phone": "331-267-7927"}}, {"type": "Feature", "geometry": {"type": "Point", "coordinates": [-87.6413776, 41.7795179]}, "properties": {"name": "Englewood Mental Health Center (Chicago Department of Public Health)", "city": "Chicago", "facility_type": "Community mental health center", "street": "641 West 63rd Street", "zip": "60621", "phone": "312-747-7496"}}, {"type": "Feature", "geometry": {"type": "Point", "coordinates": [-87.7058914, 41.7790918]}, "properties": {"name": "Vivia Health Gage Park", "city": "Chicago", "facility_type": "Community mental health center", "street": "3306 West 63rd Street", "zip": "60629", "phone": "773-270-1652"}}, {"type": "Feature", "geometry": {"type": "Point", "coordinates": [-87.7250153, 41.7789069]}, "properties": {"name": "63rd Street (Esperanza)", "city": "Chicago", "facility_type": "Type not specified", "street": "4058 West 63rd Street", "zip": "60629", "phone": "773-584-6200"}}, {"type": "Feature", "geometry": {"type": "Point", "coordinates": [-87.6062743, 41.7807507]}, "properties": {"name": "Cottage Grove (Friend Family Health Center)", "city": "Chicago", "facility_type": "Outpatient mental health facility", "street": "6250 South Cottage Grove", "zip": "60637", "phone": "312-682-6110"}}, {"type": "Feature", "geometry": {"type": "Point", "coordinates": [-87.6832676, 41.7871501]}, "properties": {"name": "Western (Friend Health)", "city": "Chicago", "facility_type": "Outpatient mental health facility", "street": "5843 South Western Avenue", "zip": "60636", "phone": "773-434-8600"}}, {"type": "Feature", "geometry": {"type": "Point", "coordinates": [-88.3297573, 41.783834]}, "properties": {"name": "Behav Health Outpatient (Association for Individual Development)", "city": "Aurora", "facility_type": "Community mental health center", "street": "1230 North Highland Avenue", "zip": "60506", "phone": "630-966-4301"}}, {"type": "Feature", "geometry": {"type": "Point", "coordinates": [-87.6686699, 41.7901509]}, "properties": {"name": "Southwood Interventions (ABRAXAS Youth and Family Services)", "city": "Chicago", "facility_type": "Residential treatment center (RTC) for adults", "street": "5701 South Wood Street", "zip": "60636", "phone": "773-737-4600 x3204"}}, {"type": "Feature", "geometry": {"type": "Point", "coordinates": [-87.7226829, 41.7901769]}, "properties": {"name": "Pulaski (Friend Family Health Center)", "city": "Chicago", "facility_type": "Outpatient mental health facility", "street": "5635 South Pulaski Road", "zip": "60629", "phone": "773-702-2193"}}, {"type": "Feature", "geometry": {"type": "Point", "coordinates": [-87.6211849, 41.7941509]}, "properties": {"name": "Bridging the Tys to Jordan Inc", "city": "Chicago", "facility_type": "Multi-setting mental health facility", "street": "5500 South Indiana Avenue", "zip": "60637", "phone": "773-488-9460"}}, {"type": "Feature", "geometry": {"type": "Point", "coordinates": [-87.7922802, 41.7923131]}, "properties": {"name": "Polish American Addictions Counseling", "city": "Chicago", "facility_type": "Outpatient mental health facility", "street": "6814 West Archer Avenue", "zip": "60638", "phone": "773-586-9511"}}, {"type": "Feature", "geometry": {"type": "Point", "coordinates": [-87.6211849, 41.7941509]}, "properties": {"name": "Bridging the Tys to Jordan Inc", "city": "Chicago", "facility_type": "Multi-setting mental health facility", "street": "5500 South Indiana Street", "zip": "60637", "phone": "773-488-9460"}}, {"type": "Feature", "geometry": {"type": "Point", "coordinates": [-87.7049646, 41.7936559]}, "properties": {"name": "Gage Park Wellness Services (Pilsen Wellness Center Inc)", "city": "Chicago", "facility_type": "Outpatient mental health facility", "street": "3232 West 55th Street", "zip": "60632", "phone": "773-424-3060"}}, {"type": "Feature", "geometry": {"type": "Point", "coordinates": [-87.7276509, 41.7935035]}, "properties": {"name": "Greater Lawn Mental Health Center (Chicago Department of Public Health)", "city": "Chicago", "facility_type": "Community mental health center", "street": "4150 West 55th Street", "zip": "60632", "phone": "312-747-1020"}}, {"type": "Feature", "geometry": {"type": "Point", "coordinates": [-88.1557058, 41.79089]}, "properties": {"name": "Mill Street (Endeavor Health)", "city": "Naperville", "facility_type": "Partial hospitalization/day treatment", "street": "1335 North Mill Street", "zip": "60563", "phone": "630-646-8069"}}, {"type": "Feature", "geometry": {"type": "Point", "coordinates": [-87.7304023, 41.8007841]}, "properties": {"name": "Archer Ave (Lawndale Christian Health Center)", "city": "Chicago", "facility_type": "Outpatient mental health facility", "street": "5122 South Archer Avenue", "zip": "60632", "phone": "872-588-3000"}}, {"type": "Feature", "geometry": {"type": "Point", "coordinates": [-87.5885706, 41.8020411]}, "properties": {"name": "A Beautiful Mind Inc", "city": "Chicago", "facility_type": "Community mental health center", "street": "5113 South Harper Avenue", "zip": "60615", "phone": "773-304-3699"}}, {"type": "Feature", "geometry": {"type": "Point", "coordinates": [-87.6176739, 41.8023489]}, "properties": {"name": "Brass l Medication Assisted Treatment (Human Resources Development Institute)", "city": "Chicago", "facility_type": "Type not specified", "street": "340 East 51st Street", "zip": "60615", "phone": "773-966-0333"}}, {"type": "Feature", "geometry": {"type": "Point", "coordinates": [-87.665293, 41.806512]}, "properties": {"name": "Ashland (Friend Family Health Center)", "city": "Chicago", "facility_type": "Outpatient mental health facility", "street": "4802 South Ashland Avenue", "zip": "60609", "phone": "773-376-9400"}}, {"type": "Feature", "geometry": {"type": "Point", "coordinates": [-88.1517673, 41.8026478]}, "properties": {"name": "SunCloud Health SC", "city": "Naperville", "facility_type": "Multi-setting mental health facility", "street": "280 Shuman Boulevard", "zip": "60563", "phone": "847-908-1505"}}, {"type": "Feature", "geometry": {"type": "Point", "coordinates": [-87.6945233, 41.8072504]}, "properties": {"name": "Brighton Park South (Esperanza Health Centers)", "city": "Chicago", "facility_type": "Type not specified", "street": "4720 South California Avenue", "zip": "60632", "phone": "773-584-6200"}}, {"type": "Feature", "geometry": {"type": "Point", "coordinates": [-87.9210809, 41.8058013]}, "properties": {"name": "Adventist/Hinsdale Behav Health (Advent Health)", "city": "Hinsdale", "facility_type": "Separate inpatient psychiatric unit of a general hospital", "street": "120 North Oak Street", "zip": "60521", "phone": "630-856-9000 x5272"}}, {"type": "Feature", "geometry": {"type": "Point", "coordinates": [-87.6947434, 41.8080313]}, "properties": {"name": "Brighton Park North (Esperanza Brighton Park)", "city": "Chicago", "facility_type": "Type not specified", "street": "4700 South California Avenue", "zip": "60632", "phone": "773-584-6200"}}, {"type": "Feature", "geometry": {"type": "Point", "coordinates": [-87.9762395, 41.805786]}, "properties": {"name": "Southeast Public Health Center (Du Page County Health Department)", "city": "Westmont", "facility_type": "Community mental health center", "street": "422 North Cass Avenue", "zip": "60559", "phone": "630-682-7400"}}, {"type": "Feature", "geometry": {"type": "Point", "coordinates": [-87.6847988, 41.8109457]}, "properties": {"name": "Western (Healthcare Alternative Systems Inc)", "city": "Chicago", "facility_type": "Community mental health center", "street": "4534 South Western Avenue", "zip": "60609", "phone": "773-254-5141"}}, {"type": "Feature", "geometry": {"type": "Point", "coordinates": [-88.352424, 41.8067054]}, "properties": {"name": "Geode Health", "city": "North Aurora", "facility_type": "Outpatient mental health facility", "street": "98 Miller Drive", "zip": "60542", "phone": "434-329-9290"}}, {"type": "Feature", "geometry": {"type": "Point", "coordinates": [-87.8688596, 41.8121991]}, "properties": {"name": "Congregational Church of La Grange (Youth Outreach Services)", "city": "La Grange", "facility_type": "Outpatient mental health facility", "street": "100 South 6th Avenue", "zip": "60525", "phone": "773-777-7112"}}, {"type": "Feature", "geometry": {"type": "Point", "coordinates": [-88.0979546, 41.8104972]}, "properties": {"name": "Lott Behavioral Health", "city": "Lisle", "facility_type": "Outpatient mental health facility", "street": "2300 Cabot Drive", "zip": "60532", "phone": "630-730-5506"}}, {"type": "Feature", "geometry": {"type": "Point", "coordinates": [-87.9524108, 41.813569]}, "properties": {"name": "Options (Advent Health)", "city": "Westmont", "facility_type": "Partial hospitalization/day treatment", "street": "740 Pasquinelli Drive", "zip": "60559", "phone": "630-856-7717"}}, {"type": "Feature", "geometry": {"type": "Point", "coordinates": [-87.9524108, 41.813569]}, "properties": {"name": "New Day Center (Adventist Hinsdale Hospital)", "city": "Westmont", "facility_type": "Partial hospitalization/day treatment", "street": "740 Pasquinelli Drive", "zip": "60559", "phone": "630-856-7701"}}, {"type": "Feature", "geometry": {"type": "Point", "coordinates": [-87.9522427, 41.8137095]}, "properties": {"name": "Adventist Med Center (Advent Health)", "city": "Westmont", "facility_type": "Partial hospitalization/day treatment", "street": "740 Pasquinelli Drive", "zip": "60559", "phone": "630-856-7701"}}, {"type": "Feature", "geometry": {"type": "Point", "coordinates": [-87.6073585, 41.8164638]}, "properties": {"name": "Greater Grand Mid South MH Center (Chicago Department of Public Health)", "city": "Chicago", "facility_type": "Community mental health center", "street": "4314 South Cottage Grove Avenue", "zip": "60653", "phone": "312-747-0036"}}, {"type": "Feature", "geometry": {"type": "Point", "coordinates": [-89.6692628, 41.8006308]}, "properties": {"name": "Braden Counseling Center PC", "city": "Sterling", "facility_type": "Outpatient mental health facility", "street": "2308 East Lincolnway", "zip": "61081", "phone": "815-787-9000"}}, {"type": "Feature", "geometry": {"type": "Point", "coordinates": [-89.666863, 41.801755]}, "properties": {"name": "Sinnissippi Centers Inc", "city": "Sterling", "facility_type": "Type not specified", "street": "2611 Woodlawn Road", "zip": "61081", "phone": "815-625-0013"}}, {"type": "Feature", "geometry": {"type": "Point", "coordinates": [-87.9234422, 41.8184427]}, "properties": {"name": "Hinsdale (Rogers Behavioral Health)", "city": "Hinsdale", "facility_type": "Partial hospitalization/day treatment", "street": "907 North Elm Street", "zip": "60521", "phone": "630-686-4544"}}, {"type": "Feature", "geometry": {"type": "Point", "coordinates": [-87.9221375, 41.8185973]}, "properties": {"name": "Salt Creek (Endeavor Health)", "city": "Hinsdale", "facility_type": "Partial hospitalization/day treatment", "street": "8 Salt Creek Lane", "zip": "60521", "phone": "331-221-2521"}}, {"type": "Feature", "geometry": {"type": "Point", "coordinates": [-88.3497692, 41.8153249]}, "properties": {"name": "Braden Counseling Center", "city": "North Aurora", "facility_type": "Outpatient mental health facility", "street": "1105 Ritter Street", "zip": "60542", "phone": "815-787-9000"}}, {"type": "Feature", "geometry": {"type": "Point", "coordinates": [-89.6970435, 41.8072991]}, "properties": {"name": "Sterling Counseling Center (LSSI)", "city": "Sterling", "facility_type": "Community mental health center", "street": "1901 1st Avenue", "zip": "61081", "phone": "833-610-5774"}}, {"type": "Feature", "geometry": {"type": "Point", "coordinates": [-87.9573704, 41.8216816]}, "properties": {"name": "Oakbrook (Compass Health Center)", "city": "Westmont", "facility_type": "Partial hospitalization/day treatment", "street": "750 Oakmont Lane", "zip": "60559", "phone": "877-552-6672"}}, {"type": "Feature", "geometry": {"type": "Point", "coordinates": [-87.6871007, 41.8248691]}, "properties": {"name": "Brighton Park (Pilsen Wellness Center Inc)", "city": "Chicago", "facility_type": "Outpatient mental health facility", "street": "2456 West 38th Street", "zip": "60632", "phone": "773-823-7743"}}, {"type": "Feature", "geometry": {"type": "Point", "coordinates": [-87.79612, 41.8322589]}, "properties": {"name": "Pillars Community Health", "city": "Berwyn", "facility_type": "Type not specified", "street": "6918 Windsor Avenue", "zip": "60402", "phone": "708-745-5277"}}, {"type": "Feature", "geometry": {"type": "Point", "coordinates": [-87.7916177, 41.8321601]}, "properties": {"name": "Behavioral Health Services (MacNeal Hospital)", "city": "Berwyn", "facility_type": "Separate inpatient psychiatric unit of a general hospital", "street": "3249 South Oak Park Avenue", "zip": "60402", "phone": "708-783-9100"}}, {"type": "Feature", "geometry": {"type": "Point", "coordinates": [-87.7960835, 41.8322541]}, "properties": {"name": "Pillars Community Health", "city": "Berwyn", "facility_type": "Type not specified", "street": "6918 South Windsor Avenue", "zip": "60402", "phone": "708-995-3535"}}, {"type": "Feature", "geometry": {"type": "Point", "coordinates": [-88.0269342, 41.8317173]}, "properties": {"name": "Downers Grove (Gateway Foundation)", "city": "Downers Grove", "facility_type": "Type not specified", "street": "3040 Finley Road", "zip": "60515", "phone": "630-859-0160"}}, {"type": "Feature", "geometry": {"type": "Point", "coordinates": [-87.6160067, 41.8385228]}, "properties": {"name": "Psychiatry Department (Bronzeville Health Center)", "city": "Chicago", "facility_type": "Outpatient mental health facility", "street": "467 East 31st Street", "zip": "60616", "phone": "312-572-3050"}}, {"type": "Feature", "geometry": {"type": "Point", "coordinates": [-89.5682089, 41.8224954]}, "properties": {"name": "Sinnissippi Centers Inc", "city": "Dixon", "facility_type": "Type not specified", "street": "325 Illinois Route 2", "zip": "61021", "phone": "815-284-6611 x8240"}}, {"type": "Feature", "geometry": {"type": "Point", "coordinates": [-88.1035841, 41.8360169]}, "properties": {"name": "Central DuPage Hospital (Behavioral Health Services)", "city": "Wheaton", "facility_type": "Partial hospitalization/day treatment", "street": "7 Blanchard Circle", "zip": "60187", "phone": "630-933-4000"}}, {"type": "Feature", "geometry": {"type": "Point", "coordinates": [-87.6258302, 41.8414949]}, "properties": {"name": "Passages Pathways to Healing (Alliance Care 360)", "city": "Chicago", "facility_type": "Outpatient mental health facility", "street": "2929 South Wabash Avenue", "zip": "60616", "phone": "312-808-1044 x101"}}, {"type": "Feature", "geometry": {"type": "Point", "coordinates": [-87.7836734, 41.8432298]}, "properties": {"name": "Outpatient Mental Health at Berwyn (Pilsen Wellness Center Inc)", "city": "Berwyn", "facility_type": "Outpatient mental health facility", "street": "2600 Ridgeland Avenue", "zip": "60402", "phone": "708-317-5926"}}, {"type": "Feature", "geometry": {"type": "Point", "coordinates": [-87.701886935597, 41.8440228000028]}, "properties": {"name": "Little Village (Esperanza Little Village)", "city": "Chicago", "facility_type": "Type not specified", "street": "3059 West 26th Street", "zip": "60623", "phone": "773-584-6200"}}, {"type": "Feature", "geometry": {"type": "Point", "coordinates": [-87.6326691, 41.8457817]}, "properties": {"name": "Midwest Asian Health Association", "city": "Chicago", "facility_type": "Community mental health center", "street": "218 West 26th Street", "zip": "60616", "phone": "312-285-2287"}}, {"type": "Feature", "geometry": {"type": "Point", "coordinates": [-87.9445945, 41.844021]}, "properties": {"name": "Oak Brook (Pathlight Mood and Anxiety Ctr Chicago)", "city": "Oak Brook", "facility_type": "Partial hospitalization/day treatment", "street": "1010 Jorie Boulevard", "zip": "60523", "phone": "877-825-8584"}}, {"type": "Feature", "geometry": {"type": "Point", "coordinates": [-87.7082554, 41.8483874]}, "properties": {"name": "Farragut (Lawndale Christian Health Center)", "city": "Chicago", "facility_type": "Outpatient mental health facility", "street": "3256 West 24th Street", "zip": "60623", "phone": "872-588-3000"}}, {"type": "Feature", "geometry": {"type": "Point", "coordinates": [-87.6754325, 41.8496126]}, "properties": {"name": "CILA/ICM (Pilsen Wellness Center Inc)", "city": "Chicago", "facility_type": "Residential treatment center (RTC) for adults", "street": "2316 South Damen Avenue", "zip": "60608", "phone": "773-927-6987"}}, {"type": "Feature", "geometry": {"type": "Point", "coordinates": [-87.6919278, 41.8498197]}, "properties": {"name": "Pilsen Inn Residential Program (Pilsen Wellness Center Inc)", "city": "Chicago", "facility_type": "Residential treatment center (RTC) for adults", "street": "2635 West 23rd Street", "zip": "60608", "phone": "773-927-1228"}}, {"type": "Feature", "geometry": {"type": "Point", "coordinates": [-87.6755357, 41.8505109]}, "properties": {"name": "Youth Wellness Center (Pilsen Wellness Center Inc)", "city": "Chicago", "facility_type": "Outpatient mental health facility", "street": "2259 South Damen Avenue", "zip": "60608", "phone": "872-281-7575"}}, {"type": "Feature", "geometry": {"type": "Point", "coordinates": [-87.9718392, 41.8482082]}, "properties": {"name": "Behavioral Services Center", "city": "Oak Brook", "facility_type": "Type not specified", "street": "2021 Midwest Road", "zip": "60523", "phone": "847-673-8577"}}, {"type": "Feature", "geometry": {"type": "Point", "coordinates": [-87.758778, 41.8507405]}, "properties": {"name": "Family Service and MHC of Cicero", "city": "Cicero", "facility_type": "Community mental health center", "street": "5341 West Cermak Road", "zip": "60804", "phone": "708-656-6430 x0"}}, {"type": "Feature", "geometry": {"type": "Point", "coordinates": [-87.676508, 41.851922]}, "properties": {"name": "Outpatient Recovery Center (ORC) (Pilsen Wellness Center Inc)", "city": "Chicago", "facility_type": "Outpatient mental health facility", "street": "2015 West Cermak Road", "zip": "60608", "phone": "773-890-0645"}}, {"type": "Feature", "geometry": {"type": "Point", "coordinates": [-87.7219686, 41.852495]}, "properties": {"name": "Ogden Avenue (Lawndale Christian Health Center)", "city": "Chicago", "facility_type": "Outpatient mental health facility", "street": "3860 West Ogden Avenue", "zip": "60623", "phone": "872-588-3000"}}, {"type": "Feature", "geometry": {"type": "Point", "coordinates": [-87.7193198, 41.8533492]}, "properties": {"name": "Health and Fitness Center (Lawndale Christian Health Center)", "city": "Chicago", "facility_type": "Outpatient mental health facility", "street": "3750 West Ogden Avenue", "zip": "60623", "phone": "872-588-3000"}}, {"type": "Feature", "geometry": {"type": "Point", "coordinates": [-87.6952731, 41.8546596]}, "properties": {"name": "Esperanza California", "city": "Chicago", "facility_type": "Type not specified", "street": "2001 South California Avenue", "zip": "60608", "phone": "773-584-6200"}}, {"type": "Feature", "geometry": {"type": "Point", "coordinates": [-87.6468188, 41.8554581]}, "properties": {"name": "Pilsen Location (Youth Outreach Services)", "city": "Chicago", "facility_type": "Outpatient mental health facility", "street": "1942 South Halsted Street", "zip": "60608", "phone": "773-777-7112"}}, {"type": "Feature", "geometry": {"type": "Point", "coordinates": [-87.6657428, 41.8582478]}, "properties": {"name": "Pilsen South Ashland Health Hub (Chicago Department of Public Health)", "city": "Chicago", "facility_type": "Outpatient mental health facility", "street": "1713 South Ashland Avenue", "zip": "60608", "phone": "312-743-7500 x37478"}}, {"type": "Feature", "geometry": {"type": "Point", "coordinates": [-89.4792296, 41.8445864]}, "properties": {"name": "Behavioral Healthcare (OSF Saint Katharine Medical Center)", "city": "Dixon", "facility_type": "Separate inpatient psychiatric unit of a general hospital", "street": "403 East 1st Street", "zip": "61021", "phone": "815-285-5631 x1023"}}, {"type": "Feature", "geometry": {"type": "Point", "coordinates": [-87.7480758, 41.8619092]}, "properties": {"name": "TOYS (Pilsen Wellness Center Inc)", "city": "Cicero", "facility_type": "Outpatient mental health facility", "street": "1407 South 49th Court", "zip": "60804", "phone": "708-683-5500"}}, {"type": "Feature", "geometry": {"type": "Point", "coordinates": [-87.841286, 41.8611972]}, "properties": {"name": "Chief Substance Abuse Section (Vet Affairs/Edward Hines Jr Hospital)", "city": "Hines", "facility_type": "Veterans Affairs Medical Center or other VA healthcare facility", "street": "5000 South 5th Avenue", "zip": "60141", "phone": "708-202-8387 x2974"}}, {"type": "Feature", "geometry": {"type": "Point", "coordinates": [-87.836183, 41.862994]}, "properties": {"name": "Madden Mental Health Center", "city": "Hines", "facility_type": "State hospital", "street": "1200 South 1st Avenue", "zip": "60141", "phone": "708-338-7400"}}, {"type": "Feature", "geometry": {"type": "Point", "coordinates": [-87.676956, 41.8654099]}, "properties": {"name": "Chicago Childrens Advocacy Center", "city": "Chicago", "facility_type": "Outpatient mental health facility", "street": "1240 South Damen Avenue", "zip": "60608", "phone": "312-492-3700"}}, {"type": "Feature", "geometry": {"type": "Point", "coordinates": [-88.1422048, 41.8617096]}, "properties": {"name": "Wheaton (Healthcare Alternative Systems Inc)", "city": "Wheaton", "facility_type": "Community mental health center", "street": "373 South County Farm Road", "zip": "60187", "phone": "630-344-0001"}}, {"type": "Feature", "geometry": {"type": "Point", "coordinates": [-87.8562415, 41.8642308]}, "properties": {"name": "Broadview (Healthcare Alternative Systems Inc)", "city": "Broadview", "facility_type": "Community mental health center", "street": "1915-17 Roosevelt Road", "zip": "60155", "phone": "708-498-0200"}}, {"type": "Feature", "geometry": {"type": "Point", "coordinates": [-87.695016, 41.8670529]}, "properties": {"name": "A Safe Haven", "city": "Chicago", "facility_type": "Community mental health center", "street": "2750 West Roosevelt Road", "zip": "60608", "phone": "773-392-7003"}}, {"type": "Feature", "geometry": {"type": "Point", "coordinates": [-87.6858977, 41.8682158]}, "properties": {"name": "Lawndale Mental Health Center (Chicago Department of Public Health)", "city": "Chicago", "facility_type": "Outpatient mental health facility", "street": "1105 South Western Avenue", "zip": "60612", "phone": "312-746-5905 x65905"}}, {"type": "Feature", "geometry": {"type": "Point", "coordinates": [-88.1417795, 41.86548]}, "properties": {"name": "Central Public Health Center (DuPage County Health Department)", "city": "Wheaton", "facility_type": "Community mental health center", "street": "111 North County Farm Road", "zip": "60187", "phone": "630-682-7400"}}, {"type": "Feature", "geometry": {"type": "Point", "coordinates": [-87.7139099, 41.8691727]}, "properties": {"name": "Homan Square Clinic (Lawndale Christian Health Center)", "city": "Chicago", "facility_type": "Outpatient mental health facility", "street": "3517 West Arthington Street", "zip": "60624", "phone": "872-588-3000"}}, {"type": "Feature", "geometry": {"type": "Point", "coordinates": [-88.1398508, 41.8655555]}, "properties": {"name": "Linda A Kurzawa Community Center (DuPage County Health Department)", "city": "Wheaton", "facility_type": "Multi-setting mental health facility", "street": "117 North County Farm Road", "zip": "60187", "phone": "630-627-1700"}}, {"type": "Feature", "geometry": {"type": "Point", "coordinates": [-87.7060616, 41.8706461]}, "properties": {"name": "Safer Counseling and Wellness Center (Safer Foundation)", "city": "Chicago", "facility_type": "Community mental health center", "street": "808 South Kedzie Avenue", "zip": "60612", "phone": "773-265-0423"}}, {"type": "Feature", "geometry": {"type": "Point", "coordinates": [-87.7636486, 41.8721272]}, "properties": {"name": "Loretto Hospital", "city": "Chicago", "facility_type": "Psychiatric hospital", "street": "645 South Central Avenue", "zip": "60644", "phone": "773-854-5058"}}, {"type": "Feature", "geometry": {"type": "Point", "coordinates": [-87.8655421, 41.8715344]}, "properties": {"name": "Bellwood (Healthcare Alternative Systems Inc)", "city": "Bellwood", "facility_type": "Community mental health center", "street": "2625 Harrison Avenue", "zip": "60104", "phone": "708-771-4831"}}, {"type": "Feature", "geometry": {"type": "Point", "coordinates": [-87.8325769, 41.8722773]}, "properties": {"name": "Healthy Soul Talk LLC", "city": "Maywood", "facility_type": "Outpatient mental health facility", "street": "1701 South 1st Avenue", "zip": "60153", "phone": "708-483-8455"}}, {"type": "Feature", "geometry": {"type": "Point", "coordinates": [-87.9906201, 41.8711367]}, "properties": {"name": "East Public Health Center (DuPage County Health Department)", "city": "Lombard", "facility_type": "Community mental health center", "street": "1111 East Jackson Street", "zip": "60148", "phone": "630-682-7400"}}, {"type": "Feature", "geometry": {"type": "Point", "coordinates": [-87.7530448, 41.8732073]}, "properties": {"name": "Behavioral Health Center (Bobby E Wright Comprehensive)", "city": "Chicago", "facility_type": "Community mental health center", "street": "5090 West Harrison Street", "zip": "60644", "phone": "773-722-7900 x4051"}}, {"type": "Feature", "geometry": {"type": "Point", "coordinates": [-89.4788038067727, 41.8590273907142]}, "properties": {"name": "Mens Recovery Home (Sinnissippi Centers Inc)", "city": "Dixon", "facility_type": "Type not specified", "street": "922 Washington Avenue", "zip": "61021", "phone": "815-284-6611"}}, {"type": "Feature", "geometry": {"type": "Point", "coordinates": [-87.8653107, 41.8726044]}, "properties": {"name": "Proviso Public Partnership", "city": "Bellwood", "facility_type": "Community mental health center", "street": "2619 Congress Street", "zip": "60104", "phone": "708-234-8668"}}, {"type": "Feature", "geometry": {"type": "Point", "coordinates": [-87.7424226, 41.8748153]}, "properties": {"name": "Mikes Empowerment House (Habilitative Systems Inc)", "city": "Chicago", "facility_type": "Community mental health center", "street": "415 South Kilpatrick Street", "zip": "60644", "phone": "773-261-2252"}}, {"type": "Feature", "geometry": {"type": "Point", "coordinates": [-88.1551043, 41.8720504]}, "properties": {"name": "Central DuPage Hospital (Behavioral Health Services of)", "city": "Winfield", "facility_type": "Partial hospitalization/day treatment", "street": "27W350 High Lake Road", "zip": "60190", "phone": "630-933-4000"}}, {"type": "Feature", "geometry": {"type": "Point", "coordinates": [-88.1556693, 41.873562]}, "properties": {"name": "Psychiatry Units (Central DuPage Hospital)", "city": "Winfield", "facility_type": "Separate inpatient psychiatric unit of a general hospital", "street": "25 North Winfied Road", "zip": "60190", "phone": "630-933-6405"}}, {"type": "Feature", "geometry": {"type": "Point", "coordinates": [-87.6559377, 41.8779878]}, "properties": {"name": "Mercy Home for Boys and Girls", "city": "Chicago", "facility_type": "Other residential treatment facility", "street": "1140 West Jackson Boulevard", "zip": "60607", "phone": "312-738-7560"}}, {"type": "Feature", "geometry": {"type": "Point", "coordinates": [-87.7252354, 41.8793094]}, "properties": {"name": "Chicago Legler Regional Library (Chicago Department of Public Health)", "city": "Chicago", "facility_type": "Community mental health center", "street": "115 South Pulaski Road", "zip": "60624", "phone": "312-746-7730"}}, {"type": "Feature", "geometry": {"type": "Point", "coordinates": [-87.7295361, 41.8804167]}, "properties": {"name": "Habilitative Systems Inc", "city": "Chicago", "facility_type": "Community mental health center", "street": "4133 West Madison Street", "zip": "60624", "phone": "773-261-2252"}}, {"type": "Feature", "geometry": {"type": "Point", "coordinates": [-87.6247085, 41.8829547]}, "properties": {"name": "Counseling Center of Illinois Inc", "city": "Chicago", "facility_type": "Type not specified", "street": "30 North Michigan Avenue", "zip": "60602", "phone": "773-777-6767"}}, {"type": "Feature", "geometry": {"type": "Point", "coordinates": [-88.342205, 41.87692]}, "properties": {"name": "TriCity Family Services", "city": "Geneva", "facility_type": "Community mental health center", "street": "1120 Randall Court", "zip": "60134", "phone": "630-232-1070"}}, {"type": "Feature", "geometry": {"type": "Point", "coordinates": [-87.651281, 41.8832588]}, "properties": {"name": "Womens Integrated Treatment (WIT) (McDermott Center/Haymarket Ctr)", "city": "Chicago", "facility_type": "Residential treatment center (RTC) for adults", "street": "932 West Washington Boulevard", "zip": "60607", "phone": "312-226-7984 x338"}}, {"type": "Feature", "geometry": {"type": "Point", "coordinates": [-87.6512022, 41.8833902]}, "properties": {"name": "Integrated Mens Program (McDermott Center/Haymarket Ctr)", "city": "Chicago", "facility_type": "Residential treatment center (RTC) for adults", "street": "108 North Sangamon Street", "zip": "60607", "phone": "312-226-7984 x366"}}, {"type": "Feature", "geometry": {"type": "Point", "coordinates": [-87.6512022, 41.8833902]}, "properties": {"name": "Mens MIT (McDermott Center/Haymarket Ctr)", "city": "Chicago", "facility_type": "Residential treatment center (RTC) for adults", "street": "108 North Sangamon Street", "zip": "60607", "phone": "312-226-7984 x435"}}, {"type": "Feature", "geometry": {"type": "Point", "coordinates": [-88.107495, 41.880541]}, "properties": {"name": "Evangelical Child and Family Agency", "city": "Wheaton", "facility_type": "Type not specified", "street": "1530 North Main Street", "zip": "60187", "phone": "630-653-6400"}}, {"type": "Feature", "geometry": {"type": "Point", "coordinates": [-87.6507243, 41.8847912]}, "properties": {"name": "Mindful Care", "city": "Chicago", "facility_type": "Outpatient mental health facility", "street": "159 North Sangamon Street", "zip": "60607", "phone": "516-505-7200"}}, {"type": "Feature", "geometry": {"type": "Point", "coordinates": [-87.6241366, 41.8851827]}, "properties": {"name": "Counseling Speaks", "city": "Chicago", "facility_type": "Outpatient mental health facility", "street": "155 North Michigan Avenue", "zip": "60601", "phone": "331-240-0044"}}, {"type": "Feature", "geometry": {"type": "Point", "coordinates": [-87.6244826, 41.8877541]}, "properties": {"name": "Clarity Clinic", "city": "Chicago", "facility_type": "Multi-setting mental health facility", "street": "333 North Michigan Avenue", "zip": "60601", "phone": "312-815-9660"}}, {"type": "Feature", "geometry": {"type": "Point", "coordinates": [-87.7071779, 41.8871459]}, "properties": {"name": "Breakthrough Clinic (Lawndale Christian Health Center)", "city": "Chicago", "facility_type": "Outpatient mental health facility", "street": "3219 West Carroll Avenue", "zip": "60624", "phone": "872-588-3000"}}, {"type": "Feature", "geometry": {"type": "Point", "coordinates": [-87.6293352, 41.8897621]}, "properties": {"name": "Chicago River North (Gateway Foundation)", "city": "Chicago", "facility_type": "Outpatient mental health facility", "street": "415 North Dearborn Street", "zip": "60654", "phone": "312-464-9451"}}, {"type": "Feature", "geometry": {"type": "Point", "coordinates": [-87.6246913, 41.8907059]}, "properties": {"name": "Bette D Harris Family and Child Clinic (Family Institute at Northwestern U)", "city": "Chicago", "facility_type": "Outpatient mental health facility", "street": "444 North Michigan Avenue", "zip": "60611", "phone": "847-733-4300"}}, {"type": "Feature", "geometry": {"type": "Point", "coordinates": [-87.8512155, 41.8900774]}, "properties": {"name": "Illinois/ProCare Centers (Ascension)", "city": "Melrose Park", "facility_type": "Community mental health center", "street": "1414 Main Street", "zip": "60160", "phone": "708-681-0073 x5"}}, {"type": "Feature", "geometry": {"type": "Point", "coordinates": [-87.6353527, 41.8934561]}, "properties": {"name": "Allens Family Counseling Center Inc", "city": "Chicago", "facility_type": "Type not specified", "street": "226 West Ontario Street", "zip": "60654", "phone": "312-912-7008"}}, {"type": "Feature", "geometry": {"type": "Point", "coordinates": [-87.6366067, 41.8953853]}, "properties": {"name": "Light On Anxiety Treatment Center", "city": "Chicago", "facility_type": "Outpatient mental health facility", "street": "311 West Superior Street", "zip": "60654", "phone": "312-584-2144"}}, {"type": "Feature", "geometry": {"type": "Point", "coordinates": [-87.6279331, 41.8954492]}, "properties": {"name": "Clarity Clinic", "city": "Chicago", "facility_type": "Outpatient mental health facility", "street": "1 East Superior Street", "zip": "60611", "phone": "312-754-9404"}}, {"type": "Feature", "geometry": {"type": "Point", "coordinates": [-87.7446144, 41.8953524]}, "properties": {"name": "NEXA/MAR/OTP (Healthcare Alternative Systems Inc)", "city": "Chicago", "facility_type": "Community mental health center", "street": "4734 West Chicago Avenue", "zip": "60651", "phone": "312-850-0050"}}, {"type": "Feature", "geometry": {"type": "Point", "coordinates": [-87.665055, 41.8962483]}, "properties": {"name": "Geode Health", "city": "Chicago", "facility_type": "Outpatient mental health facility", "street": "1500 West Chicago Avenue", "zip": "60642", "phone": "773-570-4220"}}, {"type": "Feature", "geometry": {"type": "Point", "coordinates": [-87.7075243, 41.9016102]}, "properties": {"name": "Association House of Chicago", "city": "Chicago", "facility_type": "Outpatient mental health facility", "street": "1116 North Kedzie Avenue", "zip": "60651", "phone": "773-772-8009 x6304"}}, {"type": "Feature", "geometry": {"type": "Point", "coordinates": [-87.7734341, 41.9022102]}, "properties": {"name": "Austin (Youth Outreach Services)", "city": "Chicago", "facility_type": "Outpatient mental health facility", "street": "5910 West Division Street", "zip": "60651", "phone": "773-777-7112"}}, {"type": "Feature", "geometry": {"type": "Point", "coordinates": [-87.878513, 41.9031966]}, "properties": {"name": "Melrose Park (Pilsen Wellness Center Inc)", "city": "Melrose Park", "facility_type": "Outpatient mental health facility", "street": "1633 North 37th Avenue", "zip": "60160", "phone": "708-343-7860"}}, {"type": "Feature", "geometry": {"type": "Point", "coordinates": [-87.9406033, 41.9053535]}, "properties": {"name": "Mindful Harmony Clinic", "city": "Elmhurst", "facility_type": "Outpatient mental health facility", "street": "242 North York Street", "zip": "60126", "phone": "847-999-3226"}}, {"type": "Feature", "geometry": {"type": "Point", "coordinates": [-87.8868535, 41.9078818]}, "properties": {"name": "Melrose Park (Youth Outreach Services)", "city": "Melrose Park", "facility_type": "Outpatient mental health facility", "street": "4419 West North Avenue", "zip": "60160", "phone": "773-777-7112"}}, {"type": "Feature", "geometry": {"type": "Point", "coordinates": [-87.7071469, 41.912282]}, "properties": {"name": "Chicago Kedzie (Gateway Foundation)", "city": "Chicago", "facility_type": "Type not specified", "street": "1706 North Kedzie Avenue", "zip": "60647", "phone": "773-705-1334 x3800"}}, {"type": "Feature", "geometry": {"type": "Point", "coordinates": [-87.6550362, 41.9146326]}, "properties": {"name": "SunCloud Health SC", "city": "Chicago", "facility_type": "Multi-setting mental health facility", "street": "1840 North Clybourn Avenue", "zip": "60614", "phone": "847-908-1505"}}, {"type": "Feature", "geometry": {"type": "Point", "coordinates": [-88.3180732, 41.9106706]}, "properties": {"name": "Lighthouse Recovery Inc", "city": "Saint Charles", "facility_type": "Outpatient mental health facility", "street": "210 South 5th Street", "zip": "60174", "phone": "630-940-2468"}}, {"type": "Feature", "geometry": {"type": "Point", "coordinates": [-87.6968163, 41.9172125]}, "properties": {"name": "Headquarters (Healthcare Alternative Systems Inc)", "city": "Chicago", "facility_type": "Community mental health center", "street": "2755 West Armitage Avenue", "zip": "60647", "phone": "773-252-3100"}}, {"type": "Feature", "geometry": {"type": "Point", "coordinates": [-88.0571763, 41.9147665]}, "properties": {"name": "Behavioral Health Services (Adventist Glenoaks Hospital)", "city": "Glendale Heights", "facility_type": "Separate inpatient psychiatric unit of a general hospital", "street": "701 Winthrop Avenue", "zip": "60139", "phone": "630-545-8800 x5105"}}, {"type": "Feature", "geometry": {"type": "Point", "coordinates": [-89.0679579, 41.9103961]}, "properties": {"name": "Braden Counseling Center", "city": "Rochelle", "facility_type": "Outpatient mental health facility", "street": "951 South 7th Street", "zip": "61068", "phone": "815-787-9000"}}, {"type": "Feature", "geometry": {"type": "Point", "coordinates": [-87.6484043, 41.9234176]}, "properties": {"name": "DePaul Family and Community Servs", "city": "Chicago", "facility_type": "Community mental health center", "street": "2247 North Halsted Street", "zip": "60614", "phone": "773-325-7780"}}, {"type": "Feature", "geometry": {"type": "Point", "coordinates": [-88.3431473, 41.9186839]}, "properties": {"name": "Tools for Life Ltd", "city": "Saint Charles", "facility_type": "Outpatient mental health facility", "street": "2325 Dean Street", "zip": "60175", "phone": "630-906-1200"}}, {"type": "Feature", "geometry": {"type": "Point", "coordinates": [-87.7514236, 41.9239482]}, "properties": {"name": "Fullerton/LR (Healthcare Alternative Systems Inc)", "city": "Chicago", "facility_type": "Community mental health center", "street": "5001 West Fullerton Avenue", "zip": "60639", "phone": "773-235-5100"}}, {"type": "Feature", "geometry": {"type": "Point", "coordinates": [-87.7516333, 41.9239647]}, "properties": {"name": "Fullerton (Healthcare Alternative Systems Inc)", "city": "Chicago", "facility_type": "Community mental health center", "street": "5005 West Fullerton Avenue", "zip": "60639", "phone": "773-745-7107"}}, {"type": "Feature", "geometry": {"type": "Point", "coordinates": [-88.2907153, 41.9198089]}, "properties": {"name": "Ecker Center for Behavioral Health", "city": "Saint Charles", "facility_type": "Type not specified", "street": "1652 East Main Street", "zip": "60174", "phone": "847-695-0484"}}, {"type": "Feature", "geometry": {"type": "Point", "coordinates": [-88.2673201, 41.9201884]}, "properties": {"name": "Linden Oaks Hospital (Naperville Psychiatric Ventures)", "city": "Saint Charles", "facility_type": "Partial hospitalization/day treatment", "street": "3805 East Main Street", "zip": "60174", "phone": "630-646-5201"}}, {"type": "Feature", "geometry": {"type": "Point", "coordinates": [-87.6692523, 41.9253268]}, "properties": {"name": "Vivia Health Bucktown", "city": "Chicago", "facility_type": "Community mental health center", "street": "2409 North Clybourn Avenue", "zip": "60614", "phone": "773-270-1652"}}, {"type": "Feature", "geometry": {"type": "Point", "coordinates": [-88.3081653, 41.9230491]}, "properties": {"name": "Delnor Hospital (Behavioral Health Services)", "city": "Saint Charles", "facility_type": "Partial hospitalization/day treatment", "street": "964 North 5th Avenue", "zip": "60174", "phone": "630-933-4000"}}, {"type": "Feature", "geometry": {"type": "Point", "coordinates": [-87.8822458, 41.9286928]}, "properties": {"name": "Franklin Park (Greater Family Health)", "city": "Franklin Park", "facility_type": "Type not specified", "street": "10225 Grand Avenue", "zip": "60131", "phone": "844-599-3700"}}, {"type": "Feature", "geometry": {"type": "Point", "coordinates": [-87.87516, 41.9295173]}, "properties": {"name": "Mental Health Center (Leyden Family Service and)", "city": "Franklin Park", "facility_type": "Community mental health center", "street": "10001 Grand Avenue", "zip": "60131", "phone": "847-451-0330"}}, {"type": "Feature", "geometry": {"type": "Point", "coordinates": [-87.880254, 41.930272]}, "properties": {"name": "MH Ctr Aftercare Dept (Leyden Family Service and)", "city": "Franklin Park", "facility_type": "Community mental health center", "street": "10200 Grand Avenue", "zip": "60131", "phone": "847-455-5688"}}, {"type": "Feature", "geometry": {"type": "Point", "coordinates": [-88.757633, 41.9247977]}, "properties": {"name": "Northwestern Medicine Ben Gordon Ctr (DeKalb Behavioral Health Foundation)", "city": "DeKalb", "facility_type": "Community mental health center", "street": "631 South 1st Street", "zip": "60115", "phone": "815-756-4875"}}, {"type": "Feature", "geometry": {"type": "Point", "coordinates": [-87.9467035, 41.9316225]}, "properties": {"name": "Geode Health", "city": "Elmhurst", "facility_type": "Outpatient mental health facility", "street": "188 Industrial Drive", "zip": "60126", "phone": "630-413-0125"}}, {"type": "Feature", "geometry": {"type": "Point", "coordinates": [-87.6526658, 41.9396943]}, "properties": {"name": "Clarity Clinic", "city": "Chicago", "facility_type": "Outpatient mental health facility", "street": "929 West Belmont Avenue", "zip": "60657", "phone": "312-530-0323"}}, {"type": "Feature", "geometry": {"type": "Point", "coordinates": [-87.6654, 41.9399991]}, "properties": {"name": "Light On Anxiety Treatment Center", "city": "Chicago", "facility_type": "Outpatient mental health facility", "street": "1438 West Belmont Avenue", "zip": "60657", "phone": "312-508-3645"}}, {"type": "Feature", "geometry": {"type": "Point", "coordinates": [-87.6538576, 41.9407248]}, "properties": {"name": "Geode Health", "city": "Chicago", "facility_type": "Outpatient mental health facility", "street": "3223 North Sheffield Avenue", "zip": "60657", "phone": "630-566-4585"}}, {"type": "Feature", "geometry": {"type": "Point", "coordinates": [-87.7663677, 41.9435986]}, "properties": {"name": "Central (Youth Outreach Services)", "city": "Chicago", "facility_type": "Outpatient mental health facility", "street": "3445 North Central Avenue", "zip": "60634", "phone": "773-777-7112"}}, {"type": "Feature", "geometry": {"type": "Point", "coordinates": [-87.6491902, 41.9455805]}, "properties": {"name": "Counseling Center (Howard Brown Health Center)", "city": "Chicago", "facility_type": "Outpatient mental health facility", "street": "3501 North Halsted Street", "zip": "60657", "phone": "773-388-1600"}}, {"type": "Feature", "geometry": {"type": "Point", "coordinates": [-88.0167964, 41.9436122]}, "properties": {"name": "North Public Health Center (DuPage County Health Department)", "city": "Addison", "facility_type": "Community mental health center", "street": "1111 West Lake Street", "zip": "60101", "phone": "630-682-7400"}}, {"type": "Feature", "geometry": {"type": "Point", "coordinates": [-87.6479006, 41.9491393]}, "properties": {"name": "Clarity Clinic", "city": "Chicago", "facility_type": "Outpatient mental health facility", "street": "3665 North Broadway", "zip": "60613", "phone": "773-496-4433"}}, {"type": "Feature", "geometry": {"type": "Point", "coordinates": [-87.6928437, 41.9496559]}, "properties": {"name": "Virtual (Compass Health Center Virtual)", "city": "Chicago", "facility_type": "Partial hospitalization/day treatment", "street": "2500 Bradley Place", "zip": "60618", "phone": "877-552-6672"}}, {"type": "Feature", "geometry": {"type": "Point", "coordinates": [-87.6923177, 41.9501539]}, "properties": {"name": "Chicago (Compass Health Center)", "city": "Chicago", "facility_type": "Partial hospitalization/day treatment", "street": "2500 West Bradley Place", "zip": "60618", "phone": "773-649-0759"}}, {"type": "Feature", "geometry": {"type": "Point", "coordinates": [-89.0674184, 41.9395129]}, "properties": {"name": "Sinnissippi Centers Inc", "city": "Rochelle", "facility_type": "Type not specified", "street": "1321 North 7th Street", "zip": "61068", "phone": "815-562-3801"}}, {"type": "Feature", "geometry": {"type": "Point", "coordinates": [-87.7487684, 41.9517744]}, "properties": {"name": "Portage Cragin Counseling Center (LSSI)", "city": "Chicago", "facility_type": "Type not specified", "street": "4840 West Byron Street", "zip": "60641", "phone": "833-610-5774"}}, {"type": "Feature", "geometry": {"type": "Point", "coordinates": [-87.736818, 41.9609915]}, "properties": {"name": "Chicago (American Indian Health Service of)", "city": "Chicago", "facility_type": "Outpatient mental health facility", "street": "4326 West Montrose Avenue", "zip": "60641", "phone": "773-883-9100"}}, {"type": "Feature", "geometry": {"type": "Point", "coordinates": [-87.7561057, 41.9630072]}, "properties": {"name": "Counseling Center of Illinois Inc", "city": "Chicago", "facility_type": "Type not specified", "street": "4515 North Milwaukee Street", "zip": "60630", "phone": "773-777-6767"}}, {"type": "Feature", "geometry": {"type": "Point", "coordinates": [-87.6734783, 41.9661592]}, "properties": {"name": "Light On Anxiety Treatment Center", "city": "Chicago", "facility_type": "Outpatient mental health facility", "street": "4619 North Ravenswood Avenue", "zip": "60640", "phone": "312-754-1904"}}, {"type": "Feature", "geometry": {"type": "Point", "coordinates": [-87.7000949, 41.9694335]}, "properties": {"name": "Lawrence Hall", "city": "Chicago", "facility_type": "Residential treatment center (RTC) for children", "street": "4833 North Francisco Avenue", "zip": "60625", "phone": "773-769-3500"}}, {"type": "Feature", "geometry": {"type": "Point", "coordinates": [-88.7202999, 41.9645336]}, "properties": {"name": "Northwestern Medicine Ben Gordon Ctr (DeKalb Behavioral Health Foundation)", "city": "DeKalb", "facility_type": "Community mental health center", "street": "12 Health Services Drive", "zip": "60115", "phone": "815-756-4875"}}, {"type": "Feature", "geometry": {"type": "Point", "coordinates": [-88.710335, 41.967073]}, "properties": {"name": "Braden Counseling Center", "city": "Sycamore", "facility_type": "Outpatient mental health facility", "street": "1815 Mediterranean Drive", "zip": "60178", "phone": "815-787-9000"}}, {"type": "Feature", "geometry": {"type": "Point", "coordinates": [-87.6985927, 41.9762513]}, "properties": {"name": "Welcoming Center (LSSI)", "city": "Chicago", "facility_type": "Community mental health center", "street": "5215 North California Avenue", "zip": "60625", "phone": "833-610-5774"}}, {"type": "Feature", "geometry": {"type": "Point", "coordinates": [-87.8374239, 41.9778366]}, "properties": {"name": "Therapies Chicago/Norwood Park (Rosecrance Inc)", "city": "Chicago", "facility_type": "Type not specified", "street": "5440 North Cumberland Avenue", "zip": "60656", "phone": "815-391-1000"}}, {"type": "Feature", "geometry": {"type": "Point", "coordinates": [-87.6605005, 41.9859429]}, "properties": {"name": "Chicago/Intensive Outpatient Services (Community Counseling Centers of)", "city": "Chicago", "facility_type": "Community mental health center", "street": "5710 North Broadway Street", "zip": "60660", "phone": "773-728-1000"}}, {"type": "Feature", "geometry": {"type": "Point", "coordinates": [-88.1435495, 41.9839369]}, "properties": {"name": "Hanover Park (Greater Family Health)", "city": "Hanover Park", "facility_type": "Type not specified", "street": "1515 East Lake Street", "zip": "60133", "phone": "844-599-3700"}}, {"type": "Feature", "geometry": {"type": "Point", "coordinates": [-88.7026829, 41.980588]}, "properties": {"name": "Kishwaukee Hospital Behavioral Health (Northwestern Medicine)", "city": "Sycamore", "facility_type": "Outpatient mental health facility", "street": "760 Foxpointe Drive", "zip": "60178", "phone": "815-748-8334"}}, {"type": "Feature", "geometry": {"type": "Point", "coordinates": [-87.6606524, 41.9911419]}, "properties": {"name": "Edgewater Branch (Chicago Legler Regional Library)", "city": "Chicago", "facility_type": "Outpatient mental health facility", "street": "6000 North Broadway", "zip": "60660", "phone": "312-742-1945"}}, {"type": "Feature", "geometry": {"type": "Point", "coordinates": [-87.6699178, 41.9965868]}, "properties": {"name": "Vivia Health Rogers Park", "city": "Chicago", "facility_type": "Community mental health center", "street": "6303 North Clark Street", "zip": "60660", "phone": "773-270-1652"}}, {"type": "Feature", "geometry": {"type": "Point", "coordinates": [-88.0307296, 41.9966133]}, "properties": {"name": "Elk Grove (Kenneth Young Center)", "city": "Elk Grove Village", "facility_type": "Community mental health center", "street": "1001 Rohlwing Road", "zip": "60007", "phone": "847-524-8800"}}, {"type": "Feature", "geometry": {"type": "Point", "coordinates": [-87.8147115, 42.001654]}, "properties": {"name": "Behavioral Health LLC (Association for Multicultural)", "city": "Chicago", "facility_type": "Outpatient mental health facility", "street": "6650 North Northwest Highway", "zip": "60631", "phone": "773-313-3757"}}, {"type": "Feature", "geometry": {"type": "Point", "coordinates": [-87.665834, 42.010338]}, "properties": {"name": "Trilogy Inc", "city": "Chicago", "facility_type": "Type not specified", "street": "1400 West Greenleaf Avenue", "zip": "60626", "phone": "773-508-6100"}}, {"type": "Feature", "geometry": {"type": "Point", "coordinates": [-88.150824, 42.0092067]}, "properties": {"name": "Streamwood Behav Healthcare System", "city": "Streamwood", "facility_type": "Psychiatric hospital", "street": "1400 East Irving Park Road", "zip": "60107", "phone": "630-540-4284 x5577"}}, {"type": "Feature", "geometry": {"type": "Point", "coordinates": [-87.679911, 42.0154362]}, "properties": {"name": "A Safe Haven", "city": "Chicago", "facility_type": "Community mental health center", "street": "7349-7355 North Damen Avenue", "zip": "60645", "phone": "773-392-7003"}}, {"type": "Feature", "geometry": {"type": "Point", "coordinates": [-87.8385716, 42.0165112]}, "properties": {"name": "Geode Health", "city": "Park Ridge", "facility_type": "Outpatient mental health facility", "street": "444 North NW Highway", "zip": "60068", "phone": "847-268-4645"}}, {"type": "Feature", "geometry": {"type": "Point", "coordinates": [-88.6744017288351, 42.0163423]}, "properties": {"name": "Sycamore (Greater Family Health)", "city": "Sycamore", "facility_type": "Type not specified", "street": "165 East Plank Road", "zip": "60178", "phone": "844-599-3700"}}, {"type": "Feature", "geometry": {"type": "Point", "coordinates": [-89.328799, 42.013211]}, "properties": {"name": "Sinnissippi Centers Inc", "city": "Oregon", "facility_type": "Type not specified", "street": "100 Jefferson Street", "zip": "61061", "phone": "815-732-3157"}}, {"type": "Feature", "geometry": {"type": "Point", "coordinates": [-89.3314813, 42.0147018]}, "properties": {"name": "Braden Counseling Center", "city": "Oregon", "facility_type": "Outpatient mental health facility", "street": "300 West Washington Street", "zip": "61061", "phone": "815-787-9000"}}, {"type": "Feature", "geometry": {"type": "Point", "coordinates": [-88.0461242, 42.028251]}, "properties": {"name": "SU and MH Services (Behavioral Healthcare Providers Ltd)", "city": "Schaumburg", "facility_type": "Outpatient mental health facility", "street": "1375 East Schaumburg Road", "zip": "60194", "phone": "847-895-4540"}}, {"type": "Feature", "geometry": {"type": "Point", "coordinates": [-88.2595783, 42.0270667]}, "properties": {"name": "VNA Healthcare", "city": "Elgin", "facility_type": "Outpatient mental health facility", "street": "801 Villa Street", "zip": "60120", "phone": "630-892-4355"}}, {"type": "Feature", "geometry": {"type": "Point", "coordinates": [-87.7478839, 42.0321943]}, "properties": {"name": "Behavioral Healthcare Center (Turning Point)", "city": "Skokie", "facility_type": "Community mental health center", "street": "8324 Skokie Boulevard", "zip": "60077", "phone": "847-933-0051"}}, {"type": "Feature", "geometry": {"type": "Point", "coordinates": [-88.32283, 42.0336124]}, "properties": {"name": "Ecker Center for Behavioral Health", "city": "Elgin", "facility_type": "Type not specified", "street": "1845 Grandstand Place", "zip": "60123", "phone": "847-695-0484"}}, {"type": "Feature", "geometry": {"type": "Point", "coordinates": [-87.8504115, 42.0383774]}, "properties": {"name": "Adult Partial Hospital (Advocate Lutheran General Hospital)", "city": "Park Ridge", "facility_type": "Partial hospitalization/day treatment", "street": "1700 Luther Lane", "zip": "60068", "phone": "847-723-5896"}}, {"type": "Feature", "geometry": {"type": "Point", "coordinates": [-87.7474271, 42.039419]}, "properties": {"name": "Behavior Services Center", "city": "Skokie", "facility_type": "Community mental health center", "street": "8707 Skokie Boulevard", "zip": "60077", "phone": "847-673-8577"}}, {"type": "Feature", "geometry": {"type": "Point", "coordinates": [-87.8484662, 42.0385569]}, "properties": {"name": "Behavioral Health Services (Advocate Lutheran General Hospital)", "city": "Park Ridge", "facility_type": "Separate inpatient psychiatric unit of a general hospital", "street": "1775 Dempster Street", "zip": "60068", "phone": "847-723-6570"}}, {"type": "Feature", "geometry": {"type": "Point", "coordinates": [-87.7010702, 42.0401678]}, "properties": {"name": "Evanston CBOC (Captain James A Lovell Federal)", "city": "Evanston", "facility_type": "Veterans Affairs Medical Center or other VA healthcare facility", "street": "1942 Dempster Street", "zip": "60202", "phone": "224-610-3886"}}, {"type": "Feature", "geometry": {"type": "Point", "coordinates": [-88.2624933, 42.0358262]}, "properties": {"name": "Ecker Center for Behavioral Health", "city": "Elgin", "facility_type": "Type not specified", "street": "711 East Chicago Street", "zip": "60120", "phone": "847-695-0484"}}, {"type": "Feature", "geometry": {"type": "Point", "coordinates": [-88.2835419, 42.0366853]}, "properties": {"name": "Braden Counseling Center", "city": "Elgin", "facility_type": "Outpatient mental health facility", "street": "25 South Grove Avenue", "zip": "60120", "phone": "815-787-9000"}}, {"type": "Feature", "geometry": {"type": "Point", "coordinates": [-87.8484144, 42.0441289]}, "properties": {"name": "MaineStay Youth and Family Services (Maine Township)", "city": "Park Ridge", "facility_type": "Outpatient mental health facility", "street": "1700 Ballard Road", "zip": "60068", "phone": "847-297-2510"}}, {"type": "Feature", "geometry": {"type": "Point", "coordinates": [-87.9843223, 42.043204]}, "properties": {"name": "Renaissance Center for Counseling (Cathy Papagiogio)", "city": "Arlington Heights", "facility_type": "Type not specified", "street": "2340 South Arlington Heights Road", "zip": "60005", "phone": "847-800-3105"}}, {"type": "Feature", "geometry": {"type": "Point", "coordinates": [-87.6782165, 42.0459194]}, "properties": {"name": "Clarity Clinic", "city": "Evanston", "facility_type": "Multi-setting mental health facility", "street": "501 Davis Street", "zip": "60201", "phone": "312-546-4193"}}, {"type": "Feature", "geometry": {"type": "Point", "coordinates": [-87.9808762, 42.0471228]}, "properties": {"name": "Clarity Clinic", "city": "Arlington Heights", "facility_type": "Multi-setting mental health facility", "street": "2101 South Arlington Heights Road", "zip": "60005", "phone": "847-666-5339"}}, {"type": "Feature", "geometry": {"type": "Point", "coordinates": [-88.2945396, 42.0456855]}, "properties": {"name": "VNA Healthcare", "city": "Elgin", "facility_type": "Outpatient mental health facility", "street": "620 Wing Street", "zip": "60123", "phone": "630-892-4355"}}, {"type": "Feature", "geometry": {"type": "Point", "coordinates": [-88.2776689, 42.0459945]}, "properties": {"name": "Elgin (Greater Family Health)", "city": "Elgin", "facility_type": "Type not specified", "street": "373 Summit Street", "zip": "60120", "phone": "844-599-3700"}}, {"type": "Feature", "geometry": {"type": "Point", "coordinates": [-87.6781072, 42.0547442]}, "properties": {"name": "Bette D Harris Family and Child Clinic (Family Institute at Northwestern U)", "city": "Evanston", "facility_type": "Outpatient mental health facility", "street": "618 Library Place", "zip": "60201", "phone": "847-733-4300"}}, {"type": "Feature", "geometry": {"type": "Point", "coordinates": [-88.1372601, 42.0541025]}, "properties": {"name": "Alexian Brothers BH Hosp", "city": "Hoffman Estates", "facility_type": "Psychiatric hospital", "street": "1650 Moon Lake Boulevard", "zip": "60169", "phone": "855-383-2224"}}, {"type": "Feature", "geometry": {"type": "Point", "coordinates": [-87.7695517, 42.0631391]}, "properties": {"name": "Skokie (Rogers Behavioral Health)", "city": "Skokie", "facility_type": "Partial hospitalization/day treatment", "street": "5750 Old Orchard Road", "zip": "60077", "phone": "224-470-4100"}}, {"type": "Feature", "geometry": {"type": "Point", "coordinates": [-87.7567368, 42.0676092]}, "properties": {"name": "Light On Anxiety Treatment Center", "city": "Wilmette", "facility_type": "Outpatient mental health facility", "street": "3330 Old Glenview Road", "zip": "60091", "phone": "847-610-6763"}}, {"type": "Feature", "geometry": {"type": "Point", "coordinates": [-87.8990364, 42.0688696]}, "properties": {"name": "Maryville Acad/Des Plaines Campus", "city": "Des Plaines", "facility_type": "Other residential treatment facility", "street": "1150 North River Road", "zip": "60016", "phone": "847-294-1999"}}, {"type": "Feature", "geometry": {"type": "Point", "coordinates": [-88.0044056, 42.0811838]}, "properties": {"name": "Counseling Center of Illinois Inc", "city": "Arlington Heights", "facility_type": "Type not specified", "street": "115 South Wilke Road", "zip": "60005", "phone": "773-777-6767"}}, {"type": "Feature", "geometry": {"type": "Point", "coordinates": [-87.9853405, 42.0829981]}, "properties": {"name": "Light On Anxiety Treatment Center", "city": "Arlington Heights", "facility_type": "Outpatient mental health facility", "street": "180 West Campbell Street", "zip": "60005", "phone": "847-750-4639"}}, {"type": "Feature", "geometry": {"type": "Point", "coordinates": [-87.8486446, 42.1000755]}, "properties": {"name": "Glenview (Center for Discovery)", "city": "Glenview", "facility_type": "Residential treatment center (RTC) for children", "street": "3737 Lawson Road", "zip": "60026", "phone": "866-824-0109"}}, {"type": "Feature", "geometry": {"type": "Point", "coordinates": [-89.964622, 42.087534]}, "properties": {"name": "Sinnissippi Centers Inc", "city": "Mount Carroll", "facility_type": "Type not specified", "street": "1122 Healthcare Drive", "zip": "61053", "phone": "815-244-1376"}}, {"type": "Feature", "geometry": {"type": "Point", "coordinates": [-88.0466242, 42.1128328]}, "properties": {"name": "Ellie Mental Health", "city": "Palatine", "facility_type": "Outpatient mental health facility", "street": "110 North Brockway Street", "zip": "60067", "phone": "847-485-1640"}}, {"type": "Feature", "geometry": {"type": "Point", "coordinates": [-88.0528386, 42.1224545]}, "properties": {"name": "Palatine (Greater Family Health)", "city": "Palatine", "facility_type": "Type not specified", "street": "345 West NW Highway", "zip": "60067", "phone": "844-599-3700"}}, {"type": "Feature", "geometry": {"type": "Point", "coordinates": [-87.7859703, 42.1298888]}, "properties": {"name": "Josselyn Center", "city": "Northbrook", "facility_type": "Community mental health center", "street": "1135 Skokie Boulevard", "zip": "60062", "phone": "847-441-5600"}}, {"type": "Feature", "geometry": {"type": "Point", "coordinates": [-89.2581784, 42.1251095]}, "properties": {"name": "Sinnissippi Centers Inc", "city": "Byron", "facility_type": "Type not specified", "street": "212 West Blackhawk Drive", "zip": "61010", "phone": "815-209-0988"}}, {"type": "Feature", "geometry": {"type": "Point", "coordinates": [-87.9967025, 42.1379153]}, "properties": {"name": "Health (Alexian Brothers Center for Mental)", "city": "Arlington Heights", "facility_type": "Community mental health center", "street": "3436 North Kennicott Avenue", "zip": "60004", "phone": "847-952-7460"}}, {"type": "Feature", "geometry": {"type": "Point", "coordinates": [-87.9162425, 42.1431216]}, "properties": {"name": "OMNI Youth Services", "city": "Wheeling", "facility_type": "Outpatient mental health facility", "street": "210 North Wolf Road", "zip": "60090", "phone": "847-353-1500"}}, {"type": "Feature", "geometry": {"type": "Point", "coordinates": [-87.9360462, 42.1434398]}, "properties": {"name": "Wheeling (Greater Family Health)", "city": "Wheeling", "facility_type": "Type not specified", "street": "300 McHenry Road", "zip": "60090", "phone": "844-599-3700"}}, {"type": "Feature", "geometry": {"type": "Point", "coordinates": [-87.8053793, 42.1497805]}, "properties": {"name": "Northbrook (Compass Health Center)", "city": "Northbrook", "facility_type": "Partial hospitalization/day treatment", "street": "60 Revere Drive", "zip": "60062", "phone": "877-552-6672"}}, {"type": "Feature", "geometry": {"type": "Point", "coordinates": [-87.837861, 42.1512439]}, "properties": {"name": "Psychological Counseling Center", "city": "Deerfield", "facility_type": "Outpatient mental health facility", "street": "405 Lake Cook Road", "zip": "60015", "phone": "224-303-4099"}}, {"type": "Feature", "geometry": {"type": "Point", "coordinates": [-87.8022304, 42.1520409]}, "properties": {"name": "SunCloud Health SC", "city": "Northbrook", "facility_type": "Multi-setting mental health facility", "street": "40 Skokie Boulevard", "zip": "60062", "phone": "312-878-0620"}}, {"type": "Feature", "geometry": {"type": "Point", "coordinates": [-87.8829256, 42.1524065]}, "properties": {"name": "Northbrook (Pathlight Mood and Anxiety Ctr Chicago)", "city": "Northbrook", "facility_type": "Residential treatment center (RTC) for children", "street": "4201 Lake Cook Road", "zip": "60062", "phone": "877-825-8584"}}, {"type": "Feature", "geometry": {"type": "Point", "coordinates": [-87.927437, 42.1535116]}, "properties": {"name": "Nulife Behavioral Health (Nulife Recovery Illinois Inc)", "city": "Buffalo Grove", "facility_type": "Partial hospitalization/day treatment", "street": "1400 Lake Cook Road", "zip": "60089", "phone": "847-348-9979"}}, {"type": "Feature", "geometry": {"type": "Point", "coordinates": [-87.9826274, 42.1531523]}, "properties": {"name": "OMNI Youth Services", "city": "Buffalo Grove", "facility_type": "Outpatient mental health facility", "street": "1111 West Lake Cook Road", "zip": "60089", "phone": "847-353-1500"}}, {"type": "Feature", "geometry": {"type": "Point", "coordinates": [-87.9855782, 42.1751878]}, "properties": {"name": "Arbor Counseling Center", "city": "Buffalo Grove", "facility_type": "Outpatient mental health facility", "street": "1401 McHenry Road", "zip": "60089", "phone": "847-913-0393"}}, {"type": "Feature", "geometry": {"type": "Point", "coordinates": [-87.8043074, 42.1843563]}, "properties": {"name": "Josselyn Center", "city": "Highland Park", "facility_type": "Community mental health center", "street": "777 Central Avenue", "zip": "60035", "phone": "847-441-5600"}}, {"type": "Feature", "geometry": {"type": "Point", "coordinates": [-87.8186501, 42.1879543]}, "properties": {"name": "Light On Anxiety Treatment Center", "city": "Highland Park", "facility_type": "Outpatient mental health facility", "street": "1160 Park Avenue West", "zip": "60035", "phone": "847-241-1195"}}, {"type": "Feature", "geometry": {"type": "Point", "coordinates": [-88.2978822, 42.2289763]}, "properties": {"name": "Crystal Lake (Rosecrance Inc)", "city": "Crystal Lake", "facility_type": "Outpatient mental health facility", "street": "422 Tracy Court", "zip": "60014", "phone": "815-391-1000"}}, {"type": "Feature", "geometry": {"type": "Point", "coordinates": [-87.961438, 42.2409254]}, "properties": {"name": "Simply Bee (AG Behav Health and Consulting LLC)", "city": "Vernon Hills", "facility_type": "Partial hospitalization/day treatment", "street": "175 East Hawthorn Parkway", "zip": "60061", "phone": "224-424-0432"}}, {"type": "Feature", "geometry": {"type": "Point", "coordinates": [-88.2980342, 42.2511654]}, "properties": {"name": "Dakota Center (Rosecrance Inc)", "city": "Crystal Lake", "facility_type": "Outpatient mental health facility", "street": "620 Dakota Street", "zip": "60012", "phone": "815-391-1000"}}, {"type": "Feature", "geometry": {"type": "Point", "coordinates": [-87.9464381, 42.2594255]}, "properties": {"name": "Geode Health", "city": "Libertyville", "facility_type": "Outpatient mental health facility", "street": "1512 Artaius Parkway", "zip": "60048", "phone": "847-847-2230"}}, {"type": "Feature", "geometry": {"type": "Point", "coordinates": [-88.8145087, 42.252772]}, "properties": {"name": "Belvidere Clinic (Rosecrance Inc)", "city": "Belvidere", "facility_type": "Outpatient mental health facility", "street": "915 Alexandra Drive", "zip": "61008", "phone": "815-391-1000"}}, {"type": "Feature", "geometry": {"type": "Point", "coordinates": [-87.9511708, 42.2681519]}, "properties": {"name": "Libertyville Location (Youth and Family Counseling)", "city": "Libertyville", "facility_type": "Outpatient mental health facility", "street": "1113 South Milwaukee Avenue", "zip": "60048", "phone": "847-367-5991"}}, {"type": "Feature", "geometry": {"type": "Point", "coordinates": [-89.0740752, 42.2652902]}, "properties": {"name": "Center for Mental Health (UW Health Swedish/American Hospital)", "city": "Rockford", "facility_type": "Separate inpatient psychiatric unit of a general hospital", "street": "1401 East State Street", "zip": "61104", "phone": "779-696-4123"}}, {"type": "Feature", "geometry": {"type": "Point", "coordinates": [-89.0978494, 42.2743006]}, "properties": {"name": "Crisis Residential (Rosecrance Inc)", "city": "Rockford", "facility_type": "Residential treatment center (RTC) for adults", "street": "605 Mulberry Street", "zip": "61101", "phone": "815-391-1000"}}, {"type": "Feature", "geometry": {"type": "Point", "coordinates": [-89.0901071, 42.2883166]}, "properties": {"name": "CILA Auburn (Rosecrance Inc)", "city": "Rockford", "facility_type": "Residential treatment center (RTC) for adults", "street": "2014 Auburn Street", "zip": "61103", "phone": "815-391-1000"}}, {"type": "Feature", "geometry": {"type": "Point", "coordinates": [-89.6040722, 42.2847644]}, "properties": {"name": "Freeport Clinic (Rosecrance Inc)", "city": "Freeport", "facility_type": "Outpatient mental health facility", "street": "1631 South Galena Avenue", "zip": "61032", "phone": "815-391-1000"}}, {"type": "Feature", "geometry": {"type": "Point", "coordinates": [-87.995222, 42.2982157]}, "properties": {"name": "Libertyville (OMNI Youth Services Inc)", "city": "Libertyville", "facility_type": "Outpatient mental health facility", "street": "1880 West Winchester Road", "zip": "60048", "phone": "847-353-1500"}}, {"type": "Feature", "geometry": {"type": "Point", "coordinates": [-87.8593558, 42.3053904]}, "properties": {"name": "Captain James A Lovell FHCC", "city": "North Chicago", "facility_type": "Veterans Affairs Medical Center or other VA healthcare facility", "street": "3001 Green Bay Road", "zip": "60064", "phone": "224-610-4673"}}, {"type": "Feature", "geometry": {"type": "Point", "coordinates": [-87.9973552, 42.306637]}, "properties": {"name": "Libertyville Health Center (Lake County Health Dept)", "city": "Libertyville", "facility_type": "Community mental health center", "street": "18698 West Peterson Road", "zip": "60048", "phone": "847-377-8855"}}, {"type": "Feature", "geometry": {"type": "Point", "coordinates": [-89.6270054, 42.2965796]}, "properties": {"name": "Sinnissippi Centers Inc", "city": "Freeport", "facility_type": "Type not specified", "street": "524 West Stephenson Lane", "zip": "61032", "phone": "815-284-6611"}}, {"type": "Feature", "geometry": {"type": "Point", "coordinates": [-89.0786804, 42.3020231]}, "properties": {"name": "Ware Center (Rosecrance Inc)", "city": "Rockford", "facility_type": "Outpatient mental health facility", "street": "2704 North Main Street", "zip": "61103", "phone": "815-391-1000"}}, {"type": "Feature", "geometry": {"type": "Point", "coordinates": [-88.2766064, 42.3099662]}, "properties": {"name": "Human Services (Pioneer Center)", "city": "McHenry", "facility_type": "Community mental health center", "street": "4031 West Dayton Street", "zip": "60050", "phone": "815-344-1230"}}, {"type": "Feature", "geometry": {"type": "Point", "coordinates": [-88.2728441, 42.3166412]}, "properties": {"name": "McHenry (Greater Family Health)", "city": "McHenry", "facility_type": "Type not specified", "street": "3901 Mercy Drive", "zip": "60050", "phone": "844-599-3700"}}, {"type": "Feature", "geometry": {"type": "Point", "coordinates": [-88.4655491, 42.3152047]}, "properties": {"name": "Child and Family Therapy Center (Pioneer Center)", "city": "Woodstock", "facility_type": "Community mental health center", "street": "13707 West Jackson Street", "zip": "60098", "phone": "815-344-1230"}}, {"type": "Feature", "geometry": {"type": "Point", "coordinates": [-88.2712269, 42.3225001]}, "properties": {"name": "Care Ctr Comm Based Outpt Clinic (Captain James Lovell Federal Health)", "city": "McHenry", "facility_type": "Veterans Affairs Medical Center or other VA healthcare facility", "street": "3715 Municipal Drive", "zip": "60050", "phone": "815-759-2306"}}, {"type": "Feature", "geometry": {"type": "Point", "coordinates": [-88.1439261, 42.3281975]}, "properties": {"name": "Behavioral Health (Nicasa NFP)", "city": "Round Lake", "facility_type": "Community mental health center", "street": "31979 North Fish Lake Road", "zip": "60073", "phone": "847-546-6450"}}, {"type": "Feature", "geometry": {"type": "Point", "coordinates": [-89.0571419, 42.3256441]}, "properties": {"name": "Spectrum of Rockford LGBTQIA Csl Prog (Harmony Ctr for Holistic Psychotherapy)", "city": "Loves Park", "facility_type": "Outpatient mental health facility", "street": "6625 North 2nd Street", "zip": "61111", "phone": "815-639-0300"}}, {"type": "Feature", "geometry": {"type": "Point", "coordinates": [-88.0247676, 42.345448]}, "properties": {"name": "Josselyn Center", "city": "Grayslake", "facility_type": "Community mental health center", "street": "100 North Atkinson Road", "zip": "60030", "phone": "847-441-5600"}}, {"type": "Feature", "geometry": {"type": "Point", "coordinates": [-88.3024205, 42.3513054]}, "properties": {"name": "Behav Health Outpatient (Assoc for Individual Development (AID))", "city": "McHenry", "facility_type": "Community mental health center", "street": "5342 West Elm Street", "zip": "60050", "phone": "847-931-2340"}}, {"type": "Feature", "geometry": {"type": "Point", "coordinates": [-87.866177, 42.3579117]}, "properties": {"name": "Lake Behavioral Hospital", "city": "Waukegan", "facility_type": "Psychiatric hospital", "street": "2615 Washington Street", "zip": "60085", "phone": "847-603-3800"}}, {"type": "Feature", "geometry": {"type": "Point", "coordinates": [-87.9285011, 42.3618945]}, "properties": {"name": "Gurnee Location (Youth and Family Counseling)", "city": "Gurnee", "facility_type": "Outpatient mental health facility", "street": "5101 Washington Street", "zip": "60031", "phone": "847-367-5991"}}, {"type": "Feature", "geometry": {"type": "Point", "coordinates": [-87.8317276, 42.3627141]}, "properties": {"name": "Josselyn Center", "city": "Waukegan", "facility_type": "Community mental health center", "street": "204 North Genesee Street", "zip": "60085", "phone": "847-441-5600"}}, {"type": "Feature", "geometry": {"type": "Point", "coordinates": [-87.8328411, 42.3630448]}, "properties": {"name": "Renacer Latino Inc", "city": "Waukegan", "facility_type": "Outpatient mental health facility", "street": "218 North County Street", "zip": "60085", "phone": "847-336-7302"}}, {"type": "Feature", "geometry": {"type": "Point", "coordinates": [-87.8756983, 42.3704506]}, "properties": {"name": "Children and Adolescents (Behavioral Health Services for)", "city": "Waukegan", "facility_type": "Community mental health center", "street": "3010 Grand Avenue", "zip": "60085", "phone": "847-377-8950"}}, {"type": "Feature", "geometry": {"type": "Point", "coordinates": [-87.8761485, 42.3720819]}, "properties": {"name": "Adults (Behavioral Health Services for)", "city": "Waukegan", "facility_type": "Community mental health center", "street": "3010 Grand Avenue", "zip": "60085", "phone": "847-377-8180"}}, {"type": "Feature", "geometry": {"type": "Point", "coordinates": [-87.8761485, 42.3720819]}, "properties": {"name": "Assertive Community Treatment (ACT) (Lake County Health Dept)", "city": "Waukegan", "facility_type": "Community mental health center", "street": "3010 Grand Avenue", "zip": "60085", "phone": "847-377-4650"}}, {"type": "Feature", "geometry": {"type": "Point", "coordinates": [-87.875951, 42.3735352]}, "properties": {"name": "Addictions Treatment Program", "city": "Waukegan", "facility_type": "Residential treatment center (RTC) for adults", "street": "3002 Grand Avenue", "zip": "60085", "phone": "847-377-8200"}}, {"type": "Feature", "geometry": {"type": "Point", "coordinates": [-88.0824083, 42.3793555]}, "properties": {"name": "Round Lake Beach (Youth and Family Counseling)", "city": "Round Lake", "facility_type": "Outpatient mental health facility", "street": "2 East Rollins Road", "zip": "60073", "phone": "847-367-5991"}}]}