{"type": "FeatureCollection", "features": [{"type": "Feature", "geometry": {"type": "Polygon", "coordinates": [[[-91.379907, 40.45211], [-91.368074, 40.474641999999996], [-91.364915, 40.484168], [-91.36390999999999, 40.490122], [-91.363879, 40.498062], [-91.366489, 40.506795], [-91.369059, 40.512532], [-91.384531, 40.530947999999995], [-91.38806699999999, 40.533069], [-91.400725, 40.536789], [-91.404125, 40.539127], [-91.406202, 40.542698], [-91.40685099999999, 40.547557], [-91.406373, 40.551831], [-91.40524099999999, 40.554641], [-91.401482, 40.559458], [-91.379752, 40.57445], [-91.359873, 40.601805], [-91.357058, 40.604262999999996], [-91.348733, 40.609694999999995], [-91.309077, 40.625433], [-91.276175, 40.632239999999996], [-91.26635999999999, 40.633587999999996], [-91.256788, 40.637113], [-91.247851, 40.63839], [-91.218437, 40.638436999999996], [-91.19790599999999, 40.636106999999996], [-91.185295, 40.637803], [-91.142984, 40.637535], [-91.02262999999999, 40.634946], [-90.961517, 40.637256], [-90.913894, 40.637747999999995], [-90.90421599999999, 40.639201], [-90.90597199999999, 40.565431], [-90.90883199999999, 40.328466999999996], [-90.911969, 40.193087999999996], [-91.145298, 40.195537], [-91.39755799999999, 40.199493], [-91.505061, 40.199925], [-91.507269, 40.209337999999995], [-91.506947, 40.21555], [-91.50428199999999, 40.224298999999995], [-91.504289, 40.231712], [-91.506501, 40.236304], [-91.505828, 40.238839], [-91.502551, 40.244378999999995], [-91.497496, 40.248236], [-91.490524, 40.259498], [-91.489969, 40.262339999999995], [-91.492891, 40.269923], [-91.493061, 40.275262], [-91.490971, 40.283364], [-91.48245, 40.300582999999996], [-91.471826, 40.31734], [-91.469656, 40.322409], [-91.46660299999999, 40.334461], [-91.46213999999999, 40.342414], [-91.444862, 40.363143], [-91.439342, 40.366569], [-91.426632, 40.371987999999995], [-91.415695, 40.381381], [-91.413011, 40.382276999999995], [-91.39161299999999, 40.384038], [-91.38420099999999, 40.38643], [-91.375712, 40.391925], [-91.372554, 40.4012], [-91.37245, 40.411474999999996], [-91.37372099999999, 40.417891], [-91.38096499999999, 40.435395], [-91.38176899999999, 40.442555], [-91.379907, 40.45211]]]}, "properties": {"GEOID": "17067", "NAME": "Hancock", "suicide_rate": 16.0, "suicide_rate_ci_low": 8.3, "suicide_rate_ci_high": 28.0, "suicide_deaths": 13, "frequent_mental_distress_pct": 17.7, "frequent_mental_distress_ci_low": 15.9, "frequent_mental_distress_ci_high": 19.7, "uninsured_pct": 6.7, "uninsured_ci_low": 5.5, "uninsured_ci_high": 7.9, "facility_count": 2, "facilities_per_100k": 11.6}}, {"type": "Feature", "geometry": {"type": "Polygon", "coordinates": [[[-88.697598, 38.708588999999996], [-88.693531, 38.914617], [-88.57971599999999, 38.915385], [-88.361745, 38.910847], [-88.361758, 38.852123999999996], [-88.258583, 38.847529], [-88.257774, 38.730976999999996], [-88.28350999999999, 38.731806999999996], [-88.28223899999999, 38.731279], [-88.284106, 38.728139999999996], [-88.285158, 38.727422], [-88.287058, 38.728012], [-88.28630199999999, 38.726881999999996], [-88.282581, 38.725786], [-88.28483, 38.724236999999995], [-88.28357199999999, 38.722981], [-88.286062, 38.720231], [-88.284925, 38.719696], [-88.28162499999999, 38.720493999999995], [-88.28621, 38.718303999999996], [-88.28666199999999, 38.717428999999996], [-88.285738, 38.715874], [-88.28272299999999, 38.716789], [-88.282294, 38.716226999999996], [-88.282794, 38.714574999999996], [-88.28491799999999, 38.713647], [-88.283439, 38.712727], [-88.284275, 38.711127], [-88.28630000000001, 38.711162], [-88.28415799999999, 38.70974], [-88.284324, 38.70848], [-88.282343, 38.708121999999996], [-88.286113, 38.707774], [-88.285799, 38.706506], [-88.284043, 38.705698999999996], [-88.28620699999999, 38.704969], [-88.286332, 38.704138], [-88.284122, 38.702684], [-88.286434, 38.701803], [-88.28490099999999, 38.700480999999996], [-88.285315, 38.698904], [-88.283228, 38.699234], [-88.282989, 38.696248], [-88.28191799999999, 38.696413], [-88.28148999999999, 38.695688], [-88.282074, 38.694905], [-88.28522, 38.6946], [-88.284059, 38.691801999999996], [-88.281841, 38.690492], [-88.285133, 38.689125], [-88.28503599999999, 38.688427999999995], [-88.28368499999999, 38.688511], [-88.28432099999999, 38.687639], [-88.283924, 38.686285], [-88.281587, 38.683696], [-88.28455, 38.681632], [-88.281836, 38.679894], [-88.28109599999999, 38.678180999999995], [-88.27825299999999, 38.675713], [-88.278149, 38.674394], [-88.279822, 38.672444], [-88.279561, 38.669858999999995], [-88.276164, 38.669213], [-88.276155, 38.668032], [-88.274402, 38.666989], [-88.275055, 38.665782], [-88.272897, 38.665091], [-88.272297, 38.663557999999995], [-88.27309, 38.662316], [-88.275933, 38.661603], [-88.274579, 38.660225], [-88.27661499999999, 38.659298], [-88.273135, 38.657919], [-88.274202, 38.656179], [-88.27668899999999, 38.655543], [-88.275352, 38.654568], [-88.279799, 38.653227], [-88.281804, 38.651151], [-88.284554, 38.650003999999996], [-88.28433299999999, 38.648615], [-88.291114, 38.643657], [-88.29030499999999, 38.642975], [-88.287222, 38.643468], [-88.286858, 38.642804999999996], [-88.293454, 38.641936], [-88.294135, 38.641138999999995], [-88.293707, 38.639992], [-88.296038, 38.638379], [-88.29544, 38.636311], [-88.297536, 38.63478], [-88.28894799999999, 38.629745], [-88.289418, 38.628139], [-88.292295, 38.627548], [-88.292142, 38.626201], [-88.287461, 38.624931], [-88.28453999999999, 38.62656], [-88.280952, 38.624711], [-88.28318, 38.624078], [-88.28305, 38.622366], [-88.286165, 38.620878999999995], [-88.286054, 38.619408], [-88.283628, 38.618773999999995], [-88.28246399999999, 38.616983999999995], [-88.28100099999999, 38.616853], [-88.27864699999999, 38.617734999999996], [-88.279549, 38.620505], [-88.278812, 38.620804], [-88.276495, 38.618742], [-88.278278, 38.616775], [-88.277028, 38.61577], [-88.27530999999999, 38.616641], [-88.273434, 38.619492], [-88.270978, 38.619288], [-88.269133, 38.618003], [-88.271388, 38.616315], [-88.27205, 38.613672], [-88.271096, 38.611951], [-88.26709699999999, 38.612711], [-88.265667, 38.611301999999995], [-88.263024, 38.61061], [-88.263351, 38.608579], [-88.259969, 38.609427], [-88.259243, 38.608664], [-88.260609, 38.607513999999995], [-88.260423, 38.606744], [-88.259046, 38.606351], [-88.257463, 38.607141999999996], [-88.25277, 38.60574], [-88.25198499999999, 38.605182], [-88.25199099999999, 38.603742], [-88.249723, 38.602725], [-88.249089, 38.601569999999995], [-88.25119099999999, 38.599793999999996], [-88.25314399999999, 38.600581999999996], [-88.25397799999999, 38.599502], [-88.257465, 38.599137], [-88.364178, 38.602492999999996], [-88.420076, 38.60288], [-88.584531, 38.607309], [-88.698459, 38.606062], [-88.697598, 38.708588999999996]]]}, "properties": {"GEOID": "17025", "NAME": "Clay", "suicide_rate": 16.0, "suicide_rate_ci_low": 7.3, "suicide_rate_ci_high": 30.3, "suicide_deaths": 10, "frequent_mental_distress_pct": 19.6, "frequent_mental_distress_ci_low": 17.6, "frequent_mental_distress_ci_high": 21.7, "uninsured_pct": 7.0, "uninsured_ci_low": 5.6, "uninsured_ci_high": 8.5, "facility_count": 1, "facilities_per_100k": 7.7}}, {"type": "Feature", "geometry": {"type": "Polygon", "coordinates": [[[-87.94518599999999, 38.445736], [-87.94382, 38.447041], [-87.945566, 38.447133], [-87.946758, 38.449124], [-87.94457799999999, 38.448736], [-87.942888, 38.449629], [-87.944023, 38.450406], [-87.944606, 38.452534], [-87.94568199999999, 38.452283], [-87.94609, 38.453175], [-87.948506, 38.453312], [-87.948477, 38.45393], [-87.943321, 38.456255], [-87.943398, 38.456998999999996], [-87.945268, 38.456433], [-87.947457, 38.45841], [-87.94232699999999, 38.460601], [-87.941808, 38.462433], [-87.943742, 38.461359], [-87.945105, 38.463988], [-87.948216, 38.463521], [-87.948275, 38.464574], [-87.94408299999999, 38.46739], [-87.947667, 38.468669], [-87.94686999999999, 38.469967], [-87.944859, 38.470514], [-87.945015, 38.472564], [-87.948295, 38.471078999999996], [-87.948633, 38.475063], [-87.947972, 38.478926], [-87.951892, 38.479361], [-87.953198, 38.480253999999995], [-87.951488, 38.480637], [-87.95360699999999, 38.482679999999995], [-87.95346099999999, 38.483824], [-87.949618, 38.485061], [-87.949006, 38.486274], [-87.95191799999999, 38.485358], [-87.952326, 38.486090999999995], [-87.950667, 38.487716], [-87.951002, 38.488718999999996], [-87.95311199999999, 38.488125], [-87.95573399999999, 38.489683], [-87.955822, 38.491561], [-87.953273, 38.492898], [-87.95581899999999, 38.493995999999996], [-87.95681499999999, 38.4971], [-87.95452399999999, 38.497963999999996], [-87.955801, 38.499257], [-87.95566199999999, 38.500146], [-87.953003, 38.500498], [-87.95427099999999, 38.501703], [-87.954009, 38.503806], [-87.95159799999999, 38.503561], [-87.950976, 38.504366], [-87.94845099999999, 38.504492], [-87.947608, 38.505756999999996], [-87.948469, 38.506143], [-87.948292, 38.507833], [-87.948979, 38.508375], [-87.949754, 38.506046999999995], [-87.950339, 38.506271], [-87.949754, 38.507163999999996], [-87.952474, 38.507314], [-87.95073099999999, 38.508351], [-87.95236299999999, 38.508303999999995], [-87.953392, 38.51077], [-87.950064, 38.512191], [-87.948165, 38.514244], [-87.94941899999999, 38.515068], [-87.95172, 38.514495], [-87.95206999999999, 38.515409999999996], [-87.953966, 38.514288], [-87.955044, 38.514723], [-87.953558, 38.515569], [-87.95452, 38.516507], [-87.953063, 38.517949], [-87.95300499999999, 38.519619], [-87.951725, 38.520627], [-87.94918899999999, 38.520283], [-87.94948099999999, 38.522137], [-87.948112, 38.521403], [-87.947034, 38.521747], [-87.94184899999999, 38.528248], [-87.938993, 38.527241], [-87.937174, 38.528144999999995], [-87.938453, 38.529633], [-87.938486, 38.533108999999996], [-87.941666, 38.533744], [-87.93939, 38.534918], [-87.939407, 38.536196], [-87.941188, 38.535548999999996], [-87.942477, 38.536815], [-87.941315, 38.538419999999995], [-87.94507399999999, 38.539325], [-87.943699, 38.539545], [-87.943737, 38.541008], [-87.94529299999999, 38.540783], [-87.946195, 38.54154], [-87.94688, 38.540551], [-87.952872, 38.543181], [-87.952378, 38.545063], [-87.950953, 38.545581], [-87.95038699999999, 38.546966999999995], [-87.952186, 38.547801], [-87.951607, 38.549125], [-87.95281399999999, 38.550354], [-87.95289799999999, 38.55222], [-87.954627, 38.553087], [-87.952356, 38.554753999999996], [-87.953874, 38.555291], [-87.953599, 38.556242], [-87.95463099999999, 38.556829], [-87.953717, 38.55863], [-87.95555399999999, 38.558568], [-87.95880199999999, 38.561372999999996], [-87.958581, 38.563227], [-87.957026, 38.563806], [-87.958286, 38.564600999999996], [-87.957571, 38.565199], [-87.958603, 38.566078], [-87.957222, 38.567611], [-87.954415, 38.568422], [-87.95586999999999, 38.569390999999996], [-87.955303, 38.570009999999996], [-87.855316, 38.570009999999996], [-87.741338, 38.56847], [-87.651529, 38.568166], [-87.652745, 38.564459], [-87.65021399999999, 38.558420999999996], [-87.65070399999999, 38.556239999999995], [-87.665435, 38.549946], [-87.66922, 38.546811999999996], [-87.670084, 38.544132999999995], [-87.66878799999999, 38.541078], [-87.660978, 38.532145], [-87.659476, 38.526711], [-87.65578, 38.521206], [-87.645753, 38.514426], [-87.645118, 38.511109], [-87.64581, 38.509082], [-87.651291, 38.503831999999996], [-87.657665, 38.501689999999996], [-87.66370099999999, 38.502931], [-87.669811, 38.507177999999996], [-87.671898, 38.507611], [-87.674239, 38.505724], [-87.67837399999999, 38.498438], [-87.682324, 38.494617999999996], [-87.685921, 38.491842999999996], [-87.69318799999999, 38.488037999999996], [-87.714047, 38.47988], [-87.71992, 38.479490999999996], [-87.73004499999999, 38.480253999999995], [-87.74002399999999, 38.479223], [-87.744644, 38.477266], [-87.750028, 38.471427], [-87.756179, 38.462537999999995], [-87.75682499999999, 38.458501999999996], [-87.75593099999999, 38.455875999999996], [-87.751477, 38.454212999999996], [-87.74052499999999, 38.454716], [-87.73572899999999, 38.452985999999996], [-87.731974, 38.45078], [-87.73013399999999, 38.446518], [-87.730699, 38.442907999999996], [-87.738812, 38.438929], [-87.74104, 38.435576], [-87.742828, 38.427335], [-87.74377199999999, 38.413115], [-87.745254, 38.408995999999995], [-87.76972099999999, 38.380694999999996], [-87.779996, 38.370841999999996], [-87.786093, 38.367649], [-87.795441, 38.366116999999996], [-87.80607499999999, 38.363143], [-87.813791, 38.353792], [-87.822721, 38.346911999999996], [-87.82417099999999, 38.344528], [-87.826483, 38.336631], [-87.832723, 38.324853], [-87.833344, 38.315649], [-87.830714, 38.303073], [-87.83152299999999, 38.296727], [-87.836495, 38.285486], [-87.84098399999999, 38.280105], [-87.84593699999999, 38.276666999999996], [-87.85113, 38.27512], [-87.856605, 38.275521999999995], [-87.859651, 38.276711], [-87.861774, 38.278636999999996], [-87.865522, 38.286080999999996], [-87.866248, 38.28998], [-87.864812, 38.295389], [-87.86045299999999, 38.303112999999996], [-87.86045299999999, 38.305372], [-87.86112, 38.307826], [-87.86310999999999, 38.309823], [-87.86888599999999, 38.312277], [-87.875664, 38.309931], [-87.87938899999999, 38.306506999999996], [-87.88276499999999, 38.296639], [-87.88514599999999, 38.29248], [-87.88645199999999, 38.287009], [-87.887849, 38.285298999999995], [-87.89706699999999, 38.280134], [-87.906841, 38.269633999999996], [-87.91011999999999, 38.268108], [-87.914081, 38.268308999999995], [-87.917092, 38.269701], [-87.91879399999999, 38.271916], [-87.91946999999999, 38.274547], [-87.917711, 38.279351], [-87.908529, 38.290957], [-87.907866, 38.293175999999995], [-87.909536, 38.296061], [-87.911394, 38.297576], [-87.916489, 38.299372], [-87.922833, 38.299198], [-87.931873, 38.296498], [-87.934844, 38.295145], [-87.93732899999999, 38.292431], [-87.93885399999999, 38.287535], [-87.939212, 38.282923], [-87.940285, 38.281064], [-87.944017, 38.278681], [-87.95029799999999, 38.276792], [-87.952125, 38.273762999999995], [-87.952163, 38.270512], [-87.950651, 38.266819], [-87.948903, 38.264116], [-87.942067, 38.260301], [-87.94303, 38.25779], [-87.94606499999999, 38.255319], [-87.954032, 38.253032], [-87.95614499999999, 38.251652], [-87.95761, 38.250046], [-87.958883, 38.246666], [-87.957897, 38.241256], [-87.95826, 38.239022], [-87.960225, 38.237117999999995], [-87.96427899999999, 38.236297], [-87.967556, 38.236729], [-87.9702, 38.238623], [-87.970466, 38.244568], [-87.98186799999999, 38.256443999999995], [-87.98470499999999, 38.257953], [-87.986109, 38.258058], [-87.987911, 38.256957], [-87.990656, 38.258230999999995], [-87.99062699999999, 38.260245999999995], [-87.992328, 38.262451], [-87.99081199999999, 38.265412999999995], [-87.99094199999999, 38.268336], [-87.991743, 38.269458], [-87.99131799999999, 38.270196999999996], [-87.99019799999999, 38.268585], [-87.9889, 38.268854], [-87.990228, 38.270571], [-87.99017099999999, 38.271806999999995], [-87.98938199999999, 38.273224], [-87.98768199999999, 38.274045], [-87.984482, 38.274328], [-87.98096799999999, 38.272726999999996], [-87.981228, 38.271055], [-87.979214, 38.270886], [-87.978538, 38.274077], [-87.97670000000001, 38.273185999999995], [-87.972994, 38.274046999999996], [-87.972973, 38.27482], [-87.978067, 38.277054], [-87.97539499999999, 38.277865], [-87.97662799999999, 38.278835], [-87.976413, 38.280442], [-87.977953, 38.282364], [-87.97531, 38.281427], [-87.973968, 38.284566], [-87.972045, 38.284127], [-87.970361, 38.285064999999996], [-87.969511, 38.283694], [-87.96699799999999, 38.284091], [-87.96652499999999, 38.286376], [-87.960968, 38.289], [-87.96164, 38.290487], [-87.960717, 38.291185], [-87.95916799999999, 38.290358], [-87.95617399999999, 38.291869], [-87.954599, 38.290644], [-87.95105099999999, 38.290996], [-87.951994, 38.292946], [-87.953824, 38.294365], [-87.95397, 38.296745], [-87.957259, 38.299672], [-87.95495799999999, 38.300568], [-87.952955, 38.303039999999996], [-87.95639299999999, 38.304548], [-87.957049, 38.306096], [-87.954392, 38.308440999999995], [-87.949528, 38.307001], [-87.94659399999999, 38.308672], [-87.946246, 38.310663999999996], [-87.948512, 38.312861], [-87.94676899999999, 38.313296], [-87.946101, 38.315287], [-87.949094, 38.316888999999996], [-87.94708899999999, 38.316958], [-87.946828, 38.317782], [-87.947582, 38.318667], [-87.955767, 38.317228], [-87.95803, 38.319635], [-87.95801499999999, 38.321008], [-87.955547, 38.325472], [-87.957089, 38.332522], [-87.95412499999999, 38.336208], [-87.95444499999999, 38.339732999999995], [-87.957805, 38.344158], [-87.958047, 38.348290999999996], [-87.96581499999999, 38.352091], [-87.967298, 38.353556], [-87.968443, 38.359969], [-87.973398, 38.36567], [-87.97357799999999, 38.370792], [-87.97594199999999, 38.373354], [-87.977221, 38.377839], [-87.976759, 38.384271], [-87.973069, 38.389353], [-87.968474, 38.389354999999995], [-87.964956, 38.391072], [-87.965859, 38.39533], [-87.971891, 38.394914], [-87.97474299999999, 38.397856], [-87.976012, 38.400614], [-87.975053, 38.401483999999996], [-87.970428, 38.402218], [-87.969848, 38.404416], [-87.970985, 38.406956], [-87.97022799999999, 38.410641], [-87.965924, 38.411237], [-87.963887, 38.4149], [-87.96100799999999, 38.417164], [-87.959786, 38.420072999999995], [-87.958128, 38.42076], [-87.955246, 38.419865], [-87.95382, 38.417667], [-87.952016, 38.418423], [-87.950796, 38.423277999999996], [-87.95190199999999, 38.423964], [-87.95429399999999, 38.423646999999995], [-87.95559899999999, 38.425247999999996], [-87.954223, 38.426451], [-87.952748, 38.425523], [-87.951003, 38.425913], [-87.94751199999999, 38.429438], [-87.948211, 38.430056], [-87.95193499999999, 38.430033], [-87.95263399999999, 38.432047], [-87.95021, 38.43712], [-87.94750599999999, 38.438227], [-87.949023, 38.442098], [-87.946556, 38.441075999999995], [-87.944915, 38.442786], [-87.945222, 38.444852999999995], [-87.948579, 38.444198], [-87.948544, 38.445893999999996], [-87.94518599999999, 38.445736]]]}, "properties": {"GEOID": "17185", "NAME": "Wabash", "suicide_rate": 20.0, "suicide_rate_ci_low": 9.6, "suicide_rate_ci_high": 36.8, "suicide_deaths": 11, "frequent_mental_distress_pct": 18.9, "frequent_mental_distress_ci_low": 16.9, "frequent_mental_distress_ci_high": 21.1, "uninsured_pct": 6.8, "uninsured_ci_low": 5.5, "uninsured_ci_high": 8.1, "facility_count": 1, "facilities_per_100k": 9.1}}, {"type": "Feature", "geometry": {"type": "Polygon", "coordinates": [[[-89.26653, 40.486472], [-89.26937099999999, 40.594367999999996], [-89.133752, 40.596734], [-89.13421699999999, 40.611489999999996], [-89.101134, 40.612325999999996], [-89.101569, 40.625036], [-89.08222099999999, 40.626813], [-89.04436799999999, 40.627427999999995], [-89.04531999999999, 40.663939], [-88.98472199999999, 40.664953], [-88.986896, 40.752297], [-88.890956, 40.754118], [-88.584272, 40.757608], [-88.58235499999999, 40.670792], [-88.575216, 40.670615999999995], [-88.574502, 40.61655], [-88.459475, 40.617345], [-88.459217, 40.485648999999995], [-88.46041799999999, 40.281935], [-88.51813899999999, 40.281236], [-89.052067, 40.283159], [-89.26265, 40.280919], [-89.26653, 40.486472]]]}, "properties": {"GEOID": "17113", "NAME": "McLean", "suicide_rate": 12.8, "suicide_rate_ci_low": 10.3, "suicide_rate_ci_high": 15.2, "suicide_deaths": 108, "frequent_mental_distress_pct": 17, "frequent_mental_distress_ci_low": 15.2, "frequent_mental_distress_ci_high": 18.9, "uninsured_pct": 5.7, "uninsured_ci_low": 4.8, "uninsured_ci_high": 6.7, "facility_count": 5, "facilities_per_100k": 2.9}}, {"type": "Feature", "geometry": {"type": "Polygon", "coordinates": [[[-89.35986899999999, 39.027729], [-89.250238, 39.028183999999996], [-89.250305, 38.999190999999996], [-89.25735999999999, 38.99917], [-89.25741699999999, 38.995127], [-89.25418499999999, 38.741907], [-89.48204, 38.740508999999996], [-89.597321, 38.743235999999996], [-89.599593, 38.87453], [-89.63687399999999, 38.874278], [-89.637931, 38.918352], [-89.63704899999999, 38.918364], [-89.638454, 38.948494], [-89.639265, 38.999128999999996], [-89.586092, 38.999455999999995], [-89.586344, 39.028329], [-89.35986899999999, 39.027729]]]}, "properties": {"GEOID": "17005", "NAME": "Bond", "suicide_rate": null, "suicide_rate_ci_low": null, "suicide_rate_ci_high": null, "suicide_deaths": null, "frequent_mental_distress_pct": 20.1, "frequent_mental_distress_ci_low": 18.1, "frequent_mental_distress_ci_high": 22.2, "uninsured_pct": 7.5, "uninsured_ci_low": 6.1, "uninsured_ci_high": 9.0, "facility_count": 1, "facilities_per_100k": 6.1}}, {"type": "Feature", "geometry": {"type": "Polygon", "coordinates": [[[-90.914688, 40.018091999999996], [-90.91346899999999, 40.104455], [-90.79624799999999, 40.105902], [-90.696007, 40.103967], [-90.695729, 40.103348], [-90.697486, 40.102547], [-90.696176, 40.1009], [-90.697397, 40.100397], [-90.699541, 40.097493], [-90.699928, 40.094449999999995], [-90.704961, 40.092872], [-90.70859399999999, 40.093077], [-90.70916, 40.090423], [-90.70451299999999, 40.087816], [-90.705525, 40.084590999999996], [-90.69563699999999, 40.079583], [-90.68605, 40.078804999999996], [-90.67327499999999, 40.080884999999995], [-90.671995, 40.08013], [-90.67152, 40.077362], [-90.676762, 40.065993999999996], [-90.676495, 40.064485], [-90.674798, 40.063317999999995], [-90.674798, 40.062151], [-90.677567, 40.059886999999996], [-90.67727, 40.058537], [-90.675484, 40.057072999999995], [-90.678045, 40.051904], [-90.67506999999999, 40.045978999999996], [-90.669446, 40.043783], [-90.667243, 40.046549999999996], [-90.661022, 40.046388], [-90.65953499999999, 40.044833], [-90.659745, 40.041402], [-90.652127, 40.04005], [-90.65427299999999, 40.035019], [-90.653887, 40.033440999999996], [-90.645646, 40.030327], [-90.633952, 40.029222], [-90.632792, 40.028078], [-90.631725, 40.024763], [-90.630387, 40.023664], [-90.62512699999999, 40.025997], [-90.616688, 40.027007999999995], [-90.61166399999999, 40.032911999999996], [-90.610027, 40.032340999999995], [-90.606782, 40.028864999999996], [-90.605679, 40.025113999999995], [-90.607282, 40.020835999999996], [-90.611296, 40.017564], [-90.614035, 40.020353], [-90.61692099999999, 40.020512], [-90.619029, 40.015159], [-90.618015, 40.012392], [-90.615814, 40.012758999999996], [-90.609684, 40.008781], [-90.608195, 40.006859999999996], [-90.603346, 40.004917999999996], [-90.601947, 40.003316999999996], [-90.603128, 39.996573], [-90.606009, 39.991197], [-90.605918, 39.986531], [-90.607759, 39.982915999999996], [-90.60758, 39.98191], [-90.597976, 39.981134999999995], [-90.594021, 39.979625999999996], [-90.585534, 39.978829999999995], [-90.578948, 39.981321], [-90.568214, 39.983815], [-90.56155299999999, 39.982625], [-90.550344, 39.983447999999996], [-90.543596, 39.980359], [-90.541455, 39.980723999999995], [-90.53931299999999, 39.98372], [-90.536726, 39.983993999999996], [-90.53414, 39.982459999999996], [-90.52994699999999, 39.985112], [-90.52795599999999, 39.982458], [-90.524864, 39.982709], [-90.523614, 39.984218], [-90.527478, 39.986644], [-90.526585, 39.987649999999995], [-90.520727, 39.988310999999996], [-90.519866, 39.987716], [-90.519926, 39.985679999999995], [-90.515705, 39.984352], [-90.515198, 39.986982], [-90.513747, 39.987891], [-90.512193, 39.983914], [-90.510477, 39.970866], [-90.51111499999999, 39.967605], [-90.512616, 39.965285], [-90.519944, 39.960224], [-90.525596, 39.9517], [-90.532113, 39.946011999999996], [-90.533142, 39.940605], [-90.536591, 39.932898], [-90.53685999999999, 39.921881], [-90.54010699999999, 39.915481], [-90.55427999999999, 39.901364], [-90.565096, 39.896034], [-90.57179, 39.89427], [-90.575581, 39.891261], [-90.577918, 39.888186], [-90.581757, 39.87916], [-90.5849, 39.875046999999995], [-90.586091, 39.871413], [-90.58500099999999, 39.863685], [-90.58243499999999, 39.854574], [-90.579426, 39.848489], [-90.571424, 39.838961], [-90.799397, 39.840975], [-90.894252, 39.841058], [-90.916755, 39.845074], [-90.917029, 39.902563], [-90.916528, 39.916618], [-90.91470199999999, 39.930054999999996], [-90.914401, 39.944551], [-90.914688, 40.018091999999996]]]}, "properties": {"GEOID": "17009", "NAME": "Brown", "suicide_rate": null, "suicide_rate_ci_low": null, "suicide_rate_ci_high": null, "suicide_deaths": null, "frequent_mental_distress_pct": 17.9, "frequent_mental_distress_ci_low": 15.9, "frequent_mental_distress_ci_high": 19.9, "uninsured_pct": 4.5, "uninsured_ci_low": 3.4, "uninsured_ci_high": 5.6, "facility_count": 1, "facilities_per_100k": 15.9}}, {"type": "Feature", "geometry": {"type": "Polygon", "coordinates": [[[-90.592303, 39.087227], [-90.60326099999999, 39.110695], [-90.603569, 39.117591999999995], [-90.5991, 39.123121], [-90.597072, 39.127327], [-90.59710199999999, 39.129157], [-90.59904399999999, 39.133274], [-90.59795899999999, 39.136752], [-90.596167, 39.137988], [-90.591526, 39.138332], [-90.589382, 39.141169], [-90.584654, 39.142165], [-90.582803, 39.144327], [-90.583187, 39.149153999999996], [-90.58653699999999, 39.153043], [-90.58721299999999, 39.154872999999995], [-90.585364, 39.161553], [-90.58175299999999, 39.164845], [-90.57652399999999, 39.164708], [-90.575199, 39.167836], [-90.575904, 39.173083999999996], [-90.582106, 39.176927], [-90.58175299999999, 39.178162], [-90.578699, 39.179897], [-90.580587, 39.184895], [-90.57334, 39.184097], [-90.574699, 39.179075], [-90.57345199999999, 39.177489], [-90.570442, 39.177785], [-90.566406, 39.180031], [-90.566396, 39.181521], [-90.570421, 39.182625], [-90.57011399999999, 39.183372], [-90.567272, 39.183395], [-90.56782299999999, 39.191635999999995], [-90.56567799999999, 39.193740999999996], [-90.563716, 39.193404], [-90.561892, 39.190653], [-90.565377, 39.187435], [-90.56409, 39.184293], [-90.557767, 39.188482], [-90.545806, 39.190169999999995], [-90.545278, 39.187562], [-90.54624799999999, 39.184242], [-90.54530799999999, 39.183400999999996], [-90.54338899999999, 39.183296999999996], [-90.542447, 39.18389], [-90.540927, 39.189529], [-90.536991, 39.193002], [-90.535653, 39.190042], [-90.532737, 39.187489], [-90.53054, 39.187343], [-90.52847299999999, 39.188365999999995], [-90.52922099999999, 39.191626], [-90.526816, 39.192448999999996], [-90.52301, 39.187053], [-90.520365, 39.188024], [-90.51420999999999, 39.186296], [-90.511945, 39.186797], [-90.507508, 39.185193], [-90.50286, 39.180941], [-90.505674, 39.175447], [-90.505821, 39.172916], [-90.503963, 39.170907], [-90.502799, 39.164259], [-90.49884999999999, 39.161105], [-90.49579299999999, 39.160235], [-90.49119499999999, 39.16141], [-90.48787899999999, 39.164074], [-90.486429, 39.170002], [-90.487624, 39.175005], [-90.313289, 39.174289], [-90.31393, 39.225128], [-90.27644599999999, 39.224672], [-90.201769, 39.225497], [-90.202681, 39.258192], [-90.193699, 39.258235], [-90.193872, 39.261959999999995], [-90.14812099999999, 39.261947], [-90.146334, 39.174276], [-90.145984, 38.999303], [-90.27395899999999, 38.999036], [-90.275702, 38.923528999999995], [-90.283712, 38.924048], [-90.298711, 38.923395], [-90.309454, 38.924119999999995], [-90.319052, 38.928667], [-90.324179, 38.929826999999996], [-90.333533, 38.933489], [-90.346442, 38.94079], [-90.392721, 38.959071], [-90.40753699999999, 38.962706], [-90.42978, 38.963778], [-90.43920299999999, 38.967287], [-90.445303, 38.966826], [-90.455359, 38.968686], [-90.467766, 38.969207999999995], [-90.487225, 38.967729], [-90.49180199999999, 38.966614], [-90.50011699999999, 38.963063999999996], [-90.51008399999999, 38.956781], [-90.515163, 38.954615], [-90.519644, 38.953942999999995], [-90.529877, 38.956333], [-90.534657, 38.958498999999996], [-90.543172, 38.964698], [-90.553316, 38.975857], [-90.564634, 38.986512999999995], [-90.57016899999999, 38.99329], [-90.571561, 38.996096], [-90.576101, 39.009383], [-90.57591599999999, 39.017616], [-90.573724, 39.02344], [-90.574321, 39.029787999999996], [-90.57540399999999, 39.033032], [-90.578977, 39.038917999999995], [-90.588094, 39.045747], [-90.589849, 39.049501], [-90.58923, 39.054337], [-90.584068, 39.058712], [-90.581194, 39.064414], [-90.582557, 39.067771], [-90.58927, 39.076035999999995], [-90.592303, 39.087227]]]}, "properties": {"GEOID": "17083", "NAME": "Jersey", "suicide_rate": 17.1, "suicide_rate_ci_low": 10.1, "suicide_rate_ci_high": 27.1, "suicide_deaths": 20, "frequent_mental_distress_pct": 18.6, "frequent_mental_distress_ci_low": 16.7, "frequent_mental_distress_ci_high": 20.8, "uninsured_pct": 5.9, "uninsured_ci_low": 4.7, "uninsured_ci_high": 7.1, "facility_count": 0, "facilities_per_100k": 0.0}}, {"type": "Feature", "geometry": {"type": "Polygon", "coordinates": [[[-88.745671, 39.792145999999995], [-88.745344, 40.098813], [-88.68812199999999, 40.098583], [-88.68799299999999, 40.142269], [-88.574885, 40.281501], [-88.4809, 40.281216], [-88.479502, 40.281799], [-88.46041799999999, 40.281935], [-88.46072, 40.223321999999996], [-88.463551, 40.223271], [-88.463634, 40.218257], [-88.462328, 39.79182], [-88.745671, 39.792145999999995]]]}, "properties": {"GEOID": "17147", "NAME": "Piatt", "suicide_rate": null, "suicide_rate_ci_low": null, "suicide_rate_ci_high": null, "suicide_deaths": null, "frequent_mental_distress_pct": 16.1, "frequent_mental_distress_ci_low": 14.4, "frequent_mental_distress_ci_high": 18, "uninsured_pct": 5.8, "uninsured_ci_low": 4.6, "uninsured_ci_high": 7.0, "facility_count": 1, "facilities_per_100k": 6.0}}, {"type": "Feature", "geometry": {"type": "Polygon", "coordinates": [[[-88.71074399999999, 37.427585], [-88.708546, 37.599059], [-88.44728099999999, 37.600170999999996], [-88.412697, 37.599624999999996], [-88.41541199999999, 37.423821], [-88.424562, 37.420441], [-88.43476, 37.418397999999996], [-88.45281299999999, 37.41094], [-88.467079, 37.399839], [-88.474645, 37.390783], [-88.476477, 37.387142], [-88.47736499999999, 37.379808], [-88.482379, 37.364685], [-88.48268499999999, 37.353808], [-88.48468299999999, 37.345234], [-88.487236, 37.339107], [-88.491276, 37.333490999999995], [-88.49217399999999, 37.330458], [-88.501119, 37.316494999999996], [-88.504558, 37.308686], [-88.512435, 37.296616], [-88.514538, 37.291373], [-88.515039, 37.288478], [-88.514217, 37.288019], [-88.51507, 37.287664], [-88.515903, 37.284091], [-88.51431, 37.282362], [-88.51413699999999, 37.279498], [-88.510064, 37.275729999999996], [-88.506727, 37.264989], [-88.503942, 37.264787], [-88.504593, 37.263689], [-88.50915499999999, 37.262074999999996], [-88.512154, 37.263788999999996], [-88.51141, 37.261477], [-88.506973, 37.259688], [-88.50079099999999, 37.253402], [-88.49127299999999, 37.247732], [-88.487437, 37.244294], [-88.484808, 37.240663999999995], [-88.479092, 37.228387999999995], [-88.472174, 37.220307], [-88.46843199999999, 37.217786], [-88.458517, 37.213353999999995], [-88.450723, 37.206834], [-88.448038, 37.203641999999995], [-88.44407, 37.194933], [-88.443837, 37.192406], [-88.44223, 37.189854], [-88.44014299999999, 37.183288999999995], [-88.437854, 37.179998], [-88.434798, 37.169194], [-88.433431, 37.166726], [-88.43380499999999, 37.164874], [-88.43306, 37.162637], [-88.42603799999999, 37.155159999999995], [-88.424657, 37.152291], [-88.434664, 37.126650999999995], [-88.442984, 37.111917999999996], [-88.443424, 37.108694], [-88.44265399999999, 37.109193999999995], [-88.44216, 37.108131], [-88.440626, 37.109300000000005], [-88.440626, 37.1086], [-88.442711, 37.103199], [-88.445776, 37.099683], [-88.444583, 37.096419], [-88.44561399999999, 37.093332], [-88.459941, 37.074628], [-88.47283999999999, 37.069773999999995], [-88.482624, 37.067257], [-88.49048499999999, 37.068171], [-88.49033, 37.159462], [-88.528904, 37.188834], [-88.56570099999999, 37.218196], [-88.620436, 37.262693], [-88.67434999999999, 37.308489], [-88.71073799999999, 37.337081], [-88.71074399999999, 37.427585]]]}, "properties": {"GEOID": "17151", "NAME": "Pope", "suicide_rate": null, "suicide_rate_ci_low": null, "suicide_rate_ci_high": null, "suicide_deaths": null, "frequent_mental_distress_pct": 18.4, "frequent_mental_distress_ci_low": 16.4, "frequent_mental_distress_ci_high": 20.4, "uninsured_pct": 5.6, "uninsured_ci_low": 4.3, "uninsured_ci_high": 6.9, "facility_count": 0, "facilities_per_100k": 0.0}}, {"type": "Feature", "geometry": {"type": "Polygon", "coordinates": [[[-89.856624, 41.313817], [-89.85736899999999, 41.51837], [-89.859197, 41.518724999999996], [-89.86235099999999, 41.584005], [-89.58947599999999, 41.585094], [-89.166561, 41.585288999999996], [-89.166431, 41.481649], [-89.163705, 41.310187], [-89.166404, 41.309121], [-89.180711, 41.309168], [-89.20055599999999, 41.312072], [-89.224854, 41.3131], [-89.236485, 41.316936], [-89.249427, 41.319314], [-89.256436, 41.322182], [-89.268851, 41.321819999999995], [-89.273921, 41.319261999999995], [-89.28346599999999, 41.312385], [-89.292693, 41.31095], [-89.304786, 41.306961], [-89.334901, 41.300877], [-89.339754, 41.298275], [-89.341937, 41.295356], [-89.34239699999999, 41.292761], [-89.33770899999999, 41.284669], [-89.33708299999999, 41.281667], [-89.33985899999999, 41.274339], [-89.348372, 41.258936], [-89.356729, 41.233039], [-89.46638899999999, 41.233872], [-89.466101, 41.148523999999995], [-89.638536, 41.148545], [-89.638708, 41.233861999999995], [-89.857616, 41.234479], [-89.856624, 41.313817]]]}, "properties": {"GEOID": "17011", "NAME": "Bureau", "suicide_rate": 13.8, "suicide_rate_ci_low": 8.8, "suicide_rate_ci_high": 20.8, "suicide_deaths": 26, "frequent_mental_distress_pct": 18.9, "frequent_mental_distress_ci_low": 16.9, "frequent_mental_distress_ci_high": 20.9, "uninsured_pct": 8.5, "uninsured_ci_low": 7.0, "uninsured_ci_high": 10.1, "facility_count": 1, "facilities_per_100k": 3.1}}, {"type": "Feature", "geometry": {"type": "Polygon", "coordinates": [[[-88.472073, 39.651588], [-88.10075499999999, 39.652048], [-88.063518, 39.652657], [-88.063013, 39.681311], [-88.026208, 39.681664999999995], [-88.026224, 39.684937999999995], [-87.966347, 39.685973], [-87.965046, 39.612700000000004], [-87.960179, 39.481308999999996], [-88.013944, 39.48079], [-88.01206599999999, 39.378971], [-88.02652499999999, 39.378605], [-88.026521, 39.377545], [-88.14021199999999, 39.376211999999995], [-88.177877, 39.375034], [-88.434164, 39.374390999999996], [-88.453169, 39.373638], [-88.47082999999999, 39.374514999999995], [-88.470351, 39.432629], [-88.472073, 39.651588]]]}, "properties": {"GEOID": "17029", "NAME": "Coles", "suicide_rate": 12.4, "suicide_rate_ci_low": 8.2, "suicide_rate_ci_high": 18.1, "suicide_deaths": 29, "frequent_mental_distress_pct": 18.8, "frequent_mental_distress_ci_low": 16.9, "frequent_mental_distress_ci_high": 20.8, "uninsured_pct": 7.7, "uninsured_ci_low": 6.0, "uninsured_ci_high": 9.3, "facility_count": 1, "facilities_per_100k": 2.2}}, {"type": "Feature", "geometry": {"type": "Polygon", "coordinates": [[[-90.989662, 41.155707], [-90.997905, 41.162562], [-91.007594, 41.166187], [-91.027231, 41.163382999999996], [-91.041557, 41.166162], [-91.05506799999999, 41.185789], [-91.065899, 41.199517], [-91.07298399999999, 41.207150999999996], [-91.081452, 41.214428999999996], [-91.09303, 41.222634], [-91.09893699999999, 41.228964], [-91.10958199999999, 41.236565999999996], [-91.113062, 41.239968], [-91.113934, 41.243099], [-91.11418599999999, 41.250029], [-91.112783, 41.252531], [-91.104462, 41.262104], [-91.101142, 41.267168999999996], [-91.093503, 41.284], [-91.08921199999999, 41.291208999999995], [-91.086379, 41.294854], [-91.077505, 41.301828], [-91.07484099999999, 41.305578], [-91.07323199999999, 41.31344], [-91.07207, 41.333361], [-90.894753, 41.332163], [-90.75014, 41.328834], [-90.61699399999999, 41.328199], [-90.54006799999999, 41.326995], [-90.433737, 41.326989], [-90.43942299999999, 41.063995], [-90.550218, 41.064065], [-90.66632899999999, 41.067586999999996], [-90.948989, 41.07025], [-90.949322, 41.074484], [-90.948027, 41.087392], [-90.94626, 41.09473], [-90.946625, 41.096627999999995], [-90.95726499999999, 41.111067], [-90.965908, 41.119558999999995], [-90.970856, 41.130109], [-90.981327, 41.142675], [-90.989662, 41.155707]]]}, "properties": {"GEOID": "17131", "NAME": "Mercer", "suicide_rate": 23.9, "suicide_rate_ci_low": 14.1, "suicide_rate_ci_high": 37.7, "suicide_deaths": 20, "frequent_mental_distress_pct": 17.6, "frequent_mental_distress_ci_low": 15.6, "frequent_mental_distress_ci_high": 19.9, "uninsured_pct": 6.4, "uninsured_ci_low": 5.3, "uninsured_ci_high": 7.6, "facility_count": 0, "facilities_per_100k": 0.0}}, {"type": "Feature", "geometry": {"type": "Polygon", "coordinates": [[[-88.806795, 38.911584999999995], [-88.805325, 39.216263], [-88.470906, 39.215029], [-88.47086499999999, 39.171462999999996], [-88.360654, 39.171118], [-88.36050399999999, 39.089872], [-88.36277899999999, 39.001228999999995], [-88.361745, 38.910847], [-88.598416, 38.915431999999996], [-88.687848, 38.914747999999996], [-88.806795, 38.911584999999995]]]}, "properties": {"GEOID": "17049", "NAME": "Effingham", "suicide_rate": 14.4, "suicide_rate_ci_low": 9.0, "suicide_rate_ci_high": 21.8, "suicide_deaths": 23, "frequent_mental_distress_pct": 16.6, "frequent_mental_distress_ci_low": 14.8, "frequent_mental_distress_ci_high": 18.6, "uninsured_pct": 5.6, "uninsured_ci_low": 4.4, "uninsured_ci_high": 6.8, "facility_count": 0, "facilities_per_100k": 0.0}}, {"type": "Feature", "geometry": {"type": "Polygon", "coordinates": [[[-88.47086499999999, 39.171462999999996], [-88.47082999999999, 39.374514999999995], [-88.453169, 39.373638], [-88.434164, 39.374390999999996], [-88.177877, 39.375034], [-88.14021199999999, 39.376211999999995], [-88.026521, 39.377545], [-88.02652499999999, 39.378605], [-88.012121, 39.378968], [-88.00776599999999, 39.173925], [-88.16349, 39.171597], [-88.47086499999999, 39.171462999999996]]]}, "properties": {"GEOID": "17035", "NAME": "Cumberland", "suicide_rate": null, "suicide_rate_ci_low": null, "suicide_rate_ci_high": null, "suicide_deaths": null, "frequent_mental_distress_pct": 18.3, "frequent_mental_distress_ci_low": 16.3, "frequent_mental_distress_ci_high": 20.3, "uninsured_pct": 5.8, "uninsured_ci_low": 4.6, "uninsured_ci_high": 7.0, "facility_count": 1, "facilities_per_100k": 9.7}}, {"type": "Feature", "geometry": {"type": "Polygon", "coordinates": [[[-87.94677, 39.083853999999995], [-87.948163, 39.083829], [-87.950385, 39.174882], [-87.746174, 39.17922], [-87.747096, 39.172391], [-87.656919, 39.172179], [-87.657018, 39.15786], [-87.62879799999999, 39.157513], [-87.627713, 39.154906], [-87.629713, 39.153394], [-87.632398, 39.152954], [-87.634379, 39.153419], [-87.63744299999999, 39.156773], [-87.642175, 39.157097], [-87.64497, 39.154301], [-87.652782, 39.149435], [-87.653201, 39.143992999999995], [-87.65820099999999, 39.138404], [-87.658745, 39.135996999999996], [-87.65811099999999, 39.134934], [-87.655239, 39.132283], [-87.64314499999999, 39.128561999999995], [-87.64217, 39.123211999999995], [-87.636927, 39.123104], [-87.63510000000001, 39.122298], [-87.634971, 39.120089], [-87.63651399999999, 39.117661], [-87.64089899999999, 39.115283], [-87.640761, 39.114371999999996], [-87.651022, 39.116439], [-87.654859, 39.112393999999995], [-87.654636, 39.109111], [-87.652796, 39.106839], [-87.64707, 39.104268], [-87.63858499999999, 39.105894], [-87.628686, 39.10449], [-87.61838499999999, 39.104284], [-87.615684, 39.103316], [-87.613996, 39.100995], [-87.61430899999999, 39.097778], [-87.615465, 39.095771], [-87.620387, 39.091522], [-87.62114199999999, 39.088966], [-87.62025799999999, 39.086572], [-87.614171, 39.081784], [-87.601101, 39.081405], [-87.596373, 39.079639], [-87.591515, 39.073181], [-87.583546, 39.067947], [-87.57870199999999, 39.061698], [-87.572588, 39.057286], [-87.57229, 39.050587], [-87.574728, 39.046929], [-87.580207, 39.04194], [-87.580373, 39.040707], [-87.579512, 39.038401], [-87.57502699999999, 39.034062], [-87.569875, 39.023105], [-87.569696, 39.019413], [-87.57376099999999, 39.008683999999995], [-87.579117, 39.001607], [-87.57825799999999, 38.998762], [-87.576565, 38.997026999999996], [-87.56820499999999, 38.993705], [-87.561976, 38.994198], [-87.56042699999999, 38.992425], [-87.562043, 38.989469], [-87.563966, 38.988802], [-87.573402, 38.991429], [-87.576984, 38.99127], [-87.578493, 38.989748999999996], [-87.576531, 38.986711], [-87.557985, 38.980686999999996], [-87.548034, 38.978504], [-87.542493, 38.975598999999995], [-87.529496, 38.971925], [-87.527002, 38.96883], [-87.524335, 38.962964], [-87.519173, 38.958909999999996], [-87.513346, 38.956], [-87.512187, 38.954417], [-87.513598, 38.948795], [-87.521765, 38.941117], [-87.52123999999999, 38.93889], [-87.51665799999999, 38.933479999999996], [-87.51869599999999, 38.928326999999996], [-87.51882599999999, 38.923204999999996], [-87.520634, 38.921665], [-87.52605799999999, 38.921355], [-87.527715, 38.919232], [-87.526033, 38.913606], [-87.52788699999999, 38.909200999999996], [-87.52764499999999, 38.907688], [-87.52431399999999, 38.905194], [-87.517732, 38.905671999999996], [-87.516831, 38.903697], [-87.518008, 38.902705], [-87.532101, 38.901717], [-87.533695, 38.900957], [-87.536591, 38.895565999999995], [-87.534342, 38.891296], [-87.535955, 38.886993], [-87.537596, 38.889551], [-87.53912199999999, 38.896119], [-87.541628, 38.896381], [-87.544089, 38.895092999999996], [-87.54513, 38.891467], [-87.544292, 38.888953], [-87.53828, 38.885799], [-87.534992, 38.880593999999995], [-87.534919, 38.878873999999996], [-87.536816, 38.877407999999996], [-87.545203, 38.876729999999995], [-87.54737, 38.875614], [-87.54761099999999, 38.872516], [-87.54695699999999, 38.871184], [-87.54260599999999, 38.866641], [-87.543188, 38.864214], [-87.54571899999999, 38.863029999999995], [-87.552066, 38.864511], [-87.553384, 38.863344], [-87.553106, 38.861411], [-87.55051499999999, 38.859559999999995], [-87.53724799999999, 38.853592], [-87.531145, 38.852506999999996], [-87.575801, 38.85239], [-87.575808, 38.851698999999996], [-87.684141, 38.852179], [-87.78701099999999, 38.848856999999995], [-87.786568, 38.850046], [-87.94591899999999, 38.850148], [-87.945065, 38.923099], [-87.94677, 39.083853999999995]]]}, "properties": {"GEOID": "17033", "NAME": "Crawford", "suicide_rate": 13.7, "suicide_rate_ci_low": 6.8, "suicide_rate_ci_high": 24.4, "suicide_deaths": 12, "frequent_mental_distress_pct": 18.4, "frequent_mental_distress_ci_low": 16.5, "frequent_mental_distress_ci_high": 20.4, "uninsured_pct": 7.0, "uninsured_ci_low": 5.5, "uninsured_ci_high": 8.4, "facility_count": 0, "facilities_per_100k": 0.0}}, {"type": "Feature", "geometry": {"type": "Polygon", "coordinates": [[[-90.446891, 40.540878], [-90.444339, 40.714867999999996], [-89.986064, 40.712361], [-89.989018, 40.625834999999995], [-89.87368, 40.624975], [-89.874393, 40.581495], [-89.87422, 40.580648], [-89.87216099999999, 40.580583], [-89.872463, 40.513127], [-89.877628, 40.509903], [-89.882194, 40.505402], [-89.88435799999999, 40.500039], [-89.884565, 40.49554], [-89.887379, 40.483063], [-89.88793, 40.474655999999996], [-89.89686999999999, 40.467161], [-89.903269, 40.459205], [-89.90491899999999, 40.455973], [-89.906449, 40.447759], [-89.911563, 40.442602], [-89.916814, 40.438716], [-89.939375, 40.430152], [-89.955176, 40.420184], [-89.975352, 40.404472999999996], [-89.977589, 40.401997], [-89.98153099999999, 40.394619999999996], [-89.983758, 40.392635999999996], [-89.994911, 40.390668999999995], [-90.00644199999999, 40.385213], [-90.021776, 40.379993999999996], [-90.03302599999999, 40.377806], [-90.03795, 40.375040999999996], [-90.04479099999999, 40.36743], [-90.051649, 40.352177], [-90.052796, 40.347476], [-90.05006499999999, 40.340123], [-90.049853, 40.337406], [-90.053106, 40.327925], [-90.055559, 40.32524], [-90.065122, 40.319193999999996], [-90.06871, 40.313888], [-90.067915, 40.304116], [-90.06873999999999, 40.2961], [-90.070622, 40.293192], [-90.07551699999999, 40.289277], [-90.08408, 40.278863], [-90.094072, 40.268895], [-90.09667999999999, 40.266684999999995], [-90.10503299999999, 40.263078], [-90.107293, 40.2609], [-90.110875, 40.255255], [-90.117639, 40.237727], [-90.120734, 40.233000000000004], [-90.127482, 40.22697], [-90.13600000000001, 40.223197], [-90.157961, 40.219654999999996], [-90.168589, 40.21345], [-90.171078, 40.211003999999996], [-90.174844, 40.201729], [-90.176293, 40.199920999999996], [-90.183633, 40.194496], [-90.193528, 40.192074999999996], [-90.196078, 40.189839], [-90.199635, 40.183811999999996], [-90.335663, 40.187723], [-90.451916, 40.188803], [-90.448269, 40.371545], [-90.446891, 40.540878]]]}, "properties": {"GEOID": "17057", "NAME": "Fulton", "suicide_rate": 14.0, "suicide_rate_ci_low": 8.8, "suicide_rate_ci_high": 20.9, "suicide_deaths": 25, "frequent_mental_distress_pct": 18.7, "frequent_mental_distress_ci_low": 16.6, "frequent_mental_distress_ci_high": 20.8, "uninsured_pct": 7.3, "uninsured_ci_low": 6.0, "uninsured_ci_high": 8.6, "facility_count": 0, "facilities_per_100k": 0.0}}, {"type": "Feature", "geometry": {"type": "Polygon", "coordinates": [[[-89.699276, 39.348048], [-89.701661, 39.523316], [-89.533655, 39.524592], [-89.530836, 39.348864], [-89.13980699999999, 39.348887999999995], [-89.13946399999999, 39.217773], [-89.250513, 39.217512], [-89.250309, 39.028185], [-89.41760599999999, 39.027632], [-89.586344, 39.028329], [-89.586092, 38.999455999999995], [-89.698555, 38.998979], [-89.700165, 39.170065], [-89.70369199999999, 39.34803], [-89.699276, 39.348048]]]}, "properties": {"GEOID": "17135", "NAME": "Montgomery", "suicide_rate": 19.4, "suicide_rate_ci_low": 12.7, "suicide_rate_ci_high": 28.4, "suicide_deaths": 28, "frequent_mental_distress_pct": 17.9, "frequent_mental_distress_ci_low": 15.9, "frequent_mental_distress_ci_high": 20, "uninsured_pct": 7.7, "uninsured_ci_low": 6.3, "uninsured_ci_high": 9.0, "facility_count": 1, "facilities_per_100k": 3.6}}, {"type": "Feature", "geometry": {"type": "Polygon", "coordinates": [[[-89.142135, 39.801272999999995], [-89.15146299999999, 39.801249999999996], [-89.151474, 39.804792], [-89.160747, 39.804705999999996], [-89.16075, 39.805353], [-89.164997, 39.807914], [-89.16924499999999, 39.809684999999995], [-89.170305, 39.811924], [-89.179852, 39.811893], [-89.179856, 39.815439], [-89.18455499999999, 39.815447999999996], [-89.18818999999999, 39.817524], [-89.189253, 39.817473], [-89.189244, 39.815456], [-89.212775, 39.815477], [-89.212773, 39.813665], [-89.217473, 39.813666], [-89.217846, 39.91699], [-89.143451, 39.917646999999995], [-89.144764, 40.048853], [-89.028993, 40.049839999999996], [-88.918263, 40.053186], [-88.803035, 40.055341], [-88.745164, 40.055191], [-88.745671, 39.792145999999995], [-88.75865999999999, 39.792066999999996], [-88.75784, 39.739906999999995], [-88.812709, 39.740486], [-88.810575, 39.653222], [-88.920704, 39.652678], [-89.025691, 39.654637], [-89.13912499999999, 39.655131], [-89.142135, 39.801272999999995]]]}, "properties": {"GEOID": "17115", "NAME": "Macon", "suicide_rate": 12.6, "suicide_rate_ci_low": 9.7, "suicide_rate_ci_high": 16.1, "suicide_deaths": 72, "frequent_mental_distress_pct": 18.9, "frequent_mental_distress_ci_low": 17.1, "frequent_mental_distress_ci_high": 21, "uninsured_pct": 6.4, "uninsured_ci_low": 5.4, "uninsured_ci_high": 7.5, "facility_count": 3, "facilities_per_100k": 3.0}}, {"type": "Feature", "geometry": {"type": "Polygon", "coordinates": [[[-89.138908, 38.038176], [-89.13690799999999, 38.038725], [-89.13638, 38.039944], [-89.139832, 38.043484], [-89.138134, 38.044323], [-89.138851, 38.047041], [-89.137755, 38.047295999999996], [-89.13494299999999, 38.044815], [-89.133262, 38.04728], [-89.131125, 38.047022999999996], [-89.13042899999999, 38.047768], [-89.13412699999999, 38.048806], [-89.132999, 38.050478], [-89.132635, 38.054604], [-89.131106, 38.054943], [-89.132037, 38.052492], [-89.13154999999999, 38.052175999999996], [-89.126924, 38.053011], [-89.12652299999999, 38.053705], [-89.127388, 38.055369999999996], [-89.12508, 38.054871], [-89.122675, 38.056458], [-89.12357999999999, 38.057567999999996], [-89.12331499999999, 38.058889], [-89.121932, 38.059225], [-89.121887, 38.057660999999996], [-89.12118099999999, 38.057626], [-89.11839599999999, 38.059422], [-89.11848499999999, 38.060255999999995], [-89.119654, 38.0593], [-89.121729, 38.0601], [-89.121928, 38.061316999999995], [-89.120824, 38.062064], [-89.11896999999999, 38.061437999999995], [-89.117138, 38.063264], [-89.117291, 38.06429], [-89.118617, 38.065011], [-89.119373, 38.064721], [-89.118488, 38.062835], [-89.11976, 38.063646999999996], [-89.121105, 38.062922], [-89.12355699999999, 38.063677], [-89.12352, 38.064879999999995], [-89.121714, 38.064938], [-89.118875, 38.067040999999996], [-89.119096, 38.067620999999995], [-89.12060799999999, 38.067346], [-89.121124, 38.068563999999995], [-89.122507, 38.068912], [-89.123336, 38.070087], [-89.122903, 38.070783], [-89.119552, 38.069472], [-89.118404, 38.070011], [-89.12032599999999, 38.071321999999995], [-89.118725, 38.072497], [-89.120809, 38.073356], [-89.119025, 38.074318], [-89.120086, 38.075677999999996], [-89.119404, 38.07731], [-89.12234, 38.080121], [-89.12272, 38.082294], [-89.12205499999999, 38.083261], [-89.120814, 38.081855], [-89.119439, 38.081831], [-89.12094499999999, 38.083819], [-89.120819, 38.084945999999995], [-89.117226, 38.084613], [-89.11546899999999, 38.085679], [-89.11768, 38.087232], [-89.116931, 38.089006999999995], [-89.119232, 38.090291], [-89.115704, 38.092863], [-89.115371, 38.094097999999995], [-89.11793, 38.096309999999995], [-89.12129399999999, 38.096450999999995], [-89.12238599999999, 38.097812999999995], [-89.124416, 38.098487], [-89.12666999999999, 38.098146], [-89.12866199999999, 38.100888999999995], [-89.13502299999999, 38.101789], [-89.137616, 38.104847], [-89.13389699999999, 38.105821999999996], [-89.13241, 38.103408], [-89.131289, 38.103581999999996], [-89.131801, 38.104724999999995], [-89.131109, 38.105643], [-89.132072, 38.106539999999995], [-89.13065, 38.107538999999996], [-89.130636, 38.108799], [-89.129194, 38.109423], [-89.129837, 38.112044999999995], [-89.13183599999999, 38.112897], [-89.130434, 38.113465], [-89.12925299999999, 38.116811999999996], [-89.130648, 38.115963], [-89.132138, 38.118666999999995], [-89.129228, 38.122772999999995], [-89.129632, 38.124767], [-88.93071599999999, 38.125482999999996], [-88.851704, 38.126616999999996], [-88.704606, 38.125195], [-88.70625299999999, 38.004168], [-88.70675899999999, 37.863457], [-88.94798, 37.861993999999996], [-89.15117599999999, 37.861999], [-89.15083399999999, 37.950196], [-89.17759699999999, 37.950311], [-89.178343, 37.95225], [-89.17756299999999, 37.952836], [-89.175613, 37.952532], [-89.17379, 37.954068], [-89.16521, 37.954887], [-89.16189, 37.957356], [-89.160866, 37.959202], [-89.160714, 37.961914], [-89.155147, 37.967469], [-89.155385, 37.969353], [-89.15347299999999, 37.974537], [-89.153739, 37.977983], [-89.151972, 37.979276], [-89.149474, 37.979776], [-89.149827, 37.98225], [-89.14577799999999, 37.985724999999995], [-89.146626, 37.988839], [-89.143513, 37.990096], [-89.144036, 37.991548], [-89.142637, 37.992675999999996], [-89.14299199999999, 37.994049], [-89.14016199999999, 37.995453999999995], [-89.141599, 37.997129], [-89.140199, 37.999371], [-89.141015, 38.000688], [-89.143012, 38.001538], [-89.14238, 38.004114], [-89.14390399999999, 38.005773], [-89.14524399999999, 38.009229], [-89.144582, 38.011123999999995], [-89.142237, 38.011016999999995], [-89.14179, 38.012159], [-89.140146, 38.012867], [-89.14049899999999, 38.015969999999996], [-89.136072, 38.018029999999996], [-89.13683999999999, 38.021557], [-89.13846799999999, 38.022172], [-89.137597, 38.023444999999995], [-89.138746, 38.024316999999996], [-89.138252, 38.025349], [-89.14053799999999, 38.026627999999995], [-89.143018, 38.025983], [-89.142422, 38.029129999999995], [-89.144397, 38.028667], [-89.146861, 38.031137], [-89.14348, 38.032953], [-89.139054, 38.033834], [-89.14052099999999, 38.035332], [-89.138908, 38.038176]]]}, "properties": {"GEOID": "17055", "NAME": "Franklin", "suicide_rate": 24.2, "suicide_rate_ci_low": 17.5, "suicide_rate_ci_high": 32.6, "suicide_deaths": 47, "frequent_mental_distress_pct": 19.6, "frequent_mental_distress_ci_low": 17.6, "frequent_mental_distress_ci_high": 21.8, "uninsured_pct": 9.1, "uninsured_ci_low": 7.6, "uninsured_ci_high": 10.7, "facility_count": 4, "facilities_per_100k": 10.8}}, {"type": "Feature", "geometry": {"type": "Polygon", "coordinates": [[[-88.00776599999999, 39.173925], [-88.013944, 39.48079], [-87.90386, 39.481885999999996], [-87.778601, 39.485969], [-87.68897199999999, 39.487392], [-87.687345, 39.487311999999996], [-87.689172, 39.476756], [-87.53164, 39.477105], [-87.531646, 39.347888], [-87.53727099999999, 39.352089], [-87.54401299999999, 39.352906999999995], [-87.54815699999999, 39.34988], [-87.549478, 39.34774], [-87.550832, 39.342378], [-87.5544, 39.340488], [-87.560692, 39.338851], [-87.572132, 39.341443999999996], [-87.57833099999999, 39.340343], [-87.584852, 39.337329], [-87.589084, 39.333830999999996], [-87.596729, 39.322029], [-87.600656, 39.318529], [-87.60592, 39.311076], [-87.612606, 39.308566], [-87.620589, 39.307046], [-87.62093899999999, 39.303407], [-87.617786, 39.301257], [-87.614015, 39.300937999999995], [-87.60534799999999, 39.303217], [-87.597946, 39.299479], [-87.597545, 39.296388], [-87.599907, 39.293583], [-87.608753, 39.286688999999996], [-87.60976699999999, 39.284714], [-87.61005, 39.282232], [-87.608543, 39.277187], [-87.606394, 39.275898], [-87.601948, 39.275165], [-87.601393, 39.27439], [-87.601501, 39.272242], [-87.60557399999999, 39.262398], [-87.604947, 39.260211999999996], [-87.598135, 39.254093], [-87.594684, 39.248742], [-87.592394, 39.247146], [-87.58833899999999, 39.248703], [-87.584177, 39.254003999999995], [-87.580652, 39.255237], [-87.576836, 39.255458], [-87.573439, 39.254582], [-87.571321, 39.25082], [-87.57307399999999, 39.246693], [-87.57822399999999, 39.244794], [-87.579319, 39.243552], [-87.577609, 39.239184], [-87.574615, 39.223931], [-87.574558, 39.218404], [-87.577029, 39.211123], [-87.584977, 39.205276], [-87.585736, 39.203866], [-87.585725, 39.200396], [-87.58861399999999, 39.197824], [-87.594151, 39.194932], [-87.600099, 39.193441], [-87.603045, 39.191303999999995], [-87.605173, 39.185897], [-87.606293, 39.18513], [-87.60997599999999, 39.184042999999996], [-87.613064, 39.18418], [-87.61630699999999, 39.185849], [-87.619603, 39.186032], [-87.62114, 39.183898], [-87.621436, 39.181943], [-87.620796, 39.17479], [-87.619404, 39.172066], [-87.620521, 39.17033], [-87.627832, 39.168994], [-87.63649, 39.168833], [-87.640434, 39.166727], [-87.642065, 39.162476999999996], [-87.640856, 39.159867], [-87.630375, 39.158339999999995], [-87.62879799999999, 39.157513], [-87.657018, 39.15786], [-87.656919, 39.172179], [-87.747096, 39.172391], [-87.746174, 39.17922], [-88.00776599999999, 39.173925]]]}, "properties": {"GEOID": "17023", "NAME": "Clark", "suicide_rate": 17.5, "suicide_rate_ci_low": 9.3, "suicide_rate_ci_high": 29.9, "suicide_deaths": 15, "frequent_mental_distress_pct": 16.8, "frequent_mental_distress_ci_low": 15, "frequent_mental_distress_ci_high": 18.6, "uninsured_pct": 6.8, "uninsured_ci_low": 5.5, "uninsured_ci_high": 8.1, "facility_count": 1, "facilities_per_100k": 6.6}}, {"type": "Feature", "geometry": {"type": "Polygon", "coordinates": [[[-90.337631, 41.661494], [-90.334525, 41.679559], [-90.333274, 41.681322], [-90.33022199999999, 41.683954], [-90.31834599999999, 41.690835], [-90.314191, 41.695913], [-90.312924, 41.700496], [-90.312893, 41.707527999999996], [-90.317421, 41.718333], [-90.317668, 41.722688999999995], [-90.31554899999999, 41.734426], [-90.309973, 41.74342], [-90.302782, 41.750031], [-90.278633, 41.767358], [-90.264696, 41.771474999999995], [-90.258622, 41.775295], [-90.24238, 41.782964], [-90.242015, 41.77688], [-90.244992, 41.771721], [-90.244642, 41.767398], [-90.24725, 41.764948], [-90.24717, 41.762609], [-90.24306299999999, 41.762547], [-90.242122, 41.764814], [-90.240122, 41.764963], [-90.236773, 41.762598], [-90.238084, 41.761064999999995], [-90.242752, 41.759958999999995], [-90.246714, 41.75476], [-90.247917, 41.746877], [-90.24671099999999, 41.745577999999995], [-90.244125, 41.745587], [-90.24316999999999, 41.744321], [-90.244424, 41.742551], [-90.24426799999999, 41.740383], [-90.242126, 41.740500000000004], [-90.23942699999999, 41.742484999999995], [-90.236509, 41.740747], [-90.23470499999999, 41.736111], [-90.23604499999999, 41.731843999999995], [-90.238677, 41.729158], [-90.23866699999999, 41.727264999999996], [-90.234083, 41.725010999999995], [-90.234697, 41.720464], [-90.23935, 41.714005], [-90.238164, 41.711175999999995], [-90.240607, 41.709900000000005], [-90.23983899999999, 41.706688], [-90.242167, 41.704800999999996], [-90.24521399999999, 41.704701], [-90.245713, 41.703537], [-90.244028, 41.701732], [-90.237155, 41.699566], [-90.23663499999999, 41.696312999999996], [-90.23308399999999, 41.696714], [-90.23115899999999, 41.69576], [-90.23083299999999, 41.694583], [-90.23245999999999, 41.693000999999995], [-90.23205, 41.691862], [-90.228066, 41.693007], [-90.22679, 41.692521], [-90.22740499999999, 41.688289999999995], [-90.226154, 41.686944], [-90.22686, 41.683484], [-90.229219, 41.682126], [-90.23055599999999, 41.682564], [-90.232483, 41.681474], [-90.234928, 41.681377], [-90.236182, 41.679496], [-90.232703, 41.676573], [-90.230538, 41.676294], [-90.228172, 41.674642999999996], [-90.189532, 41.663374], [-90.18165599999999, 41.657882], [-90.17370000000001, 41.654959999999996], [-90.171705, 41.652991], [-90.170288, 41.648696], [-90.16477599999999, 41.647689], [-90.161233, 41.643927], [-90.163814, 41.639216999999995], [-90.173913, 41.640069], [-90.173243, 41.637401], [-90.162465, 41.635526], [-90.15987799999999, 41.630494999999996], [-90.16037299999999, 41.626144], [-90.162061, 41.621562], [-90.160687, 41.617866], [-90.162464, 41.616336], [-90.161749, 41.615148], [-90.166116, 41.609801999999995], [-90.16505699999999, 41.602933], [-90.165613, 41.601088999999995], [-90.16502, 41.596041], [-90.166704, 41.593502], [-90.169248, 41.592175], [-90.174476, 41.591156999999995], [-90.181412, 41.590993], [-90.185814, 41.588466], [-90.186253, 41.58634], [-90.185609, 41.584652999999996], [-90.18005199999999, 41.578716], [-90.179098, 41.573487], [-90.180652, 41.566900000000004], [-90.184991, 41.555457], [-90.192498, 41.543213], [-90.195324, 41.540686], [-90.21901799999999, 41.5372], [-90.222459, 41.53557], [-90.224167, 41.531417999999995], [-90.225842, 41.529917], [-90.231545, 41.529036], [-90.24078, 41.525088], [-90.250123, 41.522755], [-90.26052299999999, 41.521533999999996], [-90.26832399999999, 41.522134], [-90.279324, 41.520334], [-90.28922399999999, 41.520334], [-90.29707599999999, 41.518207], [-90.304716, 41.517790999999995], [-90.312094, 41.510591], [-90.31505899999999, 41.509204], [-90.318733, 41.508897999999995], [-90.32021399999999, 41.509989999999995], [-90.333889, 41.514085], [-90.341245, 41.511379], [-90.35223099999999, 41.508832], [-90.364227, 41.502834], [-90.369427, 41.496734], [-90.37302799999999, 41.484634], [-90.376528, 41.478733999999996], [-90.380382, 41.476675], [-90.387328, 41.476434], [-90.396028, 41.469733999999995], [-90.404229, 41.464833999999996], [-90.421129, 41.457634], [-90.43193, 41.456834], [-90.433737, 41.326989], [-90.54006799999999, 41.326995], [-90.61699399999999, 41.328199], [-90.75014, 41.328834], [-90.894753, 41.332163], [-91.07207, 41.333361], [-91.070498, 41.34627], [-91.066232, 41.366367], [-91.065058, 41.369101], [-91.05158, 41.385283], [-91.050328, 41.400048999999996], [-91.047642, 41.41131], [-91.043988, 41.415897], [-91.039872, 41.418523], [-91.02778699999999, 41.423603], [-91.00584599999999, 41.426134999999995], [-90.985886, 41.433689], [-90.979815, 41.434321], [-90.97418499999999, 41.433712], [-90.970173, 41.431238], [-90.96209499999999, 41.429327], [-90.954735, 41.42561], [-90.94979099999999, 41.424163], [-90.930016, 41.421403999999995], [-90.924343, 41.42286], [-90.91935099999999, 41.425588999999995], [-90.900471, 41.431154], [-90.890676, 41.435488], [-90.860626, 41.451392999999996], [-90.85360399999999, 41.453908999999996], [-90.846558, 41.455141], [-90.835359, 41.455574999999996], [-90.824736, 41.454467], [-90.798931, 41.454025], [-90.773417, 41.450882], [-90.74594599999999, 41.449729999999995], [-90.73753699999999, 41.450126999999995], [-90.70115899999999, 41.454743], [-90.690951, 41.456643], [-90.676439, 41.460831999999996], [-90.66623899999999, 41.460632], [-90.655839, 41.462132], [-90.650238, 41.465032], [-90.632538, 41.478732], [-90.61853699999999, 41.485032], [-90.605936, 41.494232], [-90.604237, 41.497032], [-90.602137, 41.506032], [-90.595237, 41.511032], [-90.586236, 41.514232], [-90.571136, 41.516332], [-90.567236, 41.517531999999996], [-90.556235, 41.524232], [-90.54093499999999, 41.526133], [-90.533035, 41.524933], [-90.513134, 41.519532999999996], [-90.500633, 41.518032999999996], [-90.47433199999999, 41.519732999999995], [-90.461432, 41.523533], [-90.44523099999999, 41.536133], [-90.43273099999999, 41.549533], [-90.42223, 41.554232999999996], [-90.41583, 41.562933], [-90.412825, 41.565329], [-90.39793, 41.572233], [-90.381329, 41.576633], [-90.364128, 41.579633], [-90.343228, 41.587832999999996], [-90.341528, 41.590633], [-90.339528, 41.598633], [-90.343452, 41.646958999999995], [-90.337631, 41.661494]]]}, "properties": {"GEOID": "17161", "NAME": "Rock Island", "suicide_rate": 16.0, "suicide_rate_ci_low": 13.0, "suicide_rate_ci_high": 19.1, "suicide_deaths": 115, "frequent_mental_distress_pct": 16.7, "frequent_mental_distress_ci_low": 15, "frequent_mental_distress_ci_high": 18.6, "uninsured_pct": 8.9, "uninsured_ci_low": 7.4, "uninsured_ci_high": 10.3, "facility_count": 4, "facilities_per_100k": 2.8}}, {"type": "Feature", "geometry": {"type": "Polygon", "coordinates": [[[-88.60361999999999, 41.719546], [-88.261275, 41.724655999999996], [-88.25939199999999, 41.643465], [-88.252231, 41.463066], [-88.481681, 41.457902999999995], [-88.595961, 41.457128999999995], [-88.59930299999999, 41.555592999999995], [-88.600634, 41.5703], [-88.600214, 41.575261], [-88.60224, 41.631389], [-88.60361999999999, 41.719546]]]}, "properties": {"GEOID": "17093", "NAME": "Kendall", "suicide_rate": 11.4, "suicide_rate_ci_low": 8.9, "suicide_rate_ci_high": 14.3, "suicide_deaths": 74, "frequent_mental_distress_pct": 14.7, "frequent_mental_distress_ci_low": 13, "frequent_mental_distress_ci_high": 16.6, "uninsured_pct": 6.4, "uninsured_ci_low": 5.3, "uninsured_ci_high": 7.4, "facility_count": 2, "facilities_per_100k": 1.4}}, {"type": "Feature", "geometry": {"type": "Polygon", "coordinates": [[[-88.23819, 42.067246999999995], [-88.238449, 42.154249], [-87.76051552799416, 42.152270298303506], [-87.75789011750643, 42.147169500784486], [-87.75582956861652, 42.13657239220774], [-87.7515612887731, 42.12509219124962], [-87.7421416367049, 42.11596690330853], [-87.73272198463668, 42.1083134360031], [-87.72845370479327, 42.10213178933333], [-87.72300796844134, 42.09683323504498], [-87.68753709112197, 42.08505866995969], [-87.68061953413438, 42.078582659162805], [-87.67561534397313, 42.07063482773026], [-87.66707878428632, 42.05150115946668], [-87.66133868380724, 42.03295621945739], [-87.64838666221345, 41.9446469813179], [-87.61850870330959, 41.893427623197], [-87.59466520901192, 41.8201309555412], [-87.57759208963829, 41.788633993938106], [-87.52404978865606, 41.73077073533276], [-87.525705, 41.470282999999995], [-87.790303, 41.469846], [-87.790323, 41.538404], [-87.79036599999999, 41.539649999999995], [-87.792132, 41.538309], [-87.79279299999999, 41.55854], [-87.90937799999999, 41.556881], [-87.91193, 41.643933], [-88.027688, 41.641506], [-88.028973, 41.685241999999995], [-87.982152, 41.686077999999995], [-87.97916599999999, 41.687332], [-87.97525999999999, 41.686533], [-87.971626, 41.687250999999996], [-87.966674, 41.686741999999995], [-87.95567199999999, 41.693024], [-87.947374, 41.695412], [-87.94230499999999, 41.698918], [-87.941783, 41.703035], [-87.93676099999999, 41.705307], [-87.934226, 41.708456999999996], [-87.930286, 41.710063999999996], [-87.927239, 41.712634], [-87.924917, 41.712995], [-87.921532, 41.716238], [-87.914264, 41.716598], [-87.91763499999999, 41.804742999999995], [-87.919764, 41.839607], [-87.919395, 41.854039], [-87.920417, 41.864129999999996], [-87.920476, 41.993885999999996], [-88.031449, 41.992526999999995], [-88.145921, 41.988216], [-88.262875, 41.986377999999995], [-88.26364099999999, 42.066873], [-88.23819, 42.067246999999995]]]}, "properties": {"GEOID": "17031", "NAME": "Cook", "suicide_rate": 8.8, "suicide_rate_ci_low": 8.5, "suicide_rate_ci_high": 9.2, "suicide_deaths": 2383, "frequent_mental_distress_pct": 15.3, "frequent_mental_distress_ci_low": 13.9, "frequent_mental_distress_ci_high": 16.9, "uninsured_pct": 11.9, "uninsured_ci_low": 11.4, "uninsured_ci_high": 12.4, "facility_count": 180, "facilities_per_100k": 3.5}}, {"type": "Feature", "geometry": {"type": "Polygon", "coordinates": [[[-88.373525, 37.702681999999996], [-88.374521, 37.908391], [-88.35719, 37.908519999999996], [-88.356935, 37.909082999999995], [-88.136538, 37.907737], [-88.135981, 37.907795], [-88.135887, 37.916118], [-88.124085, 37.909416], [-88.115083, 37.906755], [-88.110574, 37.904196], [-88.106662, 37.900406], [-88.10265799999999, 37.89826], [-88.10135799999999, 37.894535999999995], [-88.096842, 37.892922999999996], [-88.09856599999999, 37.889986], [-88.095888, 37.889677], [-88.093049, 37.891604], [-88.084385, 37.885582], [-88.07852899999999, 37.879118], [-88.067364, 37.856051], [-88.06503599999999, 37.853172], [-88.05942499999999, 37.848732], [-88.049453, 37.845186999999996], [-88.033309, 37.841916999999995], [-88.028217, 37.838584999999995], [-88.025921, 37.832694], [-88.02869299999999, 37.827109], [-88.033011, 37.824383], [-88.043831, 37.821525], [-88.06101199999999, 37.823015], [-88.076427, 37.830239], [-88.079464, 37.830991], [-88.08572699999999, 37.829388], [-88.090092, 37.825641999999995], [-88.091848, 37.822108], [-88.09003899999999, 37.816770999999996], [-88.085161, 37.813184], [-88.077029, 37.804992999999996], [-88.07066999999999, 37.801704], [-88.06418099999999, 37.800430999999996], [-88.059662, 37.801196], [-88.04575299999999, 37.808129], [-88.037623, 37.809864], [-88.0329, 37.80862], [-88.02981799999999, 37.806273999999995], [-88.028477, 37.804417], [-88.02802, 37.799197], [-88.03159, 37.797075], [-88.036316, 37.791157], [-88.038589, 37.784506], [-88.040837, 37.771926], [-88.04246499999999, 37.767317999999996], [-88.049183, 37.755072999999996], [-88.051615, 37.751815], [-88.056263, 37.747982], [-88.059333, 37.742967], [-88.070314, 37.733323], [-88.074698, 37.732392], [-88.078058, 37.730407], [-88.083299, 37.729341], [-88.095708, 37.723214999999996], [-88.100751, 37.718613], [-88.11668999999999, 37.712866], [-88.121522, 37.710243], [-88.12499299999999, 37.707223], [-88.132093, 37.697482], [-88.134215, 37.691539999999996], [-88.145138, 37.682994], [-88.150547, 37.676753], [-88.159157, 37.662611], [-88.16030099999999, 37.655775], [-88.158748, 37.649063999999996], [-88.158292, 37.63919], [-88.157068, 37.633275], [-88.152563, 37.622611], [-88.141865, 37.603251], [-88.140681, 37.599717999999996], [-88.14184999999999, 37.599672999999996], [-88.142383, 37.592431999999995], [-88.140783, 37.585217], [-88.134281, 37.574636], [-88.140425, 37.575343], [-88.146721, 37.573189], [-88.15267899999999, 37.573813], [-88.157963, 37.577514], [-88.162813, 37.587467], [-88.16769099999999, 37.592689], [-88.179677, 37.599228], [-88.375434, 37.599595], [-88.373525, 37.702681999999996]]]}, "properties": {"GEOID": "17059", "NAME": "Gallatin", "suicide_rate": null, "suicide_rate_ci_low": null, "suicide_rate_ci_high": null, "suicide_deaths": null, "frequent_mental_distress_pct": 20.1, "frequent_mental_distress_ci_low": 18.7, "frequent_mental_distress_ci_high": 21.5, "uninsured_pct": 7.3, "uninsured_ci_low": 6.0, "uninsured_ci_high": 8.6, "facility_count": 1, "facilities_per_100k": 21.4}}, {"type": "Feature", "geometry": {"type": "Polygon", "coordinates": [[[-89.632379, 41.671561], [-89.62933, 41.901616999999995], [-89.47998899999999, 41.902502], [-89.478366, 41.906968], [-89.476197, 41.909290999999996], [-89.471407, 41.911339999999996], [-89.465555, 41.911705999999995], [-89.45478399999999, 41.909895999999996], [-89.446483, 41.909816], [-89.43567999999999, 41.907401], [-89.42771599999999, 41.907757], [-89.423208, 41.906085999999995], [-89.421712, 41.90436], [-89.422325, 41.899642], [-89.43058599999999, 41.896589], [-89.43189699999999, 41.894276], [-89.41376, 41.885463], [-89.411191, 41.887285999999996], [-89.411936, 41.893909], [-89.410489, 41.894987], [-89.408063, 41.895348999999996], [-89.40542699999999, 41.897380999999996], [-89.402194, 41.900822999999995], [-89.40208299999999, 41.902276], [-89.398665, 41.902266], [-89.398652, 41.902833], [-89.36039199999999, 41.902615999999995], [-89.36057799999999, 41.888017999999995], [-89.283391, 41.887919], [-88.941323, 41.891780999999995], [-88.94166, 41.717503], [-88.940317, 41.716772], [-88.938679, 41.628316], [-89.052011, 41.626704], [-89.16714999999999, 41.628657], [-89.166561, 41.585288999999996], [-89.63149399999999, 41.584948999999995], [-89.632379, 41.671561]]]}, "properties": {"GEOID": "17103", "NAME": "Lee", "suicide_rate": 18.7, "suicide_rate_ci_low": 12.7, "suicide_rate_ci_high": 26.5, "suicide_deaths": 34, "frequent_mental_distress_pct": 18.4, "frequent_mental_distress_ci_low": 16.5, "frequent_mental_distress_ci_high": 20.4, "uninsured_pct": 6.5, "uninsured_ci_low": 5.3, "uninsured_ci_high": 7.7, "facility_count": 4, "facilities_per_100k": 11.9}}, {"type": "Feature", "geometry": {"type": "Polygon", "coordinates": [[[-88.938935, 42.065097], [-88.93973199999999, 42.152319999999996], [-88.79413, 42.153512], [-88.588657, 42.15359], [-88.58833, 42.066462], [-88.601958, 42.066469], [-88.601289, 41.981473], [-88.602566, 41.806847], [-88.601933, 41.719563], [-88.60361999999999, 41.719546], [-88.60224, 41.631389], [-88.702787, 41.630792], [-88.706158, 41.630189], [-88.818462, 41.631352], [-88.938679, 41.628316], [-88.940317, 41.716772], [-88.94166, 41.717503], [-88.941279, 41.891752], [-88.942146, 42.06505], [-88.938935, 42.065097]]]}, "properties": {"GEOID": "17037", "NAME": "DeKalb", "suicide_rate": 12.8, "suicide_rate_ci_low": 9.7, "suicide_rate_ci_high": 16.5, "suicide_deaths": 62, "frequent_mental_distress_pct": 17, "frequent_mental_distress_ci_low": 15.1, "frequent_mental_distress_ci_high": 18.8, "uninsured_pct": 7.6, "uninsured_ci_low": 6.3, "uninsured_ci_high": 8.9, "facility_count": 6, "facilities_per_100k": 6.0}}, {"type": "Feature", "geometry": {"type": "Polygon", "coordinates": [[[-89.985479, 40.974495], [-89.98455899999999, 41.149394], [-89.868152, 41.149493], [-89.86779299999999, 41.234429999999996], [-89.638708, 41.233861999999995], [-89.638727, 40.973707], [-89.869388, 40.975032999999996], [-89.985479, 40.974495]]]}, "properties": {"GEOID": "17175", "NAME": "Stark", "suicide_rate": null, "suicide_rate_ci_low": null, "suicide_rate_ci_high": null, "suicide_deaths": null, "frequent_mental_distress_pct": 18.6, "frequent_mental_distress_ci_low": 16.6, "frequent_mental_distress_ci_high": 20.8, "uninsured_pct": 8.3, "uninsured_ci_low": 6.8, "uninsured_ci_high": 9.9, "facility_count": 0, "facilities_per_100k": 0.0}}, {"type": "Feature", "geometry": {"type": "Polygon", "coordinates": [[[-91.487122, 40.022692], [-91.494981, 40.036944999999996], [-91.489606, 40.057435], [-91.497663, 40.078257], [-91.50143399999999, 40.095852], [-91.504851, 40.104203], [-91.50824, 40.118945], [-91.51083899999999, 40.126137], [-91.510386, 40.131115], [-91.511676, 40.139227], [-91.51159, 40.149269], [-91.508224, 40.157665], [-91.511956, 40.170441], [-91.512974, 40.181062], [-91.511073, 40.188794], [-91.50476499999999, 40.196737], [-91.505061, 40.199925], [-91.39755799999999, 40.199493], [-91.145298, 40.195537], [-90.911969, 40.193087999999996], [-90.914688, 40.018091999999996], [-90.914406, 39.944254], [-90.91470199999999, 39.930054999999996], [-90.916528, 39.916618], [-90.917036, 39.902071], [-90.915961, 39.757200000000005], [-91.20313, 39.75689], [-91.36512499999999, 39.758722999999996], [-91.365906, 39.764956], [-91.36569399999999, 39.77491], [-91.364848, 39.779388], [-91.361744, 39.785078999999996], [-91.361571, 39.787548], [-91.363444, 39.792804], [-91.367966, 39.800402999999996], [-91.376488, 39.810033], [-91.383707, 39.8146], [-91.393413, 39.81991], [-91.40006799999999, 39.822520999999995], [-91.407793, 39.827580999999995], [-91.430402, 39.838902], [-91.433798, 39.841865], [-91.436529, 39.847077999999996], [-91.44134299999999, 39.861982999999995], [-91.446685, 39.871642], [-91.44784399999999, 39.877950999999996], [-91.446922, 39.883033999999995], [-91.443513, 39.893583], [-91.420878, 39.914865], [-91.41987999999999, 39.916533], [-91.418807, 39.922126], [-91.41936, 39.927717], [-91.421266, 39.932096], [-91.425782, 39.937765], [-91.43709, 39.946417], [-91.44156, 39.951299], [-91.44723599999999, 39.959502], [-91.449806, 39.965278], [-91.454647, 39.971306], [-91.458852, 39.979015], [-91.46368299999999, 39.981845], [-91.46531499999999, 39.983995], [-91.469247, 39.995326999999996], [-91.474051, 40.002283], [-91.47636, 40.007725], [-91.48406399999999, 40.019332], [-91.487122, 40.022692]]]}, "properties": {"GEOID": "17001", "NAME": "Adams", "suicide_rate": 13.9, "suicide_rate_ci_low": 9.9, "suicide_rate_ci_high": 19.0, "suicide_deaths": 44, "frequent_mental_distress_pct": 18.3, "frequent_mental_distress_ci_low": 16.3, "frequent_mental_distress_ci_high": 20.2, "uninsured_pct": 6.5, "uninsured_ci_low": 5.4, "uninsured_ci_high": 7.6, "facility_count": 4, "facilities_per_100k": 6.2}}, {"type": "Feature", "geometry": {"type": "Polygon", "coordinates": [[[-88.126312, 40.79268], [-88.131935, 40.997777], [-87.982305, 41.000536], [-87.882576, 41.003648999999996], [-87.526208, 41.010341], [-87.52643599999999, 40.894154], [-87.525662, 40.827411], [-87.526366, 40.491237], [-87.652132, 40.488212], [-87.76351799999999, 40.488197], [-87.972454, 40.485659999999996], [-87.99304599999999, 40.485597999999996], [-88.004076, 40.488672], [-88.1179, 40.487856], [-88.11831699999999, 40.575168], [-88.126312, 40.79268]]]}, "properties": {"GEOID": "17075", "NAME": "Iroquois", "suicide_rate": 11.3, "suicide_rate_ci_low": 6.2, "suicide_rate_ci_high": 18.9, "suicide_deaths": 16, "frequent_mental_distress_pct": 17.7, "frequent_mental_distress_ci_low": 15.8, "frequent_mental_distress_ci_high": 19.6, "uninsured_pct": 8.8, "uninsured_ci_low": 7.3, "uninsured_ci_high": 10.4, "facility_count": 1, "facilities_per_100k": 3.8}}, {"type": "Feature", "geometry": {"type": "Polygon", "coordinates": [[[-88.23700099999999, 40.675004], [-88.24730000000001, 40.99456], [-88.22824, 40.99564], [-88.131935, 40.997777], [-88.12561099999999, 40.763403], [-88.122445, 40.67667], [-88.121613, 40.676687], [-88.11831699999999, 40.575168], [-88.1179, 40.487856], [-88.004076, 40.488672], [-87.99260000000001, 40.485568], [-87.93530899999999, 40.485923], [-87.93171199999999, 40.3994], [-87.976677, 40.399048], [-87.990374, 40.399232999999995], [-88.002848, 40.4005], [-88.116616, 40.400611999999995], [-88.346987, 40.398416999999995], [-88.459957, 40.398849999999996], [-88.459217, 40.485648999999995], [-88.459475, 40.617345], [-88.34719799999999, 40.617038], [-88.23495, 40.618207999999996], [-88.23629199999999, 40.675011999999995], [-88.23700099999999, 40.675004]]]}, "properties": {"GEOID": "17053", "NAME": "Ford", "suicide_rate": 18.3, "suicide_rate_ci_low": 9.5, "suicide_rate_ci_high": 32.0, "suicide_deaths": 13, "frequent_mental_distress_pct": 18.9, "frequent_mental_distress_ci_low": 16.9, "frequent_mental_distress_ci_high": 21, "uninsured_pct": 7.6, "uninsured_ci_low": 6.0, "uninsured_ci_high": 9.1, "facility_count": 2, "facilities_per_100k": 15.1}}, {"type": "Feature", "geometry": {"type": "Polygon", "coordinates": [[[-88.122569, 39.880224999999996], [-88.00948799999999, 39.879432], [-87.93764499999999, 39.879802999999995], [-87.937029, 39.792370999999996], [-87.968777, 39.79235], [-87.966347, 39.685973], [-88.026224, 39.684937999999995], [-88.026208, 39.681664999999995], [-88.063013, 39.681311], [-88.063518, 39.652657], [-88.10075499999999, 39.652048], [-88.472073, 39.651588], [-88.473182, 39.791837], [-88.462328, 39.79182], [-88.46220699999999, 39.879092], [-88.236583, 39.879109], [-88.122569, 39.880224999999996]]]}, "properties": {"GEOID": "17041", "NAME": "Douglas", "suicide_rate": 9.5, "suicide_rate_ci_low": 4.3, "suicide_rate_ci_high": 18.0, "suicide_deaths": 10, "frequent_mental_distress_pct": 18.9, "frequent_mental_distress_ci_low": 17, "frequent_mental_distress_ci_high": 21, "uninsured_pct": 12.9, "uninsured_ci_low": 10.6, "uninsured_ci_high": 15.1, "facility_count": 0, "facilities_per_100k": 0.0}}, {"type": "Feature", "geometry": {"type": "Polygon", "coordinates": [[[-90.177702, 38.642779], [-90.18122799999999, 38.660066], [-90.132075, 38.66015], [-90.058662, 38.658584999999995], [-89.947293, 38.657976], [-89.81874499999999, 38.655825], [-89.706949, 38.655018999999996], [-89.70459, 38.480278], [-89.703256, 38.219404], [-89.89904299999999, 38.220755], [-89.90347799999999, 38.225314999999995], [-89.904471, 38.227461], [-89.903566, 38.228437], [-89.897876, 38.228563], [-89.896774, 38.229904999999995], [-89.897305, 38.231746], [-89.901427, 38.235319], [-89.90582599999999, 38.236129], [-89.90897799999999, 38.237649999999995], [-89.908986, 38.238648], [-89.907073, 38.240753999999995], [-89.907821, 38.243808], [-89.910533, 38.245788999999995], [-89.911175, 38.248160999999996], [-89.914553, 38.249567], [-89.917267, 38.251788999999995], [-89.91361099999999, 38.254042999999996], [-89.914524, 38.258792], [-89.920284, 38.264247999999995], [-89.923737, 38.26902], [-89.920858, 38.271063], [-89.920897, 38.272024], [-89.924562, 38.272124999999996], [-89.925237, 38.272783], [-89.922178, 38.275791999999996], [-89.921593, 38.278394999999996], [-89.91981, 38.280778999999995], [-89.920186, 38.284493999999995], [-89.919635, 38.285652999999996], [-89.916409, 38.285250999999995], [-89.913544, 38.285976], [-89.91130000000001, 38.284698999999996], [-89.911547, 38.282655], [-89.917127, 38.280777], [-89.918241, 38.279238], [-89.917187, 38.277815], [-89.91290000000001, 38.276575], [-89.90879699999999, 38.276179], [-89.906193, 38.2772], [-89.90355799999999, 38.279392], [-89.902501, 38.281468], [-89.902447, 38.284327999999995], [-89.901248, 38.287548], [-89.90637699999999, 38.29226], [-89.906836, 38.293597], [-89.904201, 38.29661], [-89.904085, 38.297833], [-89.909031, 38.301835], [-89.91322699999999, 38.308268999999996], [-90.036107, 38.308935999999996], [-90.036096, 38.323537], [-90.126677, 38.396935], [-90.128771, 38.397326], [-90.145562, 38.412053], [-90.14540000000001, 38.426674], [-90.264123, 38.520728], [-90.25778199999999, 38.532012], [-90.248905, 38.544781], [-90.224204, 38.57508], [-90.216704, 38.578779999999995], [-90.202503, 38.58868], [-90.191803, 38.59898], [-90.184502, 38.61158], [-90.178811, 38.629157], [-90.177702, 38.642779]]]}, "properties": {"GEOID": "17163", "NAME": "St. Clair", "suicide_rate": 11.2, "suicide_rate_ci_low": 9.4, "suicide_rate_ci_high": 13.1, "suicide_deaths": 148, "frequent_mental_distress_pct": 17.2, "frequent_mental_distress_ci_low": 15.3, "frequent_mental_distress_ci_high": 19.1, "uninsured_pct": 6.2, "uninsured_ci_low": 5.2, "uninsured_ci_high": 7.1, "facility_count": 7, "facilities_per_100k": 2.8}}, {"type": "Feature", "geometry": {"type": "Polygon", "coordinates": [[[-89.703256, 38.219404], [-89.704245, 38.415779], [-89.702497, 38.416467999999995], [-89.700498, 38.41578], [-89.694771, 38.416675], [-89.69418399999999, 38.418199], [-89.69210199999999, 38.419844], [-89.69506799999999, 38.421288], [-89.696755, 38.425041], [-89.692711, 38.426531], [-89.68901199999999, 38.426372], [-89.687696, 38.427383], [-89.68743099999999, 38.42988], [-89.684955, 38.429711], [-89.683357, 38.428675999999996], [-89.683764, 38.427716], [-89.68610699999999, 38.426758], [-89.685696, 38.425385], [-89.68351799999999, 38.424996], [-89.68113, 38.425709], [-89.67784999999999, 38.42474], [-89.67828, 38.427065], [-89.677093, 38.429828], [-89.67799699999999, 38.432120999999995], [-89.67518799999999, 38.431827999999996], [-89.673305, 38.429359], [-89.672045, 38.429010999999996], [-89.67174399999999, 38.429879], [-89.67411, 38.432998999999995], [-89.67403499999999, 38.434732], [-89.67133799999999, 38.434217], [-89.668345, 38.431954], [-89.66703, 38.432334999999995], [-89.665058, 38.434979999999996], [-89.667689, 38.43474], [-89.668696, 38.435628], [-89.667773, 38.438103], [-89.668448, 38.440419999999996], [-89.667659, 38.440436], [-89.667779, 38.442752999999996], [-89.66417799999999, 38.445326], [-89.660113, 38.444842], [-89.65496999999999, 38.442823], [-89.647061, 38.442319999999995], [-89.645027, 38.441429], [-89.64319499999999, 38.443928], [-89.647049, 38.446056999999996], [-89.647256, 38.446873], [-89.646048, 38.44808], [-89.644505, 38.448146], [-89.64044299999999, 38.445287], [-89.638854, 38.445219], [-89.636782, 38.446304999999995], [-89.63870899999999, 38.449081], [-89.638609, 38.450047999999995], [-89.637765, 38.450326], [-89.636473, 38.448102999999996], [-89.63283299999999, 38.447181], [-89.634794, 38.449614], [-89.63461, 38.451933], [-89.63260199999999, 38.452419], [-89.631331, 38.450303], [-89.62918599999999, 38.449897], [-89.62767699999999, 38.450742999999996], [-89.626706, 38.453705], [-89.626874, 38.457749], [-89.62877499999999, 38.460930999999995], [-89.628875, 38.463696], [-89.62608, 38.464425999999996], [-89.6251, 38.463198], [-89.625996, 38.460619], [-89.623246, 38.460812], [-89.62019099999999, 38.463159999999995], [-89.621021, 38.466342999999995], [-89.61694299999999, 38.466634], [-89.615738, 38.471416999999995], [-89.61345299999999, 38.473248999999996], [-89.607524, 38.474986], [-89.603357, 38.474094], [-89.600354, 38.476087], [-89.594928, 38.474789], [-89.59225099999999, 38.476572], [-89.588923, 38.475564999999996], [-89.586309, 38.477613], [-89.579325, 38.480184], [-89.577666, 38.483461], [-89.57662599999999, 38.483173], [-89.57563499999999, 38.481212], [-89.57544299999999, 38.478158], [-89.574334, 38.477593999999996], [-89.57249499999999, 38.478657999999996], [-89.57423, 38.480619], [-89.57320999999999, 38.482475], [-89.571561, 38.482718999999996], [-89.56782199999999, 38.481031], [-89.565883, 38.483288], [-89.56483399999999, 38.482808], [-89.56473, 38.481314], [-89.567667, 38.478851], [-89.568652, 38.476355], [-89.568055, 38.475744999999996], [-89.564357, 38.476768], [-89.56250399999999, 38.476247], [-89.56071, 38.477356], [-89.55936299999999, 38.477027], [-89.55959299999999, 38.475291], [-89.558323, 38.474748], [-89.556873, 38.475684], [-89.55825, 38.477457], [-89.55219, 38.478259], [-89.55084599999999, 38.477532], [-89.552353, 38.476119], [-89.55204599999999, 38.475378], [-89.550961, 38.475372], [-89.550028, 38.4773], [-89.546725, 38.474402999999995], [-89.543825, 38.475125999999996], [-89.54082, 38.474049], [-89.53956199999999, 38.474534999999996], [-89.539264, 38.475538], [-89.54168399999999, 38.47737], [-89.54184099999999, 38.478697], [-89.540194, 38.480588999999995], [-89.53371399999999, 38.480667], [-89.531616, 38.47868], [-89.528154, 38.481074], [-89.52767, 38.480371999999996], [-89.52844499999999, 38.477298], [-89.527457, 38.477255], [-89.525882, 38.479352999999996], [-89.52458999999999, 38.479451], [-89.51976499999999, 38.474540999999995], [-89.513851, 38.472538], [-89.510981, 38.472615999999995], [-89.50850299999999, 38.474610999999996], [-89.50463099999999, 38.473433], [-89.501222, 38.474437], [-89.490566, 38.47161], [-89.49005199999999, 38.472497], [-89.492379, 38.473686], [-89.49328299999999, 38.475055], [-89.491501, 38.477374999999995], [-89.490147, 38.477745999999996], [-89.488974, 38.474253], [-89.483704, 38.473124], [-89.483256, 38.469366], [-89.48187999999999, 38.46859], [-89.478533, 38.471302], [-89.469724, 38.473079999999996], [-89.469071, 38.475324], [-89.467565, 38.476290999999996], [-89.460595, 38.477253999999995], [-89.455145, 38.479769], [-89.45580199999999, 38.482504], [-89.448521, 38.489214], [-89.445224, 38.490119], [-89.438102, 38.489515], [-89.43444, 38.49059], [-89.433951, 38.491431999999996], [-89.43467299999999, 38.493414], [-89.433989, 38.494884], [-89.428491, 38.499078], [-89.427211, 38.498954999999995], [-89.42685399999999, 38.496919], [-89.425495, 38.496065], [-89.417153, 38.494105999999995], [-89.412206, 38.488274], [-89.410516, 38.487314999999995], [-89.408104, 38.489036999999996], [-89.40731099999999, 38.493196], [-89.405914, 38.495642], [-89.40164999999999, 38.494408], [-89.401164, 38.493716], [-89.40190299999999, 38.489498999999995], [-89.400685, 38.489131], [-89.39829499999999, 38.490221999999996], [-89.395718, 38.490176999999996], [-89.396019, 38.491082999999996], [-89.39855, 38.49199], [-89.398063, 38.494814999999996], [-89.396316, 38.493797], [-89.392923, 38.495183999999995], [-89.388914, 38.494095], [-89.38958199999999, 38.494817], [-89.38903499999999, 38.496378], [-89.38765599999999, 38.497158999999996], [-89.38558499999999, 38.494302], [-89.383732, 38.494949999999996], [-89.38404899999999, 38.4959], [-89.382272, 38.497446], [-89.379252, 38.496998999999995], [-89.38044, 38.496112], [-89.38077, 38.494659], [-89.380116, 38.494277], [-89.378209, 38.496869], [-89.376818, 38.496983], [-89.377099, 38.498065], [-89.37545399999999, 38.498067999999996], [-89.375478, 38.499217], [-89.372777, 38.500462], [-89.372086, 38.500127], [-89.37338299999999, 38.496933999999996], [-89.371517, 38.497036], [-89.371665, 38.498545], [-89.369896, 38.499825], [-89.36934099999999, 38.498720999999996], [-89.367148, 38.49799], [-89.36890299999999, 38.500473], [-89.364918, 38.500994999999996], [-89.36596399999999, 38.503401], [-89.368236, 38.502928], [-89.368183, 38.505193], [-89.367483, 38.505570999999996], [-89.366834, 38.50476], [-89.366036, 38.505688], [-89.360931, 38.506195999999996], [-89.36187799999999, 38.507996999999996], [-89.363933, 38.507160999999996], [-89.366316, 38.508237], [-89.36402299999999, 38.508587], [-89.363429, 38.510583], [-89.360843, 38.50872], [-89.35924299999999, 38.508818], [-89.359676, 38.509685999999995], [-89.35893999999999, 38.510827], [-89.360429, 38.511151999999996], [-89.36122999999999, 38.514500999999996], [-89.360424, 38.516546], [-89.35762799999999, 38.514838], [-89.357128, 38.515437999999996], [-89.358536, 38.516073999999996], [-89.358784, 38.517769], [-89.35623799999999, 38.51807], [-89.35625399999999, 38.516973], [-89.354986, 38.516324], [-89.354322, 38.516709999999996], [-89.354862, 38.517879], [-89.351483, 38.518861], [-89.34992, 38.517769], [-89.35087299999999, 38.516162], [-89.34808799999999, 38.516783], [-89.347357, 38.515127], [-89.344903, 38.514278], [-89.345248, 38.513377], [-89.34705199999999, 38.513346], [-89.34688799999999, 38.51083], [-89.345681, 38.510048999999995], [-89.344807, 38.510242], [-89.346173, 38.511382], [-89.345862, 38.51284], [-89.343058, 38.510325], [-89.342203, 38.51063], [-89.34205, 38.512073], [-89.339101, 38.513405999999996], [-89.337217, 38.512819], [-89.338591, 38.511424], [-89.33823799999999, 38.510861], [-89.33725799999999, 38.511447], [-89.335566, 38.511041], [-89.334552, 38.512363], [-89.330844, 38.512245], [-89.33046, 38.511708999999996], [-89.331621, 38.511641], [-89.33259699999999, 38.510059999999996], [-89.331238, 38.511085], [-89.328948, 38.510162], [-89.328401, 38.510588], [-89.329034, 38.511468], [-89.32767299999999, 38.511728], [-89.327422, 38.513247], [-89.325953, 38.51365], [-89.325198, 38.513203], [-89.32651, 38.511907], [-89.326173, 38.511275999999995], [-89.325307, 38.511258], [-89.324918, 38.512433], [-89.32250499999999, 38.512993], [-89.323456, 38.510508], [-89.321552, 38.511255], [-89.320396, 38.509539], [-89.319046, 38.510169999999995], [-89.31679799999999, 38.508488], [-89.316041, 38.508863], [-89.315379, 38.511770999999996], [-89.31299399999999, 38.511216], [-89.311088, 38.512519999999995], [-89.310217, 38.509059], [-89.30932299999999, 38.509212], [-89.309589, 38.510777999999995], [-89.309012, 38.511151999999996], [-89.30833299999999, 38.508536], [-89.30706599999999, 38.508972], [-89.307491, 38.510719], [-89.305888, 38.509648], [-89.30427, 38.510631], [-89.30330699999999, 38.509363], [-89.300176, 38.511030999999996], [-89.299768, 38.510359], [-89.301113, 38.509747999999995], [-89.301558, 38.508168], [-89.297944, 38.509119999999996], [-89.299866, 38.507706], [-89.298836, 38.505691999999996], [-89.29641, 38.506904], [-89.296756, 38.505884], [-89.295022, 38.50644], [-89.294905, 38.505193], [-89.293955, 38.504546], [-89.293134, 38.505423], [-89.29495899999999, 38.507031999999995], [-89.294783, 38.507732], [-89.29208299999999, 38.508140999999995], [-89.29204399999999, 38.505857], [-89.289136, 38.505389], [-89.289999, 38.508607], [-89.287736, 38.509274999999995], [-89.285609, 38.508351], [-89.28478799999999, 38.509611], [-89.2839, 38.508108], [-89.284808, 38.506781], [-89.284403, 38.506293], [-89.27993599999999, 38.508196999999996], [-89.280745, 38.506301], [-89.279736, 38.505489], [-89.277684, 38.507925], [-89.276568, 38.507216], [-89.277791, 38.505044999999996], [-89.274819, 38.504815], [-89.273906, 38.506949], [-89.27290599999999, 38.507152999999995], [-89.273138, 38.504731], [-89.27224199999999, 38.504278], [-89.272173, 38.506175999999996], [-89.269483, 38.504858], [-89.26900599999999, 38.505344], [-89.270443, 38.505904], [-89.270459, 38.506651999999995], [-89.265479, 38.507466], [-89.265863, 38.508738], [-89.26415399999999, 38.510495999999996], [-89.26033799999999, 38.507251], [-89.25903799999999, 38.509084], [-89.25680799999999, 38.508297999999996], [-89.25487199999999, 38.50934], [-89.254885, 38.508556], [-89.143866, 38.503088999999996], [-89.14759699999999, 38.212894999999996], [-89.23818299999999, 38.214282], [-89.333317, 38.21371], [-89.466842, 38.215878], [-89.57145299999999, 38.21911], [-89.703256, 38.219404]]]}, "properties": {"GEOID": "17189", "NAME": "Washington", "suicide_rate": 22.0, "suicide_rate_ci_low": 12.0, "suicide_rate_ci_high": 37.0, "suicide_deaths": 15, "frequent_mental_distress_pct": 17.6, "frequent_mental_distress_ci_low": 15.8, "frequent_mental_distress_ci_high": 19.6, "uninsured_pct": 5.4, "uninsured_ci_low": 4.3, "uninsured_ci_high": 6.5, "facility_count": 1, "facilities_per_100k": 7.4}}, {"type": "Feature", "geometry": {"type": "Polygon", "coordinates": [[[-90.64276199999999, 39.689492], [-90.646112, 39.698291], [-90.64575099999999, 39.704594], [-90.64098399999999, 39.717425999999996], [-90.628422, 39.729485], [-90.60763399999999, 39.763873], [-90.606247, 39.768431], [-90.607447, 39.772929999999995], [-90.606931, 39.776376], [-90.599105, 39.79006], [-90.483063, 39.78924], [-90.483318, 39.753237999999996], [-90.371256, 39.753122], [-90.372969, 39.665780999999996], [-90.337812, 39.665583], [-90.338126, 39.636632999999996], [-90.30066599999999, 39.636541], [-90.301799, 39.593318], [-90.30183099999999, 39.520344], [-90.58105499999999, 39.521727999999996], [-90.581767, 39.525881999999996], [-90.574356, 39.535191999999995], [-90.572293, 39.539166], [-90.57244299999999, 39.542997], [-90.574362, 39.546185], [-90.57661999999999, 39.559536], [-90.580666, 39.567105], [-90.582926, 39.574571], [-90.592092, 39.596683], [-90.598096, 39.604760999999996], [-90.604884, 39.619749999999996], [-90.607351, 39.628695], [-90.607394, 39.635508], [-90.608871, 39.640287], [-90.62870699999999, 39.669332], [-90.63349099999999, 39.673007999999996], [-90.639365, 39.684571999999996], [-90.64276199999999, 39.689492]]]}, "properties": {"GEOID": "17171", "NAME": "Scott", "suicide_rate": null, "suicide_rate_ci_low": null, "suicide_rate_ci_high": null, "suicide_deaths": null, "frequent_mental_distress_pct": 17, "frequent_mental_distress_ci_low": 15.6, "frequent_mental_distress_ci_high": 18.4, "uninsured_pct": 5.5, "uninsured_ci_low": 4.4, "uninsured_ci_high": 6.7, "facility_count": 0, "facilities_per_100k": 0.0}}, {"type": "Feature", "geometry": {"type": "Polygon", "coordinates": [[[-88.023337, 38.849866999999996], [-87.908113, 38.850107], [-87.909847, 38.589994999999995], [-87.910258, 38.575074], [-87.912351, 38.569908999999996], [-88.02396999999999, 38.570552], [-88.147803, 38.569037], [-88.14819399999999, 38.597986999999996], [-88.25397799999999, 38.599502], [-88.25314399999999, 38.600581999999996], [-88.251032, 38.599848], [-88.249089, 38.601569999999995], [-88.249723, 38.602725], [-88.25199099999999, 38.603742], [-88.252256, 38.605442], [-88.257463, 38.607141999999996], [-88.260243, 38.606615], [-88.260638, 38.607465], [-88.25932499999999, 38.609], [-88.260989, 38.60964], [-88.263351, 38.608579], [-88.263024, 38.61061], [-88.265667, 38.611301999999995], [-88.26683, 38.612618], [-88.27062099999999, 38.611818], [-88.2715, 38.612353], [-88.27205, 38.613672], [-88.27126899999999, 38.616676999999996], [-88.26953999999999, 38.617362], [-88.2693, 38.618415], [-88.273321, 38.61955], [-88.27530999999999, 38.616641], [-88.277594, 38.615823999999996], [-88.27810799999999, 38.617343999999996], [-88.276495, 38.618742], [-88.279246, 38.620844], [-88.27864699999999, 38.617734999999996], [-88.28246399999999, 38.616983999999995], [-88.283327, 38.618564], [-88.286563, 38.620225], [-88.283114, 38.62227], [-88.28318, 38.624078], [-88.281064, 38.624852], [-88.28453999999999, 38.62656], [-88.287461, 38.624931], [-88.292255, 38.626284], [-88.292295, 38.627548], [-88.289418, 38.628139], [-88.28878, 38.629436999999996], [-88.297444, 38.634357], [-88.297331, 38.635217], [-88.29534799999999, 38.636548], [-88.296005, 38.638467], [-88.293707, 38.639992], [-88.294135, 38.641138999999995], [-88.293356, 38.642009], [-88.286858, 38.642804999999996], [-88.287222, 38.643468], [-88.29030499999999, 38.642975], [-88.291114, 38.643657], [-88.28433299999999, 38.648615], [-88.284554, 38.650003999999996], [-88.281804, 38.651151], [-88.279799, 38.653227], [-88.275352, 38.654568], [-88.27668899999999, 38.655543], [-88.274202, 38.656179], [-88.273135, 38.657919], [-88.27661499999999, 38.659298], [-88.274579, 38.660225], [-88.275933, 38.661603], [-88.27309, 38.662316], [-88.272297, 38.663557999999995], [-88.272897, 38.665091], [-88.275055, 38.665782], [-88.274402, 38.666989], [-88.276155, 38.668032], [-88.276164, 38.669213], [-88.279561, 38.669858999999995], [-88.279822, 38.672444], [-88.278149, 38.674394], [-88.27825299999999, 38.675713], [-88.28109599999999, 38.678180999999995], [-88.281836, 38.679894], [-88.28455, 38.681632], [-88.281587, 38.683696], [-88.283924, 38.686285], [-88.28432099999999, 38.687639], [-88.28368499999999, 38.688511], [-88.28503599999999, 38.688427999999995], [-88.285133, 38.689125], [-88.281841, 38.690492], [-88.284059, 38.691801999999996], [-88.28522, 38.6946], [-88.282074, 38.694905], [-88.28148999999999, 38.695688], [-88.28191799999999, 38.696413], [-88.282989, 38.696248], [-88.283228, 38.699234], [-88.285315, 38.698904], [-88.28490099999999, 38.700480999999996], [-88.286434, 38.701803], [-88.284122, 38.702684], [-88.286332, 38.704138], [-88.28620699999999, 38.704969], [-88.284043, 38.705698999999996], [-88.285799, 38.706506], [-88.286113, 38.707774], [-88.282343, 38.708121999999996], [-88.284324, 38.70848], [-88.28415799999999, 38.70974], [-88.28630000000001, 38.711162], [-88.284275, 38.711127], [-88.283439, 38.712727], [-88.28491799999999, 38.713647], [-88.282794, 38.714574999999996], [-88.282294, 38.716226999999996], [-88.28272299999999, 38.716789], [-88.285738, 38.715874], [-88.28666199999999, 38.717428999999996], [-88.28621, 38.718303999999996], [-88.28162499999999, 38.720493999999995], [-88.284925, 38.719696], [-88.286062, 38.720231], [-88.28357199999999, 38.722981], [-88.28483, 38.724236999999995], [-88.282581, 38.725786], [-88.28630199999999, 38.726881999999996], [-88.287058, 38.728012], [-88.285158, 38.727422], [-88.284106, 38.728139999999996], [-88.28223899999999, 38.731279], [-88.28350999999999, 38.731806999999996], [-88.257774, 38.730976999999996], [-88.258583, 38.847529], [-88.15026499999999, 38.846953], [-88.023337, 38.849866999999996]]]}, "properties": {"GEOID": "17159", "NAME": "Richland", "suicide_rate": 15.9, "suicide_rate_ci_low": 7.9, "suicide_rate_ci_high": 28.5, "suicide_deaths": 13, "frequent_mental_distress_pct": 18, "frequent_mental_distress_ci_low": 16.1, "frequent_mental_distress_ci_high": 20.1, "uninsured_pct": 7.7, "uninsured_ci_low": 6.1, "uninsured_ci_high": 9.2, "facility_count": 1, "facilities_per_100k": 6.5}}, {"type": "Feature", "geometry": {"type": "Polygon", "coordinates": [[[-89.994506, 39.901925], [-89.99508999999999, 40.108908], [-89.99393099999999, 40.108005999999996], [-89.992887, 40.108387], [-89.993417, 40.110833], [-89.992736, 40.111716], [-89.985823, 40.111953], [-89.982562, 40.114377], [-89.983511, 40.116144999999996], [-89.987586, 40.116530999999995], [-89.988705, 40.117795], [-89.987839, 40.120605999999995], [-89.988607, 40.123605], [-89.987702, 40.123946], [-89.98563, 40.12262], [-89.984512, 40.12394], [-89.98665899999999, 40.127553999999996], [-89.986649, 40.129006], [-89.984928, 40.129332], [-89.98172799999999, 40.128257999999995], [-89.978456, 40.124959], [-89.976772, 40.12652], [-89.97357799999999, 40.127371], [-89.97348099999999, 40.128411], [-89.97581699999999, 40.129048], [-89.976612, 40.130651], [-89.972203, 40.132435], [-89.971357, 40.133821], [-89.974756, 40.135478], [-89.972993, 40.137388], [-89.969713, 40.138175], [-89.971121, 40.140868999999995], [-89.97049, 40.142081999999995], [-89.968274, 40.142055], [-89.966191, 40.143071], [-89.96307999999999, 40.143046999999996], [-89.963034, 40.140239], [-89.96175699999999, 40.138633], [-89.96023699999999, 40.1388], [-89.958872, 40.134361], [-89.958085, 40.134541], [-89.956903, 40.136889], [-89.95463, 40.136953999999996], [-89.95324, 40.135315], [-89.95261599999999, 40.132729], [-89.95148499999999, 40.132051], [-89.950621, 40.135458], [-89.949287, 40.135681999999996], [-89.94855199999999, 40.134346], [-89.948601, 40.131603999999996], [-89.946139, 40.130264], [-89.94485499999999, 40.1312], [-89.944893, 40.13373], [-89.943713, 40.134384], [-89.942621, 40.133964999999996], [-89.942308, 40.131568], [-89.93677, 40.132445], [-89.936987, 40.134164], [-89.940969, 40.135290999999995], [-89.941867, 40.136143], [-89.94130299999999, 40.136936999999996], [-89.934669, 40.137775], [-89.93166099999999, 40.137332], [-89.928613, 40.139841], [-89.92681999999999, 40.140085], [-89.92496799999999, 40.138514], [-89.924691, 40.135835], [-89.923474, 40.136092], [-89.92258299999999, 40.13848], [-89.92117499999999, 40.138822999999995], [-89.920388, 40.136584], [-89.917692, 40.135627], [-89.916276, 40.133528], [-89.907546, 40.131611], [-89.90668199999999, 40.131985], [-89.90634899999999, 40.133368], [-89.909106, 40.1353], [-89.909053, 40.137526], [-89.908401, 40.137786], [-89.905822, 40.135145], [-89.902774, 40.133443], [-89.898913, 40.127922], [-89.89177099999999, 40.130542999999996], [-89.88569299999999, 40.12797], [-89.88391999999999, 40.129891], [-89.88410499999999, 40.131659], [-89.885896, 40.133832999999996], [-89.88548399999999, 40.134839], [-89.88153799999999, 40.136306999999995], [-89.880769, 40.135889999999996], [-89.880966, 40.13381], [-89.87803799999999, 40.133722], [-89.87511099999999, 40.136528999999996], [-89.872554, 40.137415], [-89.870559, 40.136683999999995], [-89.86816999999999, 40.133948], [-89.867468, 40.132048999999995], [-89.86824899999999, 40.12972], [-89.86602099999999, 40.128206], [-89.863282, 40.128074], [-89.860753, 40.129951], [-89.857267, 40.129097], [-89.853397, 40.130302], [-89.843257, 40.126368], [-89.842075, 40.127055], [-89.841184, 40.130289], [-89.83939699999999, 40.130793], [-89.837263, 40.129695999999996], [-89.83720799999999, 40.127672], [-89.834886, 40.126639], [-89.833979, 40.124413], [-89.83210299999999, 40.123642], [-89.830041, 40.12558], [-89.827191, 40.125672], [-89.823331, 40.121303999999995], [-89.823939, 40.122932], [-89.822192, 40.123484], [-89.821826, 40.122625], [-89.820348, 40.122672], [-89.81908, 40.12525], [-89.81794, 40.125383], [-89.81419299999999, 40.124055999999996], [-89.81324, 40.122135], [-89.81007699999999, 40.121213999999995], [-89.808718, 40.121808], [-89.810636, 40.123404], [-89.80989799999999, 40.124505], [-89.806833, 40.124887], [-89.805996, 40.123985], [-89.803668, 40.124905], [-89.802595, 40.123653999999995], [-89.801954, 40.124505], [-89.801069, 40.124078999999995], [-89.799914, 40.12518], [-89.797721, 40.125461], [-89.794367, 40.123805], [-89.791288, 40.126404], [-89.791906, 40.129400000000004], [-89.79030999999999, 40.128195], [-89.7876, 40.130206], [-89.78557099999999, 40.129255], [-89.783149, 40.129487], [-89.782145, 40.127116], [-89.78087, 40.126905], [-89.778376, 40.128515], [-89.77476, 40.129414], [-89.77403199999999, 40.130521], [-89.774525, 40.13196], [-89.773421, 40.132225999999996], [-89.77243299999999, 40.131774], [-89.77232599999999, 40.130475], [-89.770769, 40.130189], [-89.76987199999999, 40.128448999999996], [-89.76819599999999, 40.128484], [-89.76823499999999, 40.129371], [-89.766395, 40.129171], [-89.766472, 40.128170999999995], [-89.764929, 40.129152], [-89.76288799999999, 40.128142], [-89.761212, 40.129726999999995], [-89.75806999999999, 40.127493], [-89.755556, 40.127562999999995], [-89.753694, 40.126652], [-89.75081999999999, 40.127561], [-89.749365, 40.126796999999996], [-89.747063, 40.12928], [-89.74548999999999, 40.129342], [-89.744222, 40.128423], [-89.74148199999999, 40.129791], [-89.742183, 40.131665999999996], [-89.739817, 40.131471999999995], [-89.73808199999999, 40.132871], [-89.73589899999999, 40.132228], [-89.734049, 40.132746999999995], [-89.733701, 40.133832999999996], [-89.735742, 40.134941], [-89.733581, 40.137952], [-89.731697, 40.137640999999995], [-89.731015, 40.135919], [-89.73003299999999, 40.135622], [-89.729776, 40.137007], [-89.72792199999999, 40.138776], [-89.728985, 40.141104999999996], [-89.728195, 40.142325], [-89.722397, 40.142494], [-89.722032, 40.140509], [-89.719152, 40.140327], [-89.716245, 40.142274], [-89.71559099999999, 40.143543], [-89.71193, 40.142880999999996], [-89.71177899999999, 40.145911], [-89.709428, 40.147023], [-89.707638, 40.145987], [-89.70797499999999, 40.143045], [-89.704635, 40.142846], [-89.704326, 40.140626999999995], [-89.69873899999999, 40.14236], [-89.694797, 40.140712], [-89.692047, 40.142555], [-89.691654, 40.144922], [-89.68885999999999, 40.145385], [-89.686681, 40.146785], [-89.686949, 40.149324], [-89.685042, 40.150444], [-89.68438599999999, 40.151862], [-89.685936, 40.153645999999995], [-89.683472, 40.154851], [-89.68251, 40.152031], [-89.681084, 40.151205999999995], [-89.6806, 40.152226], [-89.681758, 40.153557], [-89.68045599999999, 40.155426], [-89.671341, 40.15394], [-89.67049399999999, 40.154635999999996], [-89.669247, 40.160471], [-89.667766, 40.160726], [-89.66161199999999, 40.158108999999996], [-89.659955, 40.155629999999995], [-89.656069, 40.157044], [-89.651609, 40.154826], [-89.649592, 40.157655999999996], [-89.648331, 40.157033999999996], [-89.647731, 40.154779999999995], [-89.64639299999999, 40.153600999999995], [-89.638762, 40.155147], [-89.63751099999999, 40.152155], [-89.63420099999999, 40.153411], [-89.631795, 40.148193], [-89.629997, 40.149405], [-89.628002, 40.148817], [-89.62804799999999, 40.146898], [-89.626803, 40.145913], [-89.627477, 40.144000000000005], [-89.623868, 40.143164999999996], [-89.622256, 40.141857], [-89.620561, 40.138877], [-89.620678, 40.13659], [-89.61376299999999, 40.134581], [-89.612659, 40.132455], [-89.609141, 40.129208999999996], [-89.61088699999999, 40.128555999999996], [-89.610889, 40.12733], [-89.605802, 40.126511], [-89.606402, 40.123619], [-89.605, 40.12211], [-89.60327199999999, 40.121424999999995], [-89.601688, 40.122378], [-89.60112, 40.092284], [-89.579128, 40.092414999999995], [-89.57873599999999, 40.048781999999996], [-89.579426, 40.048767], [-89.578289, 39.976127], [-89.698259, 39.975308999999996], [-89.69761799999999, 39.938651], [-89.70231299999999, 39.938503], [-89.701864, 39.916787], [-89.769143, 39.916865], [-89.769168, 39.90235], [-89.87303999999999, 39.901537], [-89.994506, 39.901925]]]}, "properties": {"GEOID": "17129", "NAME": "Menard", "suicide_rate": 27.3, "suicide_rate_ci_low": 15.6, "suicide_rate_ci_high": 44.3, "suicide_deaths": 18, "frequent_mental_distress_pct": 18.6, "frequent_mental_distress_ci_low": 16.6, "frequent_mental_distress_ci_high": 20.8, "uninsured_pct": 5.4, "uninsured_ci_low": 4.4, "uninsured_ci_high": 6.5, "facility_count": 0, "facilities_per_100k": 0.0}}, {"type": "Feature", "geometry": {"type": "Polygon", "coordinates": [[[-88.706209, 38.009122999999995], [-88.70239099999999, 38.256661], [-88.370367, 38.255480999999996], [-88.373953, 38.038768], [-88.37453, 37.907678], [-88.534297, 37.906428], [-88.596086, 37.906698], [-88.596177, 37.907278], [-88.706622, 37.906797], [-88.706209, 38.009122999999995]]]}, "properties": {"GEOID": "17065", "NAME": "Hamilton", "suicide_rate": null, "suicide_rate_ci_low": null, "suicide_rate_ci_high": null, "suicide_deaths": null, "frequent_mental_distress_pct": 19.2, "frequent_mental_distress_ci_low": 17.2, "frequent_mental_distress_ci_high": 21.3, "uninsured_pct": 7.5, "uninsured_ci_low": 6.1, "uninsured_ci_high": 8.9, "facility_count": 0, "facilities_per_100k": 0.0}}, {"type": "Feature", "geometry": {"type": "Polygon", "coordinates": [[[-88.26109, 38.256982], [-88.027749, 38.255660999999996], [-88.027677, 38.259893999999996], [-87.990628, 38.259629], [-87.990656, 38.258230999999995], [-87.987911, 38.256957], [-87.987871, 38.255140999999995], [-87.983058, 38.250046], [-87.979789, 38.241661], [-87.980158, 38.236115], [-87.984838, 38.228674], [-87.985627, 38.217993], [-87.98397299999999, 38.209106999999996], [-87.975819, 38.197834], [-87.969865, 38.191786], [-87.9595, 38.184376], [-87.945135, 38.17756], [-87.937162, 38.172188999999996], [-87.933759, 38.164350999999996], [-87.935234, 38.159315], [-87.934299, 38.156459], [-87.93121099999999, 38.156348], [-87.925963, 38.159341999999995], [-87.92451299999999, 38.162025], [-87.925896, 38.166472999999996], [-87.92523, 38.170634], [-87.922901, 38.173291], [-87.91729, 38.174169], [-87.912678, 38.171049], [-87.910792, 38.167666], [-87.911034, 38.162194], [-87.91771899999999, 38.155888999999995], [-87.927899, 38.151646], [-87.92823399999999, 38.150416], [-87.925893, 38.147832], [-87.925811, 38.143633], [-87.929423, 38.140727], [-87.935135, 38.139427999999995], [-87.94217499999999, 38.131758999999995], [-87.945472, 38.126616], [-87.94720799999999, 38.126923999999995], [-87.951408, 38.130792], [-87.954858, 38.132622], [-87.966393, 38.132506], [-87.969464, 38.130744], [-87.97299799999999, 38.125046], [-87.974445, 38.120836], [-87.973832, 38.113396], [-87.974781, 38.110515], [-87.976058, 38.109562], [-87.983068, 38.107139], [-87.998224, 38.108557], [-88.00988, 38.105066], [-88.01311799999999, 38.103527], [-88.015114, 38.101411], [-88.016806, 38.095717], [-88.01415, 38.088825], [-88.01138999999999, 38.084691], [-88.006717, 38.083923999999996], [-88.002635, 38.084489999999995], [-87.968813, 38.095932], [-87.96293399999999, 38.099917], [-87.96023, 38.099893], [-87.960279, 38.09647], [-87.95666399999999, 38.086202], [-87.963994, 38.074286], [-87.967226, 38.067105], [-87.978735, 38.059815], [-87.98877, 38.055591], [-88.00133, 38.051545], [-88.00473099999999, 38.051044999999995], [-88.03003199999999, 38.052144999999996], [-88.037832, 38.050245], [-88.042132, 38.046344999999995], [-88.04153199999999, 38.037344999999995], [-88.037932, 38.033944999999996], [-88.034132, 38.032045], [-88.027731, 38.031745], [-88.017631, 38.034745], [-88.012131, 38.033845], [-88.007931, 38.030845], [-88.00763099999999, 38.029145], [-88.008631, 38.027544999999996], [-88.016931, 38.024045], [-88.021031, 38.019345], [-88.02443099999999, 38.013045], [-88.025831, 38.007245], [-88.022864, 37.997983], [-88.012574, 37.977062], [-88.012271, 37.969941], [-88.012929, 37.966544], [-88.016311, 37.961574], [-88.020868, 37.959351], [-88.031989, 37.95859], [-88.036793, 37.956793], [-88.036125, 37.942744999999995], [-88.03034, 37.931045], [-88.031067, 37.928889], [-88.034065, 37.926159], [-88.039644, 37.924309], [-88.044989, 37.925098999999996], [-88.049354, 37.927192], [-88.052793, 37.930488], [-88.05412199999999, 37.933029], [-88.057127, 37.934151], [-88.063341, 37.932778], [-88.067561, 37.930214], [-88.069497, 37.927352], [-88.069468, 37.925703999999996], [-88.068225, 37.922705], [-88.062242, 37.917898], [-88.04848899999999, 37.915471], [-88.03638199999999, 37.914896999999996], [-88.032944, 37.91366], [-88.02875399999999, 37.91462], [-88.02251299999999, 37.914756], [-88.02082399999999, 37.913758], [-88.019893, 37.912352], [-88.019977, 37.909771], [-88.017816, 37.902696], [-88.01335499999999, 37.894853999999995], [-88.01435099999999, 37.891915999999995], [-88.017073, 37.889222], [-88.02028399999999, 37.888051], [-88.02320999999999, 37.888332], [-88.024818, 37.88886], [-88.02780399999999, 37.892044], [-88.031277, 37.892966], [-88.04492599999999, 37.891216], [-88.055373, 37.891238], [-88.06214399999999, 37.893934], [-88.071449, 37.895813], [-88.086237, 37.905713], [-88.092658, 37.906197999999996], [-88.09566199999999, 37.905808], [-88.09776, 37.904026], [-88.097892, 37.901517], [-88.094956, 37.893688999999995], [-88.093049, 37.891604], [-88.095888, 37.889677], [-88.09813799999999, 37.889806], [-88.098765, 37.890575999999996], [-88.096842, 37.892922999999996], [-88.10135799999999, 37.894535999999995], [-88.10265799999999, 37.89826], [-88.106662, 37.900406], [-88.110574, 37.904196], [-88.115083, 37.906755], [-88.124085, 37.909416], [-88.135887, 37.916118], [-88.135981, 37.907795], [-88.136538, 37.907737], [-88.356935, 37.909082999999995], [-88.35719, 37.908519999999996], [-88.374521, 37.908391], [-88.373953, 38.038768], [-88.370375, 38.255319], [-88.26109, 38.256982]]]}, "properties": {"GEOID": "17193", "NAME": "White", "suicide_rate": 25.5, "suicide_rate_ci_low": 14.6, "suicide_rate_ci_high": 41.4, "suicide_deaths": 19, "frequent_mental_distress_pct": 20.4, "frequent_mental_distress_ci_low": 18.3, "frequent_mental_distress_ci_high": 22.6, "uninsured_pct": 7.4, "uninsured_ci_low": 5.9, "uninsured_ci_high": 8.8, "facility_count": 1, "facilities_per_100k": 7.5}}, {"type": "Feature", "geometry": {"type": "Polygon", "coordinates": [[[-89.144764, 40.048853], [-89.148764, 40.282038], [-89.052067, 40.283159], [-89.000164, 40.282542], [-88.977952, 40.283203], [-88.919544, 40.282865], [-88.91955999999999, 40.282294], [-88.80633499999999, 40.282727], [-88.574885, 40.281501], [-88.68799299999999, 40.142269], [-88.68812199999999, 40.098583], [-88.745344, 40.098813], [-88.74538299999999, 40.055096], [-88.803035, 40.055341], [-88.918263, 40.053186], [-89.028993, 40.049839999999996], [-89.144764, 40.048853]]]}, "properties": {"GEOID": "17039", "NAME": "De Witt", "suicide_rate": 27.0, "suicide_rate_ci_low": 16.5, "suicide_rate_ci_high": 41.8, "suicide_deaths": 22, "frequent_mental_distress_pct": 18.2, "frequent_mental_distress_ci_low": 16.3, "frequent_mental_distress_ci_high": 20.4, "uninsured_pct": 6.5, "uninsured_ci_low": 5.2, "uninsured_ci_high": 7.8, "facility_count": 1, "facilities_per_100k": 6.5}}, {"type": "Feature", "geometry": {"type": "Polygon", "coordinates": [[[-89.333484, 41.123673], [-89.33303599999999, 41.139416], [-89.32927, 41.147931], [-89.466101, 41.148523999999995], [-89.46638899999999, 41.233872], [-89.356729, 41.233039], [-89.348372, 41.258936], [-89.33985899999999, 41.274339], [-89.33708299999999, 41.281667], [-89.33770899999999, 41.284669], [-89.34239699999999, 41.292761], [-89.341937, 41.295356], [-89.339754, 41.298275], [-89.334901, 41.300877], [-89.304786, 41.306961], [-89.292693, 41.31095], [-89.28346599999999, 41.312385], [-89.273921, 41.319261999999995], [-89.268851, 41.321819999999995], [-89.256436, 41.322182], [-89.249427, 41.319314], [-89.236485, 41.316936], [-89.224854, 41.3131], [-89.20055599999999, 41.312072], [-89.180711, 41.309168], [-89.166404, 41.309121], [-89.163705, 41.310187], [-89.16223699999999, 41.104008], [-89.358437, 41.103849], [-89.355666, 41.106494], [-89.349971, 41.109142], [-89.342248, 41.11138], [-89.337946, 41.114734999999996], [-89.335892, 41.117269], [-89.333484, 41.123673]]]}, "properties": {"GEOID": "17155", "NAME": "Putnam", "suicide_rate": null, "suicide_rate_ci_low": null, "suicide_rate_ci_high": null, "suicide_deaths": null, "frequent_mental_distress_pct": 17.1, "frequent_mental_distress_ci_low": 15.3, "frequent_mental_distress_ci_high": 19.1, "uninsured_pct": 7.2, "uninsured_ci_low": 5.9, "uninsured_ci_high": 8.5, "facility_count": 0, "facilities_per_100k": 0.0}}, {"type": "Feature", "geometry": {"type": "Polygon", "coordinates": [[[-90.335663, 40.187723], [-90.199635, 40.183811999999996], [-90.20150699999999, 40.180642], [-90.202685, 40.173939999999995], [-90.202113, 40.165065999999996], [-90.202671, 40.160689999999995], [-90.206144, 40.155789], [-90.21336, 40.151291], [-90.216138, 40.150459], [-90.225796, 40.150054], [-90.23512699999999, 40.150641], [-90.245318, 40.153068], [-90.257277, 40.154787], [-90.26814399999999, 40.154562999999996], [-90.280727, 40.149177], [-90.293826, 40.146144], [-90.30755099999999, 40.139950999999996], [-90.31277999999999, 40.139156], [-90.322971, 40.139739999999996], [-90.335173, 40.13724], [-90.339924, 40.134138], [-90.347286, 40.126518999999995], [-90.35053099999999, 40.125046], [-90.354524, 40.124217], [-90.36007, 40.125209999999996], [-90.364751, 40.125046], [-90.37283599999999, 40.122363], [-90.380748, 40.112049999999996], [-90.38502199999999, 40.101780999999995], [-90.39343099999999, 40.091865999999996], [-90.393613, 40.089574999999996], [-90.391302, 40.084128], [-90.39343199999999, 40.078759], [-90.39741599999999, 40.075562999999995], [-90.42482299999999, 40.06331], [-90.42863799999999, 40.060345], [-90.42968499999999, 40.056132], [-90.42866099999999, 40.04815], [-90.42895, 40.042046], [-90.432588, 40.031031], [-90.433523, 40.024001], [-90.435852, 40.020562], [-90.455272, 40.010245999999995], [-90.47477099999999, 40.004621], [-90.48425399999999, 40.003374], [-90.506425, 39.996162], [-90.51222899999999, 39.992630999999996], [-90.51338899999999, 39.990876], [-90.513747, 39.987891], [-90.515198, 39.986982], [-90.515705, 39.984352], [-90.519926, 39.985679999999995], [-90.519866, 39.987716], [-90.520727, 39.988310999999996], [-90.526823, 39.987604], [-90.527478, 39.986644], [-90.52447599999999, 39.985225], [-90.523585, 39.983782999999995], [-90.526946, 39.982115], [-90.52869899999999, 39.983122], [-90.52955999999999, 39.985112], [-90.53414, 39.982459999999996], [-90.536726, 39.983993999999996], [-90.53931299999999, 39.98372], [-90.541455, 39.980723999999995], [-90.543596, 39.980359], [-90.550344, 39.983447999999996], [-90.56155299999999, 39.982625], [-90.568214, 39.983815], [-90.578948, 39.981321], [-90.585534, 39.978829999999995], [-90.594021, 39.979625999999996], [-90.597976, 39.981134999999995], [-90.60758, 39.98191], [-90.607759, 39.982915999999996], [-90.605918, 39.986531], [-90.606009, 39.991197], [-90.603128, 39.996573], [-90.601947, 40.003316999999996], [-90.603346, 40.004917999999996], [-90.608195, 40.006859999999996], [-90.609684, 40.008781], [-90.615814, 40.012758999999996], [-90.618015, 40.012392], [-90.619029, 40.015159], [-90.61692099999999, 40.020512], [-90.614035, 40.020353], [-90.611296, 40.017564], [-90.607282, 40.020835999999996], [-90.605679, 40.025113999999995], [-90.606782, 40.028864999999996], [-90.610027, 40.032340999999995], [-90.61166399999999, 40.032911999999996], [-90.616688, 40.027007999999995], [-90.62512699999999, 40.025997], [-90.630387, 40.023664], [-90.631725, 40.024763], [-90.632792, 40.028078], [-90.633952, 40.029222], [-90.645646, 40.030327], [-90.653887, 40.033440999999996], [-90.65427299999999, 40.035019], [-90.652127, 40.04005], [-90.659745, 40.041402], [-90.65953499999999, 40.044833], [-90.661022, 40.046388], [-90.667243, 40.046549999999996], [-90.669446, 40.043783], [-90.67506999999999, 40.045978999999996], [-90.678045, 40.051904], [-90.675484, 40.057072999999995], [-90.67727, 40.058537], [-90.677567, 40.059886999999996], [-90.674798, 40.062151], [-90.674798, 40.063317999999995], [-90.676495, 40.064485], [-90.676762, 40.065993999999996], [-90.67152, 40.077362], [-90.671995, 40.08013], [-90.67327499999999, 40.080884999999995], [-90.68605, 40.078804999999996], [-90.69563699999999, 40.079583], [-90.705525, 40.084590999999996], [-90.70451299999999, 40.087816], [-90.70916, 40.090423], [-90.70859399999999, 40.093077], [-90.704961, 40.092872], [-90.699928, 40.094449999999995], [-90.699541, 40.097493], [-90.697397, 40.100397], [-90.696176, 40.1009], [-90.697486, 40.102547], [-90.695729, 40.103348], [-90.696007, 40.103967], [-90.79624799999999, 40.105902], [-90.91346899999999, 40.104455], [-90.909756, 40.284394], [-90.792619, 40.281062], [-90.72068499999999, 40.280300000000004], [-90.67793999999999, 40.278562], [-90.545688, 40.278144], [-90.450227, 40.276334999999996], [-90.451916, 40.188803], [-90.335663, 40.187723]]]}, "properties": {"GEOID": "17169", "NAME": "Schuyler", "suicide_rate": null, "suicide_rate_ci_low": null, "suicide_rate_ci_high": null, "suicide_deaths": null, "frequent_mental_distress_pct": 18.1, "frequent_mental_distress_ci_low": 16.3, "frequent_mental_distress_ci_high": 20.1, "uninsured_pct": 9.3, "uninsured_ci_low": 7.4, "uninsured_ci_high": 11.2, "facility_count": 1, "facilities_per_100k": 14.9}}, {"type": "Feature", "geometry": {"type": "Polygon", "coordinates": [[[-89.923171, 42.342090999999996], [-89.92646599999999, 42.505772], [-89.66982, 42.505044], [-89.52997099999999, 42.502019999999995], [-89.401423, 42.500554], [-89.398011, 42.375173], [-89.397876, 42.307477], [-89.396192, 42.201916], [-89.47390399999999, 42.200742999999996], [-89.62982099999999, 42.200534], [-89.746738, 42.197961], [-89.86056699999999, 42.198026999999996], [-89.86054899999999, 42.196676], [-89.919772, 42.196881], [-89.921122, 42.279005999999995], [-89.921048, 42.283874], [-89.920542, 42.283854], [-89.923171, 42.342090999999996]]]}, "properties": {"GEOID": "17177", "NAME": "Stephenson", "suicide_rate": 15.8, "suicide_rate_ci_low": 10.7, "suicide_rate_ci_high": 22.6, "suicide_deaths": 34, "frequent_mental_distress_pct": 18.9, "frequent_mental_distress_ci_low": 16.9, "frequent_mental_distress_ci_high": 21, "uninsured_pct": 6.5, "uninsured_ci_low": 5.3, "uninsured_ci_high": 7.7, "facility_count": 2, "facilities_per_100k": 4.6}}, {"type": "Feature", "geometry": {"type": "Polygon", "coordinates": [[[-89.45320199999999, 37.60009], [-89.21965399999999, 37.598574], [-89.210179, 37.599312999999995], [-89.149017, 37.600279], [-89.041401, 37.596576], [-89.044001, 37.478604], [-89.044799, 37.329716999999995], [-89.099448, 37.333559], [-89.221721, 37.335245], [-89.27028399999999, 37.33556], [-89.307479, 37.334399], [-89.32616999999999, 37.335184], [-89.363329, 37.334385], [-89.486689, 37.334554], [-89.474569, 37.338165], [-89.451303, 37.339596], [-89.43603999999999, 37.344440999999996], [-89.434316, 37.345624], [-89.43056299999999, 37.350446999999996], [-89.428185, 37.356158], [-89.421382, 37.383465], [-89.420542, 37.388007], [-89.42093899999999, 37.393952], [-89.431933, 37.421847], [-89.439769, 37.437200000000004], [-89.450969, 37.450069], [-89.471201, 37.466473], [-89.47549, 37.471343], [-89.493557, 37.496477999999996], [-89.497689, 37.504948], [-89.500096, 37.512761999999995], [-89.502917, 37.517869999999995], [-89.516447, 37.535558], [-89.52169699999999, 37.557325], [-89.521564, 37.572156], [-89.51807, 37.572935], [-89.510694, 37.578559999999996], [-89.50236199999999, 37.577996999999996], [-89.500607, 37.576397], [-89.50322299999999, 37.572446], [-89.50213, 37.570554], [-89.493355, 37.569727], [-89.48758199999999, 37.567102999999996], [-89.48268999999999, 37.567369], [-89.475903, 37.562653999999995], [-89.470505, 37.562166999999995], [-89.463944, 37.565191], [-89.461153, 37.568546], [-89.457978, 37.574681], [-89.45324099999999, 37.579194], [-89.454758, 37.587368999999995], [-89.44941999999999, 37.591466], [-89.449242, 37.594811], [-89.44789899999999, 37.597984], [-89.44859799999999, 37.598821], [-89.451697, 37.599131], [-89.45320199999999, 37.60009]]]}, "properties": {"GEOID": "17181", "NAME": "Union", "suicide_rate": 27.2, "suicide_rate_ci_low": 16.4, "suicide_rate_ci_high": 42.5, "suicide_deaths": 21, "frequent_mental_distress_pct": 18.3, "frequent_mental_distress_ci_low": 16.4, "frequent_mental_distress_ci_high": 20.3, "uninsured_pct": 8.2, "uninsured_ci_low": 6.6, "uninsured_ci_high": 9.7, "facility_count": 2, "facilities_per_100k": 12.0}}, {"type": "Feature", "geometry": {"type": "Polygon", "coordinates": [[[-87.82023799999999, 41.295409], [-87.526731, 41.298052], [-87.526208, 41.010341], [-87.882576, 41.003648999999996], [-87.982305, 41.000536], [-88.131123, 40.997867], [-88.22824, 40.99564], [-88.24730000000001, 40.99456], [-88.25150099999999, 41.114218], [-88.240889, 41.114383], [-88.24414399999999, 41.201566], [-88.01181, 41.205507999999995], [-88.013919, 41.292446999999996], [-87.82023799999999, 41.295409]]]}, "properties": {"GEOID": "17091", "NAME": "Kankakee", "suicide_rate": 12.1, "suicide_rate_ci_low": 9.3, "suicide_rate_ci_high": 15.5, "suicide_deaths": 68, "frequent_mental_distress_pct": 17.8, "frequent_mental_distress_ci_low": 15.9, "frequent_mental_distress_ci_high": 19.8, "uninsured_pct": 7.8, "uninsured_ci_low": 6.5, "uninsured_ci_high": 9.1, "facility_count": 5, "facilities_per_100k": 4.7}}, {"type": "Feature", "geometry": {"type": "Polygon", "coordinates": [[[-89.704245, 38.415779], [-89.706949, 38.655018999999996], [-89.595103, 38.655947999999995], [-89.597321, 38.743235999999996], [-89.48204, 38.740508999999996], [-89.25007099999999, 38.742014999999995], [-89.138393, 38.736331], [-89.13943599999999, 38.655156999999996], [-89.143866, 38.503088999999996], [-89.254885, 38.508556], [-89.25487199999999, 38.50934], [-89.25680799999999, 38.508297999999996], [-89.25903799999999, 38.509084], [-89.26033799999999, 38.507251], [-89.26415399999999, 38.510495999999996], [-89.265863, 38.508738], [-89.265479, 38.507466], [-89.270459, 38.506651999999995], [-89.270443, 38.505904], [-89.26900599999999, 38.505344], [-89.269483, 38.504858], [-89.272173, 38.506175999999996], [-89.27224199999999, 38.504278], [-89.273138, 38.504731], [-89.27290599999999, 38.507152999999995], [-89.273906, 38.506949], [-89.274819, 38.504815], [-89.277791, 38.505044999999996], [-89.276568, 38.507216], [-89.277684, 38.507925], [-89.279736, 38.505489], [-89.280745, 38.506301], [-89.27993599999999, 38.508196999999996], [-89.284403, 38.506293], [-89.284808, 38.506781], [-89.2839, 38.508108], [-89.28478799999999, 38.509611], [-89.285609, 38.508351], [-89.287736, 38.509274999999995], [-89.289999, 38.508607], [-89.289136, 38.505389], [-89.29204399999999, 38.505857], [-89.29208299999999, 38.508140999999995], [-89.294783, 38.507732], [-89.29495899999999, 38.507031999999995], [-89.293134, 38.505423], [-89.293955, 38.504546], [-89.294905, 38.505193], [-89.295022, 38.50644], [-89.296756, 38.505884], [-89.29641, 38.506904], [-89.298836, 38.505691999999996], [-89.299866, 38.507706], [-89.297944, 38.509119999999996], [-89.301558, 38.508168], [-89.301113, 38.509747999999995], [-89.299768, 38.510359], [-89.300176, 38.511030999999996], [-89.30330699999999, 38.509363], [-89.30427, 38.510631], [-89.305888, 38.509648], [-89.307491, 38.510719], [-89.30706599999999, 38.508972], [-89.30833299999999, 38.508536], [-89.309012, 38.511151999999996], [-89.309589, 38.510777999999995], [-89.30932299999999, 38.509212], [-89.310217, 38.509059], [-89.311088, 38.512519999999995], [-89.31299399999999, 38.511216], [-89.315379, 38.511770999999996], [-89.316041, 38.508863], [-89.31679799999999, 38.508488], [-89.319046, 38.510169999999995], [-89.320396, 38.509539], [-89.321552, 38.511255], [-89.323456, 38.510508], [-89.32250499999999, 38.512993], [-89.324918, 38.512433], [-89.325307, 38.511258], [-89.326173, 38.511275999999995], [-89.32651, 38.511907], [-89.325198, 38.513203], [-89.325953, 38.51365], [-89.327422, 38.513247], [-89.32767299999999, 38.511728], [-89.329034, 38.511468], [-89.328587, 38.510239], [-89.331238, 38.511085], [-89.33234499999999, 38.509983], [-89.332537, 38.510892], [-89.33033999999999, 38.512042], [-89.334552, 38.512363], [-89.335566, 38.511041], [-89.33725799999999, 38.511447], [-89.33823799999999, 38.510861], [-89.338591, 38.511424], [-89.337217, 38.512819], [-89.339547, 38.513352999999995], [-89.34205, 38.512073], [-89.342203, 38.51063], [-89.343058, 38.510325], [-89.34553199999999, 38.512944999999995], [-89.34624699999999, 38.511956], [-89.344861, 38.510418], [-89.345297, 38.509958999999995], [-89.346794, 38.510622], [-89.34705199999999, 38.513346], [-89.345248, 38.513377], [-89.344903, 38.514278], [-89.347357, 38.515127], [-89.34808799999999, 38.516783], [-89.35087299999999, 38.516162], [-89.349876, 38.517569], [-89.35130000000001, 38.518809], [-89.354862, 38.517879], [-89.354322, 38.516709999999996], [-89.354986, 38.516324], [-89.35625399999999, 38.516973], [-89.35623799999999, 38.51807], [-89.358386, 38.517918], [-89.35867999999999, 38.51639], [-89.357136, 38.51516], [-89.359359, 38.515389], [-89.359974, 38.516785999999996], [-89.361223, 38.515097999999995], [-89.360429, 38.511151999999996], [-89.35893999999999, 38.510827], [-89.359676, 38.509685999999995], [-89.35924299999999, 38.508818], [-89.360843, 38.50872], [-89.363429, 38.510583], [-89.36402299999999, 38.508587], [-89.366383, 38.508046], [-89.363933, 38.507160999999996], [-89.36187799999999, 38.507996999999996], [-89.360931, 38.506195999999996], [-89.366036, 38.505688], [-89.366834, 38.50476], [-89.367677, 38.505587], [-89.368352, 38.504919], [-89.368236, 38.502928], [-89.36596399999999, 38.503401], [-89.364918, 38.500994999999996], [-89.36890299999999, 38.500473], [-89.367148, 38.49799], [-89.36934099999999, 38.498720999999996], [-89.369896, 38.499825], [-89.371665, 38.498545], [-89.371517, 38.497036], [-89.37338299999999, 38.496933999999996], [-89.372086, 38.500127], [-89.372777, 38.500462], [-89.375478, 38.499217], [-89.37545399999999, 38.498067999999996], [-89.377099, 38.498065], [-89.376818, 38.496983], [-89.378209, 38.496869], [-89.380116, 38.494277], [-89.38077, 38.494659], [-89.38044, 38.496112], [-89.379252, 38.496998999999995], [-89.382272, 38.497446], [-89.38404899999999, 38.4959], [-89.383732, 38.494949999999996], [-89.38558499999999, 38.494302], [-89.38765599999999, 38.497158999999996], [-89.38903499999999, 38.496378], [-89.38958199999999, 38.494817], [-89.388914, 38.494095], [-89.392923, 38.495183999999995], [-89.396316, 38.493797], [-89.398063, 38.494814999999996], [-89.39855, 38.49199], [-89.396019, 38.491082999999996], [-89.395718, 38.490176999999996], [-89.39829499999999, 38.490221999999996], [-89.400685, 38.489131], [-89.40190299999999, 38.489498999999995], [-89.401164, 38.493716], [-89.40164999999999, 38.494408], [-89.405914, 38.495642], [-89.40731099999999, 38.493196], [-89.408104, 38.489036999999996], [-89.410516, 38.487314999999995], [-89.412206, 38.488274], [-89.417153, 38.494105999999995], [-89.425495, 38.496065], [-89.42685399999999, 38.496919], [-89.427211, 38.498954999999995], [-89.428491, 38.499078], [-89.433989, 38.494884], [-89.43467299999999, 38.493414], [-89.433951, 38.491431999999996], [-89.43444, 38.49059], [-89.438102, 38.489515], [-89.445224, 38.490119], [-89.448521, 38.489214], [-89.45580199999999, 38.482504], [-89.455145, 38.479769], [-89.460595, 38.477253999999995], [-89.467565, 38.476290999999996], [-89.469071, 38.475324], [-89.469724, 38.473079999999996], [-89.478533, 38.471302], [-89.48187999999999, 38.46859], [-89.483256, 38.469366], [-89.483704, 38.473124], [-89.488974, 38.474253], [-89.490147, 38.477745999999996], [-89.491501, 38.477374999999995], [-89.49328299999999, 38.475055], [-89.492379, 38.473686], [-89.49005199999999, 38.472497], [-89.490566, 38.47161], [-89.501222, 38.474437], [-89.50463099999999, 38.473433], [-89.50850299999999, 38.474610999999996], [-89.510981, 38.472615999999995], [-89.513851, 38.472538], [-89.51976499999999, 38.474540999999995], [-89.52458999999999, 38.479451], [-89.525882, 38.479352999999996], [-89.527457, 38.477255], [-89.52844499999999, 38.477298], [-89.52767, 38.480371999999996], [-89.528154, 38.481074], [-89.531616, 38.47868], [-89.53371399999999, 38.480667], [-89.540194, 38.480588999999995], [-89.54184099999999, 38.478697], [-89.54168399999999, 38.47737], [-89.539264, 38.475538], [-89.53956199999999, 38.474534999999996], [-89.54082, 38.474049], [-89.543825, 38.475125999999996], [-89.546725, 38.474402999999995], [-89.550028, 38.4773], [-89.550961, 38.475372], [-89.55204599999999, 38.475378], [-89.552353, 38.476119], [-89.55084599999999, 38.477532], [-89.55219, 38.478259], [-89.55825, 38.477457], [-89.556873, 38.475684], [-89.558323, 38.474748], [-89.55959299999999, 38.475291], [-89.55936299999999, 38.477027], [-89.56071, 38.477356], [-89.56250399999999, 38.476247], [-89.564357, 38.476768], [-89.568055, 38.475744999999996], [-89.568652, 38.476355], [-89.567667, 38.478851], [-89.56473, 38.481314], [-89.56483399999999, 38.482808], [-89.565883, 38.483288], [-89.56782199999999, 38.481031], [-89.571561, 38.482718999999996], [-89.57320999999999, 38.482475], [-89.57423, 38.480619], [-89.57249499999999, 38.478657999999996], [-89.574334, 38.477593999999996], [-89.57544299999999, 38.478158], [-89.57563499999999, 38.481212], [-89.57662599999999, 38.483173], [-89.577666, 38.483461], [-89.579325, 38.480184], [-89.586309, 38.477613], [-89.588923, 38.475564999999996], [-89.59225099999999, 38.476572], [-89.594928, 38.474789], [-89.600354, 38.476087], [-89.603357, 38.474094], [-89.607524, 38.474986], [-89.6127, 38.47349], [-89.615495, 38.471849], [-89.61694299999999, 38.466634], [-89.621021, 38.466342999999995], [-89.62019099999999, 38.463159999999995], [-89.623246, 38.460812], [-89.625996, 38.460619], [-89.6251, 38.463198], [-89.62608, 38.464425999999996], [-89.628875, 38.463696], [-89.62877499999999, 38.460930999999995], [-89.626874, 38.457749], [-89.626706, 38.453705], [-89.62767699999999, 38.450742999999996], [-89.62918599999999, 38.449897], [-89.631331, 38.450303], [-89.63260199999999, 38.452419], [-89.63461, 38.451933], [-89.634794, 38.449614], [-89.63283299999999, 38.447181], [-89.636473, 38.448102999999996], [-89.637765, 38.450326], [-89.638609, 38.450047999999995], [-89.63870899999999, 38.449081], [-89.636782, 38.446304999999995], [-89.638854, 38.445219], [-89.64044299999999, 38.445287], [-89.644505, 38.448146], [-89.646048, 38.44808], [-89.647256, 38.446873], [-89.647049, 38.446056999999996], [-89.64319499999999, 38.443928], [-89.645027, 38.441429], [-89.647061, 38.442319999999995], [-89.65496999999999, 38.442823], [-89.660113, 38.444842], [-89.66417799999999, 38.445326], [-89.667779, 38.442752999999996], [-89.667659, 38.440436], [-89.668448, 38.440419999999996], [-89.667773, 38.438103], [-89.668696, 38.435628], [-89.667689, 38.43474], [-89.665058, 38.434979999999996], [-89.66703, 38.432334999999995], [-89.668345, 38.431954], [-89.67133799999999, 38.434217], [-89.67403499999999, 38.434732], [-89.67411, 38.432998999999995], [-89.67174399999999, 38.429879], [-89.672045, 38.429010999999996], [-89.673305, 38.429359], [-89.67518799999999, 38.431827999999996], [-89.67799699999999, 38.432120999999995], [-89.677093, 38.429828], [-89.67828, 38.427065], [-89.67784999999999, 38.42474], [-89.68113, 38.425709], [-89.68351799999999, 38.424996], [-89.685696, 38.425385], [-89.68610699999999, 38.426758], [-89.683764, 38.427716], [-89.683357, 38.428675999999996], [-89.684955, 38.429711], [-89.68743099999999, 38.42988], [-89.687696, 38.427383], [-89.68901199999999, 38.426372], [-89.692711, 38.426531], [-89.696755, 38.425041], [-89.69506799999999, 38.421288], [-89.69210199999999, 38.419844], [-89.69418399999999, 38.418199], [-89.694771, 38.416675], [-89.700498, 38.41578], [-89.702497, 38.416467999999995], [-89.704245, 38.415779]]]}, "properties": {"GEOID": "17027", "NAME": "Clinton", "suicide_rate": 7.9, "suicide_rate_ci_low": 4.5, "suicide_rate_ci_high": 12.9, "suicide_deaths": 17, "frequent_mental_distress_pct": 17.2, "frequent_mental_distress_ci_low": 15.4, "frequent_mental_distress_ci_high": 19.2, "uninsured_pct": 6.6, "uninsured_ci_low": 5.4, "uninsured_ci_high": 7.7, "facility_count": 1, "facilities_per_100k": 2.7}}, {"type": "Feature", "geometry": {"type": "Polygon", "coordinates": [[[-90.506829, 42.398792], [-90.55501799999999, 42.416138], [-90.558168, 42.420984], [-90.558801, 42.428517], [-90.560439, 42.432897], [-90.565248, 42.438742], [-90.567968, 42.440388999999996], [-90.59041599999999, 42.447493], [-90.60632799999999, 42.451505], [-90.62432799999999, 42.458904], [-90.64441699999999, 42.470054999999995], [-90.65111999999999, 42.475189], [-90.655082, 42.480154999999996], [-90.656302, 42.483691], [-90.656285, 42.491371], [-90.651026, 42.497704999999996], [-90.64961199999999, 42.500906], [-90.642843, 42.508480999999996], [-90.401703, 42.506889], [-90.07366999999999, 42.508275], [-89.955237, 42.505651], [-89.92646599999999, 42.505772], [-89.923587, 42.35642], [-89.920542, 42.283854], [-89.921048, 42.283874], [-89.921122, 42.279005999999995], [-89.919772, 42.196881], [-90.11536199999999, 42.197156], [-90.31739499999999, 42.193645], [-90.328273, 42.201046999999996], [-90.332177, 42.202231999999995], [-90.35696399999999, 42.205445], [-90.365138, 42.210526], [-90.375129, 42.214811], [-90.391108, 42.225473], [-90.39474899999999, 42.229059], [-90.395883, 42.233132999999995], [-90.40065299999999, 42.239292999999996], [-90.410471, 42.247749], [-90.418274, 42.253215], [-90.42098, 42.257282], [-90.424098, 42.266363999999996], [-90.43088399999999, 42.27823], [-90.431039, 42.282452], [-90.430735, 42.284211], [-90.426909, 42.290718999999996], [-90.424326, 42.293326], [-90.42167599999999, 42.302506], [-90.418915, 42.308327999999996], [-90.421047, 42.316109], [-90.416626, 42.320575999999996], [-90.415937, 42.322699], [-90.416535, 42.325109], [-90.419027, 42.328505], [-90.43054599999999, 42.33686], [-90.445167, 42.356441], [-90.45272399999999, 42.359303], [-90.46405299999999, 42.36859], [-90.47027299999999, 42.378355], [-90.474121, 42.381729], [-90.477941, 42.384150999999996], [-90.48715399999999, 42.385141], [-90.50012799999999, 42.395539], [-90.506829, 42.398792]]]}, "properties": {"GEOID": "17085", "NAME": "Jo Daviess", "suicide_rate": 16.0, "suicide_rate_ci_low": 8.7, "suicide_rate_ci_high": 26.8, "suicide_deaths": 17, "frequent_mental_distress_pct": 16.3, "frequent_mental_distress_ci_low": 14.5, "frequent_mental_distress_ci_high": 18.2, "uninsured_pct": 8.2, "uninsured_ci_low": 6.6, "uninsured_ci_high": 9.7, "facility_count": 0, "facilities_per_100k": 0.0}}, {"type": "Feature", "geometry": {"type": "Polygon", "coordinates": [[[-89.153617, 37.600237], [-89.15117599999999, 37.861999], [-88.94798, 37.861993999999996], [-88.70675899999999, 37.863457], [-88.70727, 37.751446], [-88.706741, 37.740601999999996], [-88.708546, 37.599277], [-88.818894, 37.600677], [-88.836759, 37.597508], [-88.928426, 37.597159999999995], [-88.966807, 37.596222], [-89.068967, 37.597155], [-89.153617, 37.600237]]]}, "properties": {"GEOID": "17199", "NAME": "Williamson", "suicide_rate": 15.4, "suicide_rate_ci_low": 11.5, "suicide_rate_ci_high": 20.2, "suicide_deaths": 55, "frequent_mental_distress_pct": 18.8, "frequent_mental_distress_ci_low": 16.9, "frequent_mental_distress_ci_high": 20.9, "uninsured_pct": 5.8, "uninsured_ci_low": 4.9, "uninsured_ci_high": 6.8, "facility_count": 6, "facilities_per_100k": 9.0}}, {"type": "Feature", "geometry": {"type": "Polygon", "coordinates": [[[-90.11318399999999, 40.250043], [-90.107293, 40.2609], [-90.10503299999999, 40.263078], [-90.09667999999999, 40.266684999999995], [-90.094072, 40.268895], [-90.08408, 40.278863], [-90.07551699999999, 40.289277], [-90.070622, 40.293192], [-90.06873999999999, 40.2961], [-90.067915, 40.304116], [-90.06871, 40.313888], [-90.065122, 40.319193999999996], [-90.055559, 40.32524], [-90.053106, 40.327925], [-90.049853, 40.337406], [-90.05006499999999, 40.340123], [-90.052796, 40.347476], [-90.050501, 40.355070999999995], [-90.04306199999999, 40.370025999999996], [-90.03795, 40.375040999999996], [-90.03302599999999, 40.377806], [-90.021776, 40.379993999999996], [-90.00644199999999, 40.385213], [-89.994911, 40.390668999999995], [-89.983758, 40.392635999999996], [-89.980114, 40.396636], [-89.977589, 40.401997], [-89.973428, 40.406102], [-89.955176, 40.420184], [-89.939375, 40.430152], [-89.92468, 40.435921], [-89.863367, 40.435680999999995], [-89.82848399999999, 40.43438], [-89.71710399999999, 40.435655], [-89.714927, 40.319218], [-89.60297899999999, 40.320129], [-89.601011, 40.218413], [-89.60359799999999, 40.218378], [-89.601688, 40.122378], [-89.60327199999999, 40.121424999999995], [-89.605, 40.12211], [-89.606402, 40.123619], [-89.605802, 40.126511], [-89.610889, 40.12733], [-89.61088699999999, 40.128555999999996], [-89.609141, 40.129208999999996], [-89.612659, 40.132455], [-89.61376299999999, 40.134581], [-89.620678, 40.13659], [-89.620561, 40.138877], [-89.622256, 40.141857], [-89.623868, 40.143164999999996], [-89.62724, 40.143716], [-89.626803, 40.145913], [-89.62804799999999, 40.146898], [-89.628002, 40.148817], [-89.629997, 40.149405], [-89.631795, 40.148193], [-89.63420099999999, 40.153411], [-89.63751099999999, 40.152155], [-89.638762, 40.155147], [-89.64639299999999, 40.153600999999995], [-89.647731, 40.154779999999995], [-89.648331, 40.157033999999996], [-89.649592, 40.157655999999996], [-89.651609, 40.154826], [-89.656069, 40.157044], [-89.659955, 40.155629999999995], [-89.66161199999999, 40.158108999999996], [-89.667766, 40.160726], [-89.669247, 40.160471], [-89.67049399999999, 40.154635999999996], [-89.671341, 40.15394], [-89.68045599999999, 40.155426], [-89.681758, 40.153557], [-89.6806, 40.152226], [-89.681084, 40.151205999999995], [-89.68251, 40.152031], [-89.683472, 40.154851], [-89.685936, 40.153645999999995], [-89.68438599999999, 40.151862], [-89.685042, 40.150444], [-89.686949, 40.149324], [-89.686681, 40.146785], [-89.68885999999999, 40.145385], [-89.691654, 40.144922], [-89.692047, 40.142555], [-89.694797, 40.140712], [-89.69873899999999, 40.14236], [-89.704326, 40.140626999999995], [-89.704635, 40.142846], [-89.70797499999999, 40.143045], [-89.707638, 40.145987], [-89.709428, 40.147023], [-89.71177899999999, 40.145911], [-89.71193, 40.142880999999996], [-89.71559099999999, 40.143543], [-89.716245, 40.142274], [-89.719152, 40.140327], [-89.722032, 40.140509], [-89.722397, 40.142494], [-89.728195, 40.142325], [-89.728985, 40.141104999999996], [-89.72792199999999, 40.138776], [-89.729776, 40.137007], [-89.73003299999999, 40.135622], [-89.731015, 40.135919], [-89.731697, 40.137640999999995], [-89.733581, 40.137952], [-89.735742, 40.134941], [-89.733701, 40.133832999999996], [-89.734049, 40.132746999999995], [-89.73589899999999, 40.132228], [-89.73808199999999, 40.132871], [-89.739817, 40.131471999999995], [-89.742183, 40.131665999999996], [-89.74148199999999, 40.129791], [-89.744222, 40.128423], [-89.74548999999999, 40.129342], [-89.747063, 40.12928], [-89.749365, 40.126796999999996], [-89.75081999999999, 40.127561], [-89.753694, 40.126652], [-89.755556, 40.127562999999995], [-89.75806999999999, 40.127493], [-89.761212, 40.129726999999995], [-89.76288799999999, 40.128142], [-89.764929, 40.129152], [-89.766472, 40.128170999999995], [-89.766395, 40.129171], [-89.76823499999999, 40.129371], [-89.76819599999999, 40.128484], [-89.76987199999999, 40.128448999999996], [-89.770769, 40.130189], [-89.77232599999999, 40.130475], [-89.77243299999999, 40.131774], [-89.773421, 40.132225999999996], [-89.774525, 40.13196], [-89.77403199999999, 40.130521], [-89.77476, 40.129414], [-89.778376, 40.128515], [-89.78087, 40.126905], [-89.782145, 40.127116], [-89.783149, 40.129487], [-89.78557099999999, 40.129255], [-89.7876, 40.130206], [-89.79030999999999, 40.128195], [-89.791906, 40.129400000000004], [-89.791288, 40.126404], [-89.794367, 40.123805], [-89.797721, 40.125461], [-89.799914, 40.12518], [-89.801069, 40.124078999999995], [-89.801954, 40.124505], [-89.802595, 40.123653999999995], [-89.803668, 40.124905], [-89.805996, 40.123985], [-89.806833, 40.124887], [-89.80989799999999, 40.124505], [-89.810636, 40.123404], [-89.808718, 40.121808], [-89.81007699999999, 40.121213999999995], [-89.81324, 40.122135], [-89.81419299999999, 40.124055999999996], [-89.81794, 40.125383], [-89.81908, 40.12525], [-89.820348, 40.122672], [-89.821826, 40.122625], [-89.822192, 40.123484], [-89.823939, 40.122932], [-89.823331, 40.121303999999995], [-89.827191, 40.125672], [-89.830041, 40.12558], [-89.83210299999999, 40.123642], [-89.833979, 40.124413], [-89.834886, 40.126639], [-89.83720799999999, 40.127672], [-89.837263, 40.129695999999996], [-89.83939699999999, 40.130793], [-89.841184, 40.130289], [-89.842075, 40.127055], [-89.843257, 40.126368], [-89.853397, 40.130302], [-89.857267, 40.129097], [-89.860753, 40.129951], [-89.863282, 40.128074], [-89.86602099999999, 40.128206], [-89.86824899999999, 40.12972], [-89.867468, 40.132048999999995], [-89.86816999999999, 40.133948], [-89.870559, 40.136683999999995], [-89.872554, 40.137415], [-89.87511099999999, 40.136528999999996], [-89.87803799999999, 40.133722], [-89.880966, 40.13381], [-89.880769, 40.135889999999996], [-89.88153799999999, 40.136306999999995], [-89.88548399999999, 40.134839], [-89.885896, 40.133832999999996], [-89.88410499999999, 40.131659], [-89.88391999999999, 40.129891], [-89.88569299999999, 40.12797], [-89.89177099999999, 40.130542999999996], [-89.898913, 40.127922], [-89.902774, 40.133443], [-89.905822, 40.135145], [-89.908401, 40.137786], [-89.909053, 40.137526], [-89.909106, 40.1353], [-89.90634899999999, 40.133368], [-89.90668199999999, 40.131985], [-89.907546, 40.131611], [-89.916276, 40.133528], [-89.917692, 40.135627], [-89.920388, 40.136584], [-89.92117499999999, 40.138822999999995], [-89.92258299999999, 40.13848], [-89.923474, 40.136092], [-89.924691, 40.135835], [-89.92496799999999, 40.138514], [-89.92681999999999, 40.140085], [-89.928613, 40.139841], [-89.93166099999999, 40.137332], [-89.934669, 40.137775], [-89.94130299999999, 40.136936999999996], [-89.941867, 40.136143], [-89.940969, 40.135290999999995], [-89.936987, 40.134164], [-89.93677, 40.132445], [-89.942308, 40.131568], [-89.942621, 40.133964999999996], [-89.943713, 40.134384], [-89.944893, 40.13373], [-89.94485499999999, 40.1312], [-89.946139, 40.130264], [-89.948601, 40.131603999999996], [-89.94855199999999, 40.134346], [-89.949287, 40.135681999999996], [-89.950621, 40.135458], [-89.95148499999999, 40.132051], [-89.95261599999999, 40.132729], [-89.95324, 40.135315], [-89.95463, 40.136953999999996], [-89.956903, 40.136889], [-89.958085, 40.134541], [-89.958872, 40.134361], [-89.96023699999999, 40.1388], [-89.96175699999999, 40.138633], [-89.963034, 40.140239], [-89.96307999999999, 40.143046999999996], [-89.966191, 40.143071], [-89.968274, 40.142055], [-89.97049, 40.142081999999995], [-89.971121, 40.140868999999995], [-89.969713, 40.138175], [-89.972993, 40.137388], [-89.974756, 40.135478], [-89.971357, 40.133821], [-89.972203, 40.132435], [-89.976612, 40.130651], [-89.97581699999999, 40.129048], [-89.97348099999999, 40.128411], [-89.97357799999999, 40.127371], [-89.976772, 40.12652], [-89.978456, 40.124959], [-89.98172799999999, 40.128257999999995], [-89.984928, 40.129332], [-89.986649, 40.129006], [-89.98665899999999, 40.127553999999996], [-89.984512, 40.12394], [-89.98563, 40.12262], [-89.987702, 40.123946], [-89.988607, 40.123605], [-89.987839, 40.120605999999995], [-89.988705, 40.117795], [-89.987983, 40.116662], [-89.98308399999999, 40.115868999999996], [-89.982811, 40.113866], [-89.985823, 40.111953], [-89.992736, 40.111716], [-89.993417, 40.110833], [-89.992587, 40.109134999999995], [-89.99347, 40.107979], [-89.99508999999999, 40.108908], [-89.99589399999999, 40.11215], [-89.99758899999999, 40.112774], [-89.998026, 40.110403], [-89.999753, 40.108091], [-90.000117, 40.103035], [-90.001993, 40.103622], [-90.003309, 40.109257], [-90.00491799999999, 40.108993], [-90.006068, 40.107597999999996], [-90.00612, 40.10388], [-90.008021, 40.103338], [-90.01055199999999, 40.103885999999996], [-90.011369, 40.103272], [-90.01146899999999, 40.10134], [-90.012863, 40.100836], [-90.014251, 40.103152], [-90.01721599999999, 40.101912], [-90.01860599999999, 40.103235999999995], [-90.021011, 40.103744], [-90.019616, 40.104773], [-90.019842, 40.10559], [-90.023567, 40.10472], [-90.031871, 40.105488], [-90.032249, 40.106460999999996], [-90.0308, 40.109473], [-90.03165899999999, 40.110738], [-90.03503099999999, 40.108214], [-90.03765, 40.103083], [-90.03919499999999, 40.10256], [-90.03931399999999, 40.107305], [-90.041007, 40.109038], [-90.042805, 40.10902], [-90.049745, 40.104442999999996], [-90.051226, 40.102336], [-90.051126, 40.099643], [-90.051769, 40.099047999999996], [-90.06109599999999, 40.100773], [-90.064662, 40.100145], [-90.065651, 40.098057999999995], [-90.065175, 40.094480999999995], [-90.065733, 40.093357], [-90.071587, 40.094082], [-90.071764, 40.093025], [-90.069836, 40.090508], [-90.070217, 40.089988999999996], [-90.07421099999999, 40.090219], [-90.079178, 40.087522], [-90.077745, 40.085992], [-90.078127, 40.085318], [-90.081053, 40.085567999999995], [-90.079887, 40.081789], [-90.08067899999999, 40.080148], [-90.082377, 40.080465], [-90.087642, 40.084021], [-90.08855, 40.083166999999996], [-90.087617, 40.079816], [-90.09089399999999, 40.080762], [-90.094411, 40.0771], [-90.096254, 40.078046], [-90.09364599999999, 40.080495], [-90.094347, 40.081393999999996], [-90.100352, 40.077666], [-90.101902, 40.078227], [-90.103246, 40.080723], [-90.106088, 40.078004], [-90.108629, 40.07951], [-90.11039, 40.078299], [-90.112935, 40.080998], [-90.114223, 40.079964], [-90.11618399999999, 40.080752], [-90.11601, 40.078661], [-90.120723, 40.076527], [-90.122654, 40.077494], [-90.126753, 40.076619], [-90.13035599999999, 40.070842], [-90.13007999999999, 40.06884], [-90.13299099999999, 40.068526999999996], [-90.132143, 40.066255999999996], [-90.13384099999999, 40.064952], [-90.13483699999999, 40.062253999999996], [-90.138992, 40.063109], [-90.137909, 40.064997999999996], [-90.13825899999999, 40.065987], [-90.13981, 40.065897], [-90.14108499999999, 40.064374], [-90.142445, 40.064054999999996], [-90.1449, 40.066676], [-90.14987699999999, 40.067631], [-90.15046199999999, 40.067204], [-90.149906, 40.065045], [-90.15213, 40.066372], [-90.154091, 40.066238], [-90.156351, 40.061216], [-90.157671, 40.061243999999995], [-90.15809899999999, 40.062729999999995], [-90.159233, 40.063159], [-90.160218, 40.062844999999996], [-90.160237, 40.061216], [-90.160962, 40.060716], [-90.167448, 40.060840999999996], [-90.169213, 40.059616999999996], [-90.170271, 40.061631], [-90.1714, 40.06208], [-90.173598, 40.060337], [-90.175947, 40.060012], [-90.177218, 40.060739999999996], [-90.17875099999999, 40.063831], [-90.183056, 40.062667999999995], [-90.181675, 40.066134999999996], [-90.18203899999999, 40.066848], [-90.184055, 40.066747], [-90.185285, 40.064329], [-90.189197, 40.065829], [-90.189476, 40.064971], [-90.186498, 40.063018], [-90.186296, 40.061647], [-90.188653, 40.061301], [-90.189583, 40.060061999999995], [-90.192126, 40.05999], [-90.19242, 40.057321], [-90.195009, 40.056069], [-90.194853, 40.053579], [-90.201225, 40.054066], [-90.204171, 40.052884999999996], [-90.20490000000001, 40.054351], [-90.206839, 40.055375], [-90.205973, 40.059532999999995], [-90.207121, 40.06026], [-90.208986, 40.059228], [-90.209909, 40.056112], [-90.21101, 40.055242], [-90.212111, 40.056076], [-90.21188099999999, 40.059079], [-90.21354, 40.059053999999996], [-90.216081, 40.056563], [-90.214591, 40.055181], [-90.21628, 40.05381], [-90.21634, 40.051486], [-90.217332, 40.050926], [-90.219443, 40.053999], [-90.223619, 40.055133999999995], [-90.22653, 40.054508], [-90.226877, 40.051684], [-90.22818699999999, 40.051671999999996], [-90.229243, 40.053709], [-90.229385, 40.056698999999995], [-90.235697, 40.05809], [-90.2339, 40.060210999999995], [-90.23461499999999, 40.061116999999996], [-90.235778, 40.060949], [-90.23918599999999, 40.0581], [-90.243062, 40.057798999999996], [-90.244444, 40.059037], [-90.243251, 40.060634], [-90.24443, 40.061265], [-90.247188, 40.058654], [-90.24695299999999, 40.056819], [-90.247558, 40.056568999999996], [-90.249855, 40.058295], [-90.253986, 40.057094], [-90.257019, 40.059039999999996], [-90.260571, 40.059371], [-90.26079, 40.061454999999995], [-90.264325, 40.060929], [-90.265827, 40.062138], [-90.26955199999999, 40.061209999999996], [-90.270248, 40.057528999999995], [-90.272612, 40.054809], [-90.27398099999999, 40.054807], [-90.27664, 40.056761], [-90.28551, 40.055492], [-90.285326, 40.057593], [-90.287904, 40.05795], [-90.289062, 40.059185], [-90.28678699999999, 40.062236999999996], [-90.28710199999999, 40.063376999999996], [-90.29011799999999, 40.06425], [-90.293382, 40.06379], [-90.291511, 40.065701], [-90.29072, 40.069038], [-90.292784, 40.06984], [-90.293882, 40.071784], [-90.29632199999999, 40.073149], [-90.298593, 40.076015999999996], [-90.302561, 40.076119], [-90.304987, 40.077905], [-90.304464, 40.081818], [-90.300981, 40.083095], [-90.303225, 40.084900000000005], [-90.302414, 40.088615999999995], [-90.30309299999999, 40.092168], [-90.30454999999999, 40.093545], [-90.30661099999999, 40.092655], [-90.30722999999999, 40.097311], [-90.30907599999999, 40.098245], [-90.313026, 40.103497], [-90.312595, 40.106271], [-90.313831, 40.107012999999995], [-90.31427699999999, 40.110358], [-90.315496, 40.111564], [-90.31378199999999, 40.113302999999995], [-90.3146, 40.115595], [-90.319294, 40.117125], [-90.323077, 40.117048], [-90.330215, 40.120591], [-90.33370000000001, 40.120166], [-90.333367, 40.118137999999995], [-90.335199, 40.119191], [-90.33523699999999, 40.121964], [-90.336536, 40.122538], [-90.338597, 40.121527], [-90.339918, 40.118356], [-90.341825, 40.117920999999996], [-90.342919, 40.116754], [-90.344562, 40.118373], [-90.349768, 40.118269], [-90.350809, 40.12182], [-90.349749, 40.123118], [-90.352701, 40.122081], [-90.35386, 40.122763], [-90.354524, 40.124217], [-90.347286, 40.126518999999995], [-90.339924, 40.134138], [-90.335173, 40.13724], [-90.322971, 40.139739999999996], [-90.31277999999999, 40.139156], [-90.30755099999999, 40.139950999999996], [-90.293826, 40.146144], [-90.280727, 40.149177], [-90.26814399999999, 40.154562999999996], [-90.257277, 40.154787], [-90.245318, 40.153068], [-90.23512699999999, 40.150641], [-90.225796, 40.150054], [-90.216138, 40.150459], [-90.20957399999999, 40.153149], [-90.206144, 40.155789], [-90.202671, 40.160689999999995], [-90.202113, 40.165065999999996], [-90.202685, 40.173939999999995], [-90.20150699999999, 40.180642], [-90.19517499999999, 40.190929], [-90.19175399999999, 40.192623999999995], [-90.185448, 40.193802], [-90.180809, 40.196014], [-90.174844, 40.201729], [-90.170217, 40.212118], [-90.157961, 40.219654999999996], [-90.152502, 40.221018], [-90.137942, 40.222592999999996], [-90.127482, 40.22697], [-90.118966, 40.235262999999996], [-90.11318399999999, 40.250043]]]}, "properties": {"GEOID": "17125", "NAME": "Mason", "suicide_rate": 19.5, "suicide_rate_ci_low": 10.1, "suicide_rate_ci_high": 34.0, "suicide_deaths": 14, "frequent_mental_distress_pct": 17.3, "frequent_mental_distress_ci_low": 15.4, "frequent_mental_distress_ci_high": 19.2, "uninsured_pct": 7.5, "uninsured_ci_low": 6.1, "uninsured_ci_high": 9.0, "facility_count": 0, "facilities_per_100k": 0.0}}, {"type": "Feature", "geometry": {"type": "Polygon", "coordinates": [[[-88.931382, 40.929100000000005], [-88.930881, 41.105900000000005], [-88.48729, 41.108619999999995], [-88.25150099999999, 41.114218], [-88.24063, 40.803066], [-88.23700099999999, 40.675004], [-88.23629199999999, 40.675011999999995], [-88.23495, 40.618207999999996], [-88.34719799999999, 40.617038], [-88.458545, 40.617432], [-88.574502, 40.61655], [-88.575216, 40.670615999999995], [-88.58235499999999, 40.670792], [-88.584272, 40.757608], [-88.92933099999999, 40.753336999999995], [-88.931382, 40.929100000000005]]]}, "properties": {"GEOID": "17105", "NAME": "Livingston", "suicide_rate": 15.7, "suicide_rate_ci_low": 10.3, "suicide_rate_ci_high": 22.8, "suicide_deaths": 29, "frequent_mental_distress_pct": 18.6, "frequent_mental_distress_ci_low": 16.6, "frequent_mental_distress_ci_high": 20.8, "uninsured_pct": 6.7, "uninsured_ci_low": 5.5, "uninsured_ci_high": 7.9, "facility_count": 1, "facilities_per_100k": 2.8}}, {"type": "Feature", "geometry": {"type": "Polygon", "coordinates": [[[-88.699229, 38.487739], [-88.698459, 38.606062], [-88.584531, 38.607309], [-88.420076, 38.60288], [-88.364178, 38.602492999999996], [-88.257465, 38.599137], [-88.24056399999999, 38.599516], [-88.22243499999999, 38.598614999999995], [-88.14819399999999, 38.597986999999996], [-88.14778299999999, 38.533456], [-88.148574, 38.467645], [-88.147967, 38.467639999999996], [-88.147752, 38.461703], [-88.14954, 38.299679999999995], [-88.15090000000001, 38.256097], [-88.24861399999999, 38.257085], [-88.370026, 38.255300999999996], [-88.70239099999999, 38.256661], [-88.700048, 38.342307], [-88.698664, 38.487254], [-88.699229, 38.487739]]]}, "properties": {"GEOID": "17191", "NAME": "Wayne", "suicide_rate": 23.9, "suicide_rate_ci_low": 13.6, "suicide_rate_ci_high": 38.8, "suicide_deaths": 17, "frequent_mental_distress_pct": 18.4, "frequent_mental_distress_ci_low": 16.5, "frequent_mental_distress_ci_high": 20.5, "uninsured_pct": 10.3, "uninsured_ci_low": 8.5, "uninsured_ci_high": 12.1, "facility_count": 1, "facilities_per_100k": 6.3}}, {"type": "Feature", "geometry": {"type": "Polygon", "coordinates": [[[-88.60136, 41.90524], [-88.601958, 42.066469], [-88.58833, 42.066462], [-88.588657, 42.15359], [-88.247839, 42.153627], [-88.238449, 42.154249], [-88.238186, 42.066984999999995], [-88.26364099999999, 42.066873], [-88.261952, 41.724652], [-88.601933, 41.719563], [-88.602566, 41.806847], [-88.60136, 41.90524]]]}, "properties": {"GEOID": "17089", "NAME": "Kane", "suicide_rate": 9.4, "suicide_rate_ci_low": 8.2, "suicide_rate_ci_high": 10.6, "suicide_deaths": 249, "frequent_mental_distress_pct": 14.8, "frequent_mental_distress_ci_low": 13.2, "frequent_mental_distress_ci_high": 16.5, "uninsured_pct": 11.6, "uninsured_ci_low": 10.4, "uninsured_ci_high": 12.8, "facility_count": 15, "facilities_per_100k": 2.9}}, {"type": "Feature", "geometry": {"type": "Polygon", "coordinates": [[[-88.41541199999999, 37.423821], [-88.412697, 37.599624999999996], [-88.375455, 37.599022999999995], [-88.375434, 37.599595], [-88.179677, 37.599228], [-88.16769099999999, 37.592689], [-88.162813, 37.587467], [-88.157963, 37.577514], [-88.15267899999999, 37.573813], [-88.146721, 37.573189], [-88.140425, 37.575343], [-88.133634, 37.574411], [-88.12258, 37.569128], [-88.112949, 37.56128], [-88.10597399999999, 37.556796999999996], [-88.089444, 37.536366], [-88.08758399999999, 37.535022], [-88.07444, 37.530387], [-88.069537, 37.526088], [-88.062827, 37.514860999999996], [-88.062804, 37.508423], [-88.06111399999999, 37.504121999999995], [-88.061815, 37.499134], [-88.06542999999999, 37.48876], [-88.068438, 37.485448999999996], [-88.073122, 37.485690999999996], [-88.07425599999999, 37.481614], [-88.07718299999999, 37.479175999999995], [-88.08089199999999, 37.473911], [-88.084711, 37.47175], [-88.088977, 37.471720999999995], [-88.09192499999999, 37.473562], [-88.093876, 37.473803], [-88.122905, 37.471894999999996], [-88.128411, 37.470495], [-88.135161, 37.471754], [-88.156983, 37.466989], [-88.172088, 37.465728], [-88.175742, 37.463736], [-88.180357, 37.464179], [-88.196539, 37.460702999999995], [-88.208534, 37.460237], [-88.22796799999999, 37.457099], [-88.25513699999999, 37.456761], [-88.28163099999999, 37.452729], [-88.299719, 37.446304999999995], [-88.31197399999999, 37.441001], [-88.318122, 37.435859], [-88.323633, 37.433991999999996], [-88.333506, 37.427147999999995], [-88.34889199999999, 37.410571999999995], [-88.35274799999999, 37.408831], [-88.360788, 37.403357], [-88.365757, 37.401599], [-88.372137, 37.403106], [-88.377147, 37.409644], [-88.384337, 37.414586], [-88.39589099999999, 37.420853], [-88.409229, 37.425315], [-88.41541199999999, 37.423821]]]}, "properties": {"GEOID": "17069", "NAME": "Hardin", "suicide_rate": null, "suicide_rate_ci_low": null, "suicide_rate_ci_high": null, "suicide_deaths": null, "frequent_mental_distress_pct": 19.5, "frequent_mental_distress_ci_low": 17.4, "frequent_mental_distress_ci_high": 21.7, "uninsured_pct": 6.6, "uninsured_ci_low": 5.1, "uninsured_ci_high": 8.0, "facility_count": 0, "facilities_per_100k": 0.0}}, {"type": "Feature", "geometry": {"type": "Polygon", "coordinates": [[[-88.481681, 41.457902999999995], [-88.252231, 41.463066], [-88.240889, 41.114383], [-88.48492, 41.10865], [-88.58623999999999, 41.10828], [-88.588169, 41.257842], [-88.593704, 41.373035], [-88.595961, 41.457128999999995], [-88.481681, 41.457902999999995]]]}, "properties": {"GEOID": "17063", "NAME": "Grundy", "suicide_rate": 16.4, "suicide_rate_ci_low": 11.9, "suicide_rate_ci_high": 22.1, "suicide_deaths": 44, "frequent_mental_distress_pct": 16, "frequent_mental_distress_ci_low": 14.2, "frequent_mental_distress_ci_high": 17.9, "uninsured_pct": 5.5, "uninsured_ci_low": 4.6, "uninsured_ci_high": 6.5, "facility_count": 1, "facilities_per_100k": 1.9}}, {"type": "Feature", "geometry": {"type": "Polygon", "coordinates": [[[-90.909756, 40.284394], [-90.90421599999999, 40.639201], [-90.67306099999999, 40.631493999999996], [-90.559983, 40.630448], [-90.445627, 40.627638], [-90.448269, 40.371545], [-90.450227, 40.276334999999996], [-90.545688, 40.278144], [-90.67793999999999, 40.278562], [-90.72068499999999, 40.280300000000004], [-90.792619, 40.281062], [-90.909756, 40.284394]]]}, "properties": {"GEOID": "17109", "NAME": "McDonough", "suicide_rate": 11.3, "suicide_rate_ci_low": 6.3, "suicide_rate_ci_high": 18.7, "suicide_deaths": 16, "frequent_mental_distress_pct": 19, "frequent_mental_distress_ci_low": 16.9, "frequent_mental_distress_ci_high": 21, "uninsured_pct": 6.8, "uninsured_ci_low": 5.4, "uninsured_ci_high": 8.2, "facility_count": 2, "facilities_per_100k": 7.5}}, {"type": "Feature", "geometry": {"type": "Polygon", "coordinates": [[[-88.90507099999999, 37.335743], [-88.728691, 37.335316999999996], [-88.71073799999999, 37.337081], [-88.67434999999999, 37.308489], [-88.620436, 37.262693], [-88.56570099999999, 37.218196], [-88.528904, 37.188834], [-88.49033, 37.159462], [-88.49048499999999, 37.068171], [-88.502972, 37.065639999999995], [-88.521755, 37.06568], [-88.546925, 37.070819], [-88.553928, 37.073113], [-88.560839, 37.076512], [-88.565696, 37.077673], [-88.56515, 37.075373], [-88.56651, 37.075374], [-88.572863, 37.079656], [-88.574516, 37.084844], [-88.57685, 37.08578], [-88.583792, 37.092], [-88.58986499999999, 37.099785], [-88.594504, 37.102101999999995], [-88.597149, 37.104731], [-88.60297, 37.108503], [-88.61868899999999, 37.116768], [-88.629059, 37.120622], [-88.644042, 37.122389], [-88.647268, 37.124393], [-88.657231, 37.12744], [-88.67883499999999, 37.135779], [-88.681252, 37.137344999999996], [-88.69260799999999, 37.141104999999996], [-88.704374, 37.14297], [-88.70390599999999, 37.142072], [-88.706203, 37.141493], [-88.707579, 37.142590999999996], [-88.71946, 37.140751], [-88.73249899999999, 37.143944999999995], [-88.7615, 37.159611999999996], [-88.77542799999999, 37.168768], [-88.78012299999999, 37.173172], [-88.784025, 37.174926], [-88.787189, 37.178554], [-88.802606, 37.187736], [-88.813446, 37.190079], [-88.83509, 37.196493], [-88.862723, 37.207454999999996], [-88.87718799999999, 37.212261], [-88.91618, 37.223991], [-88.92788999999999, 37.226365], [-88.92875699999999, 37.302848], [-88.926788, 37.303106], [-88.919466, 37.307092], [-88.914358, 37.310567999999996], [-88.909875, 37.312415], [-88.908647, 37.313871999999996], [-88.897561, 37.317491], [-88.897582, 37.319055999999996], [-88.899248, 37.321394], [-88.895466, 37.326100000000004], [-88.8983, 37.327282], [-88.89787299999999, 37.328846999999996], [-88.89620699999999, 37.32983], [-88.901865, 37.33277], [-88.90507099999999, 37.335743]]]}, "properties": {"GEOID": "17127", "NAME": "Massac", "suicide_rate": 20.0, "suicide_rate_ci_low": 10.7, "suicide_rate_ci_high": 34.2, "suicide_deaths": 14, "frequent_mental_distress_pct": 18.3, "frequent_mental_distress_ci_low": 16.4, "frequent_mental_distress_ci_high": 20.3, "uninsured_pct": 7.7, "uninsured_ci_low": 6.3, "uninsured_ci_high": 9.2, "facility_count": 1, "facilities_per_100k": 7.3}}, {"type": "Feature", "geometry": {"type": "Polygon", "coordinates": [[[-90.437652, 41.151463], [-90.43193, 41.456834], [-90.421129, 41.457634], [-90.404229, 41.464833999999996], [-90.396028, 41.469733999999995], [-90.387328, 41.476434], [-90.380382, 41.476675], [-90.376528, 41.478733999999996], [-90.37302799999999, 41.484634], [-90.369427, 41.496734], [-90.364227, 41.502834], [-90.35223099999999, 41.508832], [-90.341245, 41.511379], [-90.333889, 41.514085], [-90.32021399999999, 41.509989999999995], [-90.318733, 41.508897999999995], [-90.31505899999999, 41.509204], [-90.312094, 41.510591], [-90.304716, 41.517790999999995], [-90.29707599999999, 41.518207], [-90.28922399999999, 41.520334], [-90.279324, 41.520334], [-90.26832399999999, 41.522134], [-90.26052299999999, 41.521533999999996], [-90.250123, 41.522755], [-90.24078, 41.525088], [-90.231545, 41.529036], [-90.225842, 41.529917], [-90.224167, 41.531417999999995], [-90.222459, 41.53557], [-90.21901799999999, 41.5372], [-90.195324, 41.540686], [-90.192498, 41.543213], [-90.184991, 41.555457], [-90.179328, 41.572367], [-90.17917299999999, 41.57543], [-90.18005199999999, 41.578716], [-90.185536, 41.584573999999996], [-89.97618299999999, 41.583653999999996], [-89.86235099999999, 41.584005], [-89.859197, 41.518724999999996], [-89.85736899999999, 41.51837], [-89.856613, 41.317295], [-89.857496, 41.234655], [-89.86779299999999, 41.234429999999996], [-89.868152, 41.149493], [-90.08198, 41.149732], [-90.208816, 41.15211], [-90.323179, 41.151196999999996], [-90.437652, 41.151463]]]}, "properties": {"GEOID": "17073", "NAME": "Henry", "suicide_rate": 17.0, "suicide_rate_ci_low": 12.1, "suicide_rate_ci_high": 23.2, "suicide_deaths": 43, "frequent_mental_distress_pct": 17.6, "frequent_mental_distress_ci_low": 15.7, "frequent_mental_distress_ci_high": 19.6, "uninsured_pct": 6.9, "uninsured_ci_low": 5.7, "uninsured_ci_high": 8.1, "facility_count": 1, "facilities_per_100k": 2.1}}, {"type": "Feature", "geometry": {"type": "Polygon", "coordinates": [[[-90.62228999999999, 39.365089], [-90.620162, 39.375692], [-90.620802, 39.381156], [-90.617301, 39.385692], [-90.61352699999999, 39.396508999999995], [-90.615416, 39.406960999999995], [-90.61526599999999, 39.413744], [-90.616807, 39.423877999999995], [-90.61601999999999, 39.430574], [-90.611998, 39.441407999999996], [-90.610502, 39.457446999999995], [-90.607597, 39.463829], [-90.592092, 39.486979], [-90.590605, 39.493674999999996], [-90.58838999999999, 39.496418999999996], [-90.586158, 39.503713], [-90.582202, 39.510332], [-90.58053, 39.517993], [-90.58105499999999, 39.521727999999996], [-90.26557799999999, 39.519988999999995], [-90.15378199999999, 39.520315], [-90.150641, 39.346315], [-90.149462, 39.346302], [-90.14806899999999, 39.261947], [-90.193872, 39.261959999999995], [-90.193699, 39.258235], [-90.202681, 39.258192], [-90.201769, 39.225497], [-90.27644599999999, 39.224672], [-90.31393, 39.225128], [-90.313289, 39.174289], [-90.487624, 39.175005], [-90.486429, 39.170002], [-90.48787899999999, 39.164074], [-90.49119499999999, 39.16141], [-90.49579299999999, 39.160235], [-90.49884999999999, 39.161105], [-90.502799, 39.164259], [-90.503963, 39.170907], [-90.505821, 39.172916], [-90.505674, 39.175447], [-90.50286, 39.180941], [-90.507508, 39.185193], [-90.511945, 39.186797], [-90.51420999999999, 39.186296], [-90.520365, 39.188024], [-90.52301, 39.187053], [-90.526816, 39.192448999999996], [-90.52922099999999, 39.191626], [-90.52847299999999, 39.188365999999995], [-90.53054, 39.187343], [-90.532737, 39.187489], [-90.535653, 39.190042], [-90.536991, 39.193002], [-90.540927, 39.189529], [-90.542447, 39.18389], [-90.54338899999999, 39.183296999999996], [-90.54530799999999, 39.183400999999996], [-90.54624799999999, 39.184242], [-90.545278, 39.187562], [-90.545806, 39.190169999999995], [-90.557767, 39.188482], [-90.56409, 39.184293], [-90.565377, 39.187435], [-90.561892, 39.190653], [-90.563716, 39.193404], [-90.56567799999999, 39.193740999999996], [-90.56782299999999, 39.191635999999995], [-90.567272, 39.183395], [-90.57011399999999, 39.183372], [-90.570421, 39.182625], [-90.566396, 39.181521], [-90.566406, 39.180031], [-90.570442, 39.177785], [-90.57345199999999, 39.177489], [-90.574699, 39.179075], [-90.57334, 39.184097], [-90.580587, 39.184895], [-90.578699, 39.179897], [-90.58175299999999, 39.178162], [-90.582106, 39.176927], [-90.575904, 39.173083999999996], [-90.575199, 39.167836], [-90.57652399999999, 39.164708], [-90.58175299999999, 39.164845], [-90.585364, 39.161553], [-90.58721299999999, 39.154872999999995], [-90.58653699999999, 39.153043], [-90.583187, 39.149153999999996], [-90.582803, 39.144327], [-90.584654, 39.142165], [-90.589382, 39.141169], [-90.591526, 39.138332], [-90.596167, 39.137988], [-90.59795899999999, 39.136752], [-90.59904399999999, 39.133274], [-90.59710199999999, 39.129157], [-90.597072, 39.127327], [-90.5991, 39.123121], [-90.603569, 39.117591999999995], [-90.605177, 39.12294], [-90.611206, 39.133212], [-90.61453999999999, 39.142289999999996], [-90.614646, 39.153788999999996], [-90.613326, 39.162742], [-90.610672, 39.169888], [-90.60713899999999, 39.174504], [-90.59945599999999, 39.180496], [-90.597482, 39.187531], [-90.592095, 39.195789999999995], [-90.591219, 39.201129], [-90.593009, 39.209956], [-90.59209899999999, 39.216439], [-90.597229, 39.235127], [-90.597989, 39.24333], [-90.605904, 39.251362], [-90.609796, 39.259812], [-90.609338, 39.263908], [-90.60738599999999, 39.269662], [-90.606329, 39.279771], [-90.60239299999999, 39.287479999999995], [-90.60243, 39.292693], [-90.608391, 39.303808], [-90.61125799999999, 39.311212999999995], [-90.612892, 39.324538], [-90.619638, 39.349095999999996], [-90.62228999999999, 39.365089]]]}, "properties": {"GEOID": "17061", "NAME": "Greene", "suicide_rate": 21.3, "suicide_rate_ci_low": 11.0, "suicide_rate_ci_high": 37.2, "suicide_deaths": 13, "frequent_mental_distress_pct": 19.4, "frequent_mental_distress_ci_low": 17.4, "frequent_mental_distress_ci_high": 21.5, "uninsured_pct": 7.8, "uninsured_ci_low": 6.3, "uninsured_ci_high": 9.4, "facility_count": 0, "facilities_per_100k": 0.0}}, {"type": "Feature", "geometry": {"type": "Polygon", "coordinates": [[[-90.035867, 38.135736], [-90.036316, 38.223245999999996], [-89.92490000000001, 38.220816], [-89.59279699999999, 38.219271], [-89.592411, 38.129830999999996], [-89.595073, 37.955343], [-89.65793, 37.855957], [-89.658333, 37.852393], [-89.65715999999999, 37.851341999999995], [-89.657067, 37.849551], [-89.658166, 37.847591], [-89.657134, 37.847057], [-89.65934299999999, 37.844525], [-89.658374, 37.843593999999996], [-89.65942199999999, 37.843070999999995], [-89.659458, 37.840683], [-89.66104399999999, 37.839945], [-89.66028899999999, 37.838419], [-89.66227599999999, 37.837643], [-89.661823, 37.835057], [-89.664344, 37.833207], [-89.66432999999999, 37.831717999999995], [-89.663229, 37.831499], [-89.664506, 37.831072], [-89.664439, 37.829131], [-89.665464, 37.828282], [-89.66817499999999, 37.829595], [-89.672202, 37.825381], [-89.675871, 37.824835], [-89.67626399999999, 37.824027], [-89.678383, 37.823898], [-89.680865, 37.822500999999995], [-89.67432099999999, 37.803152], [-89.69494999999999, 37.813592], [-89.702844, 37.816812], [-89.71744199999999, 37.825722999999996], [-89.72943099999999, 37.835114], [-89.739875, 37.846921], [-89.744745, 37.84612], [-89.747784, 37.847004], [-89.754099, 37.846353], [-89.76520000000001, 37.851763], [-89.774305, 37.852126999999996], [-89.78199099999999, 37.855053], [-89.786326, 37.851689], [-89.793737, 37.857063], [-89.79754199999999, 37.862128], [-89.800353, 37.868626], [-89.799821, 37.871342999999996], [-89.797696, 37.874392], [-89.79838199999999, 37.877161], [-89.79804, 37.879653], [-89.799329, 37.881516], [-89.813636, 37.887696], [-89.842638, 37.905197], [-89.844786, 37.905572], [-89.850524, 37.904171999999996], [-89.85707099999999, 37.899204], [-89.86187699999999, 37.897684], [-89.879688, 37.880736], [-89.898753, 37.870779999999996], [-89.905631, 37.869392999999995], [-89.91754399999999, 37.869895], [-89.92530000000001, 37.871153], [-89.936945, 37.874835], [-89.938608, 37.874303999999995], [-89.93768999999999, 37.875098], [-89.947758, 37.879847], [-89.953008, 37.884037], [-89.96054199999999, 37.897369], [-89.965285, 37.902302999999996], [-89.966329, 37.906731], [-89.970829, 37.91458], [-89.973762, 37.918016], [-89.97479899999999, 37.926525], [-89.973456, 37.928359], [-89.965813, 37.933011], [-89.962057, 37.933918], [-89.962612, 37.935251], [-89.960914, 37.936597], [-89.959772, 37.940083], [-89.947322, 37.940283], [-89.93732, 37.946663], [-89.93410999999999, 37.946877], [-89.93126699999999, 37.948277], [-89.924853, 37.954906], [-89.92459699999999, 37.959849], [-89.935885, 37.959581], [-89.940687, 37.970873999999995], [-89.965046, 37.964393], [-89.98222799999999, 37.962111], [-89.991958, 37.962165], [-90.00010999999999, 37.964563], [-90.007936, 37.97011], [-90.022286, 37.986163999999995], [-90.031795, 37.995126], [-90.040446, 38.000222], [-90.051941, 38.005432], [-90.053615, 38.009429], [-90.05726899999999, 38.014362], [-90.065045, 38.016875], [-90.072283, 38.017001], [-90.080959, 38.015428], [-90.08825999999999, 38.015772], [-90.099098, 38.020196], [-90.11424, 38.029061], [-90.126196, 38.040706], [-90.126396, 38.054897], [-90.128159, 38.059644999999996], [-90.130788, 38.062340999999996], [-90.158273, 38.07495], [-90.16341299999999, 38.074346], [-90.17222, 38.069635999999996], [-90.17604, 38.07066], [-90.20520499999999, 38.086907], [-90.16308699999999, 38.099893], [-90.123881, 38.110109], [-90.109552, 38.115117], [-90.035867, 38.135736]]]}, "properties": {"GEOID": "17157", "NAME": "Randolph", "suicide_rate": 15.2, "suicide_rate_ci_low": 9.6, "suicide_rate_ci_high": 23.1, "suicide_deaths": 23, "frequent_mental_distress_pct": 18, "frequent_mental_distress_ci_low": 16.1, "frequent_mental_distress_ci_high": 20, "uninsured_pct": 8.6, "uninsured_ci_low": 7.1, "uninsured_ci_high": 10.2, "facility_count": 3, "facilities_per_100k": 10.1}}, {"type": "Feature", "geometry": {"type": "Polygon", "coordinates": [[[-91.264398, 39.757408999999996], [-90.915961, 39.757200000000005], [-90.916669, 39.844927], [-90.894252, 39.841058], [-90.799397, 39.840975], [-90.571424, 39.838961], [-90.566598, 39.833162], [-90.565737, 39.83007], [-90.566976, 39.826882999999995], [-90.576724, 39.818857], [-90.586027, 39.805645], [-90.59720399999999, 39.794851], [-90.599105, 39.79006], [-90.606931, 39.776376], [-90.607447, 39.772929999999995], [-90.606247, 39.768431], [-90.60763399999999, 39.763873], [-90.628422, 39.729485], [-90.64098399999999, 39.717425999999996], [-90.64599, 39.703368], [-90.646112, 39.698291], [-90.644488, 39.693110999999995], [-90.63349099999999, 39.673007999999996], [-90.62870699999999, 39.669332], [-90.608385, 39.63924], [-90.607394, 39.635508], [-90.607351, 39.628695], [-90.604884, 39.619749999999996], [-90.598096, 39.604760999999996], [-90.592092, 39.596683], [-90.582926, 39.574571], [-90.580666, 39.567105], [-90.57661999999999, 39.559536], [-90.574362, 39.546185], [-90.57244299999999, 39.542997], [-90.572227, 39.541207], [-90.572293, 39.539166], [-90.574356, 39.535191999999995], [-90.581767, 39.525881999999996], [-90.58053, 39.517993], [-90.580992, 39.514556999999996], [-90.582202, 39.510332], [-90.587676, 39.500046999999995], [-90.58838999999999, 39.496418999999996], [-90.590605, 39.493674999999996], [-90.592092, 39.486979], [-90.607597, 39.463829], [-90.610502, 39.457446999999995], [-90.611998, 39.441407999999996], [-90.61601999999999, 39.430574], [-90.616807, 39.423877999999995], [-90.61526599999999, 39.413744], [-90.615416, 39.406960999999995], [-90.6136, 39.398736], [-90.61377499999999, 39.395416], [-90.687422, 39.396372], [-90.765075, 39.399136], [-90.908335, 39.400251999999995], [-90.91118399999999, 39.399643999999995], [-90.936728, 39.399511], [-90.939025, 39.402744], [-90.944942, 39.406247], [-90.96748, 39.411947999999995], [-90.972465, 39.414144], [-90.97761799999999, 39.41829], [-90.98302, 39.420462], [-90.992317, 39.422413], [-90.99968899999999, 39.426378], [-91.003692, 39.427603], [-91.02360999999999, 39.438694], [-91.03827, 39.448434999999996], [-91.057114, 39.466086], [-91.06241399999999, 39.474122], [-91.06430499999999, 39.494642999999996], [-91.07530899999999, 39.502845], [-91.079769, 39.507728], [-91.086292, 39.517140999999995], [-91.092869, 39.529275], [-91.100307, 39.538695], [-91.146596, 39.545486], [-91.153628, 39.548248], [-91.163634, 39.558566], [-91.168419, 39.564927999999995], [-91.174651, 39.593312999999995], [-91.181936, 39.602677], [-91.185921, 39.605118999999995], [-91.223328, 39.617602999999995], [-91.229317, 39.620853], [-91.241225, 39.630067], [-91.248779, 39.640879999999996], [-91.260475, 39.649024], [-91.26676499999999, 39.656993], [-91.27614, 39.665759], [-91.283329, 39.670134], [-91.301603, 39.679068], [-91.303388, 39.680461], [-91.305348, 39.683957], [-91.317814, 39.692591], [-91.347253, 39.71048], [-91.35031699999999, 39.713774], [-91.35531399999999, 39.716985], [-91.35827599999999, 39.720600999999995], [-91.367753, 39.729029], [-91.370009, 39.732524], [-91.369388, 39.737213], [-91.369839, 39.745702], [-91.36512499999999, 39.758722999999996], [-91.264398, 39.757408999999996]]]}, "properties": {"GEOID": "17149", "NAME": "Pike", "suicide_rate": 16.5, "suicide_rate_ci_low": 7.9, "suicide_rate_ci_high": 30.3, "suicide_deaths": 11, "frequent_mental_distress_pct": 18.6, "frequent_mental_distress_ci_low": 16.6, "frequent_mental_distress_ci_high": 20.7, "uninsured_pct": 9.3, "uninsured_ci_low": 7.5, "uninsured_ci_high": 11.1, "facility_count": 1, "facilities_per_100k": 7.0}}, {"type": "Feature", "geometry": {"type": "Polygon", "coordinates": [[[-89.046303, 40.925777], [-88.93139, 40.92774], [-88.92933099999999, 40.753336999999995], [-88.986896, 40.752297], [-88.98472199999999, 40.664953], [-89.04531999999999, 40.663939], [-89.04436799999999, 40.627427999999995], [-89.08222099999999, 40.626813], [-89.101569, 40.625036], [-89.101134, 40.612325999999996], [-89.13421699999999, 40.611489999999996], [-89.133752, 40.596734], [-89.269397, 40.594318], [-89.269831, 40.616096999999996], [-89.327343, 40.615566], [-89.328695, 40.660785], [-89.32961399999999, 40.660773999999996], [-89.330092, 40.748256999999995], [-89.554994, 40.747637], [-89.556094, 40.749437], [-89.555694, 40.764737], [-89.56389399999999, 40.784037], [-89.562394, 40.793637], [-89.55814199999999, 40.802485], [-89.55276599999999, 40.810469], [-89.544958, 40.814980999999996], [-89.542205, 40.817893], [-89.528285, 40.835620999999996], [-89.525213, 40.842403999999995], [-89.524973, 40.849236], [-89.49957099999999, 40.875036], [-89.488469, 40.899299], [-89.483496, 40.903183999999996], [-89.47963, 40.909347], [-89.475225, 40.912741], [-89.47233, 40.921206], [-89.390857, 40.921831999999995], [-89.160448, 40.92709], [-89.046303, 40.925777]]]}, "properties": {"GEOID": "17203", "NAME": "Woodford", "suicide_rate": 10.7, "suicide_rate_ci_low": 6.3, "suicide_rate_ci_high": 16.8, "suicide_deaths": 19, "frequent_mental_distress_pct": 17.7, "frequent_mental_distress_ci_low": 15.9, "frequent_mental_distress_ci_high": 19.8, "uninsured_pct": 5.8, "uninsured_ci_low": 4.7, "uninsured_ci_high": 6.8, "facility_count": 1, "facilities_per_100k": 2.6}}, {"type": "Feature", "geometry": {"type": "Polygon", "coordinates": [[[-89.595073, 37.955343], [-89.592395, 38.132059999999996], [-89.59279699999999, 38.219271], [-89.408845, 38.214642999999995], [-89.333317, 38.21371], [-89.23818299999999, 38.214282], [-89.14759699999999, 38.212894999999996], [-89.149841, 38.125054], [-89.129632, 38.124767], [-89.129228, 38.122772999999995], [-89.132138, 38.118666999999995], [-89.130648, 38.115963], [-89.12925299999999, 38.116811999999996], [-89.130434, 38.113465], [-89.13183599999999, 38.112897], [-89.129837, 38.112044999999995], [-89.129194, 38.109423], [-89.130636, 38.108799], [-89.13065, 38.107538999999996], [-89.132072, 38.106539999999995], [-89.131109, 38.105643], [-89.131801, 38.104724999999995], [-89.131289, 38.103581999999996], [-89.13241, 38.103408], [-89.134035, 38.105843], [-89.137044, 38.105506999999996], [-89.137501, 38.104442], [-89.13502299999999, 38.101789], [-89.12866199999999, 38.100888999999995], [-89.12666999999999, 38.098146], [-89.123547, 38.09829], [-89.12129399999999, 38.096450999999995], [-89.117499, 38.096047], [-89.11532199999999, 38.093444999999996], [-89.11921799999999, 38.090092999999996], [-89.117077, 38.089171], [-89.117582, 38.087029], [-89.115414, 38.085954], [-89.117226, 38.084613], [-89.120819, 38.084945999999995], [-89.12094499999999, 38.083819], [-89.119439, 38.081831], [-89.120814, 38.081855], [-89.12205499999999, 38.083261], [-89.12272, 38.082294], [-89.12234, 38.080121], [-89.119404, 38.07731], [-89.120086, 38.075677999999996], [-89.119025, 38.074318], [-89.120809, 38.073356], [-89.118725, 38.072497], [-89.12032599999999, 38.071321999999995], [-89.118404, 38.070011], [-89.119552, 38.069472], [-89.122903, 38.070783], [-89.123336, 38.070087], [-89.122507, 38.068912], [-89.121124, 38.068563999999995], [-89.12060799999999, 38.067346], [-89.119096, 38.067620999999995], [-89.118875, 38.067040999999996], [-89.121714, 38.064938], [-89.12352, 38.064879999999995], [-89.12355699999999, 38.063677], [-89.121105, 38.062922], [-89.11976, 38.063646999999996], [-89.118488, 38.062835], [-89.119373, 38.064721], [-89.11773199999999, 38.064662999999996], [-89.117072, 38.06389], [-89.11762399999999, 38.062515999999995], [-89.11896999999999, 38.061437999999995], [-89.120824, 38.062064], [-89.122214, 38.060933999999996], [-89.119654, 38.0593], [-89.11848499999999, 38.060255999999995], [-89.11839599999999, 38.059422], [-89.12118099999999, 38.057626], [-89.121887, 38.057660999999996], [-89.121932, 38.059225], [-89.12331499999999, 38.058889], [-89.12357999999999, 38.057567999999996], [-89.122675, 38.056458], [-89.12508, 38.054871], [-89.127388, 38.055369999999996], [-89.12652299999999, 38.053705], [-89.126924, 38.053011], [-89.13154999999999, 38.052175999999996], [-89.132037, 38.052492], [-89.131106, 38.054943], [-89.132635, 38.054604], [-89.132999, 38.050478], [-89.13412699999999, 38.048806], [-89.13042899999999, 38.047768], [-89.131125, 38.047022999999996], [-89.133262, 38.04728], [-89.13494299999999, 38.044815], [-89.137755, 38.047295999999996], [-89.138851, 38.047041], [-89.138134, 38.044323], [-89.139832, 38.043484], [-89.13638, 38.039944], [-89.13690799999999, 38.038725], [-89.1387, 38.03836], [-89.14047599999999, 38.035998], [-89.139054, 38.033834], [-89.14683, 38.031487], [-89.144397, 38.028667], [-89.142422, 38.029129999999995], [-89.143018, 38.025983], [-89.14053799999999, 38.026627999999995], [-89.138252, 38.025349], [-89.138746, 38.024316999999996], [-89.137597, 38.023444999999995], [-89.13846799999999, 38.022172], [-89.13683999999999, 38.021557], [-89.136072, 38.018029999999996], [-89.14049899999999, 38.015969999999996], [-89.140146, 38.012867], [-89.14179, 38.012159], [-89.142237, 38.011016999999995], [-89.144582, 38.011123999999995], [-89.14524399999999, 38.009229], [-89.14390399999999, 38.005773], [-89.14238, 38.004114], [-89.143012, 38.001538], [-89.141015, 38.000688], [-89.140199, 37.999371], [-89.141599, 37.997129], [-89.14016199999999, 37.995453999999995], [-89.14299199999999, 37.994049], [-89.142637, 37.992675999999996], [-89.144036, 37.991548], [-89.143513, 37.990096], [-89.146626, 37.988839], [-89.14577799999999, 37.985724999999995], [-89.149827, 37.98225], [-89.149474, 37.979776], [-89.151972, 37.979276], [-89.153739, 37.977983], [-89.15347299999999, 37.974537], [-89.155385, 37.969353], [-89.155147, 37.967469], [-89.160714, 37.961914], [-89.16164599999999, 37.957654], [-89.16521, 37.954887], [-89.171058, 37.9546], [-89.174483, 37.953897999999995], [-89.175613, 37.952532], [-89.177961, 37.952785999999996], [-89.178371, 37.95172], [-89.17759699999999, 37.950311], [-89.199169, 37.950185999999995], [-89.300513, 37.950784], [-89.595073, 37.955343]]]}, "properties": {"GEOID": "17145", "NAME": "Perry", "suicide_rate": 21.5, "suicide_rate_ci_low": 13.3, "suicide_rate_ci_high": 32.8, "suicide_deaths": 22, "frequent_mental_distress_pct": 19.2, "frequent_mental_distress_ci_low": 17.1, "frequent_mental_distress_ci_high": 21.3, "uninsured_pct": 7.2, "uninsured_ci_low": 5.8, "uninsured_ci_high": 8.6, "facility_count": 3, "facilities_per_100k": 14.6}}, {"type": "Feature", "geometry": {"type": "Polygon", "coordinates": [[[-88.94914, 37.596261], [-88.836759, 37.597508], [-88.818894, 37.600677], [-88.708546, 37.599277], [-88.71074399999999, 37.427585], [-88.71073799999999, 37.337081], [-88.728691, 37.335316999999996], [-88.90507099999999, 37.335743], [-88.901865, 37.33277], [-88.89620699999999, 37.32983], [-88.89787299999999, 37.328846999999996], [-88.8983, 37.327282], [-88.895466, 37.326100000000004], [-88.899248, 37.321394], [-88.897582, 37.319055999999996], [-88.897561, 37.317491], [-88.908647, 37.313871999999996], [-88.909875, 37.312415], [-88.914358, 37.310567999999996], [-88.926903, 37.303063], [-88.92912899999999, 37.302647], [-88.932571, 37.303509], [-88.934465, 37.302627], [-88.93697399999999, 37.303919], [-88.940366, 37.303187], [-88.942478, 37.303953], [-88.944746, 37.302319], [-88.948967, 37.301176999999996], [-88.951773, 37.298494], [-88.95383799999999, 37.299329], [-88.95604999999999, 37.297492], [-88.95719799999999, 37.298123], [-88.959054, 37.297740999999995], [-88.959571, 37.298834], [-88.960656, 37.297573], [-88.96234299999999, 37.299093], [-88.962548, 37.297684], [-88.963578, 37.29738], [-88.96436299999999, 37.300517], [-88.968813, 37.303278], [-88.973702, 37.303618], [-88.992108, 37.309899], [-88.996226, 37.309419], [-88.998144, 37.307869], [-88.999555, 37.309636999999995], [-89.00273899999999, 37.311147999999996], [-89.004601, 37.311163], [-89.010598, 37.310483999999995], [-89.012801, 37.309415], [-89.018385, 37.309103], [-89.03289699999999, 37.297782999999995], [-89.044691, 37.293932999999996], [-89.04451399999999, 37.434546], [-89.041401, 37.596576], [-88.94914, 37.596261]]]}, "properties": {"GEOID": "17087", "NAME": "Johnson", "suicide_rate": null, "suicide_rate_ci_low": null, "suicide_rate_ci_high": null, "suicide_deaths": null, "frequent_mental_distress_pct": 17, "frequent_mental_distress_ci_low": 15.4, "frequent_mental_distress_ci_high": 18.9, "uninsured_pct": 7.8, "uninsured_ci_low": 6.3, "uninsured_ci_high": 9.4, "facility_count": 2, "facilities_per_100k": 15.0}}, {"type": "Feature", "geometry": {"type": "Polygon", "coordinates": [[[-89.024987, 39.435168], [-89.02640799999999, 39.435172], [-89.02398699999999, 39.52319], [-89.02568, 39.654182999999996], [-88.996783, 39.654283], [-88.920704, 39.652678], [-88.810575, 39.653222], [-88.809051, 39.580241], [-88.717438, 39.579333999999996], [-88.716875, 39.521209], [-88.64146799999999, 39.520958], [-88.64117, 39.506696], [-88.62239, 39.506496], [-88.62223499999999, 39.491904], [-88.603211, 39.491599], [-88.603185, 39.477031], [-88.584543, 39.476988], [-88.584273, 39.447582], [-88.470505, 39.447041], [-88.47120699999999, 39.344429], [-88.470906, 39.215029], [-88.836967, 39.216547999999996], [-89.027762, 39.215467], [-89.13937399999999, 39.217211999999996], [-89.13980699999999, 39.348887999999995], [-89.025382, 39.34592], [-89.024987, 39.435168]]]}, "properties": {"GEOID": "17173", "NAME": "Shelby", "suicide_rate": 13.5, "suicide_rate_ci_low": 7.2, "suicide_rate_ci_high": 23.1, "suicide_deaths": 14, "frequent_mental_distress_pct": 19.8, "frequent_mental_distress_ci_low": 17.7, "frequent_mental_distress_ci_high": 22, "uninsured_pct": 6.6, "uninsured_ci_low": 5.3, "uninsured_ci_high": 7.9, "facility_count": 1, "facilities_per_100k": 4.9}}, {"type": "Feature", "geometry": {"type": "Polygon", "coordinates": [[[-89.250305, 38.999190999999996], [-89.250513, 39.217512], [-89.139922, 39.217909], [-89.139144, 39.217183999999996], [-89.027762, 39.215467], [-88.91747699999999, 39.216544999999996], [-88.805325, 39.216263], [-88.806795, 38.911584999999995], [-88.693531, 38.914617], [-88.695165, 38.826299], [-88.807756, 38.82445], [-88.922444, 38.824368], [-89.03183, 38.822838999999995], [-89.138138, 38.824208999999996], [-89.138393, 38.736331], [-89.25418499999999, 38.742018], [-89.257463, 38.991098], [-89.25735999999999, 38.99917], [-89.250305, 38.999190999999996]]]}, "properties": {"GEOID": "17051", "NAME": "Fayette", "suicide_rate": 18.6, "suicide_rate_ci_low": 11.2, "suicide_rate_ci_high": 29.1, "suicide_deaths": 20, "frequent_mental_distress_pct": 17.4, "frequent_mental_distress_ci_low": 15.5, "frequent_mental_distress_ci_high": 19.4, "uninsured_pct": 9.0, "uninsured_ci_low": 7.5, "uninsured_ci_high": 10.6, "facility_count": 1, "facilities_per_100k": 4.7}}, {"type": "Feature", "geometry": {"type": "Polygon", "coordinates": [[[-89.39802499999999, 42.375727999999995], [-89.401423, 42.500554], [-89.250759, 42.497994], [-88.940388, 42.495045], [-88.940218, 42.32666], [-88.94099399999999, 42.239464999999996], [-88.93973199999999, 42.152319999999996], [-89.172803, 42.150417], [-89.173, 42.204240999999996], [-89.396192, 42.201916], [-89.397876, 42.307477], [-89.39802499999999, 42.375727999999995]]]}, "properties": {"GEOID": "17201", "NAME": "Winnebago", "suicide_rate": 13.9, "suicide_rate_ci_low": 11.9, "suicide_rate_ci_high": 15.9, "suicide_deaths": 201, "frequent_mental_distress_pct": 19.2, "frequent_mental_distress_ci_low": 17.2, "frequent_mental_distress_ci_high": 21.3, "uninsured_pct": 8.6, "uninsured_ci_low": 7.4, "uninsured_ci_high": 9.7, "facility_count": 5, "facilities_per_100k": 1.8}}, {"type": "Feature", "geometry": {"type": "Polygon", "coordinates": [[[-89.686028, 42.112826], [-89.688486, 42.199112], [-89.62982099999999, 42.200534], [-89.467511, 42.200790999999995], [-89.173, 42.204240999999996], [-89.172803, 42.150417], [-88.93973199999999, 42.152319999999996], [-88.938935, 42.065097], [-88.942146, 42.06505], [-88.941279, 41.891752], [-89.283391, 41.887919], [-89.36057799999999, 41.888017999999995], [-89.36039199999999, 41.902615999999995], [-89.398652, 41.902833], [-89.398665, 41.902266], [-89.40208299999999, 41.902276], [-89.402194, 41.900822999999995], [-89.40542699999999, 41.897380999999996], [-89.408063, 41.895348999999996], [-89.410489, 41.894987], [-89.411936, 41.893909], [-89.411191, 41.887285999999996], [-89.41376, 41.885463], [-89.43189699999999, 41.894276], [-89.43058599999999, 41.896589], [-89.422325, 41.899642], [-89.421712, 41.90436], [-89.423208, 41.906085999999995], [-89.42771599999999, 41.907757], [-89.43567999999999, 41.907401], [-89.446483, 41.909816], [-89.45478399999999, 41.909895999999996], [-89.465555, 41.911705999999995], [-89.471407, 41.911339999999996], [-89.476197, 41.909290999999996], [-89.478366, 41.906968], [-89.47998899999999, 41.902502], [-89.62933, 41.901616999999995], [-89.628907, 41.930043999999995], [-89.685366, 41.93034], [-89.686455, 41.936927], [-89.685397, 42.023886], [-89.684694, 42.025932999999995], [-89.686028, 42.112826]]]}, "properties": {"GEOID": "17141", "NAME": "Ogle", "suicide_rate": 10.7, "suicide_rate_ci_low": 7.1, "suicide_rate_ci_high": 15.6, "suicide_deaths": 29, "frequent_mental_distress_pct": 18.8, "frequent_mental_distress_ci_low": 16.9, "frequent_mental_distress_ci_high": 20.8, "uninsured_pct": 7.1, "uninsured_ci_low": 6.0, "uninsured_ci_high": 8.3, "facility_count": 5, "facilities_per_100k": 9.8}}, {"type": "Feature", "geometry": {"type": "Polygon", "coordinates": [[[-88.809051, 39.580241], [-88.812709, 39.740486], [-88.75784, 39.739906999999995], [-88.75865999999999, 39.792066999999996], [-88.473182, 39.791837], [-88.470505, 39.447041], [-88.584273, 39.447582], [-88.584543, 39.476988], [-88.603185, 39.477031], [-88.603211, 39.491599], [-88.62223499999999, 39.491904], [-88.62239, 39.506496], [-88.64117, 39.506696], [-88.64146799999999, 39.520958], [-88.716875, 39.521209], [-88.717438, 39.579333999999996], [-88.809051, 39.580241]]]}, "properties": {"GEOID": "17139", "NAME": "Moultrie", "suicide_rate": 12.6, "suicide_rate_ci_low": 5.8, "suicide_rate_ci_high": 23.9, "suicide_deaths": 11, "frequent_mental_distress_pct": 18.9, "frequent_mental_distress_ci_low": 16.9, "frequent_mental_distress_ci_high": 21.1, "uninsured_pct": 9.8, "uninsured_ci_low": 8.1, "uninsured_ci_high": 11.6, "facility_count": 0, "facilities_per_100k": 0.0}}, {"type": "Feature", "geometry": {"type": "Polygon", "coordinates": [[[-90.273248, 40.054688999999996], [-90.27202299999999, 40.055155], [-90.270248, 40.057528999999995], [-90.26955199999999, 40.061209999999996], [-90.265384, 40.062142], [-90.264325, 40.060929], [-90.26079, 40.061454999999995], [-90.260571, 40.059371], [-90.257019, 40.059039999999996], [-90.253986, 40.057094], [-90.249855, 40.058295], [-90.247558, 40.056568999999996], [-90.24695299999999, 40.056819], [-90.247188, 40.058654], [-90.24443, 40.061265], [-90.243251, 40.060634], [-90.244444, 40.059037], [-90.243062, 40.057798999999996], [-90.23918599999999, 40.0581], [-90.235778, 40.060949], [-90.23461499999999, 40.061116999999996], [-90.2339, 40.060210999999995], [-90.235697, 40.05809], [-90.229385, 40.056698999999995], [-90.229165, 40.053411], [-90.227582, 40.051505], [-90.226776, 40.051863], [-90.22653, 40.054508], [-90.22372399999999, 40.055141], [-90.219443, 40.053999], [-90.218108, 40.051259], [-90.216821, 40.05101], [-90.21628, 40.05381], [-90.214591, 40.055181], [-90.216081, 40.056563], [-90.21354, 40.059053999999996], [-90.21188099999999, 40.059079], [-90.212111, 40.056076], [-90.21101, 40.055242], [-90.209909, 40.056112], [-90.208986, 40.059228], [-90.207121, 40.06026], [-90.205973, 40.059532999999995], [-90.206839, 40.055375], [-90.20490000000001, 40.054351], [-90.204171, 40.052884999999996], [-90.201225, 40.054066], [-90.196, 40.053293], [-90.194558, 40.054055999999996], [-90.194931, 40.056224], [-90.192296, 40.057524], [-90.192126, 40.05999], [-90.189583, 40.060061999999995], [-90.188653, 40.061301], [-90.186296, 40.061647], [-90.186498, 40.063018], [-90.18932099999999, 40.064757], [-90.18938299999999, 40.06565], [-90.188189, 40.065864999999995], [-90.185012, 40.064367999999995], [-90.184196, 40.066629999999996], [-90.183329, 40.066978999999996], [-90.18164499999999, 40.066413999999995], [-90.183056, 40.062667999999995], [-90.17875099999999, 40.063831], [-90.177218, 40.060739999999996], [-90.175947, 40.060012], [-90.173598, 40.060337], [-90.1714, 40.06208], [-90.170271, 40.061631], [-90.169213, 40.059616999999996], [-90.167448, 40.060840999999996], [-90.160962, 40.060716], [-90.160237, 40.061216], [-90.160218, 40.062844999999996], [-90.159233, 40.063159], [-90.15809899999999, 40.062729999999995], [-90.157671, 40.061243999999995], [-90.156351, 40.061216], [-90.154091, 40.066238], [-90.15213, 40.066372], [-90.149906, 40.065045], [-90.15046199999999, 40.067204], [-90.14987699999999, 40.067631], [-90.1449, 40.066676], [-90.142445, 40.064054999999996], [-90.14108499999999, 40.064374], [-90.13981, 40.065897], [-90.13825899999999, 40.065987], [-90.137909, 40.064997999999996], [-90.138992, 40.063109], [-90.13483699999999, 40.062253999999996], [-90.13384099999999, 40.064952], [-90.132143, 40.066255999999996], [-90.13299099999999, 40.068526999999996], [-90.13007999999999, 40.06884], [-90.13035599999999, 40.070842], [-90.126217, 40.076983], [-90.122654, 40.077494], [-90.120723, 40.076527], [-90.11601, 40.078661], [-90.11618399999999, 40.080752], [-90.114223, 40.079964], [-90.113227, 40.081064999999995], [-90.11039, 40.078299], [-90.108629, 40.07951], [-90.106088, 40.078004], [-90.103246, 40.080723], [-90.101902, 40.078227], [-90.09970799999999, 40.077687999999995], [-90.094347, 40.081393999999996], [-90.09364599999999, 40.080495], [-90.096254, 40.078046], [-90.094411, 40.0771], [-90.09089399999999, 40.080762], [-90.087617, 40.079816], [-90.08855, 40.083166999999996], [-90.087993, 40.083999], [-90.082377, 40.080465], [-90.08067899999999, 40.080148], [-90.079887, 40.081789], [-90.081053, 40.085567999999995], [-90.078127, 40.085318], [-90.077745, 40.085992], [-90.079178, 40.087522], [-90.07421099999999, 40.090219], [-90.070217, 40.089988999999996], [-90.069836, 40.090508], [-90.071764, 40.093025], [-90.071587, 40.094082], [-90.065733, 40.093357], [-90.065175, 40.094480999999995], [-90.065651, 40.098057999999995], [-90.064662, 40.100145], [-90.06109599999999, 40.100773], [-90.051769, 40.099047999999996], [-90.051126, 40.099643], [-90.051226, 40.102336], [-90.050049, 40.104088999999995], [-90.043438, 40.108806], [-90.041007, 40.109038], [-90.03931399999999, 40.107305], [-90.03919499999999, 40.10256], [-90.03765, 40.103083], [-90.03503099999999, 40.108214], [-90.03165899999999, 40.110738], [-90.0308, 40.109473], [-90.032249, 40.106460999999996], [-90.031871, 40.105488], [-90.023567, 40.10472], [-90.019842, 40.10559], [-90.019489, 40.104987], [-90.02095899999999, 40.104172], [-90.020783, 40.103589], [-90.01860599999999, 40.103235999999995], [-90.01721599999999, 40.101912], [-90.014251, 40.103152], [-90.01344499999999, 40.101226], [-90.01217899999999, 40.100835], [-90.011084, 40.103634], [-90.00612, 40.10388], [-90.006151, 40.107372999999995], [-90.004385, 40.109263999999996], [-90.00309399999999, 40.108931999999996], [-90.001993, 40.103622], [-90.000117, 40.103035], [-89.999753, 40.108091], [-89.998026, 40.110403], [-89.99758899999999, 40.112774], [-89.996298, 40.11248], [-89.99508, 40.110845999999995], [-89.994849, 40.090576], [-89.994405, 39.872859999999996], [-90.246107, 39.873270999999995], [-90.333584, 39.874707], [-90.583534, 39.87675], [-90.58064399999999, 39.881157], [-90.577229, 39.88952], [-90.575581, 39.891261], [-90.57179, 39.89427], [-90.565096, 39.896034], [-90.55427999999999, 39.901364], [-90.541518, 39.913959], [-90.538162, 39.918239], [-90.536721, 39.923027], [-90.536591, 39.932898], [-90.533142, 39.940605], [-90.532113, 39.946011999999996], [-90.525596, 39.9517], [-90.52063, 39.959527], [-90.513905, 39.964151], [-90.51111499999999, 39.967605], [-90.510442, 39.971987], [-90.51177299999999, 39.977126], [-90.512193, 39.983914], [-90.513747, 39.987891], [-90.51338899999999, 39.990876], [-90.51222899999999, 39.992630999999996], [-90.506425, 39.996162], [-90.49506699999999, 40.000048], [-90.482027, 40.003937], [-90.47477099999999, 40.004621], [-90.455272, 40.010245999999995], [-90.435852, 40.020562], [-90.433523, 40.024001], [-90.432588, 40.031031], [-90.42895, 40.042046], [-90.42866099999999, 40.04815], [-90.42968499999999, 40.056132], [-90.42863799999999, 40.060345], [-90.42482299999999, 40.06331], [-90.39741599999999, 40.075562999999995], [-90.39343199999999, 40.078759], [-90.391302, 40.084128], [-90.393613, 40.089574999999996], [-90.39343099999999, 40.091865999999996], [-90.38502199999999, 40.101780999999995], [-90.380748, 40.112049999999996], [-90.37283599999999, 40.122363], [-90.363554, 40.125183], [-90.354524, 40.124217], [-90.353016, 40.122081], [-90.349592, 40.122986], [-90.350809, 40.12182], [-90.349768, 40.118269], [-90.344562, 40.118373], [-90.342666, 40.116732], [-90.341825, 40.117920999999996], [-90.339918, 40.118356], [-90.338286, 40.121876], [-90.336536, 40.122538], [-90.33523699999999, 40.121964], [-90.335199, 40.119191], [-90.333367, 40.118137999999995], [-90.33370000000001, 40.120166], [-90.330215, 40.120591], [-90.323077, 40.117048], [-90.319294, 40.117125], [-90.31477199999999, 40.115714], [-90.313816, 40.114767], [-90.31378199999999, 40.113302999999995], [-90.315496, 40.111564], [-90.31427699999999, 40.110358], [-90.313831, 40.107012999999995], [-90.312595, 40.106271], [-90.313026, 40.103497], [-90.30907599999999, 40.098245], [-90.30722999999999, 40.097311], [-90.30661099999999, 40.092655], [-90.30454999999999, 40.093545], [-90.30309299999999, 40.092168], [-90.302414, 40.088615999999995], [-90.303225, 40.084900000000005], [-90.300981, 40.083095], [-90.304464, 40.081818], [-90.304846, 40.077617], [-90.302092, 40.075987], [-90.298593, 40.076015999999996], [-90.29632199999999, 40.073149], [-90.293882, 40.071784], [-90.292784, 40.06984], [-90.29072, 40.069038], [-90.291511, 40.065701], [-90.293382, 40.06379], [-90.29011799999999, 40.06425], [-90.28710199999999, 40.063376999999996], [-90.28678699999999, 40.062236999999996], [-90.289062, 40.059185], [-90.287904, 40.05795], [-90.285326, 40.057593], [-90.28551, 40.055492], [-90.27664, 40.056761], [-90.273248, 40.054688999999996]]]}, "properties": {"GEOID": "17017", "NAME": "Cass", "suicide_rate": null, "suicide_rate_ci_low": null, "suicide_rate_ci_high": null, "suicide_deaths": null, "frequent_mental_distress_pct": 17.9, "frequent_mental_distress_ci_low": 16.7, "frequent_mental_distress_ci_high": 19.2, "uninsured_pct": 9.5, "uninsured_ci_low": 7.7, "uninsured_ci_high": 11.3, "facility_count": 3, "facilities_per_100k": 23.8}}, {"type": "Feature", "geometry": {"type": "Polygon", "coordinates": [[[-89.404984, 39.918186999999996], [-89.217846, 39.91699], [-89.217475, 39.813217], [-89.220175, 39.812909999999995], [-89.22525999999999, 39.814952999999996], [-89.228248, 39.813204999999996], [-89.231382, 39.813517999999995], [-89.23394599999999, 39.812852], [-89.234242, 39.815148], [-89.231535, 39.816306], [-89.234279, 39.816266999999996], [-89.234753, 39.81751], [-89.236356, 39.8177], [-89.23540899999999, 39.818695999999996], [-89.237157, 39.81968], [-89.23633699999999, 39.822157], [-89.23825, 39.821062], [-89.23979, 39.821321999999995], [-89.24031, 39.823327], [-89.24283799999999, 39.823153], [-89.246532, 39.826085], [-89.248609, 39.825722999999996], [-89.25191199999999, 39.822556], [-89.25316699999999, 39.818194], [-89.256717, 39.813117999999996], [-89.25717499999999, 39.809808], [-89.259973, 39.808001999999995], [-89.260376, 39.805602], [-89.262541, 39.804384999999996], [-89.26458799999999, 39.804278], [-89.265373, 39.806422], [-89.270808, 39.803602], [-89.27209099999999, 39.801125], [-89.27432499999999, 39.800053999999996], [-89.276406, 39.799144], [-89.278778, 39.800094], [-89.27954199999999, 39.798924], [-89.28134899999999, 39.798899], [-89.281774, 39.796607], [-89.283678, 39.79576], [-89.28267699999999, 39.79461], [-89.28339299999999, 39.793853], [-89.28572199999999, 39.793799], [-89.288217, 39.792046], [-89.292104, 39.792753999999995], [-89.29261, 39.792269], [-89.291555, 39.790668], [-89.291906, 39.789778999999996], [-89.29661899999999, 39.789752], [-89.29971499999999, 39.78454], [-89.298289, 39.783299], [-89.29962599999999, 39.782798], [-89.301435, 39.779767], [-89.300444, 39.778414], [-89.303122, 39.775813], [-89.30784299999999, 39.774361], [-89.312581, 39.771300000000004], [-89.314279, 39.771102], [-89.315854, 39.771938999999996], [-89.317775, 39.770793], [-89.32234199999999, 39.771859], [-89.328762, 39.769337], [-89.328604, 39.767571], [-89.325023, 39.767025], [-89.32570899999999, 39.765997], [-89.32777899999999, 39.765974], [-89.327186, 39.764266], [-89.328701, 39.763542], [-89.34159199999999, 39.766932], [-89.344528, 39.766906], [-89.350023, 39.769639], [-89.352667, 39.769616], [-89.353004, 39.771464], [-89.35395799999999, 39.772107], [-89.35591, 39.7706], [-89.357795, 39.770821999999995], [-89.360034, 39.767517], [-89.358891, 39.761759999999995], [-89.360643, 39.760273999999995], [-89.362605, 39.755798999999996], [-89.365214, 39.757222999999996], [-89.36712299999999, 39.757325], [-89.369843, 39.756329], [-89.370986, 39.754971], [-89.372492, 39.758085], [-89.37391799999999, 39.758646], [-89.378754, 39.755508999999996], [-89.380242, 39.753538999999996], [-89.382975, 39.754377], [-89.384868, 39.753567], [-89.386347, 39.751796999999996], [-89.385874, 39.749975], [-89.39304899999999, 39.743694999999995], [-89.395684, 39.742443], [-89.398771, 39.742139], [-89.409475, 39.74353], [-89.419353, 39.751675], [-89.419662, 39.75291], [-89.418527, 39.754191999999996], [-89.41976199999999, 39.755324], [-89.41877199999999, 39.757073999999996], [-89.417191, 39.757576], [-89.41784299999999, 39.759205], [-89.420217, 39.76137], [-89.42517099999999, 39.762021999999995], [-89.425051, 39.683696], [-89.478923, 39.683963999999996], [-89.478473, 39.640842], [-89.535028, 39.641138], [-89.533655, 39.524592], [-89.926037, 39.522104], [-89.92395499999999, 39.558678], [-89.98474499999999, 39.718078999999996], [-89.985562, 39.785416], [-89.993539, 39.785393], [-89.994506, 39.901925], [-89.87303999999999, 39.901537], [-89.769168, 39.90235], [-89.769143, 39.916865], [-89.701864, 39.916787], [-89.70231299999999, 39.938503], [-89.69761799999999, 39.938651], [-89.698259, 39.975308999999996], [-89.483826, 39.976732999999996], [-89.483498, 39.933150999999995], [-89.404969, 39.932717], [-89.404984, 39.918186999999996]]]}, "properties": {"GEOID": "17167", "NAME": "Sangamon", "suicide_rate": 13.2, "suicide_rate_ci_low": 10.8, "suicide_rate_ci_high": 15.5, "suicide_deaths": 132, "frequent_mental_distress_pct": 17.9, "frequent_mental_distress_ci_low": 16, "frequent_mental_distress_ci_high": 19.9, "uninsured_pct": 6.0, "uninsured_ci_low": 5.0, "uninsured_ci_high": 6.9, "facility_count": 5, "facilities_per_100k": 2.6}}, {"type": "Feature", "geometry": {"type": "Polygon", "coordinates": [[[-89.616035, 40.657571], [-89.615399, 40.664437], [-89.59230000000001, 40.684936], [-89.561196, 40.699137], [-89.555295, 40.702737], [-89.546488, 40.720205], [-89.549697, 40.72978], [-89.54959699999999, 40.73538], [-89.55059399999999, 40.738737], [-89.554994, 40.747637], [-89.330092, 40.748256999999995], [-89.32961399999999, 40.660773999999996], [-89.328695, 40.660785], [-89.327343, 40.615566], [-89.269831, 40.616096999999996], [-89.265855, 40.459192], [-89.26374, 40.325344], [-89.395853, 40.323859], [-89.544854, 40.320837], [-89.714927, 40.319218], [-89.71710399999999, 40.435655], [-89.82848399999999, 40.43438], [-89.863367, 40.435680999999995], [-89.92468, 40.435921], [-89.916814, 40.438716], [-89.908543, 40.445277999999995], [-89.90601799999999, 40.448831999999996], [-89.90491899999999, 40.455973], [-89.903269, 40.459205], [-89.89686999999999, 40.467161], [-89.88793, 40.474655999999996], [-89.887379, 40.483063], [-89.884565, 40.49554], [-89.88435799999999, 40.500039], [-89.882194, 40.505402], [-89.87511099999999, 40.511742999999996], [-89.85862399999999, 40.519968], [-89.832853, 40.530794], [-89.81245899999999, 40.541104], [-89.785911, 40.548707], [-89.774495, 40.552911], [-89.741322, 40.550806], [-89.73217, 40.552966], [-89.724041, 40.553861999999995], [-89.718329, 40.55599], [-89.70781699999999, 40.557238], [-89.70079199999999, 40.56143], [-89.699, 40.561606], [-89.691848, 40.560517999999995], [-89.688845, 40.558512], [-89.685226, 40.553788999999995], [-89.682401, 40.552589], [-89.679464, 40.552582], [-89.675404, 40.553937999999995], [-89.658003, 40.567437999999996], [-89.654601, 40.573038], [-89.654294, 40.579782], [-89.65879, 40.589174], [-89.66006999999999, 40.596454], [-89.658502, 40.601558], [-89.637255, 40.622081], [-89.628742, 40.628689], [-89.62640499999999, 40.632073], [-89.61948699999999, 40.637434999999996], [-89.611459, 40.647909999999996], [-89.610339, 40.65199], [-89.611599, 40.654137999999996], [-89.616035, 40.657571]]]}, "properties": {"GEOID": "17179", "NAME": "Tazewell", "suicide_rate": 14.2, "suicide_rate_ci_low": 11.3, "suicide_rate_ci_high": 17.5, "suicide_deaths": 90, "frequent_mental_distress_pct": 17.3, "frequent_mental_distress_ci_low": 15.5, "frequent_mental_distress_ci_high": 19.2, "uninsured_pct": 5.9, "uninsured_ci_low": 4.9, "uninsured_ci_high": 6.8, "facility_count": 3, "facilities_per_100k": 2.3}}, {"type": "Feature", "geometry": {"type": "Polygon", "coordinates": [[[-89.16604199999999, 41.450461999999995], [-89.16714999999999, 41.628657], [-89.052011, 41.626704], [-88.939208, 41.628296999999996], [-88.818462, 41.631352], [-88.706158, 41.630189], [-88.702787, 41.630792], [-88.60224, 41.631389], [-88.600214, 41.575261], [-88.600634, 41.5703], [-88.59930299999999, 41.555592999999995], [-88.596356, 41.471624999999996], [-88.593704, 41.373035], [-88.588568, 41.27148], [-88.58714499999999, 41.212354], [-88.58623999999999, 41.108292999999996], [-88.930881, 41.105900000000005], [-88.93139, 40.92774], [-89.04771799999999, 40.925748999999996], [-89.04705899999999, 40.981109], [-89.047394, 41.104786], [-89.16223699999999, 41.104008], [-89.16321599999999, 41.280587], [-89.16604199999999, 41.450461999999995]]]}, "properties": {"GEOID": "17099", "NAME": "LaSalle", "suicide_rate": 18.3, "suicide_rate_ci_low": 14.8, "suicide_rate_ci_high": 22.5, "suicide_deaths": 99, "frequent_mental_distress_pct": 18, "frequent_mental_distress_ci_low": 16.1, "frequent_mental_distress_ci_high": 20, "uninsured_pct": 7.4, "uninsured_ci_low": 6.2, "uninsured_ci_high": 8.6, "facility_count": 0, "facilities_per_100k": 0.0}}, {"type": "Feature", "geometry": {"type": "Polygon", "coordinates": [[[-87.92876, 40.225618999999995], [-87.93238699999999, 40.3994], [-87.93171199999999, 40.3994], [-87.93530899999999, 40.485923], [-87.76351799999999, 40.488197], [-87.652132, 40.488212], [-87.526366, 40.491237], [-87.531759, 40.144273], [-87.533228, 39.883], [-87.581679, 39.882307], [-87.55753299999999, 39.868784], [-87.578845, 39.868459], [-87.61742199999999, 39.868607999999995], [-87.615161, 39.881578999999995], [-87.93764499999999, 39.879802999999995], [-87.93900000000001, 40.039815999999995], [-87.942103, 40.225482], [-87.92876, 40.225618999999995]]]}, "properties": {"GEOID": "17183", "NAME": "Vermilion", "suicide_rate": 21.4, "suicide_rate_ci_low": 16.8, "suicide_rate_ci_high": 26.9, "suicide_deaths": 81, "frequent_mental_distress_pct": 19.5, "frequent_mental_distress_ci_low": 17.5, "frequent_mental_distress_ci_high": 21.7, "uninsured_pct": 6.6, "uninsured_ci_low": 5.4, "uninsured_ci_high": 7.8, "facility_count": 3, "facilities_per_100k": 4.2}}, {"type": "Feature", "geometry": {"type": "Polygon", "coordinates": [[[-88.940218, 42.32666], [-88.940388, 42.495045], [-88.794933, 42.491989], [-88.76534199999999, 42.491997], [-88.707421, 42.493596], [-88.705748, 42.39631], [-88.705585, 42.153537], [-88.93973199999999, 42.152319999999996], [-88.94099399999999, 42.239464999999996], [-88.940218, 42.32666]]]}, "properties": {"GEOID": "17007", "NAME": "Boone", "suicide_rate": 10.4, "suicide_rate_ci_low": 6.9, "suicide_rate_ci_high": 15.2, "suicide_deaths": 28, "frequent_mental_distress_pct": 18.1, "frequent_mental_distress_ci_low": 16.2, "frequent_mental_distress_ci_high": 20.1, "uninsured_pct": 8.1, "uninsured_ci_low": 6.6, "uninsured_ci_high": 9.5, "facility_count": 1, "facilities_per_100k": 1.9}}, {"type": "Feature", "geometry": {"type": "Polygon", "coordinates": [[[-90.372969, 39.665780999999996], [-90.371256, 39.753122], [-90.483318, 39.753237999999996], [-90.483063, 39.78924], [-90.599105, 39.79006], [-90.59720399999999, 39.794851], [-90.586027, 39.805645], [-90.576724, 39.818857], [-90.566976, 39.826882999999995], [-90.565737, 39.83007], [-90.566598, 39.833162], [-90.579426, 39.848489], [-90.58243499999999, 39.854574], [-90.58500099999999, 39.863685], [-90.586091, 39.871413], [-90.5849, 39.875046999999995], [-90.583534, 39.87675], [-90.333584, 39.874707], [-90.246107, 39.873270999999995], [-89.994405, 39.872859999999996], [-89.993539, 39.785393], [-89.985562, 39.785416], [-89.98474499999999, 39.718078999999996], [-89.92395499999999, 39.558678], [-89.926037, 39.522104], [-90.186587, 39.520021], [-90.30183099999999, 39.520344], [-90.301799, 39.593318], [-90.30066599999999, 39.636541], [-90.338126, 39.636632999999996], [-90.337812, 39.665583], [-90.372969, 39.665780999999996]]]}, "properties": {"GEOID": "17137", "NAME": "Morgan", "suicide_rate": 12.8, "suicide_rate_ci_low": 7.9, "suicide_rate_ci_high": 19.5, "suicide_deaths": 23, "frequent_mental_distress_pct": 18.4, "frequent_mental_distress_ci_low": 16.4, "frequent_mental_distress_ci_high": 20.3, "uninsured_pct": 6.8, "uninsured_ci_low": 5.5, "uninsured_ci_high": 8.1, "facility_count": 2, "facilities_per_100k": 6.2}}, {"type": "Feature", "geometry": {"type": "Polygon", "coordinates": [[[-89.358437, 41.103849], [-89.047394, 41.104786], [-89.04705899999999, 40.981109], [-89.04771799999999, 40.925748999999996], [-89.160448, 40.92709], [-89.390857, 40.921831999999995], [-89.472959, 40.921203], [-89.46437499999999, 40.926041999999995], [-89.458861, 40.932978], [-89.455306, 40.935507], [-89.453994, 40.939538], [-89.455163, 40.943135999999996], [-89.455063, 40.946470999999995], [-89.448126, 40.959179], [-89.44797899999999, 40.962973999999996], [-89.449269, 40.968278], [-89.447693, 40.973245999999996], [-89.638727, 40.973707], [-89.638536, 41.148545], [-89.32927, 41.147931], [-89.33303599999999, 41.139416], [-89.333484, 41.123673], [-89.335892, 41.117269], [-89.339987, 41.112750999999996], [-89.342248, 41.11138], [-89.352441, 41.108207], [-89.355666, 41.106494], [-89.358437, 41.103849]]]}, "properties": {"GEOID": "17123", "NAME": "Marshall", "suicide_rate": 19.7, "suicide_rate_ci_low": 9.5, "suicide_rate_ci_high": 36.3, "suicide_deaths": 12, "frequent_mental_distress_pct": 19.3, "frequent_mental_distress_ci_low": 17.3, "frequent_mental_distress_ci_high": 21.4, "uninsured_pct": 6.6, "uninsured_ci_low": 5.3, "uninsured_ci_high": 7.9, "facility_count": 0, "facilities_per_100k": 0.0}}, {"type": "Feature", "geometry": {"type": "Polygon", "coordinates": [[[-88.36049899999999, 39.093509], [-88.360654, 39.171118], [-88.154911, 39.171673], [-87.950385, 39.174882], [-87.948163, 39.083829], [-87.94677, 39.083853999999995], [-87.945065, 38.923099], [-87.94591899999999, 38.850148], [-88.038309, 38.849855999999996], [-88.15026499999999, 38.846953], [-88.185144, 38.846885], [-88.258338, 38.847497], [-88.361758, 38.852123999999996], [-88.36277899999999, 39.001228999999995], [-88.36049899999999, 39.093509]]]}, "properties": {"GEOID": "17079", "NAME": "Jasper", "suicide_rate": null, "suicide_rate_ci_low": null, "suicide_rate_ci_high": null, "suicide_deaths": null, "frequent_mental_distress_pct": 17.4, "frequent_mental_distress_ci_low": 15.4, "frequent_mental_distress_ci_high": 19.4, "uninsured_pct": 7.2, "uninsured_ci_low": 5.7, "uninsured_ci_high": 8.6, "facility_count": 1, "facilities_per_100k": 10.9}}, {"type": "Feature", "geometry": {"type": "Polygon", "coordinates": [[[-90.713713, 39.183339], [-90.717585, 39.200182], [-90.71667699999999, 39.206723], [-90.717113, 39.213912], [-90.721835, 39.224108], [-90.721593, 39.23273], [-90.726981, 39.251173], [-90.72995999999999, 39.255894], [-90.739087, 39.261893], [-90.748877, 39.264126], [-90.751599, 39.265432], [-90.767648, 39.280024999999995], [-90.775673, 39.292811], [-90.783789, 39.297163999999995], [-90.790675, 39.302907999999995], [-90.79168899999999, 39.306957], [-90.793461, 39.309498], [-90.799346, 39.313086999999996], [-90.816851, 39.320496], [-90.84010599999999, 39.340438], [-90.84750000000001, 39.345272], [-90.87608, 39.359477999999996], [-90.893777, 39.367343], [-90.900095, 39.372354], [-90.902656, 39.375366], [-90.90290499999999, 39.377534], [-90.904862, 39.379402999999996], [-90.90799899999999, 39.380812], [-90.920976, 39.383686999999995], [-90.92874499999999, 39.387544], [-90.934007, 39.392126999999995], [-90.936728, 39.399511], [-90.91118399999999, 39.399643999999995], [-90.908335, 39.400251999999995], [-90.765075, 39.399136], [-90.687422, 39.396372], [-90.61377499999999, 39.395416], [-90.617301, 39.385692], [-90.620802, 39.381156], [-90.620162, 39.375692], [-90.62228999999999, 39.365089], [-90.619638, 39.349095999999996], [-90.612892, 39.324538], [-90.61125799999999, 39.311212999999995], [-90.608391, 39.303808], [-90.60243, 39.292693], [-90.60239299999999, 39.287479999999995], [-90.606329, 39.279771], [-90.60738599999999, 39.269662], [-90.609338, 39.263908], [-90.609796, 39.259812], [-90.605904, 39.251362], [-90.597989, 39.24333], [-90.597229, 39.235127], [-90.592289, 39.21823], [-90.593009, 39.209956], [-90.59123, 39.198623999999995], [-90.593513, 39.19318], [-90.597482, 39.187531], [-90.59945599999999, 39.180496], [-90.608234, 39.173445], [-90.612102, 39.167164], [-90.614646, 39.153788999999996], [-90.61499599999999, 39.145268], [-90.611206, 39.133212], [-90.605177, 39.12294], [-90.603539, 39.117477], [-90.60326099999999, 39.110695], [-90.593615, 39.090641], [-90.58927, 39.076035999999995], [-90.581406, 39.06568], [-90.582062, 39.061626], [-90.584068, 39.058712], [-90.58903099999999, 39.054643], [-90.59000999999999, 39.050678999999995], [-90.588094, 39.045747], [-90.578977, 39.038917999999995], [-90.57681, 39.035938], [-90.574321, 39.029787999999996], [-90.573724, 39.02344], [-90.57591599999999, 39.017616], [-90.57631599999999, 39.012811], [-90.576101, 39.009383], [-90.573734, 39.001265], [-90.57016899999999, 38.99329], [-90.56758699999999, 38.989726999999995], [-90.553316, 38.975857], [-90.543172, 38.964698], [-90.534657, 38.958498999999996], [-90.52367799999999, 38.95454], [-90.519644, 38.953942999999995], [-90.515163, 38.954615], [-90.51008399999999, 38.956781], [-90.50011699999999, 38.963063999999996], [-90.49180199999999, 38.966614], [-90.487225, 38.967729], [-90.467766, 38.969207999999995], [-90.456571, 38.968796999999995], [-90.450813, 38.967769], [-90.46241099999999, 38.964321999999996], [-90.472122, 38.958838], [-90.483071, 38.94307], [-90.482725, 38.934712], [-90.48705799999999, 38.925861999999995], [-90.49967199999999, 38.910605], [-90.50745099999999, 38.902767], [-90.51696299999999, 38.898818], [-90.53858699999999, 38.879742], [-90.546831, 38.874009], [-90.551205, 38.872074999999995], [-90.561021, 38.869476], [-90.577576, 38.868384], [-90.585402, 38.869769999999995], [-90.58652099999999, 38.87135], [-90.623356, 38.887149], [-90.628485, 38.891617], [-90.636994, 38.905122999999996], [-90.64729, 38.912095], [-90.663018, 38.926283], [-90.663654, 38.928716], [-90.662854, 38.933082999999996], [-90.66342399999999, 38.935551], [-90.668089, 38.943003], [-90.669229, 38.948176], [-90.671844, 38.952296], [-90.675949, 38.96214], [-90.676383, 38.975079], [-90.675715, 38.981066], [-90.678193, 38.991851], [-90.682068, 38.998778], [-90.687719, 39.005373999999996], [-90.692403, 39.016656], [-90.70059499999999, 39.029074], [-90.70788499999999, 39.042262], [-90.71158, 39.046797999999995], [-90.713629, 39.053976999999996], [-90.712541, 39.057064], [-90.702136, 39.065568], [-90.701201, 39.070319999999995], [-90.69828199999999, 39.074649], [-90.682744, 39.088347999999996], [-90.681038, 39.099491], [-90.68605099999999, 39.117785], [-90.692261, 39.125048], [-90.695926, 39.131122], [-90.700464, 39.135439], [-90.705168, 39.143152], [-90.70914599999999, 39.155111], [-90.71047999999999, 39.176366], [-90.713713, 39.183339]]]}, "properties": {"GEOID": "17013", "NAME": "Calhoun", "suicide_rate": null, "suicide_rate_ci_low": null, "suicide_rate_ci_high": null, "suicide_deaths": null, "frequent_mental_distress_pct": 15.8, "frequent_mental_distress_ci_low": 14.2, "frequent_mental_distress_ci_high": 17.6, "uninsured_pct": 6.3, "uninsured_ci_low": 5.1, "uninsured_ci_high": 7.5, "facility_count": 0, "facilities_per_100k": 0.0}}, {"type": "Feature", "geometry": {"type": "Polygon", "coordinates": [[[-88.80760099999999, 38.82447], [-88.695165, 38.826299], [-88.697598, 38.708588999999996], [-88.698961, 38.474914], [-88.922428, 38.476969], [-89.033155, 38.473963], [-89.14438799999999, 38.473878], [-89.139381, 38.65801], [-89.138138, 38.824208999999996], [-89.03183, 38.822838999999995], [-88.922444, 38.824368], [-88.80760099999999, 38.82447]]]}, "properties": {"GEOID": "17121", "NAME": "Marion", "suicide_rate": 23.9, "suicide_rate_ci_low": 16.8, "suicide_rate_ci_high": 32.9, "suicide_deaths": 39, "frequent_mental_distress_pct": 20, "frequent_mental_distress_ci_low": 18, "frequent_mental_distress_ci_high": 22.3, "uninsured_pct": 8.0, "uninsured_ci_low": 6.6, "uninsured_ci_high": 9.4, "facility_count": 4, "facilities_per_100k": 10.9}}, {"type": "Feature", "geometry": {"type": "Polygon", "coordinates": [[[-90.78965199999999, 40.63575], [-90.78651099999999, 40.949231], [-90.78636, 41.019239999999996], [-90.785125, 41.068801], [-90.66447099999999, 41.067557], [-90.550218, 41.064065], [-90.43942299999999, 41.063995], [-90.445627, 40.627638], [-90.559983, 40.630448], [-90.67306099999999, 40.631493999999996], [-90.78965199999999, 40.63575]]]}, "properties": {"GEOID": "17187", "NAME": "Warren", "suicide_rate": 17.2, "suicide_rate_ci_low": 9.2, "suicide_rate_ci_high": 29.4, "suicide_deaths": 14, "frequent_mental_distress_pct": 18.6, "frequent_mental_distress_ci_low": 16.7, "frequent_mental_distress_ci_high": 20.7, "uninsured_pct": 8.4, "uninsured_ci_low": 6.8, "uninsured_ci_high": 9.9, "facility_count": 2, "facilities_per_100k": 12.4}}, {"type": "Feature", "geometry": {"type": "Polygon", "coordinates": [[[-88.24982299999999, 41.396831999999996], [-88.25939199999999, 41.643465], [-88.261275, 41.724655999999996], [-88.153245, 41.726023], [-88.030352, 41.728894], [-88.027688, 41.641506], [-87.91193, 41.643933], [-87.90937799999999, 41.556881], [-87.79279299999999, 41.55854], [-87.792132, 41.538309], [-87.79036599999999, 41.539649999999995], [-87.790323, 41.538404], [-87.790303, 41.469846], [-87.525705, 41.470282999999995], [-87.526731, 41.298052], [-87.800936, 41.295642], [-88.013919, 41.292446999999996], [-88.01181, 41.205507999999995], [-88.24414399999999, 41.201566], [-88.24982299999999, 41.396831999999996]]]}, "properties": {"GEOID": "17197", "NAME": "Will", "suicide_rate": 10.1, "suicide_rate_ci_low": 9.1, "suicide_rate_ci_high": 11.2, "suicide_deaths": 358, "frequent_mental_distress_pct": 15.6, "frequent_mental_distress_ci_low": 14, "frequent_mental_distress_ci_high": 17.4, "uninsured_pct": 7.2, "uninsured_ci_low": 6.3, "uninsured_ci_high": 8.0, "facility_count": 9, "facilities_per_100k": 1.3}}, {"type": "Feature", "geometry": {"type": "Polygon", "coordinates": [[[-89.044691, 37.293932999999996], [-89.03289699999999, 37.297782999999995], [-89.018385, 37.309103], [-89.012801, 37.309415], [-89.010598, 37.310483999999995], [-89.004601, 37.311163], [-89.00273899999999, 37.311147999999996], [-88.999555, 37.309636999999995], [-88.998144, 37.307869], [-88.996226, 37.309419], [-88.992108, 37.309899], [-88.973702, 37.303618], [-88.968813, 37.303278], [-88.96436299999999, 37.300517], [-88.963578, 37.29738], [-88.962548, 37.297684], [-88.96234299999999, 37.299093], [-88.960656, 37.297573], [-88.959571, 37.298834], [-88.959054, 37.297740999999995], [-88.95719799999999, 37.298123], [-88.95604999999999, 37.297492], [-88.95383799999999, 37.299329], [-88.951773, 37.298494], [-88.948967, 37.301176999999996], [-88.944746, 37.302319], [-88.942478, 37.303953], [-88.940366, 37.303187], [-88.93697399999999, 37.303919], [-88.934465, 37.302627], [-88.932571, 37.303509], [-88.92872899999999, 37.302844], [-88.92788999999999, 37.226365], [-88.94192199999999, 37.228823999999996], [-88.932684, 37.22526], [-88.938698, 37.224351999999996], [-88.953154, 37.224810999999995], [-88.965733, 37.226271], [-88.96946, 37.228279], [-88.972956, 37.228491], [-88.966014, 37.229594], [-88.966414, 37.230107], [-88.982508, 37.228817], [-89.00006499999999, 37.224759999999996], [-89.008478, 37.22058], [-89.005808, 37.221322], [-89.013154, 37.216477999999995], [-89.026713, 37.211321999999996], [-89.029866, 37.211065], [-89.037459, 37.204015999999996], [-89.04098499999999, 37.203002], [-89.056529, 37.18973], [-89.07457699999999, 37.176254], [-89.08671199999999, 37.165451], [-89.09294899999999, 37.156437], [-89.09901099999999, 37.140406], [-89.10950000000001, 37.123093], [-89.12585, 37.108475999999996], [-89.14285199999999, 37.099019], [-89.14817699999999, 37.098417], [-89.150582, 37.093699], [-89.14607, 37.091004], [-89.148229, 37.091229], [-89.151298, 37.088995], [-89.15092399999999, 37.09052], [-89.151487, 37.090554], [-89.155655, 37.087728999999996], [-89.167079, 37.075409], [-89.17208099999999, 37.06831], [-89.17433799999999, 37.070254], [-89.175816, 37.069981999999996], [-89.17664099999999, 37.068853], [-89.179637, 37.069089999999996], [-89.18088, 37.070264], [-89.18064, 37.072081], [-89.182199, 37.074912999999995], [-89.18451, 37.077293999999995], [-89.184635, 37.079056], [-89.187709, 37.080346], [-89.193534, 37.085004999999995], [-89.19721, 37.085808], [-89.19728599999999, 37.086571], [-89.195219, 37.08741], [-89.196038, 37.088847], [-89.201416, 37.08848], [-89.202067, 37.087734], [-89.201701, 37.086332], [-89.20279699999999, 37.085723], [-89.211683, 37.08833], [-89.213561, 37.089617], [-89.222844, 37.090793999999995], [-89.225332, 37.091823999999995], [-89.228211, 37.091713999999996], [-89.231245, 37.089994], [-89.232873, 37.090061], [-89.234821, 37.090818], [-89.23486199999999, 37.092453], [-89.235626, 37.093036], [-89.239688, 37.092481], [-89.239773, 37.09344], [-89.23786899999999, 37.093816], [-89.237708, 37.094767999999995], [-89.240673, 37.096983], [-89.241362, 37.096762999999996], [-89.24107, 37.094878], [-89.242161, 37.094919999999995], [-89.244137, 37.100738], [-89.24797199999999, 37.100142999999996], [-89.24882, 37.098765], [-89.250641, 37.099672999999996], [-89.253973, 37.099393], [-89.252994, 37.101725], [-89.25408399999999, 37.103463999999995], [-89.25658, 37.103885999999996], [-89.258477, 37.102697], [-89.26177899999999, 37.105742], [-89.261153, 37.10807], [-89.264139, 37.109094999999996], [-89.26585299999999, 37.111274], [-89.265396, 37.113394], [-89.26284299999999, 37.112587], [-89.26260599999999, 37.114562], [-89.266992, 37.115716], [-89.26687299999999, 37.116529], [-89.265284, 37.116351], [-89.265318, 37.117368], [-89.269463, 37.118627], [-89.26794799999999, 37.120401], [-89.2692, 37.122496999999996], [-89.272739, 37.124216], [-89.273631, 37.126968], [-89.27238799999999, 37.129416], [-89.268562, 37.133275], [-89.26723, 37.139329], [-89.265873, 37.140699], [-89.263965, 37.140954], [-89.258963, 37.143634999999996], [-89.25788, 37.14527], [-89.26003299999999, 37.152015], [-89.25902699999999, 37.15649], [-89.256577, 37.159939], [-89.256793, 37.161144], [-89.25768099999999, 37.161139], [-89.25878399999999, 37.159383999999996], [-89.261523, 37.158943], [-89.268372, 37.158916999999995], [-89.269454, 37.160889999999995], [-89.267296, 37.161398], [-89.266673, 37.16352], [-89.262897, 37.163708], [-89.261211, 37.167304], [-89.262478, 37.170750999999996], [-89.26473299999999, 37.170004999999996], [-89.26675, 37.171074], [-89.263452, 37.175208999999995], [-89.265874, 37.175968999999995], [-89.26464999999999, 37.178717999999996], [-89.266688, 37.179414], [-89.26731, 37.180524999999996], [-89.26529, 37.18429], [-89.261049, 37.183009999999996], [-89.25923499999999, 37.184433], [-89.257911, 37.184203], [-89.258392, 37.185482], [-89.255923, 37.188113], [-89.252273, 37.188597], [-89.253118, 37.189671], [-89.251919, 37.190892], [-89.25273899999999, 37.191966], [-89.255905, 37.193041], [-89.25333499999999, 37.193567], [-89.25232899999999, 37.196127], [-89.255754, 37.196964], [-89.257724, 37.198921999999996], [-89.258135, 37.195730999999995], [-89.258952, 37.197506], [-89.260386, 37.197415], [-89.260235, 37.200069], [-89.26205, 37.200505], [-89.262765, 37.201536], [-89.259272, 37.202335], [-89.263896, 37.203947], [-89.263632, 37.204513], [-89.261986, 37.20416], [-89.259947, 37.206241999999996], [-89.25957199999999, 37.207405], [-89.26129499999999, 37.208132], [-89.259445, 37.209143], [-89.259092, 37.210314], [-89.26026399999999, 37.211222], [-89.261071, 37.209748], [-89.26457099999999, 37.212361], [-89.264467, 37.213066999999995], [-89.262209, 37.213924], [-89.262509, 37.216167999999996], [-89.261592, 37.217811], [-89.262323, 37.21844], [-89.261279, 37.220051], [-89.26326499999999, 37.220762], [-89.264591, 37.222608], [-89.26615799999999, 37.222034], [-89.265202, 37.223759], [-89.267811, 37.225999], [-89.266744, 37.226754], [-89.26506499999999, 37.225705999999995], [-89.265231, 37.226444], [-89.26378199999999, 37.226577], [-89.261321, 37.231147], [-89.259548, 37.229852], [-89.261433, 37.228749], [-89.261502, 37.227168999999996], [-89.25966299999999, 37.228229999999996], [-89.25639, 37.2277], [-89.257809, 37.229023], [-89.256405, 37.231755], [-89.255039, 37.232136], [-89.255062, 37.234242], [-89.252079, 37.240131999999996], [-89.252009, 37.241693999999995], [-89.250367, 37.243317999999995], [-89.250005, 37.247717], [-89.251543, 37.249658], [-89.249675, 37.248793], [-89.248364, 37.251163999999996], [-89.251706, 37.25232], [-89.25161399999999, 37.252860999999996], [-89.249783, 37.252545], [-89.24828, 37.254494], [-89.250683, 37.25655], [-89.247464, 37.258548999999995], [-89.24850099999999, 37.260086], [-89.24634999999999, 37.262195999999996], [-89.24588399999999, 37.264004], [-89.24375599999999, 37.264767], [-89.243039, 37.263928], [-89.242443, 37.265011], [-89.241619, 37.264931], [-89.242283, 37.266521999999995], [-89.237889, 37.270874], [-89.234738, 37.272332], [-89.22791199999999, 37.273329], [-89.227238, 37.275537], [-89.225512, 37.276869], [-89.22190599999999, 37.277435], [-89.220702, 37.27933], [-89.215947, 37.279804], [-89.212987, 37.281012], [-89.210601, 37.280268], [-89.202578, 37.290065999999996], [-89.203356, 37.306757], [-89.205882, 37.317242], [-89.207431, 37.317467], [-89.208873, 37.318909], [-89.206623, 37.321168], [-89.20701199999999, 37.321988], [-89.209575, 37.323403], [-89.21149, 37.322739], [-89.21561799999999, 37.324463], [-89.217129, 37.327137], [-89.21959299999999, 37.327515], [-89.222218, 37.329460999999995], [-89.22171399999999, 37.33104], [-89.222867, 37.332184], [-89.243803, 37.331669], [-89.248566, 37.335298], [-89.099448, 37.333559], [-89.044799, 37.329716999999995], [-89.044691, 37.293932999999996]]]}, "properties": {"GEOID": "17153", "NAME": "Pulaski", "suicide_rate": null, "suicide_rate_ci_low": null, "suicide_rate_ci_high": null, "suicide_deaths": null, "frequent_mental_distress_pct": 20.2, "frequent_mental_distress_ci_low": 18.2, "frequent_mental_distress_ci_high": 22.4, "uninsured_pct": 6.9, "uninsured_ci_low": 5.6, "uninsured_ci_high": 8.2, "facility_count": 0, "facilities_per_100k": 0.0}}, {"type": "Feature", "geometry": {"type": "Polygon", "coordinates": [[[-90.14210899999999, 38.863383], [-90.15150799999999, 38.867148], [-90.163309, 38.874748], [-90.170509, 38.878147999999996], [-90.190243, 38.886224999999996], [-90.19761, 38.887648], [-90.219867, 38.905192], [-90.228111, 38.909948], [-90.241703, 38.914828], [-90.250248, 38.919343999999995], [-90.25403299999999, 38.920488999999996], [-90.26279199999999, 38.920344], [-90.275702, 38.923528999999995], [-90.27395899999999, 38.999036], [-90.153238, 38.999382], [-90.073838, 38.998459], [-89.812963, 38.998329999999996], [-89.639265, 38.999128999999996], [-89.638454, 38.948494], [-89.63704899999999, 38.918364], [-89.637931, 38.918352], [-89.63687399999999, 38.874278], [-89.599593, 38.87453], [-89.59894899999999, 38.818104], [-89.595103, 38.655947999999995], [-89.743562, 38.655077], [-89.947293, 38.657976], [-90.058662, 38.658584999999995], [-90.132075, 38.66015], [-90.18122799999999, 38.660066], [-90.186402, 38.674779], [-90.195202, 38.687579], [-90.202202, 38.693478999999996], [-90.20920199999999, 38.702779], [-90.212002, 38.711779], [-90.21141, 38.72135], [-90.20991, 38.72605], [-90.20517699999999, 38.7322], [-90.191301, 38.742978], [-90.18360899999999, 38.746749], [-90.176301, 38.754478], [-90.175101, 38.760278], [-90.171301, 38.766577999999996], [-90.166364, 38.772675], [-90.14670799999999, 38.783049], [-90.12310699999999, 38.798048], [-90.117707, 38.805748], [-90.109107, 38.837447999999995], [-90.10940699999999, 38.843548], [-90.113327, 38.849306], [-90.14210899999999, 38.863383]]]}, "properties": {"GEOID": "17119", "NAME": "Madison", "suicide_rate": 16.3, "suicide_rate_ci_low": 14.1, "suicide_rate_ci_high": 18.5, "suicide_deaths": 220, "frequent_mental_distress_pct": 17.3, "frequent_mental_distress_ci_low": 15.4, "frequent_mental_distress_ci_high": 19.1, "uninsured_pct": 6.4, "uninsured_ci_low": 5.4, "uninsured_ci_high": 7.3, "facility_count": 5, "facilities_per_100k": 1.9}}, {"type": "Feature", "geometry": {"type": "Polygon", "coordinates": [[[-90.293685, 38.427459999999996], [-90.289901, 38.433136], [-90.285673, 38.445662999999996], [-90.279191, 38.471872], [-90.278531, 38.477682], [-90.273871, 38.489059], [-90.264123, 38.520728], [-90.14540000000001, 38.426674], [-90.145562, 38.412053], [-90.128771, 38.397326], [-90.126677, 38.396935], [-90.036096, 38.323537], [-90.036107, 38.308935999999996], [-89.91322699999999, 38.308268999999996], [-89.909031, 38.301835], [-89.904085, 38.297833], [-89.904201, 38.29661], [-89.906836, 38.293597], [-89.90637699999999, 38.29226], [-89.901248, 38.287548], [-89.902447, 38.284327999999995], [-89.902501, 38.281468], [-89.90355799999999, 38.279392], [-89.906193, 38.2772], [-89.90879699999999, 38.276179], [-89.91290000000001, 38.276575], [-89.917187, 38.277815], [-89.918241, 38.279238], [-89.917127, 38.280777], [-89.911547, 38.282655], [-89.91130000000001, 38.284698999999996], [-89.913544, 38.285976], [-89.916409, 38.285250999999995], [-89.919635, 38.285652999999996], [-89.920186, 38.284493999999995], [-89.91981, 38.280778999999995], [-89.921593, 38.278394999999996], [-89.922178, 38.275791999999996], [-89.925237, 38.272783], [-89.924562, 38.272124999999996], [-89.920897, 38.272024], [-89.920858, 38.271063], [-89.923737, 38.26902], [-89.920284, 38.264247999999995], [-89.914524, 38.258792], [-89.91361099999999, 38.254042999999996], [-89.917267, 38.251788999999995], [-89.914553, 38.249567], [-89.911175, 38.248160999999996], [-89.910533, 38.245788999999995], [-89.907821, 38.243808], [-89.907073, 38.240753999999995], [-89.908986, 38.238648], [-89.90897799999999, 38.237649999999995], [-89.90582599999999, 38.236129], [-89.901427, 38.235319], [-89.897305, 38.231746], [-89.896774, 38.229904999999995], [-89.897876, 38.228563], [-89.903566, 38.228437], [-89.904471, 38.227461], [-89.90347799999999, 38.225314999999995], [-89.89904299999999, 38.220755], [-90.036316, 38.223245999999996], [-90.035867, 38.135736], [-90.109552, 38.115117], [-90.123881, 38.110109], [-90.16308699999999, 38.099893], [-90.20520499999999, 38.086907], [-90.217019, 38.093466], [-90.24257399999999, 38.112125], [-90.248716, 38.120874], [-90.250118, 38.125054], [-90.27484299999999, 38.157559], [-90.28298, 38.164373], [-90.290629, 38.170363], [-90.30032899999999, 38.175139], [-90.310627, 38.178573], [-90.316876, 38.179477], [-90.323971, 38.182404999999996], [-90.334172, 38.189856999999996], [-90.35579299999999, 38.216887], [-90.360142, 38.225659], [-90.365139, 38.240724], [-90.366948, 38.248343999999996], [-90.36720000000001, 38.255494999999996], [-90.36991499999999, 38.267708], [-90.372659, 38.286229999999996], [-90.372554, 38.300418], [-90.371516, 38.306191], [-90.372626, 38.316162], [-90.371405, 38.322969], [-90.371476, 38.330897], [-90.370819, 38.333554], [-90.364361, 38.347514], [-90.355942, 38.360459999999996], [-90.354017, 38.36732], [-90.35061999999999, 38.374762], [-90.34144599999999, 38.388298], [-90.334277, 38.394844], [-90.325839, 38.400963], [-90.31116999999999, 38.415679], [-90.293685, 38.427459999999996]]]}, "properties": {"GEOID": "17133", "NAME": "Monroe", "suicide_rate": 9.8, "suicide_rate_ci_low": 5.6, "suicide_rate_ci_high": 15.9, "suicide_deaths": 17, "frequent_mental_distress_pct": 15.4, "frequent_mental_distress_ci_low": 13.7, "frequent_mental_distress_ci_high": 17.2, "uninsured_pct": 4.4, "uninsured_ci_low": 3.6, "uninsured_ci_high": 5.2, "facility_count": 1, "facilities_per_100k": 2.9}}, {"type": "Feature", "geometry": {"type": "Polygon", "coordinates": [[[-89.199629, 37.088891], [-89.195511, 37.088572], [-89.195219, 37.08741], [-89.19728599999999, 37.086571], [-89.19721, 37.085808], [-89.193534, 37.085004999999995], [-89.187709, 37.080346], [-89.184635, 37.079056], [-89.18451, 37.077293999999995], [-89.182199, 37.074912999999995], [-89.18064, 37.072081], [-89.18088, 37.070264], [-89.179637, 37.069089999999996], [-89.17664099999999, 37.068853], [-89.175816, 37.069981999999996], [-89.17433799999999, 37.070254], [-89.17208099999999, 37.06831], [-89.173825, 37.066308], [-89.177857, 37.057795999999996], [-89.18135099999999, 37.045933999999995], [-89.182467, 37.039164], [-89.180151, 37.023714999999996], [-89.173352, 37.011495], [-89.17017299999999, 37.007067], [-89.160322, 36.999158], [-89.143969, 36.987966], [-89.132915, 36.982057], [-89.141562, 36.978896999999996], [-89.14988199999999, 36.977636], [-89.16177599999999, 36.972764999999995], [-89.170009, 36.970298], [-89.177235, 36.970884999999996], [-89.185491, 36.973518], [-89.19209699999999, 36.979994999999995], [-89.195039, 36.989768], [-89.19502899999999, 37.000051], [-89.198488, 37.011722999999996], [-89.20079299999999, 37.016163999999996], [-89.20505299999999, 37.020057], [-89.225482, 37.031076999999996], [-89.234053, 37.037276999999996], [-89.238253, 37.042853], [-89.245648, 37.057783], [-89.25493, 37.072013999999996], [-89.259935, 37.06407], [-89.280362, 37.065222], [-89.283473, 37.065809], [-89.28366799999999, 37.066733], [-89.294015, 37.067343], [-89.307726, 37.069654], [-89.30829, 37.068371], [-89.310819, 37.057897], [-89.309401, 37.053768999999996], [-89.304752, 37.047565], [-89.301368, 37.044982], [-89.291185, 37.040408], [-89.277715, 37.036139999999996], [-89.266286, 37.028683], [-89.260003, 37.023288], [-89.25760799999999, 37.015496], [-89.263527, 37.00005], [-89.26624199999999, 36.996302], [-89.269564, 36.993401], [-89.278628, 36.98867], [-89.29213, 36.992188999999996], [-89.317168, 37.012767], [-89.322982, 37.01609], [-89.345996, 37.025521], [-89.362397, 37.030156], [-89.378277, 37.039605], [-89.38393699999999, 37.046441], [-89.38543399999999, 37.05513], [-89.38518599999999, 37.057748], [-89.378889, 37.070499], [-89.375712, 37.080504999999995], [-89.375615, 37.085936], [-89.37871, 37.094586], [-89.384175, 37.103266999999995], [-89.38804999999999, 37.107481], [-89.41172999999999, 37.122507], [-89.42558, 37.138235], [-89.43520199999999, 37.15209], [-89.43827499999999, 37.161287], [-89.456105, 37.18812], [-89.461862, 37.199517], [-89.467631, 37.2182], [-89.466658, 37.223982], [-89.45830199999999, 37.240368], [-89.457832, 37.242594], [-89.458827, 37.248661], [-89.46266, 37.25152], [-89.470525, 37.253357], [-89.479205, 37.253052], [-89.489915, 37.251315], [-89.506773, 37.268536999999995], [-89.515362, 37.278909], [-89.51801999999999, 37.284189999999995], [-89.51839299999999, 37.289353999999996], [-89.51527999999999, 37.296929999999996], [-89.512833, 37.308478], [-89.509699, 37.31426], [-89.49727899999999, 37.322828], [-89.49516, 37.324795], [-89.491194, 37.331361], [-89.486689, 37.334554], [-89.363329, 37.334385], [-89.32616999999999, 37.335184], [-89.307479, 37.334399], [-89.27028399999999, 37.33556], [-89.248566, 37.335298], [-89.243803, 37.331669], [-89.222867, 37.332184], [-89.22171399999999, 37.33104], [-89.222218, 37.329460999999995], [-89.21959299999999, 37.327515], [-89.217129, 37.327137], [-89.21561799999999, 37.324463], [-89.21168899999999, 37.322776999999995], [-89.209659, 37.323422], [-89.20727099999999, 37.322201], [-89.20660699999999, 37.321197999999995], [-89.208873, 37.318909], [-89.207431, 37.317467], [-89.205882, 37.317242], [-89.203356, 37.306757], [-89.20272299999999, 37.289376], [-89.210601, 37.280268], [-89.212987, 37.281012], [-89.215947, 37.279804], [-89.220702, 37.27933], [-89.22190599999999, 37.277435], [-89.225512, 37.276869], [-89.227238, 37.275537], [-89.22791199999999, 37.273329], [-89.234738, 37.272332], [-89.237889, 37.270874], [-89.242283, 37.266521999999995], [-89.241619, 37.264931], [-89.242443, 37.265011], [-89.243039, 37.263928], [-89.24375599999999, 37.264767], [-89.24588399999999, 37.264004], [-89.24634999999999, 37.262195999999996], [-89.24850099999999, 37.260086], [-89.247464, 37.258548999999995], [-89.250683, 37.25655], [-89.24828, 37.254494], [-89.249783, 37.252545], [-89.25161399999999, 37.252860999999996], [-89.251706, 37.25232], [-89.248364, 37.251163999999996], [-89.249675, 37.248793], [-89.251543, 37.249658], [-89.250005, 37.247717], [-89.250367, 37.243317999999995], [-89.252009, 37.241693999999995], [-89.252079, 37.240131999999996], [-89.255062, 37.234242], [-89.255039, 37.232136], [-89.256405, 37.231755], [-89.257809, 37.229023], [-89.25639, 37.2277], [-89.25966299999999, 37.228229999999996], [-89.261502, 37.227168999999996], [-89.261433, 37.228749], [-89.259548, 37.229852], [-89.261321, 37.231147], [-89.26378199999999, 37.226577], [-89.265231, 37.226444], [-89.26506499999999, 37.225705999999995], [-89.266744, 37.226754], [-89.267811, 37.225999], [-89.265202, 37.223759], [-89.26615799999999, 37.222034], [-89.264591, 37.222608], [-89.26326499999999, 37.220762], [-89.261279, 37.220051], [-89.262323, 37.21844], [-89.261592, 37.217811], [-89.262509, 37.216167999999996], [-89.262209, 37.213924], [-89.264467, 37.213066999999995], [-89.26457099999999, 37.212361], [-89.261071, 37.209748], [-89.26026399999999, 37.211222], [-89.259092, 37.210314], [-89.259445, 37.209143], [-89.26129499999999, 37.208132], [-89.25957199999999, 37.207405], [-89.259947, 37.206241999999996], [-89.261986, 37.20416], [-89.263632, 37.204513], [-89.263896, 37.203947], [-89.259272, 37.202335], [-89.262765, 37.201536], [-89.26205, 37.200505], [-89.260235, 37.200069], [-89.260386, 37.197415], [-89.258952, 37.197506], [-89.258135, 37.195730999999995], [-89.257724, 37.198921999999996], [-89.255754, 37.196964], [-89.25232899999999, 37.196127], [-89.25333499999999, 37.193567], [-89.255905, 37.193041], [-89.25273899999999, 37.191966], [-89.251919, 37.190892], [-89.253118, 37.189671], [-89.252273, 37.188597], [-89.255923, 37.188113], [-89.258392, 37.185482], [-89.257911, 37.184203], [-89.25923499999999, 37.184433], [-89.261049, 37.183009999999996], [-89.26529, 37.18429], [-89.26731, 37.180524999999996], [-89.266688, 37.179414], [-89.26464999999999, 37.178717999999996], [-89.265874, 37.175968999999995], [-89.263452, 37.175208999999995], [-89.26675, 37.171074], [-89.26473299999999, 37.170004999999996], [-89.262478, 37.170750999999996], [-89.261211, 37.167304], [-89.262897, 37.163708], [-89.266673, 37.16352], [-89.267296, 37.161398], [-89.269454, 37.160889999999995], [-89.268372, 37.158916999999995], [-89.261523, 37.158943], [-89.25878399999999, 37.159383999999996], [-89.25768099999999, 37.161139], [-89.256793, 37.161144], [-89.256577, 37.159939], [-89.25902699999999, 37.15649], [-89.26003299999999, 37.152015], [-89.25788, 37.14527], [-89.258963, 37.143634999999996], [-89.263965, 37.140954], [-89.265873, 37.140699], [-89.26723, 37.139329], [-89.268562, 37.133275], [-89.27238799999999, 37.129416], [-89.273626, 37.12658], [-89.272739, 37.124216], [-89.2692, 37.122496999999996], [-89.26794799999999, 37.120401], [-89.269463, 37.118627], [-89.265318, 37.117368], [-89.265284, 37.116351], [-89.26687299999999, 37.116529], [-89.266992, 37.115716], [-89.26260599999999, 37.114562], [-89.26284299999999, 37.112587], [-89.265582, 37.113237999999996], [-89.265675, 37.110759], [-89.263538, 37.108715], [-89.261153, 37.10807], [-89.26177899999999, 37.105742], [-89.258477, 37.102697], [-89.25658, 37.103885999999996], [-89.25371799999999, 37.103114], [-89.252994, 37.101725], [-89.253973, 37.099393], [-89.250641, 37.099672999999996], [-89.24882, 37.098765], [-89.24797199999999, 37.100142999999996], [-89.244137, 37.100738], [-89.242161, 37.094919999999995], [-89.24107, 37.094878], [-89.241362, 37.096762999999996], [-89.240673, 37.096983], [-89.237708, 37.094767999999995], [-89.23786899999999, 37.093816], [-89.239773, 37.09344], [-89.239688, 37.092481], [-89.235626, 37.093036], [-89.23486199999999, 37.092453], [-89.234821, 37.090818], [-89.232083, 37.089901], [-89.228211, 37.091713999999996], [-89.225332, 37.091823999999995], [-89.222844, 37.090793999999995], [-89.213561, 37.089617], [-89.211683, 37.08833], [-89.20279699999999, 37.085723], [-89.201701, 37.086332], [-89.20198099999999, 37.087972], [-89.199629, 37.088891]]]}, "properties": {"GEOID": "17003", "NAME": "Alexander", "suicide_rate": null, "suicide_rate_ci_low": null, "suicide_rate_ci_high": null, "suicide_deaths": null, "frequent_mental_distress_pct": 20.8, "frequent_mental_distress_ci_low": 18.7, "frequent_mental_distress_ci_high": 23, "uninsured_pct": 6.8, "uninsured_ci_low": 5.5, "uninsured_ci_high": 8.1, "facility_count": 0, "facilities_per_100k": 0.0}}, {"type": "Feature", "geometry": {"type": "Polygon", "coordinates": [[[-88.030774, 41.992519], [-87.920476, 41.993885999999996], [-87.920417, 41.864129999999996], [-87.919395, 41.854039], [-87.919764, 41.839607], [-87.91763499999999, 41.804742999999995], [-87.914264, 41.716598], [-87.921532, 41.716238], [-87.924917, 41.712995], [-87.927239, 41.712634], [-87.930286, 41.710063999999996], [-87.934226, 41.708456999999996], [-87.93676099999999, 41.705307], [-87.941783, 41.703035], [-87.94230499999999, 41.698918], [-87.947374, 41.695412], [-87.95567199999999, 41.693024], [-87.966674, 41.686741999999995], [-87.971626, 41.687250999999996], [-87.97525999999999, 41.686533], [-87.97916599999999, 41.687332], [-87.982152, 41.686077999999995], [-88.028973, 41.685241999999995], [-88.030352, 41.728894], [-88.153245, 41.726023], [-88.261952, 41.724652], [-88.262818, 41.813521], [-88.262875, 41.986377999999995], [-88.145921, 41.988216], [-88.030774, 41.992519]]]}, "properties": {"GEOID": "17043", "NAME": "DuPage", "suicide_rate": 10.0, "suicide_rate_ci_low": 9.1, "suicide_rate_ci_high": 10.9, "suicide_deaths": 481, "frequent_mental_distress_pct": 13.7, "frequent_mental_distress_ci_low": 12.2, "frequent_mental_distress_ci_high": 15.4, "uninsured_pct": 7.1, "uninsured_ci_low": 6.3, "uninsured_ci_high": 7.8, "facility_count": 32, "facilities_per_100k": 3.5}}, {"type": "Feature", "geometry": {"type": "Polygon", "coordinates": [[[-88.70727, 37.751446], [-88.706622, 37.906797], [-88.596177, 37.907278], [-88.596086, 37.906698], [-88.534297, 37.906428], [-88.37453, 37.907678], [-88.373525, 37.702681999999996], [-88.375455, 37.599022999999995], [-88.44728099999999, 37.600170999999996], [-88.708546, 37.599059], [-88.706741, 37.740601999999996], [-88.70727, 37.751446]]]}, "properties": {"GEOID": "17165", "NAME": "Saline", "suicide_rate": 26.2, "suicide_rate_ci_low": 17.4, "suicide_rate_ci_high": 37.8, "suicide_deaths": 31, "frequent_mental_distress_pct": 20.4, "frequent_mental_distress_ci_low": 18.3, "frequent_mental_distress_ci_high": 22.5, "uninsured_pct": 7.3, "uninsured_ci_low": 6.0, "uninsured_ci_high": 8.6, "facility_count": 0, "facilities_per_100k": 0.0}}, {"type": "Feature", "geometry": {"type": "Polygon", "coordinates": [[[-88.19865399999999, 42.420018999999996], [-88.199389, 42.495132999999996], [-88.078683, 42.495619], [-87.80430883047165, 42.492589022389645], [-87.80351655721185, 42.4827446057146], [-87.81220029896222, 42.385310079633996], [-87.81632139674207, 42.379422797091365], [-87.82103122277618, 42.374418606930135], [-87.82456359230176, 42.366176411370446], [-87.82618259500099, 42.35499057453944], [-87.82250304341184, 42.27933899386662], [-87.8127890272165, 42.24018856495809], [-87.79689336435139, 42.20574796208368], [-87.76304148973124, 42.157177881106975], [-87.76051552799416, 42.152270298303506], [-88.199584, 42.15426], [-88.19904199999999, 42.236044], [-88.198245, 42.241558999999995], [-88.199024, 42.31774], [-88.19865399999999, 42.420018999999996]]]}, "properties": {"GEOID": "17097", "NAME": "Lake", "suicide_rate": 10.1, "suicide_rate_ci_low": 9.1, "suicide_rate_ci_high": 11.2, "suicide_deaths": 366, "frequent_mental_distress_pct": 15.7, "frequent_mental_distress_ci_low": 14.1, "frequent_mental_distress_ci_high": 17.5, "uninsured_pct": 8.8, "uninsured_ci_low": 7.9, "uninsured_ci_high": 9.8, "facility_count": 21, "facilities_per_100k": 3.0}}, {"type": "Feature", "geometry": {"type": "Polygon", "coordinates": [[[-90.14980899999999, 39.3463], [-90.150641, 39.346315], [-90.15378199999999, 39.520315], [-89.701661, 39.523316], [-89.699276, 39.348048], [-89.70369199999999, 39.34803], [-89.700165, 39.170065], [-89.698555, 38.998979], [-90.073838, 38.998459], [-90.145984, 38.999303], [-90.146334, 39.174276], [-90.14980899999999, 39.3463]]]}, "properties": {"GEOID": "17117", "NAME": "Macoupin", "suicide_rate": 15.7, "suicide_rate_ci_low": 10.8, "suicide_rate_ci_high": 22.0, "suicide_deaths": 38, "frequent_mental_distress_pct": 19, "frequent_mental_distress_ci_low": 16.8, "frequent_mental_distress_ci_high": 21.3, "uninsured_pct": 7.6, "uninsured_ci_low": 6.3, "uninsured_ci_high": 8.9, "facility_count": 2, "facilities_per_100k": 4.5}}, {"type": "Feature", "geometry": {"type": "Polygon", "coordinates": [[[-90.18158299999999, 41.844124], [-90.173009, 41.857392999999995], [-90.173237, 41.86461], [-90.17098399999999, 41.870132999999996], [-90.170041, 41.876439], [-90.15701899999999, 41.898019], [-90.153584, 41.906614], [-90.15198, 41.928917], [-89.968668, 41.931236999999996], [-89.82618099999999, 41.930164999999995], [-89.736325, 41.930709], [-89.628907, 41.930043999999995], [-89.63154399999999, 41.772594], [-89.632379, 41.671561], [-89.63149399999999, 41.584948999999995], [-89.950025, 41.583663], [-90.185536, 41.584573999999996], [-90.186149, 41.587725999999996], [-90.183675, 41.59019], [-90.18077, 41.591071], [-90.17042699999999, 41.591761], [-90.166704, 41.593502], [-90.165129, 41.595743999999996], [-90.165613, 41.601088999999995], [-90.16505699999999, 41.602933], [-90.166116, 41.609801999999995], [-90.161749, 41.615148], [-90.162464, 41.616336], [-90.160687, 41.617866], [-90.162061, 41.621562], [-90.16037299999999, 41.626144], [-90.15987799999999, 41.630494999999996], [-90.162465, 41.635526], [-90.173243, 41.637401], [-90.173913, 41.640069], [-90.163814, 41.639216999999995], [-90.161233, 41.643927], [-90.16477599999999, 41.647689], [-90.170288, 41.648696], [-90.171705, 41.652991], [-90.17370000000001, 41.654959999999996], [-90.18165599999999, 41.657882], [-90.189532, 41.663374], [-90.228172, 41.674642999999996], [-90.230538, 41.676294], [-90.232703, 41.676573], [-90.236182, 41.679496], [-90.234928, 41.681377], [-90.232483, 41.681474], [-90.23055599999999, 41.682564], [-90.229219, 41.682126], [-90.22686, 41.683484], [-90.226154, 41.686944], [-90.22740499999999, 41.688289999999995], [-90.22679, 41.692521], [-90.228066, 41.693007], [-90.23205, 41.691862], [-90.23245999999999, 41.693000999999995], [-90.23083299999999, 41.694583], [-90.23115899999999, 41.69576], [-90.23308399999999, 41.696714], [-90.23663499999999, 41.696312999999996], [-90.237155, 41.699566], [-90.244028, 41.701732], [-90.245713, 41.703537], [-90.24521399999999, 41.704701], [-90.242167, 41.704800999999996], [-90.23983899999999, 41.706688], [-90.240607, 41.709900000000005], [-90.238164, 41.711175999999995], [-90.23935, 41.714005], [-90.234697, 41.720464], [-90.234083, 41.725010999999995], [-90.23866699999999, 41.727264999999996], [-90.238677, 41.729158], [-90.23604499999999, 41.731843999999995], [-90.23470499999999, 41.736111], [-90.236509, 41.740747], [-90.23942699999999, 41.742484999999995], [-90.242126, 41.740500000000004], [-90.24426799999999, 41.740383], [-90.244424, 41.742551], [-90.24316999999999, 41.744321], [-90.244125, 41.745587], [-90.24671099999999, 41.745577999999995], [-90.247917, 41.746877], [-90.246714, 41.75476], [-90.242752, 41.759958999999995], [-90.238084, 41.761064999999995], [-90.236773, 41.762598], [-90.240122, 41.764963], [-90.242122, 41.764814], [-90.24306299999999, 41.762547], [-90.24717, 41.762609], [-90.24725, 41.764948], [-90.244642, 41.767398], [-90.244992, 41.771721], [-90.242015, 41.77688], [-90.24238, 41.782964], [-90.216889, 41.795335], [-90.187969, 41.803163], [-90.181973, 41.807069999999996], [-90.18064299999999, 41.811979], [-90.181889, 41.827754999999996], [-90.183973, 41.83307], [-90.18158299999999, 41.844124]]]}, "properties": {"GEOID": "17195", "NAME": "Whiteside", "suicide_rate": 15.0, "suicide_rate_ci_low": 10.6, "suicide_rate_ci_high": 20.7, "suicide_deaths": 42, "frequent_mental_distress_pct": 17.7, "frequent_mental_distress_ci_low": 15.9, "frequent_mental_distress_ci_high": 19.6, "uninsured_pct": 6.9, "uninsured_ci_low": 5.7, "uninsured_ci_high": 8.1, "facility_count": 3, "facilities_per_100k": 5.5}}, {"type": "Feature", "geometry": {"type": "Polygon", "coordinates": [[[-89.602981, 40.320273], [-89.26374, 40.325344], [-89.26265, 40.280919], [-89.148772, 40.28252], [-89.145586, 40.114875999999995], [-89.143451, 39.917646999999995], [-89.236429, 39.91686], [-89.404984, 39.918186999999996], [-89.404969, 39.932717], [-89.483498, 39.933150999999995], [-89.483826, 39.976732999999996], [-89.578289, 39.976127], [-89.579426, 40.048767], [-89.57873599999999, 40.048781999999996], [-89.579128, 40.092414999999995], [-89.60112, 40.092284], [-89.60359799999999, 40.218378], [-89.601011, 40.218413], [-89.602981, 40.320273]]]}, "properties": {"GEOID": "17107", "NAME": "Logan", "suicide_rate": 12.5, "suicide_rate_ci_low": 7.5, "suicide_rate_ci_high": 19.5, "suicide_deaths": 20, "frequent_mental_distress_pct": 18.6, "frequent_mental_distress_ci_low": 16.6, "frequent_mental_distress_ci_high": 20.8, "uninsured_pct": 6.3, "uninsured_ci_low": 5.1, "uninsured_ci_high": 7.5, "facility_count": 0, "facilities_per_100k": 0.0}}, {"type": "Feature", "geometry": {"type": "Polygon", "coordinates": [[[-89.14625099999999, 38.301198], [-89.14438799999999, 38.473878], [-89.033155, 38.473963], [-88.922428, 38.476969], [-88.698961, 38.474914], [-88.700048, 38.342307], [-88.703045, 38.234581], [-88.704606, 38.125195], [-88.851704, 38.126616999999996], [-89.07403699999999, 38.124596], [-89.149841, 38.125054], [-89.14625099999999, 38.301198]]]}, "properties": {"GEOID": "17081", "NAME": "Jefferson", "suicide_rate": 16.7, "suicide_rate_ci_low": 11.1, "suicide_rate_ci_high": 24.1, "suicide_deaths": 29, "frequent_mental_distress_pct": 18.6, "frequent_mental_distress_ci_low": 16.6, "frequent_mental_distress_ci_high": 20.7, "uninsured_pct": 6.9, "uninsured_ci_low": 5.6, "uninsured_ci_high": 8.2, "facility_count": 4, "facilities_per_100k": 11.0}}, {"type": "Feature", "geometry": {"type": "Polygon", "coordinates": [[[-87.78701099999999, 38.848856999999995], [-87.684141, 38.852179], [-87.529186, 38.852132], [-87.526729, 38.850362], [-87.525893, 38.848794999999996], [-87.52669499999999, 38.838578], [-87.524577, 38.833633999999996], [-87.522212, 38.830483], [-87.521681, 38.826575999999996], [-87.523636, 38.822596999999995], [-87.52646299999999, 38.820538], [-87.52734199999999, 38.818121], [-87.51921999999999, 38.810477999999996], [-87.51491899999999, 38.803712999999995], [-87.508211, 38.795716], [-87.50112299999999, 38.79138], [-87.495509, 38.784625999999996], [-87.495739, 38.780302999999996], [-87.498587, 38.77648], [-87.504301, 38.773846], [-87.513137, 38.773196], [-87.514861, 38.770503], [-87.513652, 38.768474999999995], [-87.51033, 38.767181], [-87.508183, 38.767312], [-87.504953, 38.76886], [-87.50049399999999, 38.769176], [-87.498216, 38.768307], [-87.496906, 38.766818], [-87.498948, 38.757774], [-87.501814, 38.754197], [-87.504046, 38.748507], [-87.50159, 38.745725], [-87.496494, 38.742728], [-87.49604099999999, 38.739981], [-87.50001999999999, 38.737007999999996], [-87.504059, 38.735822999999996], [-87.50617199999999, 38.733725], [-87.508515, 38.725767999999995], [-87.516707, 38.716332], [-87.519519, 38.710454999999996], [-87.518946, 38.705149], [-87.51961, 38.697198], [-87.52203899999999, 38.693349999999995], [-87.53123099999999, 38.684036], [-87.54005099999999, 38.679142999999996], [-87.545538, 38.677613], [-87.56960699999999, 38.674358], [-87.587684, 38.669979999999995], [-87.597247, 38.665313999999995], [-87.60018, 38.662462], [-87.602863, 38.656363], [-87.60294999999999, 38.651236], [-87.605817, 38.646518], [-87.609831, 38.644216], [-87.61731499999999, 38.642157], [-87.62012, 38.639489], [-87.62098, 38.637654999999995], [-87.62038199999999, 38.634307], [-87.615943, 38.627952], [-87.615585, 38.625046999999995], [-87.617043, 38.622195], [-87.62237499999999, 38.618873], [-87.622759, 38.617084], [-87.620532, 38.612165], [-87.62550999999999, 38.609441], [-87.62734499999999, 38.607237], [-87.625406, 38.599188], [-87.62414299999999, 38.596955], [-87.622636, 38.595648], [-87.61944299999999, 38.594823999999996], [-87.612439, 38.594642], [-87.610886, 38.592631999999995], [-87.61196, 38.589248], [-87.614508, 38.58751], [-87.622897, 38.586197999999996], [-87.627383, 38.587644], [-87.634057, 38.592372], [-87.637627, 38.592653999999996], [-87.639433, 38.591255], [-87.640258, 38.589199], [-87.639775, 38.581998], [-87.638097, 38.578344], [-87.638911, 38.574875999999996], [-87.642308, 38.572505], [-87.649682, 38.570523], [-87.651529, 38.568166], [-87.912286, 38.570104], [-87.910258, 38.575074], [-87.909847, 38.589994999999995], [-87.908113, 38.850107], [-87.786568, 38.850046], [-87.78701099999999, 38.848856999999995]]]}, "properties": {"GEOID": "17101", "NAME": "Lawrence", "suicide_rate": 17.4, "suicide_rate_ci_low": 9.5, "suicide_rate_ci_high": 29.3, "suicide_deaths": 15, "frequent_mental_distress_pct": 19, "frequent_mental_distress_ci_low": 17.1, "frequent_mental_distress_ci_high": 21.1, "uninsured_pct": 7.9, "uninsured_ci_low": 6.3, "uninsured_ci_high": 9.4, "facility_count": 0, "facilities_per_100k": 0.0}}, {"type": "Feature", "geometry": {"type": "Polygon", "coordinates": [[[-89.98585399999999, 40.719671], [-89.985479, 40.974495], [-89.869388, 40.975032999999996], [-89.74890599999999, 40.973907], [-89.447693, 40.973245999999996], [-89.449269, 40.968278], [-89.44797899999999, 40.962973999999996], [-89.448126, 40.959179], [-89.455063, 40.946470999999995], [-89.455163, 40.943135999999996], [-89.453994, 40.939538], [-89.455306, 40.935507], [-89.458861, 40.932978], [-89.46437499999999, 40.926041999999995], [-89.472959, 40.921203], [-89.47233, 40.921206], [-89.475225, 40.912741], [-89.47963, 40.909347], [-89.483496, 40.903183999999996], [-89.488469, 40.899299], [-89.49957099999999, 40.875036], [-89.524973, 40.849236], [-89.525213, 40.842403999999995], [-89.528285, 40.835620999999996], [-89.544958, 40.814980999999996], [-89.550606, 40.812037], [-89.55427, 40.808869], [-89.562394, 40.793637], [-89.56389399999999, 40.784037], [-89.555694, 40.764737], [-89.556094, 40.749437], [-89.55059399999999, 40.738737], [-89.54959699999999, 40.73538], [-89.549697, 40.72978], [-89.546488, 40.720205], [-89.555295, 40.702737], [-89.561196, 40.699137], [-89.59230000000001, 40.684936], [-89.615399, 40.664437], [-89.616035, 40.657571], [-89.611599, 40.654137999999996], [-89.610339, 40.65199], [-89.611459, 40.647909999999996], [-89.61948699999999, 40.637434999999996], [-89.62640499999999, 40.632073], [-89.628742, 40.628689], [-89.637255, 40.622081], [-89.658502, 40.601558], [-89.66006999999999, 40.596454], [-89.65879, 40.589174], [-89.65400199999999, 40.578238], [-89.655602, 40.570437999999996], [-89.658003, 40.567437999999996], [-89.675404, 40.553937999999995], [-89.67789599999999, 40.553062], [-89.68164, 40.552485999999995], [-89.684586, 40.55341], [-89.688845, 40.558512], [-89.691848, 40.560517999999995], [-89.699, 40.561606], [-89.70079199999999, 40.56143], [-89.70781699999999, 40.557238], [-89.718329, 40.55599], [-89.724041, 40.553861999999995], [-89.73217, 40.552966], [-89.741322, 40.550806], [-89.774495, 40.552911], [-89.785911, 40.548707], [-89.81245899999999, 40.541104], [-89.832853, 40.530794], [-89.85862399999999, 40.519968], [-89.872463, 40.513127], [-89.87216099999999, 40.580583], [-89.87422, 40.580648], [-89.874393, 40.581495], [-89.87368, 40.624975], [-89.989018, 40.625834999999995], [-89.98585399999999, 40.719671]]]}, "properties": {"GEOID": "17143", "NAME": "Peoria", "suicide_rate": 15.0, "suicide_rate_ci_low": 12.3, "suicide_rate_ci_high": 17.6, "suicide_deaths": 130, "frequent_mental_distress_pct": 18, "frequent_mental_distress_ci_low": 16.2, "frequent_mental_distress_ci_high": 19.9, "uninsured_pct": 7.1, "uninsured_ci_low": 6.0, "uninsured_ci_high": 8.3, "facility_count": 8, "facilities_per_100k": 4.5}}, {"type": "Feature", "geometry": {"type": "Polygon", "coordinates": [[[-88.46220699999999, 39.879092], [-88.463551, 40.223271], [-88.46072, 40.223321999999996], [-88.459957, 40.398849999999996], [-88.346987, 40.398416999999995], [-88.116616, 40.400611999999995], [-88.002848, 40.4005], [-87.990374, 40.399232999999995], [-87.976677, 40.399048], [-87.93238699999999, 40.3994], [-87.929992, 40.313376], [-87.92876, 40.225618999999995], [-87.942103, 40.225482], [-87.93900000000001, 40.039815999999995], [-87.93764499999999, 39.879802999999995], [-88.00948799999999, 39.879432], [-88.122326, 39.880227], [-88.236583, 39.879109], [-88.46220699999999, 39.879092]]]}, "properties": {"GEOID": "17019", "NAME": "Champaign", "suicide_rate": 13.7, "suicide_rate_ci_low": 11.3, "suicide_rate_ci_high": 16.0, "suicide_deaths": 139, "frequent_mental_distress_pct": 17.2, "frequent_mental_distress_ci_low": 15.5, "frequent_mental_distress_ci_high": 19.1, "uninsured_pct": 6.6, "uninsured_ci_low": 5.5, "uninsured_ci_high": 7.7, "facility_count": 4, "facilities_per_100k": 1.9}}, {"type": "Feature", "geometry": {"type": "Polygon", "coordinates": [[[-87.965046, 39.612700000000004], [-87.968777, 39.79235], [-87.937029, 39.792370999999996], [-87.93764499999999, 39.879802999999995], [-87.615161, 39.881578999999995], [-87.61742199999999, 39.868607999999995], [-87.578845, 39.868459], [-87.55753299999999, 39.868784], [-87.581679, 39.882307], [-87.533228, 39.883], [-87.53164, 39.477105], [-87.689172, 39.476756], [-87.687345, 39.487311999999996], [-87.68897199999999, 39.487392], [-87.778601, 39.485969], [-87.90386, 39.481885999999996], [-87.960179, 39.481308999999996], [-87.965046, 39.612700000000004]]]}, "properties": {"GEOID": "17045", "NAME": "Edgar", "suicide_rate": 19.4, "suicide_rate_ci_low": 10.9, "suicide_rate_ci_high": 32.1, "suicide_deaths": 16, "frequent_mental_distress_pct": 19, "frequent_mental_distress_ci_low": 17, "frequent_mental_distress_ci_high": 21, "uninsured_pct": 7.2, "uninsured_ci_low": 5.8, "uninsured_ci_high": 8.6, "facility_count": 1, "facilities_per_100k": 6.1}}, {"type": "Feature", "geometry": {"type": "Polygon", "coordinates": [[[-89.256717, 39.813117999999996], [-89.25316699999999, 39.818194], [-89.25191199999999, 39.822556], [-89.24924, 39.825317], [-89.246532, 39.826085], [-89.24283799999999, 39.823153], [-89.24031, 39.823327], [-89.23979, 39.821321999999995], [-89.23825, 39.821062], [-89.23633699999999, 39.822157], [-89.237157, 39.81968], [-89.23540899999999, 39.818695999999996], [-89.236356, 39.8177], [-89.234753, 39.81751], [-89.234279, 39.816266999999996], [-89.231535, 39.816306], [-89.234242, 39.815148], [-89.23394599999999, 39.812852], [-89.231382, 39.813517999999995], [-89.228248, 39.813204999999996], [-89.22525999999999, 39.814952999999996], [-89.220175, 39.812909999999995], [-89.212773, 39.813665], [-89.212775, 39.815477], [-89.189244, 39.815456], [-89.189253, 39.817473], [-89.18818999999999, 39.817524], [-89.18455499999999, 39.815447999999996], [-89.179856, 39.815439], [-89.179852, 39.811893], [-89.170305, 39.811924], [-89.16924499999999, 39.809684999999995], [-89.164997, 39.807914], [-89.16075, 39.805353], [-89.160747, 39.804705999999996], [-89.151474, 39.804792], [-89.15146299999999, 39.801249999999996], [-89.141967, 39.801272999999995], [-89.13912499999999, 39.655131], [-89.025691, 39.654637], [-89.02398699999999, 39.52319], [-89.02640799999999, 39.435172], [-89.02490399999999, 39.434771], [-89.02554099999999, 39.418831999999995], [-89.025382, 39.34592], [-89.139934, 39.348895], [-89.530836, 39.348864], [-89.535028, 39.641138], [-89.478473, 39.640842], [-89.478923, 39.683963999999996], [-89.425051, 39.683696], [-89.42517099999999, 39.762021999999995], [-89.420217, 39.76137], [-89.41784299999999, 39.759205], [-89.417191, 39.757576], [-89.41877199999999, 39.757073999999996], [-89.41976199999999, 39.755324], [-89.418527, 39.754191999999996], [-89.419662, 39.75291], [-89.419353, 39.751675], [-89.409475, 39.74353], [-89.398771, 39.742139], [-89.394977, 39.742636], [-89.385874, 39.749975], [-89.386347, 39.751796999999996], [-89.384868, 39.753567], [-89.382975, 39.754377], [-89.380242, 39.753538999999996], [-89.378754, 39.755508999999996], [-89.37391799999999, 39.758646], [-89.372492, 39.758085], [-89.370986, 39.754971], [-89.369843, 39.756329], [-89.36712299999999, 39.757325], [-89.365214, 39.757222999999996], [-89.362605, 39.755798999999996], [-89.360643, 39.760273999999995], [-89.358891, 39.761759999999995], [-89.360034, 39.767517], [-89.357795, 39.770821999999995], [-89.35591, 39.7706], [-89.35395799999999, 39.772107], [-89.353004, 39.771464], [-89.352667, 39.769616], [-89.350023, 39.769639], [-89.344528, 39.766906], [-89.34159199999999, 39.766932], [-89.328701, 39.763542], [-89.327186, 39.764266], [-89.32777899999999, 39.765974], [-89.32570899999999, 39.765997], [-89.325023, 39.767025], [-89.328604, 39.767571], [-89.328762, 39.769337], [-89.32234199999999, 39.771859], [-89.317775, 39.770793], [-89.315854, 39.771938999999996], [-89.314279, 39.771102], [-89.312581, 39.771300000000004], [-89.30784299999999, 39.774361], [-89.303122, 39.775813], [-89.300444, 39.778414], [-89.301435, 39.779767], [-89.29962599999999, 39.782798], [-89.298289, 39.783299], [-89.29971499999999, 39.78454], [-89.296953, 39.789502], [-89.294117, 39.790175999999995], [-89.291906, 39.789778999999996], [-89.291555, 39.790668], [-89.29261, 39.792269], [-89.292104, 39.792753999999995], [-89.288217, 39.792046], [-89.28572199999999, 39.793799], [-89.28339299999999, 39.793853], [-89.28267699999999, 39.79461], [-89.283678, 39.79576], [-89.281774, 39.796607], [-89.28134899999999, 39.798899], [-89.27954199999999, 39.798924], [-89.278778, 39.800094], [-89.276406, 39.799144], [-89.27432499999999, 39.800053999999996], [-89.27209099999999, 39.801125], [-89.270808, 39.803602], [-89.265373, 39.806422], [-89.26458799999999, 39.804278], [-89.260966, 39.805093], [-89.25975199999999, 39.806782], [-89.259973, 39.808001999999995], [-89.25717499999999, 39.809808], [-89.256717, 39.813117999999996]]]}, "properties": {"GEOID": "17021", "NAME": "Christian", "suicide_rate": 18.5, "suicide_rate_ci_low": 12.5, "suicide_rate_ci_high": 26.4, "suicide_deaths": 33, "frequent_mental_distress_pct": 17.8, "frequent_mental_distress_ci_low": 16, "frequent_mental_distress_ci_high": 19.9, "uninsured_pct": 7.0, "uninsured_ci_low": 5.7, "uninsured_ci_high": 8.3, "facility_count": 1, "facilities_per_100k": 3.0}}, {"type": "Feature", "geometry": {"type": "Polygon", "coordinates": [[[-90.444339, 40.714867999999996], [-90.437652, 41.151463], [-90.323179, 41.151196999999996], [-90.208816, 41.15211], [-90.096311, 41.149879999999996], [-89.98455899999999, 41.149394], [-89.986064, 40.712361], [-90.444339, 40.714867999999996]]]}, "properties": {"GEOID": "17095", "NAME": "Knox", "suicide_rate": 13.3, "suicide_rate_ci_low": 9.0, "suicide_rate_ci_high": 19.0, "suicide_deaths": 33, "frequent_mental_distress_pct": 19.3, "frequent_mental_distress_ci_low": 17.4, "frequent_mental_distress_ci_high": 21.5, "uninsured_pct": 7.7, "uninsured_ci_low": 6.3, "uninsured_ci_high": 9.2, "facility_count": 1, "facilities_per_100k": 2.1}}, {"type": "Feature", "geometry": {"type": "Polygon", "coordinates": [[[-88.628997, 42.495045], [-88.199389, 42.495132999999996], [-88.198245, 42.241558999999995], [-88.19904199999999, 42.236044], [-88.199584, 42.15426], [-88.237067, 42.154288], [-88.247839, 42.153627], [-88.705585, 42.153537], [-88.705748, 42.39631], [-88.707421, 42.493596], [-88.628997, 42.495045]]]}, "properties": {"GEOID": "17111", "NAME": "McHenry", "suicide_rate": 10.8, "suicide_rate_ci_low": 9.2, "suicide_rate_ci_high": 12.5, "suicide_deaths": 178, "frequent_mental_distress_pct": 16.3, "frequent_mental_distress_ci_low": 14.5, "frequent_mental_distress_ci_high": 18, "uninsured_pct": 7.0, "uninsured_ci_low": 6.1, "uninsured_ci_high": 8.0, "facility_count": 7, "facilities_per_100k": 2.2}}, {"type": "Feature", "geometry": {"type": "Polygon", "coordinates": [[[-90.161352, 42.11017], [-90.16289499999999, 42.116718], [-90.17040999999999, 42.125021], [-90.190452, 42.125779], [-90.19734199999999, 42.128163], [-90.201404, 42.130936999999996], [-90.20536, 42.139078999999995], [-90.206369, 42.145500000000006], [-90.20826, 42.15099], [-90.209479, 42.15268], [-90.216107, 42.156729999999996], [-90.23491899999999, 42.165431], [-90.250129, 42.171468999999995], [-90.26908, 42.1745], [-90.282173, 42.178846], [-90.298442, 42.187576], [-90.31739499999999, 42.193645], [-90.11536199999999, 42.197156], [-89.860794, 42.196673], [-89.86056699999999, 42.198026999999996], [-89.746738, 42.197961], [-89.688486, 42.199112], [-89.68598399999999, 42.112009], [-89.684694, 42.025932999999995], [-89.685397, 42.023886], [-89.686466, 41.944783], [-89.686455, 41.936927], [-89.685366, 41.93034], [-89.82618099999999, 41.930164999999995], [-89.976404, 41.931218], [-90.15198, 41.928917], [-90.1516, 41.931002], [-90.152659, 41.933057999999996], [-90.16384699999999, 41.944933999999996], [-90.16493899999999, 41.948861], [-90.164135, 41.956178], [-90.16214099999999, 41.961293], [-90.158592, 41.967116999999995], [-90.15631499999999, 41.969113], [-90.15382799999999, 41.974121], [-90.14859899999999, 41.978269], [-90.146225, 41.981328999999995], [-90.146033, 41.988139], [-90.140613, 41.995999], [-90.140061, 42.003251999999996], [-90.14230599999999, 42.011838999999995], [-90.144683, 42.016197999999996], [-90.148096, 42.020013999999996], [-90.151579, 42.030632999999995], [-90.158829, 42.037769], [-90.163446, 42.040406999999995], [-90.164485, 42.042105], [-90.165294, 42.050973], [-90.16685299999999, 42.05491], [-90.165555, 42.062638], [-90.168358, 42.075779], [-90.162615, 42.090995], [-90.16112, 42.104403999999995], [-90.161352, 42.11017]]]}, "properties": {"GEOID": "17015", "NAME": "Carroll", "suicide_rate": null, "suicide_rate_ci_low": null, "suicide_rate_ci_high": null, "suicide_deaths": null, "frequent_mental_distress_pct": 16.6, "frequent_mental_distress_ci_low": 14.9, "frequent_mental_distress_ci_high": 18.5, "uninsured_pct": 8.4, "uninsured_ci_low": 6.9, "uninsured_ci_high": 10.0, "facility_count": 1, "facilities_per_100k": 6.4}}, {"type": "Feature", "geometry": {"type": "Polygon", "coordinates": [[[-88.14954, 38.299679999999995], [-88.147752, 38.461703], [-88.147967, 38.467639999999996], [-88.148574, 38.467645], [-88.147803, 38.569037], [-88.02396999999999, 38.570552], [-87.954618, 38.57025], [-87.95590899999999, 38.569500000000005], [-87.954415, 38.568422], [-87.957222, 38.567611], [-87.958497, 38.566322], [-87.957571, 38.565199], [-87.958286, 38.564600999999996], [-87.957026, 38.563806], [-87.958581, 38.563227], [-87.95880199999999, 38.561372999999996], [-87.95555399999999, 38.558568], [-87.953717, 38.55863], [-87.95463099999999, 38.556829], [-87.953599, 38.556242], [-87.953874, 38.555291], [-87.952356, 38.554753999999996], [-87.954627, 38.553087], [-87.95289799999999, 38.55222], [-87.95281399999999, 38.550354], [-87.951607, 38.549125], [-87.952186, 38.547801], [-87.95038699999999, 38.546966999999995], [-87.950953, 38.545581], [-87.952378, 38.545063], [-87.952872, 38.543181], [-87.94688, 38.540551], [-87.946195, 38.54154], [-87.94529299999999, 38.540783], [-87.943737, 38.541008], [-87.943699, 38.539545], [-87.94507399999999, 38.539325], [-87.941315, 38.538419999999995], [-87.942477, 38.536815], [-87.941188, 38.535548999999996], [-87.939407, 38.536196], [-87.93939, 38.534918], [-87.941666, 38.533744], [-87.938486, 38.533108999999996], [-87.938453, 38.529633], [-87.937174, 38.528144999999995], [-87.938993, 38.527241], [-87.94184899999999, 38.528248], [-87.947034, 38.521747], [-87.948112, 38.521403], [-87.94948099999999, 38.522137], [-87.94918899999999, 38.520283], [-87.951725, 38.520627], [-87.95300499999999, 38.519619], [-87.953063, 38.517949], [-87.95452, 38.516507], [-87.953558, 38.515569], [-87.955044, 38.514723], [-87.953966, 38.514288], [-87.95206999999999, 38.515409999999996], [-87.95172, 38.514495], [-87.94941899999999, 38.515068], [-87.948165, 38.514244], [-87.950064, 38.512191], [-87.953392, 38.51077], [-87.95236299999999, 38.508303999999995], [-87.95073099999999, 38.508351], [-87.952474, 38.507314], [-87.949754, 38.507163999999996], [-87.950339, 38.506271], [-87.949754, 38.506046999999995], [-87.948979, 38.508375], [-87.948292, 38.507833], [-87.948469, 38.506143], [-87.947608, 38.505756999999996], [-87.94845099999999, 38.504492], [-87.950976, 38.504366], [-87.95159799999999, 38.503561], [-87.954009, 38.503806], [-87.95427099999999, 38.501703], [-87.953003, 38.500498], [-87.95566199999999, 38.500146], [-87.955801, 38.499257], [-87.95452399999999, 38.497963999999996], [-87.95681499999999, 38.4971], [-87.95581899999999, 38.493995999999996], [-87.953273, 38.492898], [-87.955822, 38.491561], [-87.95573399999999, 38.489683], [-87.95311199999999, 38.488125], [-87.951002, 38.488718999999996], [-87.950667, 38.487716], [-87.952326, 38.486090999999995], [-87.95191799999999, 38.485358], [-87.949006, 38.486274], [-87.949618, 38.485061], [-87.95346099999999, 38.483824], [-87.95360699999999, 38.482679999999995], [-87.951488, 38.480637], [-87.953198, 38.480253999999995], [-87.951892, 38.479361], [-87.947972, 38.478926], [-87.948633, 38.475063], [-87.948295, 38.471078999999996], [-87.945015, 38.472564], [-87.944859, 38.470514], [-87.94686999999999, 38.469967], [-87.947667, 38.468669], [-87.94408299999999, 38.46739], [-87.948275, 38.464574], [-87.948216, 38.463521], [-87.945105, 38.463988], [-87.943742, 38.461359], [-87.941808, 38.462433], [-87.94232699999999, 38.460601], [-87.947457, 38.45841], [-87.945268, 38.456433], [-87.943398, 38.456998999999996], [-87.943321, 38.456255], [-87.948477, 38.45393], [-87.948506, 38.453312], [-87.94609, 38.453175], [-87.94568199999999, 38.452283], [-87.944606, 38.452534], [-87.944023, 38.450406], [-87.942888, 38.449629], [-87.94457799999999, 38.448736], [-87.946758, 38.449124], [-87.945566, 38.447133], [-87.943848, 38.446652], [-87.944604, 38.445805], [-87.948544, 38.445893999999996], [-87.948579, 38.444198], [-87.945222, 38.444852999999995], [-87.944915, 38.442786], [-87.946556, 38.441075999999995], [-87.949023, 38.442098], [-87.94750599999999, 38.438227], [-87.95021, 38.43712], [-87.95263399999999, 38.432047], [-87.95193499999999, 38.430033], [-87.948211, 38.430056], [-87.94751199999999, 38.429438], [-87.951003, 38.425913], [-87.952748, 38.425523], [-87.954223, 38.426451], [-87.95559899999999, 38.425247999999996], [-87.95429399999999, 38.423646999999995], [-87.95190199999999, 38.423964], [-87.950796, 38.423277999999996], [-87.952016, 38.418423], [-87.95382, 38.417667], [-87.955246, 38.419865], [-87.958128, 38.42076], [-87.959786, 38.420072999999995], [-87.96100799999999, 38.417164], [-87.963887, 38.4149], [-87.965924, 38.411237], [-87.97022799999999, 38.410641], [-87.970985, 38.406956], [-87.969848, 38.404416], [-87.970428, 38.402218], [-87.975053, 38.401483999999996], [-87.976012, 38.400614], [-87.97474299999999, 38.397856], [-87.971891, 38.394914], [-87.965859, 38.39533], [-87.964956, 38.391072], [-87.968474, 38.389354999999995], [-87.973069, 38.389353], [-87.976759, 38.384271], [-87.977221, 38.377839], [-87.97594199999999, 38.373354], [-87.97357799999999, 38.370792], [-87.973398, 38.36567], [-87.968443, 38.359969], [-87.967298, 38.353556], [-87.96581499999999, 38.352091], [-87.958047, 38.348290999999996], [-87.957805, 38.344158], [-87.95444499999999, 38.339732999999995], [-87.95412499999999, 38.336208], [-87.957089, 38.332522], [-87.955547, 38.325472], [-87.95801499999999, 38.321008], [-87.95803, 38.319635], [-87.955767, 38.317228], [-87.947582, 38.318667], [-87.946828, 38.317782], [-87.94708899999999, 38.316958], [-87.949094, 38.316888999999996], [-87.946101, 38.315287], [-87.94676899999999, 38.313296], [-87.948512, 38.312861], [-87.946246, 38.310663999999996], [-87.94659399999999, 38.308672], [-87.949528, 38.307001], [-87.954392, 38.308440999999995], [-87.957049, 38.306096], [-87.95639299999999, 38.304548], [-87.952955, 38.303039999999996], [-87.95495799999999, 38.300568], [-87.957259, 38.299672], [-87.95397, 38.296745], [-87.953824, 38.294365], [-87.951994, 38.292946], [-87.951092, 38.290935], [-87.954599, 38.290644], [-87.95591399999999, 38.291869999999996], [-87.958325, 38.290358], [-87.960717, 38.291185], [-87.96164, 38.290487], [-87.960968, 38.289], [-87.96652499999999, 38.286376], [-87.96699799999999, 38.284091], [-87.969511, 38.283694], [-87.970361, 38.285064999999996], [-87.972045, 38.284127], [-87.97381899999999, 38.28461], [-87.97531, 38.281427], [-87.977837, 38.282455999999996], [-87.976413, 38.280442], [-87.97662799999999, 38.278835], [-87.97539499999999, 38.277865], [-87.97766, 38.277488999999996], [-87.97794999999999, 38.276733], [-87.97356099999999, 38.275135], [-87.972848, 38.274218], [-87.975974, 38.273185999999995], [-87.978538, 38.274077], [-87.979255, 38.272979], [-87.97908, 38.270889], [-87.981228, 38.271055], [-87.98096799999999, 38.272726999999996], [-87.984482, 38.274328], [-87.98938199999999, 38.273224], [-87.990228, 38.270571], [-87.9889, 38.268854], [-87.99019799999999, 38.268585], [-87.99131799999999, 38.270196999999996], [-87.991743, 38.269458], [-87.99094199999999, 38.268336], [-87.99081199999999, 38.265412999999995], [-87.992328, 38.262451], [-87.990628, 38.259629], [-88.027677, 38.259893999999996], [-88.027749, 38.255660999999996], [-88.150891, 38.256156], [-88.14954, 38.299679999999995]]]}, "properties": {"GEOID": "17047", "NAME": "Edwards", "suicide_rate": null, "suicide_rate_ci_low": null, "suicide_rate_ci_high": null, "suicide_deaths": null, "frequent_mental_distress_pct": 18.3, "frequent_mental_distress_ci_low": 16.5, "frequent_mental_distress_ci_high": 20.4, "uninsured_pct": 7.2, "uninsured_ci_low": 5.8, "uninsured_ci_high": 8.6, "facility_count": 1, "facilities_per_100k": 16.8}}, {"type": "Feature", "geometry": {"type": "Polygon", "coordinates": [[[-91.01324, 40.896622], [-91.009536, 40.900565], [-91.000142, 40.907329999999995], [-90.985462, 40.912141], [-90.97919, 40.915521999999996], [-90.96899499999999, 40.919126999999996], [-90.965344, 40.921633], [-90.96256, 40.925830999999995], [-90.96046199999999, 40.936355999999996], [-90.95223299999999, 40.954046999999996], [-90.951967, 40.958238], [-90.952715, 40.962087], [-90.958089, 40.976642999999996], [-90.958142, 40.979766999999995], [-90.955201, 40.986805], [-90.94963399999999, 40.995248], [-90.945949, 41.006495], [-90.945054, 41.011917], [-90.945324, 41.019279], [-90.942253, 41.034701999999996], [-90.94232, 41.038472], [-90.94395, 41.045154], [-90.943652, 41.048637], [-90.945999, 41.056335999999995], [-90.945549, 41.06173], [-90.948989, 41.07025], [-90.78519399999999, 41.068749], [-90.786363, 41.018972999999995], [-90.788615, 40.741792], [-90.789636, 40.697413], [-90.78965199999999, 40.63575], [-90.904388, 40.639202], [-90.913894, 40.637747999999995], [-90.961517, 40.637256], [-91.02262999999999, 40.634946], [-91.185295, 40.637803], [-91.154293, 40.653596], [-91.138055, 40.660893], [-91.12392799999999, 40.669152], [-91.12082, 40.672776999999996], [-91.11540699999999, 40.691825], [-91.11193999999999, 40.697018], [-91.11092699999999, 40.703261999999995], [-91.11109499999999, 40.708282], [-91.115735, 40.725168], [-91.110424, 40.745528], [-91.10820000000001, 40.750935], [-91.102486, 40.757076], [-91.09810499999999, 40.763233], [-91.091703, 40.779708], [-91.091246, 40.786724], [-91.09225599999999, 40.792909], [-91.097031, 40.802471], [-91.09764899999999, 40.805575], [-91.096946, 40.811403], [-91.09299299999999, 40.821079], [-91.09007199999999, 40.824638], [-91.07752099999999, 40.833405], [-91.06715899999999, 40.841997], [-91.05874899999999, 40.846309], [-91.05642999999999, 40.848386999999995], [-91.044653, 40.868356], [-91.039097, 40.873565], [-91.027489, 40.879173], [-91.021562, 40.884021], [-91.01324, 40.896622]]]}, "properties": {"GEOID": "17071", "NAME": "Henderson", "suicide_rate": null, "suicide_rate_ci_low": null, "suicide_rate_ci_high": null, "suicide_deaths": null, "frequent_mental_distress_pct": 18.3, "frequent_mental_distress_ci_low": 16.3, "frequent_mental_distress_ci_high": 20.4, "uninsured_pct": 6.8, "uninsured_ci_low": 5.4, "uninsured_ci_high": 8.2, "facility_count": 1, "facilities_per_100k": 16.4}}, {"type": "Feature", "geometry": {"type": "Polygon", "coordinates": [[[-89.65793, 37.855957], [-89.595073, 37.955343], [-89.300513, 37.950784], [-89.15083399999999, 37.950196], [-89.151759, 37.759707], [-89.153617, 37.600237], [-89.210179, 37.599312999999995], [-89.21965399999999, 37.598574], [-89.45320199999999, 37.60009], [-89.451697, 37.599131], [-89.44859799999999, 37.598821], [-89.44789899999999, 37.597984], [-89.449242, 37.594811], [-89.44941999999999, 37.591466], [-89.454758, 37.587368999999995], [-89.45324099999999, 37.579194], [-89.457978, 37.574681], [-89.462493, 37.566631], [-89.467731, 37.563165999999995], [-89.47148299999999, 37.561989], [-89.474243, 37.562090999999995], [-89.47849599999999, 37.563978], [-89.48268999999999, 37.567369], [-89.48758199999999, 37.567102999999996], [-89.493355, 37.569727], [-89.50213, 37.570554], [-89.50322299999999, 37.572446], [-89.500739, 37.575507], [-89.500647, 37.576681], [-89.50325, 37.578156], [-89.510694, 37.578559999999996], [-89.51807, 37.572935], [-89.521564, 37.572156], [-89.520804, 37.581154], [-89.518007, 37.583960999999995], [-89.51193599999999, 37.584564], [-89.494051, 37.580116], [-89.48906, 37.580318], [-89.48433999999999, 37.581415], [-89.47911099999999, 37.584388], [-89.477548, 37.585885], [-89.47603, 37.590226], [-89.476514, 37.595554], [-89.478399, 37.598869], [-89.487793, 37.609167], [-89.497097, 37.616177], [-89.506563, 37.62505], [-89.510526, 37.631754], [-89.515649, 37.636444999999995], [-89.517718, 37.641217], [-89.51585999999999, 37.645555], [-89.51682699999999, 37.656089], [-89.51614599999999, 37.667975], [-89.51204, 37.680985], [-89.51200899999999, 37.685525], [-89.51425499999999, 37.689923], [-89.519233, 37.694744], [-89.52573, 37.698440999999995], [-89.531427, 37.700334], [-89.538652, 37.701054], [-89.566704, 37.707189], [-89.573516, 37.709064999999995], [-89.583316, 37.713260999999996], [-89.586737, 37.716811], [-89.591281, 37.723467], [-89.59169, 37.725443999999996], [-89.593696, 37.727691], [-89.59469399999999, 37.730423], [-89.597481, 37.733477], [-89.608757, 37.739684], [-89.612509, 37.740035], [-89.61574399999999, 37.742725], [-89.615933, 37.748183999999995], [-89.617278, 37.749719999999996], [-89.62633199999999, 37.749046], [-89.63337, 37.745782], [-89.645429, 37.746108], [-89.64953, 37.745495999999996], [-89.660061, 37.748239999999996], [-89.66554599999999, 37.752095], [-89.667993, 37.759484], [-89.66118999999999, 37.775732], [-89.66022699999999, 37.781031999999996], [-89.66037999999999, 37.786296], [-89.66964399999999, 37.799921999999995], [-89.67432099999999, 37.803152], [-89.680865, 37.822500999999995], [-89.678383, 37.823898], [-89.67626399999999, 37.824027], [-89.675871, 37.824835], [-89.672202, 37.825381], [-89.66817499999999, 37.829595], [-89.665464, 37.828282], [-89.664439, 37.829131], [-89.664506, 37.831072], [-89.663229, 37.831499], [-89.66432999999999, 37.831717999999995], [-89.664344, 37.833207], [-89.661823, 37.835057], [-89.66227599999999, 37.837643], [-89.66028899999999, 37.838419], [-89.66104399999999, 37.839945], [-89.659458, 37.840683], [-89.65942199999999, 37.843070999999995], [-89.658374, 37.843593999999996], [-89.65934299999999, 37.844525], [-89.657134, 37.847057], [-89.658166, 37.847591], [-89.657067, 37.849551], [-89.65715999999999, 37.851341999999995], [-89.658333, 37.852393], [-89.65793, 37.855957]]]}, "properties": {"GEOID": "17077", "NAME": "Jackson", "suicide_rate": 16.6, "suicide_rate_ci_low": 11.6, "suicide_rate_ci_high": 23.0, "suicide_deaths": 41, "frequent_mental_distress_pct": 19.2, "frequent_mental_distress_ci_low": 17.2, "frequent_mental_distress_ci_high": 21.3, "uninsured_pct": 8.5, "uninsured_ci_low": 6.8, "uninsured_ci_high": 10.1, "facility_count": 4, "facilities_per_100k": 7.7}}]}