{
"type": "FeatureCollection",
"name": "camp_coverage",
"crs": { "type": "name", "properties": { "name": "urn:ogc:def:crs:OGC:1.3:CRS84" } },
"features": [
{ "type": "Feature", "properties": { "n_partners": 36, "n_donors": 56, "n_activities": 513, "sector_detail": [ { "sector": "Education", "n_partners": 8 }, { "sector": "Food Security", "n_partners": 6 }, { "sector": "Health", "n_partners": 9 }, { "sector": "Livelihoods and Skills Development", "n_partners": 2 }, { "sector": "Nutrition", "n_partners": 3 }, { "sector": "Protection", "n_partners": 13 }, { "sector": "Shelter-CCCM", "n_partners": 0 }, { "sector": "WASH", "n_partners": 1 } ], "thin_sectors": [ "Livelihoods and Skills Development", "Shelter-CCCM", "WASH" ], "below_median": false, "partners": [ "AAB", "ACF", "AMAN", "AWARD", "BDRCS", "BLAST", "BNPS", "BRAC", "Bandhu", "CARE", "CODEC", "CWW", "Cordaid", "DBC", "DSS", "EDAS", "GNBD", "GRAS", "HEKS", "HI", "IOM", "JCF", "MSF", "MSI", "MoSW", "Mukti", "NRC", "PHD", "RIC", "SHED", "SKUS", "Safollomoy", "Uttaran", "WHO", "WVI", "YPSA" ], "donors": [ "(blank)", "0", "BPRM", "CANADA.IOM", "CERP,FCDO, GAC", "Charitable Development Association", "DFAT", "DFAT, ECHO,GAC, SIDA", "ECHO", "ECHO (BDFM2211)", "ECHO, DUTCH, FCDO, BPRM", "ECHO, SAFE+ 2", "ECW", "EU", "FCDO (BDFM2314)", "GAC", "GFFO", "GFFO (BDFM2210)", "GNBD", "GRAS", "Global Affairs Canada", "Global Affairs Canada- GAC", "HEKS/EPER", "HEKS/EPR", "HELVETAS", "HHRD-USA", "Helping Hand for Relief & Development", "Hong Kong", "Human Aid & Advocacy", "ICNA", "IHH", "IOM", "Japan, PRM", "Japan, PRM, DFAT, ECHO", "Japan, PRM, FCDO, ECHO", "Japan. PRM", "KFW", "Lego Foundation", "MSF-OCP", "Multi Donor", "N/A", "NABIC-USA", "NMFA (BDFM2301)", "NMFA (BDFM2401)", "SIDA (BDFM2405)", "Tanmeia Charity, Kuwait", "UNHCR", "UNICEF", "USAID", "USAID, World Bank, Multi-donor", "USDOS BPRM, ECHO, NORAD, SIDA ", "USG/ BPRM", "WB", "WFP", "World Bank", "World Bank " ], "camp_name": "Camp 16", "camp_ssid": "CXB-224", "camp_alias": "Bagghona-Putibonia" }, "geometry": { "type": "Polygon", "coordinates": [ [ [ 92.150555698506594, 21.161191094534399 ], [ 92.150501384519401, 21.160151610986102 ], [ 92.151278955520695, 21.1600911018514 ], [ 92.151257003858007, 21.159578262979899 ], [ 92.152639721898296, 21.159540768612601 ], [ 92.152392244623698, 21.158155969201399 ], [ 92.152873371534994, 21.153084363044901 ], [ 92.152069707965296, 21.153038246468899 ], [ 92.152282467496406, 21.152339872681399 ], [ 92.151932350302801, 21.1517909660787 ], [ 92.150929542600494, 21.151893828558801 ], [ 92.150234741494401, 21.153627156752101 ], [ 92.149248922046695, 21.153629911503199 ], [ 92.147968620142393, 21.154848783869301 ], [ 92.146724377979993, 21.1543507639913 ], [ 92.144573547693199, 21.1549451670748 ], [ 92.144195431333301, 21.1544044156925 ], [ 92.143434630023506, 21.154475148357399 ], [ 92.143453995550104, 21.154911143297699 ], [ 92.142651490825102, 21.154707121095999 ], [ 92.142858328825099, 21.155960760154599 ], [ 92.142528611049499, 21.1567983889727 ], [ 92.145133644122495, 21.157076337610999 ], [ 92.146606500070206, 21.156690825119899 ], [ 92.147507837107796, 21.157356172577 ], [ 92.147640338037903, 21.158467255226299 ], [ 92.148370685512504, 21.160075661746198 ], [ 92.149051795394001, 21.1600633528579 ], [ 92.149093936901195, 21.160763384622999 ], [ 92.149458259050206, 21.160734757685098 ], [ 92.150084588940004, 21.16139911238 ], [ 92.150555698506594, 21.161191094534399 ] ] ] } },
{ "type": "Feature", "properties": { "n_partners": 28, "n_donors": 35, "n_activities": 423, "sector_detail": [ { "sector": "Education", "n_partners": 5 }, { "sector": "Food Security", "n_partners": 4 }, { "sector": "Health", "n_partners": 4 }, { "sector": "Livelihoods and Skills Development", "n_partners": 5 }, { "sector": "Nutrition", "n_partners": 3 }, { "sector": "Protection", "n_partners": 14 }, { "sector": "Shelter-CCCM", "n_partners": 0 }, { "sector": "WASH", "n_partners": 2 } ], "thin_sectors": [ "Shelter-CCCM", "WASH" ], "below_median": true, "partners": [ "AAB", "ACF", "ACTED", "BDRCS", "BLAST", "BRAC", "Bandhu", "CNRS", "CODEC", "CWW", "DRC", "DSS", "GK", "GUK", "HI", "IRW", "MSF", "MoSW", "Mukti", "NGOF", "NRC", "PROTTYASHI", "Plan", "Prottyashi", "SHED", "Shushilan", "WHO", "YPSA" ], "donors": [ "(blank)", "0", "BPRM", "COTE", "DFAT", "ECHO", "ECHO (BDFM2211)", "ECHO- Temp", "ECW", "FR", "GAC", "GAC  and DFAT", "GAC & DFAT", "GFFO (BDFM2210)", "GPE", "IR", "IR Canada, IR USA", "IR-USA", "LEGO Foundation", "MSF-OCA", "NMFA", "NMFA (BDFM2301)", "NMFA (BDFM2401)", "NMFA Flexi (BDFM2313)", "NRC", "Pending", "SIDA (BDFM2405)", "SRC", "SRC, IOM, IRC, SWISS RC", "SRC,RTMI/UNFPA/IOM/IRC/IPAS.", "UNHCR", "UNICEF", "USAID, World Bank, Multi-donor", "USDOS BPRM, ECHO, NORAD, SIDA ", "USG/ BPRM" ], "camp_name": "Camp 2E", "camp_ssid": "CXB-203", "camp_alias": null }, "geometry": { "type": "Polygon", "coordinates": [ [ [ 92.167149329172702, 21.2140930515897 ], [ 92.167784210431904, 21.213284703949299 ], [ 92.168382633996899, 21.209397462500799 ], [ 92.167532905999494, 21.2075650547865 ], [ 92.167855050022098, 21.206861144572901 ], [ 92.167629886956107, 21.206101069774999 ], [ 92.167248934443293, 21.205848195675099 ], [ 92.166645411944302, 21.2060782867309 ], [ 92.165658774034299, 21.205189103030001 ], [ 92.165006811674402, 21.2055182838678 ], [ 92.164429221796297, 21.205139471293499 ], [ 92.162710011014894, 21.2055091462381 ], [ 92.162907920899698, 21.2048640033561 ], [ 92.162622084314904, 21.2045466263442 ], [ 92.161405266438805, 21.204648478436098 ], [ 92.160017611968897, 21.204045325964699 ], [ 92.159003921944404, 21.2043571924088 ], [ 92.159545398431504, 21.204989661783198 ], [ 92.158542870519597, 21.206096162306299 ], [ 92.158762377188907, 21.206534628525599 ], [ 92.160042190699698, 21.206921690876701 ], [ 92.161786923440602, 21.208222713476601 ], [ 92.162429834901403, 21.2078852828514 ], [ 92.1633576338035, 21.2081804098551 ], [ 92.164192984166803, 21.207856539872299 ], [ 92.164765875779906, 21.208192436071599 ], [ 92.165039166941398, 21.2078611970149 ], [ 92.165512940047194, 21.208471666165899 ], [ 92.166630535026101, 21.2089194168788 ], [ 92.166181261566607, 21.209945255825399 ], [ 92.166974813372406, 21.210588799216001 ], [ 92.166856951250296, 21.2110891312349 ], [ 92.1671194088335, 21.211182900737199 ], [ 92.166824047524102, 21.212998601814 ], [ 92.166188786318202, 21.213434728281001 ], [ 92.166202582215107, 21.213904883212599 ], [ 92.165635138869106, 21.213971437814301 ], [ 92.165260657132094, 21.213337665964101 ], [ 92.164707832504106, 21.213727956364099 ], [ 92.165274321068594, 21.2138309400605 ], [ 92.165455070700801, 21.214812068628898 ], [ 92.167149329172702, 21.2140930515897 ] ] ] } },
{ "type": "Feature", "properties": { "n_partners": 43, "n_donors": 72, "n_activities": 637, "sector_detail": [ { "sector": "Education", "n_partners": 12 }, { "sector": "Food Security", "n_partners": 9 }, { "sector": "Health", "n_partners": 9 }, { "sector": "Livelihoods and Skills Development", "n_partners": 7 }, { "sector": "Nutrition", "n_partners": 2 }, { "sector": "Protection", "n_partners": 18 }, { "sector": "Shelter-CCCM", "n_partners": 0 }, { "sector": "WASH", "n_partners": 1 } ], "thin_sectors": [ "Nutrition", "Shelter-CCCM", "WASH" ], "below_median": false, "partners": [ "AAB", "ACF", "AID-Comilla", "AMAN", "AWARD", "BDRCS", "BLAST", "BNPS", "BRAC", "BTS", "Bandhu", "Bidyanondo", "CARE", "CDD", "CIS", "CNRS", "CODEC", "CWW", "Cordaid", "DSS", "EDAS", "GNBD", "GUK", "HEKS", "HI", "IOM", "IRC", "JCF", "MSF", "MoSW", "Mukti", "NRC", "PROTTYASHI", "Plan", "Prottyashi", "RIC", "SCI", "SKUS", "Safollomoy", "Uttaran", "WHO", "WVI", "YPSA" ], "donors": [ "(blank)", "0", "AUB31 and USB58", "Al Imdaad Foundation-SA", "BPRM", "Bidyanondo Foundation", "CERP,FCDO, GAC", "DANIDA", "DANIDA SPA", "DEVCO", "DFAT", "DFAT, ECHO,GAC, SIDA", "DFAT-AHP", "ECHO", "ECHO (BDFM2211)", "ECHO, DUTCH, FCDO, BPRM", "ECHO, SAFE+ 2", "ECHO- Temp", "ECHO-HIP 23", "ECW", "EU", "GAC", "GAC & DFAT", "GFFO", "GFFO (BDFM2210)", "GNBD", "GPE", "Global Affairs Canada", "HEKS", "HEKS/EPER", "HEKS/EPR", "HELVETAS", "HHRD", "HHRD-USA", "Hong Kong", "Humanity Auxilium", "ICNA", "IHH", "INTPA", "KFW", "KFW, FCDO, BPRM, DFAT", "KOICA", "Lego Foundation", "MSF-OCB", "Mercy Malaysia", "Multi Donor", "N/A", "NMFA (BDFM2301)", "NMFA (BDFM2401)", "NMFA Flexi (BDFM2313)", "New Zealand MFAT", "PRM", "SC Switzerland", "SIDA", "SIDA (BDFM2405)", "SRC", "SRC,RTMI/UNFPA/IOM/IRC/IPAS", "UNESCO", "UNHCR", "UNICEF", "US-Government", "USAID", "USAID, World Bank, Multi-donor", "USB58", "USBPRM", "USBPRM/ECW", "USDOS BPRM, ECHO, NORAD, SIDA ", "USG/ BPRM", "WB", "WFP", "World Bank", "World Bank " ], "camp_name": "Camp 15", "camp_ssid": "CXB-223", "camp_alias": "Jamtoli-Baggona" }, "geometry": { "type": "Polygon", "coordinates": [ [ [ 92.149536118714195, 21.1639309805837 ], [ 92.150337059181595, 21.163945024720299 ], [ 92.150376075226802, 21.162722989019301 ], [ 92.150111481013596, 21.162300892489 ], [ 92.1506297144755, 21.1613217036838 ], [ 92.150084588940004, 21.16139911238 ], [ 92.149458259050206, 21.160734757685098 ], [ 92.149093936901195, 21.160763384622999 ], [ 92.149051795394001, 21.1600633528579 ], [ 92.148370685512504, 21.160075661746198 ], [ 92.147640338037903, 21.158467255226299 ], [ 92.147507837107796, 21.157356172577 ], [ 92.146606500070206, 21.156690825119899 ], [ 92.144729905078194, 21.157074725713301 ], [ 92.139742361987899, 21.156334524990299 ], [ 92.138892170496604, 21.1570314795283 ], [ 92.138847039634996, 21.157732528549399 ], [ 92.137735385307806, 21.157675515007401 ], [ 92.137001762711904, 21.158642284376999 ], [ 92.137105886282896, 21.159103654626101 ], [ 92.136593614821194, 21.159040931610601 ], [ 92.136520240824296, 21.1606434782009 ], [ 92.136944707586593, 21.1609380832036 ], [ 92.136456787705399, 21.161149222989799 ], [ 92.136183238516296, 21.162178703498999 ], [ 92.137294362918396, 21.162404252693801 ], [ 92.138432998905003, 21.164651955314099 ], [ 92.139125286387497, 21.164986082503599 ], [ 92.140187584701806, 21.164129914766502 ], [ 92.140709514851196, 21.164373004918001 ], [ 92.141246619129305, 21.163749399510799 ], [ 92.1421946656491, 21.164270341222899 ], [ 92.145227967257696, 21.164411394217598 ], [ 92.147245270667, 21.162630245786399 ], [ 92.149536118714195, 21.1639309805837 ] ] ] } },
{ "type": "Feature", "properties": { "n_partners": 21, "n_donors": 15, "n_activities": 285, "sector_detail": [ { "sector": "Education", "n_partners": 1 }, { "sector": "Food Security", "n_partners": 2 }, { "sector": "Health", "n_partners": 9 }, { "sector": "Livelihoods and Skills Development", "n_partners": 2 }, { "sector": "Nutrition", "n_partners": 3 }, { "sector": "Protection", "n_partners": 6 }, { "sector": "Shelter-CCCM", "n_partners": 0 }, { "sector": "WASH", "n_partners": 1 } ], "thin_sectors": [ "Education", "Food Security", "Livelihoods and Skills Development", "Shelter-CCCM", "WASH" ], "below_median": true, "partners": [ "ACF", "ACTED", "BDRCS", "BLAST", "BRAC", "BTS", "Bandhu", "CNRS", "CODEC", "CWW", "GK", "HI", "IPAS", "Mukti", "NGOF", "RHU", "RTMI", "SCI", "SHED", "WHO", "YPSA" ], "donors": [ "(blank)", "0", "BPRM", "FR", "GAC", "N/A", "SRC", "Telethon", "UNHCR", "UNHCR Pool Fund", "UNHCR-Pool Fund", "UNHCR/UNFPA/IPAS", "USAID, World Bank, Multi-donor", "USDOS BPRM, ECHO, NORAD, SIDA ", "WB" ], "camp_name": "Kutupalong RC", "camp_ssid": "CXB-221", "camp_alias": null }, "geometry": { "type": "Polygon", "coordinates": [ [ [ 92.160426358068804, 21.2108949283231 ], [ 92.161168377363595, 21.211315114241501 ], [ 92.161207026947096, 21.211647929975701 ], [ 92.161858094226602, 21.211626785827001 ], [ 92.161592852517103, 21.211987022698299 ], [ 92.161995366846895, 21.212146789566901 ], [ 92.161982595714903, 21.213167442725801 ], [ 92.160895868062298, 21.2132616813726 ], [ 92.161757471275294, 21.215445809843601 ], [ 92.162854920288098, 21.2159162781684 ], [ 92.165455070700801, 21.214812068628898 ], [ 92.165274321068594, 21.2138309400605 ], [ 92.164707832504106, 21.213727956364099 ], [ 92.164997461265898, 21.2133748967562 ], [ 92.165260657132094, 21.213337665964101 ], [ 92.165635138869106, 21.213971437814301 ], [ 92.166202582215107, 21.213904883212599 ], [ 92.166188786318202, 21.213434728281001 ], [ 92.166824047524102, 21.212998601814 ], [ 92.1671194088335, 21.211182900737199 ], [ 92.166856951250296, 21.2110891312349 ], [ 92.166974813372406, 21.210588799216001 ], [ 92.166181261566607, 21.209945255825399 ], [ 92.166684501242401, 21.2090239058485 ], [ 92.165512940047194, 21.208471666165899 ], [ 92.165206605275202, 21.207891308040299 ], [ 92.1640808661558, 21.208152328060599 ], [ 92.163946105383701, 21.208899216524099 ], [ 92.162619241943901, 21.2094669447299 ], [ 92.162152186352799, 21.210581561004801 ], [ 92.160546354184106, 21.210552071736998 ], [ 92.160426358068804, 21.2108949283231 ] ] ] } },
{ "type": "Feature", "properties": { "n_partners": 35, "n_donors": 49, "n_activities": 517, "sector_detail": [ { "sector": "Education", "n_partners": 6 }, { "sector": "Food Security", "n_partners": 5 }, { "sector": "Health", "n_partners": 11 }, { "sector": "Livelihoods and Skills Development", "n_partners": 2 }, { "sector": "Nutrition", "n_partners": 3 }, { "sector": "Protection", "n_partners": 15 }, { "sector": "Shelter-CCCM", "n_partners": 0 }, { "sector": "WASH", "n_partners": 1 } ], "thin_sectors": [ "Livelihoods and Skills Development", "Shelter-CCCM", "WASH" ], "below_median": false, "partners": [ "AAB", "ACF", "ACTED", "AWARD", "BDRCS", "BLAST", "BRAC", "Bandhu", "CNRS", "CODEC", "CWW", "DSS", "HAEFA", "HI", "IOM", "IPAS", "JCF", "MSF", "MoSW", "Mukti", "NGOF", "NRC", "PULSE", "Plan", "Prantic", "Pulse", "RTMI", "SAWAB", "SHED", "TFH", "UN Women", "Uttaran", "WHO", "WVI", "YPSA" ], "donors": [ "(blank)", "0", "BPRM", "CERP,FCDO, GAC", "DFAT, ECHO,GAC, SIDA", "ECHO", "ECHO (BDFM2211)", "ECHO, BPRM, JAPAN", "ECHO, DUTCH, FCDO, BPRM", "ECHO, SAFE+ 2", "ECHO,PRM,GAC,JAPAN", "ECW", "GAC", "GFFO (BDFM2210)", "Global Affairs Canada", "Global Affairs Canada- GAC", "Hayrat Humanitarian Aid Association,Turkiye", "Health and Education for All (HAEFA) USA, PricewaterhouseCoopers Services Ltd.", "ICNA, HHRD, IRC", "IOM", "JTS", "Japan, PRM, FCDO, ECHO", "Japan. PRM", "KFW", "KFW, FCDO, BPRM, DFAT", "Lego Foundation", "MSF-OCA", "Misereor", "Multi Donor", "Muslim Global Relief  MGR)-UK", "NMFA", "NMFA (BDFM2301)", "NMFA (BDFM2401)", "NMFA Flexi (BDFM2313)", "PRM", "PRM, FCDO", "PRM,JAPAN,ROK,ECHO", "Republic of Türkiye Health Ministry", "SADAQA Welfare Fund", "SC Switzerland", "SIDA", "SIDA (BDFM2405)", "UNHCR", "US-Government", "USAID, World Bank, Multi-donor", "USDOS BPRM, ECHO, NORAD, SIDA ", "WB", "World Bank", "World Bank " ], "camp_name": "Camp 9", "camp_ssid": "CXB-213", "camp_alias": null }, "geometry": { "type": "Polygon", "coordinates": [ [ [ 92.158799231170704, 21.1951048060718 ], [ 92.162125574522904, 21.1924231201018 ], [ 92.161974204461202, 21.191517904945201 ], [ 92.162346607438394, 21.191470746893799 ], [ 92.1625461917303, 21.190881296748302 ], [ 92.165931997788206, 21.1900386768929 ], [ 92.166463517917705, 21.189569185508301 ], [ 92.163468792634902, 21.186184599194998 ], [ 92.160968869076299, 21.1859931780183 ], [ 92.158436656504804, 21.185186416391002 ], [ 92.157976253030995, 21.185526884801099 ], [ 92.157984190688495, 21.186437265033199 ], [ 92.157588958241107, 21.186795165900701 ], [ 92.158353307122596, 21.188091477674799 ], [ 92.158723731526607, 21.188024377891299 ], [ 92.158955871801794, 21.188968302138399 ], [ 92.157525614573501, 21.189725664234501 ], [ 92.155864836497599, 21.189702975008199 ], [ 92.155608630623306, 21.1908628341683 ], [ 92.156442459214702, 21.191045221655401 ], [ 92.156432377941499, 21.1913929970883 ], [ 92.1557422114481, 21.1921128382434 ], [ 92.155742212017799, 21.193465258129699 ], [ 92.156327098849005, 21.1942723411222 ], [ 92.158113649762896, 21.194106503101899 ], [ 92.1582861028796, 21.1948031944092 ], [ 92.158799231170704, 21.1951048060718 ] ] ] } },
{ "type": "Feature", "properties": { "n_partners": 29, "n_donors": 49, "n_activities": 602, "sector_detail": [ { "sector": "Education", "n_partners": 6 }, { "sector": "Food Security", "n_partners": 9 }, { "sector": "Health", "n_partners": 5 }, { "sector": "Livelihoods and Skills Development", "n_partners": 4 }, { "sector": "Nutrition", "n_partners": 3 }, { "sector": "Protection", "n_partners": 14 }, { "sector": "Shelter-CCCM", "n_partners": 0 }, { "sector": "WASH", "n_partners": 4 } ], "thin_sectors": [ "Shelter-CCCM" ], "below_median": true, "partners": [ "AAB", "ACF", "BDRCS", "BGS", "BLAST", "BRAC", "CARE", "CNRS", "CODEC", "CWW", "DRC", "DSK", "DSS", "ESDO", "HI", "IOM", "IPAS", "JCF", "MoSW", "Mukti", "NRC", "PHD", "Plan", "Prottyashi", "SCI", "UNDP", "WHO", "WVI", "YPSA" ], "donors": [ "(blank)", "0", "BPRM", "BRAC", "CERP,FCDO, GAC", "DANIDA", "DFAT", "DFAT IV", "DFAT, ECHO,GAC, SIDA", "DFAT- AUSTRALIAN AID", "ECHO", "ECHO (BDFM2211)", "ECHO, DUTCH, FCDO, BPRM", "ECHO, FCDO", "ECHO, SAFE+ 2", "ECHO,PRM,GAC,JAPAN", "ECHO-Temp", "ECW", "FCDO (BDFM2314)", "GFFO", "GFFO (BDFM2210)", "IOM", "Japan, PRM", "Japan, PRM, DFAT, ECHO", "Japan. PRM", "KFW", "KFW, FCDO, BPRM, DFAT", "Multi Donor", "N/A", "NMFA", "NMFA (BDFM2301)", "NMFA (BDFM2401)", "PRM", "PRM, FCDO", "Royal Norwegian Embassy in Dhaka", "SIDA", "SIDA (BDFM2405)", "UNHCR", "UNICEF", "US-Government", "USAID, World Bank, Multi-donor", "USDOS BPRM, ECHO, NORAD, SIDA ", "USG/ BPRM", "WB", "WFP", "WV", "WVI Taiwan", "World Bank", "World Bank " ], "camp_name": "Camp 10", "camp_ssid": "CXB-214", "camp_alias": null }, "geometry": { "type": "Polygon", "coordinates": [ [ [ 92.150175510962498, 21.191294146997301 ], [ 92.151347814402101, 21.1914204644298 ], [ 92.151626865404396, 21.1930468525258 ], [ 92.152623144108105, 21.194581263804899 ], [ 92.154168548711795, 21.1949839273957 ], [ 92.154556899378804, 21.194608260732998 ], [ 92.154712476932403, 21.193260428675799 ], [ 92.155644132005804, 21.192979889467701 ], [ 92.1557422114481, 21.1921128382434 ], [ 92.156432377941499, 21.1913929970883 ], [ 92.156442459214702, 21.191045221655401 ], [ 92.155608630623306, 21.1908628341683 ], [ 92.155864836497599, 21.189702975008199 ], [ 92.157525614573501, 21.189725664234501 ], [ 92.158921830566499, 21.189038411138402 ], [ 92.159013432130706, 21.188525399223799 ], [ 92.156602711117003, 21.1858723180124 ], [ 92.156376579880202, 21.1861962895685 ], [ 92.154801017236593, 21.186223796692701 ], [ 92.154545858191796, 21.186606630768001 ], [ 92.154330703392702, 21.185887658429301 ], [ 92.151784328708104, 21.1858404384216 ], [ 92.151427426965796, 21.186848044071699 ], [ 92.151959271712698, 21.188435640468501 ], [ 92.151613970293994, 21.190304466615501 ], [ 92.150175510962498, 21.191294146997301 ] ] ] } },
{ "type": "Feature", "properties": { "n_partners": 32, "n_donors": 47, "n_activities": 395, "sector_detail": [ { "sector": "Education", "n_partners": 5 }, { "sector": "Food Security", "n_partners": 2 }, { "sector": "Health", "n_partners": 5 }, { "sector": "Livelihoods and Skills Development", "n_partners": 3 }, { "sector": "Nutrition", "n_partners": 3 }, { "sector": "Protection", "n_partners": 17 }, { "sector": "Shelter-CCCM", "n_partners": 0 }, { "sector": "WASH", "n_partners": 2 } ], "thin_sectors": [ "Food Security", "Shelter-CCCM", "WASH" ], "below_median": true, "partners": [ "AAB", "ACF", "AFF", "BDRCS", "BITA", "BLAST", "BNPS", "BRAC", "CDD", "CODEC", "CWW", "DSK", "DSS", "Educo", "HI", "IOM", "MoSW", "NGOF", "NRC", "PHD", "PULSE", "Pulse", "RDRS", "RTMI", "SAWAB", "SCI", "SHED", "SKUS", "UN Women", "WHO", "WVI", "YPSA" ], "donors": [ "(blank)", "0", "BPRM", "CBM Global Disability Inclusion", "CERP,FCDO, GAC", "Child Fund New Zealand", "Child Fund New Zealand and Child Fund Australia", "DECCB/ COS", "DFAT", "DFAT, ECHO,GAC, SIDA", "ECHO (BDFM2211)", "ECHO, DUTCH, FCDO, BPRM", "ECHO, SAFE+ 2", "ECHO,PRM,GAC,JAPAN", "ELCA", "GAC", "GFFO (BDFM2210)", "GPE", "German red Cross", "IOM", "JTS", "Japan and other", "Japan, PRM", "Japan, PRM, FCDO, ECHO", "Japan. PRM", "KFW", "KFW, FCDO, BPRM, DFAT", "MFAT New Zealand", "Multi Donor", "NMFA (BDFM2301)", "PRM", "PRM, FCDO", "PRM,JAPAN,ROK,ECHO", "Rohingya Aid -Denmark", "SADAQA Welfare Fund", "SC KOREA", "SC Korea", "SCI", "Sida", "Swedish Red Cross", "UNHCR", "UNHCR-Pool Fund", "UNICEF", "USAID, World Bank, Multi-donor", "USDOS BPRM, ECHO, NORAD, SIDA ", "WB", "World Bank" ], "camp_name": "Camp 18", "camp_ssid": "CXB-215", "camp_alias": null }, "geometry": { "type": "Polygon", "coordinates": [ [ [ 92.146613714982905, 21.195535679536 ], [ 92.147814255612602, 21.194221568775198 ], [ 92.148612440907002, 21.194523971428101 ], [ 92.148807111019295, 21.193866195124201 ], [ 92.150337323523701, 21.1930439955369 ], [ 92.150599485624596, 21.192268690249399 ], [ 92.150112798744104, 21.191820815153299 ], [ 92.150124661400397, 21.191378395595301 ], [ 92.151613970293994, 21.190304466615501 ], [ 92.151959271712698, 21.188435640468501 ], [ 92.151427426965796, 21.186848044071699 ], [ 92.151784328708104, 21.1858404384216 ], [ 92.150186843076298, 21.1852467564369 ], [ 92.149525898324995, 21.185389248881801 ], [ 92.1495972554373, 21.1849449871663 ], [ 92.1489277836274, 21.184296768027099 ], [ 92.146951064573997, 21.184236161949901 ], [ 92.146084278482704, 21.183635419943101 ], [ 92.145793943568506, 21.183961727702499 ], [ 92.144712576837705, 21.1835423213338 ], [ 92.144676243371194, 21.1849283790588 ], [ 92.143970783431598, 21.185683657803001 ], [ 92.144735690257207, 21.1869667215928 ], [ 92.144692192494503, 21.187538197458 ], [ 92.143978004917599, 21.187531347430401 ], [ 92.143815154820402, 21.1885235632903 ], [ 92.143157051519395, 21.1889492877153 ], [ 92.143229649043704, 21.1908512232847 ], [ 92.144452837771496, 21.191909326105598 ], [ 92.1447890420975, 21.191897018670598 ], [ 92.145163642545597, 21.190946217847301 ], [ 92.145952031293305, 21.1913108609536 ], [ 92.1462109072733, 21.192734759062301 ], [ 92.145920420045897, 21.193093947201199 ], [ 92.145779051712495, 21.194605232296102 ], [ 92.146613714982905, 21.195535679536 ] ] ] } },
{ "type": "Feature", "properties": { "n_partners": 28, "n_donors": 46, "n_activities": 481, "sector_detail": [ { "sector": "Education", "n_partners": 5 }, { "sector": "Food Security", "n_partners": 7 }, { "sector": "Health", "n_partners": 4 }, { "sector": "Livelihoods and Skills Development", "n_partners": 3 }, { "sector": "Nutrition", "n_partners": 3 }, { "sector": "Protection", "n_partners": 12 }, { "sector": "Shelter-CCCM", "n_partners": 0 }, { "sector": "WASH", "n_partners": 1 } ], "thin_sectors": [ "Shelter-CCCM", "WASH" ], "below_median": true, "partners": [ "AAB", "ACF", "AMAN", "BDRCS", "BLAST", "BRAC", "Bandhu", "CDD", "CNRS", "CODEC", "CWW", "DRC", "DSS", "ESDO", "HI", "IOM", "JCF", "MSF", "MoSW", "Mukti", "NGOF", "NRC", "PHD", "UNDP", "VERC", "WHO", "WVI", "YPSA" ], "donors": [ "(blank)", "0", "Al Imdaad Foundation-UK", "BPRM", "CBM Global Disability Inclusion", "CERP,FCDO, GAC", "DANIDA", "DEVCO 2", "DFAT", "DFAT, ECHO,GAC, SIDA", "ECHO", "ECHO (BDFM2211)", "ECHO, DUTCH, FCDO, BPRM", "ECHO, FCDO", "ECHO, SAFE+ 2", "ECHO- Temp", "ECW", "FCDO (BDFM2314)", "FR", "GAC", "GFFO (BDFM2210)", "IOM,NMFA", "JTS", "Japan. PRM", "KFW", "KFW, FCDO, BPRM, DFAT", "Lego Foundation", "MFAT New Zealand", "MSF-OCP", "Multi Donor", "NMFA", "NMFA (BDFM2301)", "NMFA (BDFM2401)", "NMFA Flexi (BDFM2313)", "PRM", "PRM, FCDO", "Royal Norwegian Embassy in Dhaka", "SIDA (BDFM2405)", "UNHCR", "UNHCR-Pool Fund", "UNICEF", "USAID, World Bank, Multi-donor", "USDOS BPRM, ECHO, NORAD, SIDA ", "USG/ BPRM", "WB", "World Bank" ], "camp_name": "Camp 8W", "camp_ssid": "CXB-211", "camp_alias": null }, "geometry": { "type": "Polygon", "coordinates": [ [ [ 92.152062524049896, 21.2008811059324 ], [ 92.154411300004796, 21.2001607165476 ], [ 92.155005185872099, 21.200387225669001 ], [ 92.155302127664399, 21.200185883340101 ], [ 92.155536082740795, 21.200513065805101 ], [ 92.157634410479801, 21.199436994146701 ], [ 92.158066568812998, 21.2000941287675 ], [ 92.160043908664306, 21.200218712481899 ], [ 92.160309061820897, 21.199923414622099 ], [ 92.159676755864297, 21.199851614051799 ], [ 92.159606740895597, 21.1994496935434 ], [ 92.160390533078001, 21.197499304780401 ], [ 92.159746841370193, 21.196192133161201 ], [ 92.159323755048504, 21.1961702624751 ], [ 92.159022949663196, 21.195129815605402 ], [ 92.1582861028796, 21.1948031944092 ], [ 92.158113649762896, 21.194106503101899 ], [ 92.156327098849005, 21.1942723411222 ], [ 92.155644132005804, 21.192979889467701 ], [ 92.154886479800894, 21.193006988104901 ], [ 92.154453541473103, 21.193998941423899 ], [ 92.154556899378804, 21.194608260732998 ], [ 92.154168548711795, 21.1949839273957 ], [ 92.152881182453299, 21.1947781807213 ], [ 92.151975922166699, 21.193908158452601 ], [ 92.151347814402101, 21.1914204644298 ], [ 92.150175510962498, 21.191294146997301 ], [ 92.150112798744104, 21.191820815153299 ], [ 92.150599485624596, 21.192268690249399 ], [ 92.150337323523701, 21.1930439955369 ], [ 92.148588105824004, 21.1941362538611 ], [ 92.147880191283406, 21.195728017073002 ], [ 92.148181463167106, 21.196711523728801 ], [ 92.147834958440797, 21.1973192859436 ], [ 92.149311702554897, 21.197948412546499 ], [ 92.149995777916303, 21.197881727311898 ], [ 92.151632518308304, 21.1993526177198 ], [ 92.151625539396804, 21.200574807640098 ], [ 92.152062524049896, 21.2008811059324 ] ] ] } },
{ "type": "Feature", "properties": { "n_partners": 37, "n_donors": 44, "n_activities": 533, "sector_detail": [ { "sector": "Education", "n_partners": 9 }, { "sector": "Food Security", "n_partners": 6 }, { "sector": "Health", "n_partners": 4 }, { "sector": "Livelihoods and Skills Development", "n_partners": 6 }, { "sector": "Nutrition", "n_partners": 3 }, { "sector": "Protection", "n_partners": 16 }, { "sector": "Shelter-CCCM", "n_partners": 0 }, { "sector": "WASH", "n_partners": 8 } ], "thin_sectors": [ "Shelter-CCCM" ], "below_median": false, "partners": [ "ACF", "ACTED", "AGRAJATTRA", "ASK", "BDRCS", "BLAST", "BRAC", "Bandhu", "CNRS", "CODEC", "CWW", "Caritas", "DSS", "GK", "GUK", "HI", "IRC", "IRW", "JCF", "JNUS", "JSK", "MoSW", "Mukti", "NGOF", "NOWZUWAN", "NRC", "Nowzuwan", "Oxfam", "PROTTYASHI", "Plan", "Prantic", "Prottyashi", "RI", "SCI", "SKUS", "TDH", "WHO" ], "donors": [ "(blank)", "0", "1", "2", "3", "BPRM", "BRAC", "Caritas Garmany", "Caritas Germany", "DFAT", "ECHO", "ECHO (BDFM2211)", "ECW", "GAC", "GFFO (BDFM2210)", "Global Affairs Canada", "Global Affairs Canada- GAC", "HELVETAS", "IR-Canada", "IR-USA", "IR-USA,IR-CANDA", "IR-USA,IR-Canada", "JPF", "Japan and other", "LEGO Foundation", "Multi Donor", "NMFA (BDFM2301)", "NMFA Flexi (BDFM2313)", "NRC", "Other donor", "Oxfam Hongkong", "PRM", "SIDA", "SIDA (BDFM2405)", "Sida", "UNHCR", "UNHCR Pool Fund", "UNHCR-Pool Fund", "UNICEF", "USAID, World Bank, Multi-donor", "USDOS BPRM, ECHO, NORAD, SIDA ", "World Bank", "World Bank ", "World Bank & Multi Donor" ], "camp_name": "Camp 3", "camp_ssid": "CXB-205", "camp_alias": "Modur Chora" }, "geometry": { "type": "Polygon", "coordinates": [ [ [ 92.146944406689499, 21.214181426028201 ], [ 92.149128185806802, 21.213805111865099 ], [ 92.149586704142394, 21.212196867759602 ], [ 92.149169148477895, 21.211550343928302 ], [ 92.149334396125695, 21.211073089917701 ], [ 92.151582769958395, 21.210743764450701 ], [ 92.152172608187698, 21.209010675023801 ], [ 92.153195420360703, 21.208460030367199 ], [ 92.153771668421598, 21.207279849870599 ], [ 92.153422591562006, 21.206216790288799 ], [ 92.152962853268804, 21.2062316467016 ], [ 92.152816268080997, 21.206667820300201 ], [ 92.152209944879601, 21.206862963818502 ], [ 92.151688102356005, 21.206563065126801 ], [ 92.151947907449596, 21.206487798110398 ], [ 92.151856861036194, 21.2056090196632 ], [ 92.150612935300401, 21.2063522803791 ], [ 92.149036313787505, 21.205741410635898 ], [ 92.149021736489004, 21.205452077170701 ], [ 92.148397804469994, 21.205258629434901 ], [ 92.148331636958304, 21.204792406749998 ], [ 92.148362580261903, 21.205965996176801 ], [ 92.147730049814001, 21.2058562360662 ], [ 92.146097241964796, 21.207476980293599 ], [ 92.145907107796106, 21.209134316438501 ], [ 92.146079731485997, 21.210396875131501 ], [ 92.146689828567801, 21.211343965602101 ], [ 92.146566591437605, 21.2122138295396 ], [ 92.147000855661403, 21.212990683290901 ], [ 92.146944406689499, 21.214181426028201 ] ] ] } },
{ "type": "Feature", "properties": { "n_partners": 46, "n_donors": 46, "n_activities": 500, "sector_detail": [ { "sector": "Education", "n_partners": 5 }, { "sector": "Food Security", "n_partners": 10 }, { "sector": "Health", "n_partners": 4 }, { "sector": "Livelihoods and Skills Development", "n_partners": 7 }, { "sector": "Nutrition", "n_partners": 4 }, { "sector": "Protection", "n_partners": 19 }, { "sector": "Shelter-CCCM", "n_partners": 0 }, { "sector": "WASH", "n_partners": 8 } ], "thin_sectors": [ "Shelter-CCCM" ], "below_median": false, "partners": [ "AAB", "ACF", "ACTED", "AGRAJATTRA", "AMAN", "Agrajattra", "BDRCS", "BLAST", "BNPS", "BRAC", "Bandhu", "CDD", "CNRS", "CODEC", "CWW", "Caritas", "DSK", "DSS", "ESDO", "FH", "GUK", "HI", "IRC", "IRW", "JCF", "JNUS", "JSK", "MoSW", "Mukti", "NGOF", "NRC", "Nari Maitree", "PROTTYASHI", "PULSE", "Prottyashi", "RTMI", "SCI", "SHED", "SKUS", "TDH", "TDV", "UN Women", "Uttaran", "WHO", "WVI", "YPSA" ], "donors": [ "(blank)", "0", "Al Imdaad Foundation-UK", "BRAC", "BRAC Pooled Fund", "CANADA.IOM", "CCODP", "COTE", "DANIDA", "DFAT", "ECHO (BDFM2211)", "ECHO-Temp", "ECW", "GAC", "GAC & DFAT", "GFFO (BDFM2210)", "HELVETAS", "IR", "IRW", "Japan and other", "KFW", "Lego Foundation", "Misereor", "Multi Donor", "NMFA", "NMFA (BDFM2301)", "NMFA (BDFM2401)", "NMFA Flexi (BDFM2313)", "Other donor", "SC Korea", "SIDA", "SIDA (BDFM2405)", "Sida", "TDV", "TEARFUND NZ", "Tearfund", "UNHCR", "UNHCR Pool Fund", "UNHCR-Pool Fund", "USAID, World Bank, Multi-donor", "USDOS BPRM, ECHO, NORAD, SIDA ", "USG/ BPRM", "WB", "World Bank", "World Bank ", "World Bank & Multi Donor" ], "camp_name": "Camp 5", "camp_ssid": "CXB-209", "camp_alias": null }, "geometry": { "type": "Polygon", "coordinates": [ [ [ 92.152962853268804, 21.2062316467016 ], [ 92.154603029306898, 21.2060683035442 ], [ 92.154404801878499, 21.2041725569247 ], [ 92.154825085610796, 21.203777616925301 ], [ 92.154329884666296, 21.202952834323401 ], [ 92.155248734014904, 21.2018728483262 ], [ 92.155721447847796, 21.202058153484899 ], [ 92.156113923366306, 21.2016259211231 ], [ 92.156176164153905, 21.200316279151199 ], [ 92.155536082740795, 21.200513065805101 ], [ 92.155302127664399, 21.200185883340101 ], [ 92.155005185872099, 21.200387225669001 ], [ 92.154411300004796, 21.2001607165476 ], [ 92.152746621885498, 21.200890582503799 ], [ 92.152062524049896, 21.2008811059324 ], [ 92.1514988924704, 21.200303678128801 ], [ 92.151767787683994, 21.199984445712101 ], [ 92.151632518308304, 21.1993526177198 ], [ 92.149995777916303, 21.197881727311898 ], [ 92.149311702554897, 21.197948412546499 ], [ 92.147834958440797, 21.1973192859436 ], [ 92.147668983633693, 21.197927958160101 ], [ 92.146964906837596, 21.197924404755401 ], [ 92.146435331928501, 21.198971440241099 ], [ 92.146864045320996, 21.199769353327401 ], [ 92.146494787203494, 21.201378789875999 ], [ 92.146784819423502, 21.202202973650198 ], [ 92.147506381096406, 21.2025433494466 ], [ 92.148397804469994, 21.205258629434901 ], [ 92.150612935300401, 21.2063522803791 ], [ 92.151856861036194, 21.2056090196632 ], [ 92.151947907449596, 21.206487798110398 ], [ 92.151688102356005, 21.206563065126801 ], [ 92.152209944879601, 21.206862963818502 ], [ 92.152816268080997, 21.206667820300201 ], [ 92.152962853268804, 21.2062316467016 ] ] ] } },
{ "type": "Feature", "properties": { "n_partners": 35, "n_donors": 33, "n_activities": 404, "sector_detail": [ { "sector": "Education", "n_partners": 6 }, { "sector": "Food Security", "n_partners": 5 }, { "sector": "Health", "n_partners": 8 }, { "sector": "Livelihoods and Skills Development", "n_partners": 3 }, { "sector": "Nutrition", "n_partners": 3 }, { "sector": "Protection", "n_partners": 17 }, { "sector": "Shelter-CCCM", "n_partners": 0 }, { "sector": "WASH", "n_partners": 5 } ], "thin_sectors": [ "Shelter-CCCM" ], "below_median": false, "partners": [ "AAB", "ACF", "ACTED", "AKF", "ASEAB", "Agrajattra", "BDRCS", "BLAST", "BRAC", "Bandhu", "CNRS", "CODEC", "CWW", "Caritas", "DSS", "GH", "GK", "GUK", "HAEFA", "HI", "MoSW", "Mukti", "NGOF", "NOWZUWAN", "NRC", "Nowzuwan", "Plan", "RTMI", "SCI", "SKUS", "TDH", "UN Women", "WHO", "WVI", "YPSA" ], "donors": [ "(blank)", "0", "9", "Al Khair Foundation", "BPRM", "BRAC", "Bdesh Foundation", "COTE", "CPI", "Caritas Germany", "Community Partners International", "ECHO", "ECHO (BDFM2211)", "ECW", "FCDO (BDFM2314)", "GAC", "GFFO", "GFFO (BDFM2210)", "Health and Education for All (HAEFA) USA, PricewaterhouseCoopers Services Ltd.", "IRC", "KOICA", "LEGO Foundation", "Multi Donor", "SIDA", "SIDA (BDFM2405)", "UNHCR", "UNICEF/Multi donor", "USAID, World Bank, Multi-donor", "USDOS BPRM, ECHO, NORAD, SIDA ", "WB", "World Bank", "World Bank ", "World Bank & Multi Donor" ], "camp_name": "Camp 1W", "camp_ssid": "CXB-202", "camp_alias": null }, "geometry": { "type": "Polygon", "coordinates": [ [ [ 92.156216660468601, 21.214071380776499 ], [ 92.156579772849696, 21.213451135539302 ], [ 92.157823243565502, 21.213010374925599 ], [ 92.157795749414603, 21.211016525823201 ], [ 92.155841376736404, 21.210151012745001 ], [ 92.155162965310495, 21.2103896487904 ], [ 92.154694502252795, 21.211167996867601 ], [ 92.153088818953606, 21.209726399103999 ], [ 92.152642319916794, 21.208782953186599 ], [ 92.151824981849401, 21.209621477846301 ], [ 92.151582769958395, 21.210743764450701 ], [ 92.1492284403963, 21.211212993964701 ], [ 92.149586704142394, 21.212196867759602 ], [ 92.149361173705799, 21.213184772895001 ], [ 92.148991279034902, 21.213991962892798 ], [ 92.148079028390796, 21.213867551938101 ], [ 92.147649634823594, 21.215089194277098 ], [ 92.147705345262693, 21.215744446175901 ], [ 92.148138865890601, 21.216061418438802 ], [ 92.147735150646199, 21.216589911600199 ], [ 92.1489109726745, 21.2168254413216 ], [ 92.149582877202704, 21.216633698848501 ], [ 92.149555452285995, 21.217247276441601 ], [ 92.150227355297204, 21.217605193158501 ], [ 92.149198932710902, 21.2175796276724 ], [ 92.149157795121695, 21.2181420701801 ], [ 92.1499042482194, 21.218762270193199 ], [ 92.150748699803501, 21.218709397730098 ], [ 92.151423396704502, 21.217869399516999 ], [ 92.151626774586305, 21.216307578973201 ], [ 92.152592242906493, 21.215062153743698 ], [ 92.153998569043907, 21.214444068098501 ], [ 92.156216660468601, 21.214071380776499 ] ] ] } },
{ "type": "Feature", "properties": { "n_partners": 30, "n_donors": 33, "n_activities": 391, "sector_detail": [ { "sector": "Education", "n_partners": 5 }, { "sector": "Food Security", "n_partners": 6 }, { "sector": "Health", "n_partners": 8 }, { "sector": "Livelihoods and Skills Development", "n_partners": 3 }, { "sector": "Nutrition", "n_partners": 3 }, { "sector": "Protection", "n_partners": 13 }, { "sector": "Shelter-CCCM", "n_partners": 0 }, { "sector": "WASH", "n_partners": 1 } ], "thin_sectors": [ "Shelter-CCCM", "WASH" ], "below_median": true, "partners": [ "ACF", "ACTED", "ASEAB", "Agrajattra", "BDRCS", "BLAST", "BRAC", "Bandhu", "CDD", "CNRS", "CODEC", "CWW", "DRC", "DSS", "GK", "HI", "IRC", "JCF", "MoSW", "Mukti", "NGOF", "NRC", "RTMI", "SAWAB", "SCI", "SKUS", "TDV", "WHO", "WVI", "YPSA" ], "donors": [ "(blank)", "0", "BPRM", "BRAC", "DFAT", "DFID", "ECHO", "ECHO (BDFM2211)", "ECHO, FCDO", "ECHO-HIP 23", "ECHO-Temp", "ECW", "FR", "GAC", "GFFO (BDFM2210)", "Helping Hand for Relief & Development (HHRD)", "IRC", "JPF", "KFW", "Multi Donor", "PRM", "SDC", "SIDA", "Swiss RC", "TDV", "UNHCR", "UNICEF", "USAID, World Bank, Multi-donor", "USDOS BPRM, ECHO, NORAD, SIDA ", "USG/ BPRM", "World Bank", "World Bank ", "World Bank & Multi Donor" ], "camp_name": "Camp 6", "camp_ssid": "CXB-208", "camp_alias": null }, "geometry": { "type": "Polygon", "coordinates": [ [ [ 92.1559686809981, 21.209101838983599 ], [ 92.156602212920703, 21.208884215914601 ], [ 92.156893503867096, 21.2082791529342 ], [ 92.156720064911099, 21.206564759415599 ], [ 92.157073711931105, 21.206813854239499 ], [ 92.157800494667995, 21.206136286797001 ], [ 92.158542870519597, 21.206096162306299 ], [ 92.159545398431504, 21.204989661783198 ], [ 92.159003921944404, 21.2043571924088 ], [ 92.159992097619906, 21.2042376130963 ], [ 92.159630665206194, 21.202771186788901 ], [ 92.159251146605698, 21.202682247955401 ], [ 92.158840644977303, 21.201598232811399 ], [ 92.159109695501201, 21.201248932468001 ], [ 92.159122414429604, 21.200077521651099 ], [ 92.157969911624406, 21.2000577909775 ], [ 92.157718525912003, 21.199437413534501 ], [ 92.156074437651696, 21.200417864997402 ], [ 92.156113923366306, 21.2016259211231 ], [ 92.155721447847796, 21.202058153484899 ], [ 92.155248734014904, 21.2018728483262 ], [ 92.154329884666296, 21.202952834323401 ], [ 92.154825085610796, 21.203777616925301 ], [ 92.154404801878499, 21.2041725569247 ], [ 92.154603029306898, 21.2060683035442 ], [ 92.154017369907606, 21.206326716890299 ], [ 92.153402445723898, 21.2060773679741 ], [ 92.153771668421598, 21.207279849870599 ], [ 92.154225907506898, 21.207679339236201 ], [ 92.154771224952995, 21.207042627706201 ], [ 92.155873653354504, 21.207413224379501 ], [ 92.156153533847302, 21.2082208244281 ], [ 92.1559686809981, 21.209101838983599 ] ] ] } },
{ "type": "Feature", "properties": { "n_partners": 36, "n_donors": 43, "n_activities": 483, "sector_detail": [ { "sector": "Education", "n_partners": 7 }, { "sector": "Food Security", "n_partners": 6 }, { "sector": "Health", "n_partners": 10 }, { "sector": "Livelihoods and Skills Development", "n_partners": 3 }, { "sector": "Nutrition", "n_partners": 2 }, { "sector": "Protection", "n_partners": 16 }, { "sector": "Shelter-CCCM", "n_partners": 0 }, { "sector": "WASH", "n_partners": 1 } ], "thin_sectors": [ "Nutrition", "Shelter-CCCM", "WASH" ], "below_median": false, "partners": [ "AAB", "ACF", "AWARD", "BDRCS", "BLAST", "BNPS", "BRAC", "Bandhu", "Basmah", "CARE", "CDD", "CNRS", "COAST", "CODEC", "CWW", "Cordaid", "DCHT", "DSS", "FIVDB", "HEKS", "HI", "IOM", "JCF", "MAISHA", "MSF", "MoSW", "Mukti", "NGOF", "NRC", "Nari Maitree", "PWJ", "Prottyashi", "RIC", "RTMI", "WHO", "YPSA" ], "donors": [ "(blank)", "0", "AECID", "BASMAH USA INC", "BPRM", "CERP,FCDO, GAC", "DANIDA", "DFAT", "DFAT, ECHO,GAC, SIDA", "ECHO", "ECHO (BDFM2211)", "ECHO, DUTCH, FCDO, BPRM", "ECHO, SAFE+ 2", "ECW", "ECW-SCI, BPRM", "GAC", "GFFO (BDFM2210)", "Global Affairs Canada", "Global Affairs Canada- GAC", "Helping Hand Relief and Development (HHRD)", "Hong Kong", "IFRC", "JTS", "Japan Platform", "Japanese Red Cross & QRCS", "KFW", "KFW, FCDO, BPRM, DFAT", "KOICA ", "Lego Foundation", "MSF-OCB", "Multi Donor", "NMFA (BDFM2301)", "PRM", "UNHCR", "UNICEF", "USAID", "USAID, World Bank, Multi-donor", "USDOS BPRM, ECHO, NORAD, SIDA ", "USG/ BPRM", "United Traders Bangladesh", "WFP", "World Bank", "World Bank " ], "camp_name": "Camp 14", "camp_ssid": "CXB-222", "camp_alias": "Hakimpara" }, "geometry": { "type": "Polygon", "coordinates": [ [ [ 92.149536118714195, 21.1639309805837 ], [ 92.147245270667, 21.162630245786399 ], [ 92.145227967257696, 21.164411394217598 ], [ 92.1421946656491, 21.164270341222899 ], [ 92.141246619129305, 21.163749399510799 ], [ 92.140709514851196, 21.164373004918001 ], [ 92.140187584701806, 21.164129914766502 ], [ 92.139125286387497, 21.164986082503599 ], [ 92.138432998905003, 21.164651955314099 ], [ 92.137914721119401, 21.163723549601301 ], [ 92.136316524630203, 21.163274633130399 ], [ 92.136064276164802, 21.164157120470399 ], [ 92.136837458696206, 21.166202239500699 ], [ 92.137883300856103, 21.166064533591999 ], [ 92.137683385857102, 21.167436508573498 ], [ 92.138376917738597, 21.167557256385901 ], [ 92.138444001690701, 21.167961333979299 ], [ 92.139515202317995, 21.167602122390299 ], [ 92.139852071239005, 21.169375062971302 ], [ 92.141439235246395, 21.1699183643005 ], [ 92.141741836332002, 21.168953641973999 ], [ 92.142479226605801, 21.1682104595262 ], [ 92.143041924602898, 21.168816239582501 ], [ 92.143109769058498, 21.169453847046601 ], [ 92.143551677335594, 21.169385091402098 ], [ 92.144082239565606, 21.1722275060424 ], [ 92.147915913675405, 21.171986390468799 ], [ 92.148379550310295, 21.171037991921001 ], [ 92.147683743207295, 21.1688855687079 ], [ 92.148427476883498, 21.1677572464131 ], [ 92.150648275483107, 21.167313736918199 ], [ 92.150054217737505, 21.166316631640299 ], [ 92.150211547581094, 21.165413164627999 ], [ 92.149536118714195, 21.1639309805837 ] ] ] } },
{ "type": "Feature", "properties": { "n_partners": 26, "n_donors": 33, "n_activities": 413, "sector_detail": [ { "sector": "Education", "n_partners": 4 }, { "sector": "Food Security", "n_partners": 3 }, { "sector": "Health", "n_partners": 6 }, { "sector": "Livelihoods and Skills Development", "n_partners": 5 }, { "sector": "Nutrition", "n_partners": 3 }, { "sector": "Protection", "n_partners": 13 }, { "sector": "Shelter-CCCM", "n_partners": 0 }, { "sector": "WASH", "n_partners": 2 } ], "thin_sectors": [ "Shelter-CCCM", "WASH" ], "below_median": true, "partners": [ "AAB", "ACF", "ACTED", "ASEAB", "BDRCS", "BLAST", "BRAC", "Bandhu", "CNRS", "CODEC", "CWW", "DSS", "GK", "GUK", "HI", "HMBD", "IPAS", "IRW", "MoSW", "Mukti", "NGOF", "NRC", "Plan", "RTMI", "WHO", "YPSA" ], "donors": [ "(blank)", "0", "AUB31 and USB58", "BPRM", "Bdesh Foundation", "COTE", "ECHO", "ECHO (BDFM2211)", "ECW", "FR", "GAC", "GFFO (BDFM2210)", "Global Affairs Canada", "Global Affairs Canada- GAC", "IR", "IR Canada, IR USA", "IR-USA", "Japan Platform", "LEGO Foundation", "Multi Donor", "NMFA", "NMFA (BDFM2301)", "NMFA (BDFM2401)", "NMFA Flexi (BDFM2313)", "NRC", "PRM", "SIDA (BDFM2405)", "UNHCR", "UNICEF", "USAID, World Bank, Multi-donor", "USB58", "USDOS BPRM, ECHO, NORAD, SIDA ", "World Bank" ], "camp_name": "Camp 2W", "camp_ssid": "CXB-204", "camp_alias": null }, "geometry": { "type": "Polygon", "coordinates": [ [ [ 92.160239892587796, 21.211145355377099 ], [ 92.160546354184106, 21.210552071736998 ], [ 92.162152186352799, 21.210581561004801 ], [ 92.162619241943901, 21.2094669447299 ], [ 92.163763953846598, 21.209105087587499 ], [ 92.164355243405794, 21.207967007043699 ], [ 92.1633576338035, 21.2081804098551 ], [ 92.162429834901403, 21.2078852828514 ], [ 92.161786923440602, 21.208222713476601 ], [ 92.160042190699698, 21.206921690876701 ], [ 92.158762377188907, 21.206534628525599 ], [ 92.158542870519597, 21.206096162306299 ], [ 92.157800494667995, 21.206136286797001 ], [ 92.157073711931105, 21.206813854239499 ], [ 92.1566622780838, 21.206695234628899 ], [ 92.156893503867096, 21.2082791529342 ], [ 92.156602212920703, 21.208884215914601 ], [ 92.155874204803496, 21.209065142164601 ], [ 92.156153533847302, 21.2082208244281 ], [ 92.155873653354504, 21.207413224379501 ], [ 92.154834968778005, 21.207039958926501 ], [ 92.1544488662974, 21.207695395409601 ], [ 92.153699185052801, 21.207288254850599 ], [ 92.153195420360703, 21.208460030367199 ], [ 92.152642319916794, 21.208782953186599 ], [ 92.153088818953606, 21.209726399103999 ], [ 92.154694502252795, 21.211167996867601 ], [ 92.155162965310495, 21.2103896487904 ], [ 92.155841376736404, 21.210151012745001 ], [ 92.158443201616606, 21.211570374307101 ], [ 92.159030085416305, 21.2110822250974 ], [ 92.160239892587796, 21.211145355377099 ] ] ] } },
{ "type": "Feature", "properties": { "n_partners": 33, "n_donors": 52, "n_activities": 461, "sector_detail": [ { "sector": "Education", "n_partners": 4 }, { "sector": "Food Security", "n_partners": 7 }, { "sector": "Health", "n_partners": 6 }, { "sector": "Livelihoods and Skills Development", "n_partners": 5 }, { "sector": "Nutrition", "n_partners": 3 }, { "sector": "Protection", "n_partners": 17 }, { "sector": "Shelter-CCCM", "n_partners": 0 }, { "sector": "WASH", "n_partners": 2 } ], "thin_sectors": [ "Shelter-CCCM", "WASH" ], "below_median": false, "partners": [ "AAB", "ACF", "BDRCS", "BLAST", "BRAC", "Bandhu", "CARE", "CBBSH", "CDD", "CNRS", "CODEC", "CWW", "DRC", "DSS", "GK", "GUK", "HI", "IOM", "IRC", "MoSW", "Mukti", "NRC", "PROTTYASHI", "Plan", "Prottyashi", "RDRS", "SAWAB", "SCI", "SHED", "Uttaran", "WHO", "WVI", "YPSA" ], "donors": [ "(blank)", "0", "AUB31 and USB58", "BPRM", "CERP,FCDO, GAC", "DECCB", "DFAT IV", "DFAT, ECHO,GAC, SIDA", "ECHO", "ECHO (BDFM2211)", "ECHO, DUTCH, FCDO, BPRM", "ECHO, FCDO", "ECHO, SAFE+ 2", "ECHO- Temp", "ECW", "ELCA", "FCDO (BDFM2314)", "GAC", "GFFO (BDFM2210)", "Global Affairs Canada", "HELVETAS", "Helping Hand for Relief & Development (HHRD)", "IFRC", "IOM", "JTS", "KFW, FCDO, BPRM, DFAT", "KOICA", "MFAT New Zealand", "Malteser International", "Multi Donor", "NMFA (BDFM2301)", "NMFA (BDFM2401)", "NMFA Flexi (BDFM2313)", "NRC", "Orbis", "Orbis Inernational", "PRM", "PRM,JAPAN,ROK,ECHO", "SIDA", "SIDA (BDFM2405)", "SRC", "Sesame Workshops", "UNHCR", "UNICEF", "USAID, World Bank, Multi-donor", "USB58", "USDOS BPRM, ECHO, NORAD, SIDA ", "USG/ BPRM", "WB", "WFP", "World Bank", "World Bank " ], "camp_name": "Camp 11", "camp_ssid": "CXB-217", "camp_alias": null }, "geometry": { "type": "Polygon", "coordinates": [ [ [ 92.159267504219002, 21.1854394503751 ], [ 92.159085882860893, 21.185105080558099 ], [ 92.159548195354702, 21.184479888101301 ], [ 92.158017018796997, 21.181977069751799 ], [ 92.158136356215905, 21.181156547171302 ], [ 92.157333652434005, 21.179782823439201 ], [ 92.157455064100006, 21.178596572945001 ], [ 92.156688287208098, 21.176283581212999 ], [ 92.155886100737405, 21.177520218764101 ], [ 92.155661607659098, 21.178915894095699 ], [ 92.154999981003698, 21.178825098228799 ], [ 92.155047173948702, 21.179670117185601 ], [ 92.153876038460197, 21.180166252964899 ], [ 92.153816130818797, 21.1818261150976 ], [ 92.153197875071697, 21.182670350587799 ], [ 92.151864639578605, 21.183402095165501 ], [ 92.151636244402397, 21.184186799567801 ], [ 92.152167503324804, 21.184758529224901 ], [ 92.152156957596404, 21.185341089919 ], [ 92.151784328708104, 21.1858404384216 ], [ 92.154330703392702, 21.185887658429301 ], [ 92.154545858191796, 21.186606630768001 ], [ 92.154801017236593, 21.186223796692701 ], [ 92.156376579880202, 21.1861962895685 ], [ 92.156602711117003, 21.1858723180124 ], [ 92.156994289702595, 21.186036821422999 ], [ 92.156994088181506, 21.186522079903099 ], [ 92.157588958241107, 21.186795165900701 ], [ 92.157936562854601, 21.1865704905196 ], [ 92.157976253030995, 21.185526884801099 ], [ 92.158317586226502, 21.1852308255114 ], [ 92.159267504219002, 21.1854394503751 ] ] ] } },
{ "type": "Feature", "properties": { "n_partners": 32, "n_donors": 53, "n_activities": 504, "sector_detail": [ { "sector": "Education", "n_partners": 3 }, { "sector": "Food Security", "n_partners": 8 }, { "sector": "Health", "n_partners": 3 }, { "sector": "Livelihoods and Skills Development", "n_partners": 6 }, { "sector": "Nutrition", "n_partners": 3 }, { "sector": "Protection", "n_partners": 17 }, { "sector": "Shelter-CCCM", "n_partners": 0 }, { "sector": "WASH", "n_partners": 2 } ], "thin_sectors": [ "Shelter-CCCM", "WASH" ], "below_median": true, "partners": [ "AAB", "ACF", "BDRCS", "BLAST", "BRAC", "Bandhu", "CARE", "CDD", "CNRS", "COAST", "CODEC", "CWW", "DRC", "DSK", "DSS", "FH", "GUK", "IOM", "MoSW", "Mukti", "NRC", "OXFAM", "Oxfam", "RDRS", "SAWAB", "SCI", "SHED", "SKUS", "Shushilan", "WHO", "WVI", "YPSA" ], "donors": [ "(blank)", "0", "AUB31 and USB58", "ActionAid UK", "ActionAid UK (AAUK)", "BPRM", "CERP,FCDO, GAC", "DECCB", "DECCB/ COS", "DFAT", "DFAT - AHP", "DFAT IV", "DFAT, ECHO,GAC, SIDA", "DFAT- AHP", "DFAT-AHP", "ECHO", "ECHO (BDFM2211)", "ECHO, DUTCH, FCDO, BPRM", "ECHO, FCDO", "ECHO, SAFE+ 2", "ECHO- Temp", "ELCA", "Embassy of Kingdom of Netherland", "FCDO (BDFM2314)", "GAC", "GFFO (BDFM2210)", "GPE", "IOM", "JRCS", "JRCS, QRCS", "KFW", "KFW, FCDO, BPRM, DFAT", "KOICA", "Multi Donor", "NMFA (BDFM2301)", "NMFA (BDFM2401)", "NMFA Flexi (BDFM2313)", "OXFAM", "PRM", "PRM,JAPAN,ROK,ECHO", "SIDA", "SIDA (BDFM2405)", "Sadaqa Welfare Fund ,Australia ", "Sesame Workshops", "Tearfund", "UNHCR", "USAID, World Bank, Multi-donor", "USB58", "USDOS BPRM, ECHO, NORAD, SIDA ", "WB", "WFP", "World Bank", "World Bank " ], "camp_name": "Camp 12", "camp_ssid": "CXB-218", "camp_alias": null }, "geometry": { "type": "Polygon", "coordinates": [ [ [ 92.155980966156505, 21.1773135503575 ], [ 92.156688287208098, 21.176283581212999 ], [ 92.155283738542593, 21.1732238763746 ], [ 92.154260727026596, 21.1731762937493 ], [ 92.153478295514304, 21.1738179049994 ], [ 92.153268822798097, 21.177438445818598 ], [ 92.151920415984804, 21.177760830156 ], [ 92.148700649755298, 21.177717124675802 ], [ 92.148635481506005, 21.1785127424669 ], [ 92.147562843395903, 21.179298779817 ], [ 92.147410149730703, 21.179849014464899 ], [ 92.1481146513201, 21.181796106885098 ], [ 92.147387390790897, 21.184183378943398 ], [ 92.1489277836274, 21.184296768027099 ], [ 92.1495972554373, 21.1849449871663 ], [ 92.149525898324995, 21.185389248881801 ], [ 92.150186843076298, 21.1852467564369 ], [ 92.150892745506098, 21.185711658789 ], [ 92.151261028011604, 21.185491197538401 ], [ 92.151738206454496, 21.185840206967502 ], [ 92.152017903399198, 21.185658797432598 ], [ 92.152167503324804, 21.184758529224901 ], [ 92.151636244402397, 21.184186799567801 ], [ 92.151864639578605, 21.183402095165501 ], [ 92.153197875071697, 21.182670350587799 ], [ 92.153816130818797, 21.1818261150976 ], [ 92.153876038460197, 21.180166252964899 ], [ 92.155047173948702, 21.179670117185601 ], [ 92.154999981003698, 21.178825098228799 ], [ 92.155661607659098, 21.178915894095699 ], [ 92.155980966156505, 21.1773135503575 ] ] ] } },
{ "type": "Feature", "properties": { "n_partners": 35, "n_donors": 43, "n_activities": 459, "sector_detail": [ { "sector": "Education", "n_partners": 9 }, { "sector": "Food Security", "n_partners": 7 }, { "sector": "Health", "n_partners": 7 }, { "sector": "Livelihoods and Skills Development", "n_partners": 5 }, { "sector": "Nutrition", "n_partners": 3 }, { "sector": "Protection", "n_partners": 15 }, { "sector": "Shelter-CCCM", "n_partners": 0 }, { "sector": "WASH", "n_partners": 3 } ], "thin_sectors": [ "Shelter-CCCM" ], "below_median": false, "partners": [ "AAB", "ACF", "ACTED", "ASEAB", "Agrajattra", "BDRCS", "BLAST", "BRAC", "Bandhu", "Basmah", "CNRS", "CODEC", "CWW", "Caritas", "DSS", "GK", "GUSS", "HI", "JCF", "MoSW", "Mukti", "NGOF", "NOWZUWAN", "NRC", "Nowzuwan", "PULSE", "Plan", "SCI", "SKUS", "Sangshaptaque", "TDH", "UN Women", "WHO", "WVI", "YPSA" ], "donors": [ "(blank)", "0", "7", "8", "BPRM", "BRAC", "Bdesh Foundation", "CCODP", "COTE", "Caritas Germany", "Caritas Spain", "Caritas Spain ", "DFAT", "ECHO (BDFM2211)", "ECW", "GAC", "GAC & DFAT", "GFFO", "GFFO (BDFM2210)", "Global Affairs Canada", "Global Affairs Canada- GAC", "HRF", "IRC", "JPF", "LEGO Foundation", "Malteser International (MI)", "Medecins du Monde Japon", "Multi Donor", "Muslim Aid USA  (MAUSA)", "Muslim Aid USA (MAUSA)", "NRC", "PRM", "SIDA", "UNESCO", "UNHCR", "UNICEF", "UNICEF/Multi donor", "USAID, World Bank, Multi-donor", "USDOS BPRM, ECHO, NORAD, SIDA ", "United Traders Bangladesh", "World Bank", "World Bank ", "World Bank & Multi Donor" ], "camp_name": "Camp 1E", "camp_ssid": "CXB-201", "camp_alias": "Lambashia" }, "geometry": { "type": "Polygon", "coordinates": [ [ [ 92.154857326506502, 21.2194708624328 ], [ 92.155405818391898, 21.2189339919174 ], [ 92.156461757633494, 21.218873430309799 ], [ 92.157361785156397, 21.217719187275499 ], [ 92.157248460689203, 21.216756686317801 ], [ 92.157884557448298, 21.217296830930099 ], [ 92.158311365847993, 21.2167037401904 ], [ 92.160023506202805, 21.2161100956205 ], [ 92.160624674026195, 21.2153334524033 ], [ 92.161757471275294, 21.215445809843601 ], [ 92.160895868062298, 21.2132616813726 ], [ 92.161982595714903, 21.213167442725801 ], [ 92.161995366846895, 21.212146789566901 ], [ 92.161592852517103, 21.211987022698299 ], [ 92.161858094226602, 21.211626785827001 ], [ 92.161207026947096, 21.211647929975701 ], [ 92.160594347087098, 21.210872436400201 ], [ 92.160239892587796, 21.211145355377099 ], [ 92.159030085416305, 21.2110822250974 ], [ 92.158443201616606, 21.211570374307101 ], [ 92.157802959792505, 21.211318947714702 ], [ 92.157823243565502, 21.213010374925599 ], [ 92.156579772849696, 21.213451135539302 ], [ 92.156216660468601, 21.214071380776499 ], [ 92.153998569043907, 21.214444068098501 ], [ 92.152592242906493, 21.215062153743698 ], [ 92.151373349276, 21.216905395073699 ], [ 92.151423396704502, 21.217869399516999 ], [ 92.150748699803501, 21.218709397730098 ], [ 92.1499042482194, 21.218762270193199 ], [ 92.150268491892803, 21.219612076163099 ], [ 92.150159869566806, 21.220803302462599 ], [ 92.150469401067099, 21.220931539300899 ], [ 92.151586414386102, 21.220556790893699 ], [ 92.152124358750697, 21.219327697416698 ], [ 92.152430248724897, 21.219652179034199 ], [ 92.152398604366596, 21.2203896339884 ], [ 92.1514030522779, 21.222403521087699 ], [ 92.152194013365204, 21.222918530447199 ], [ 92.1534464957859, 21.221879034617999 ], [ 92.153731944463999, 21.2208555916664 ], [ 92.154872725591801, 21.220073795996999 ], [ 92.154857326506502, 21.2194708624328 ] ] ] } },
{ "type": "Feature", "properties": { "n_partners": 39, "n_donors": 64, "n_activities": 581, "sector_detail": [ { "sector": "Education", "n_partners": 9 }, { "sector": "Food Security", "n_partners": 6 }, { "sector": "Health", "n_partners": 12 }, { "sector": "Livelihoods and Skills Development", "n_partners": 4 }, { "sector": "Nutrition", "n_partners": 2 }, { "sector": "Protection", "n_partners": 17 }, { "sector": "Shelter-CCCM", "n_partners": 0 }, { "sector": "WASH", "n_partners": 3 } ], "thin_sectors": [ "Nutrition", "Shelter-CCCM" ], "below_median": false, "partners": [ "AAB", "ACF", "ACTED", "AID-Comilla", "BDRCS", "BLAST", "BNPS", "BRAC", "Bandhu", "Basmah", "CARE", "CNRS", "CODEC", "CWW", "Caritas", "Cordaid", "DSS", "FRIENDSHIP", "Friendship", "HI", "HMBD", "IOM", "IPAS", "IRC", "ISDE", "MSF", "MoSW", "Mukti", "NGOF", "NRC", "Plan", "RIC", "RTMI", "SAWAB", "SCI", "SHED", "WHO", "WVI", "YPSA" ], "donors": [ "(blank)", "0", "Austrialian Aid", "BPRM", "BRAC", "CERP,FCDO, GAC", "CI Internationalis", "DFAT", "DFAT IV", "DFAT, ECHO,GAC, SIDA", "DFAT, GAC", "Do Peace,USA, World Jewish Relief,UK", "ECHO", "ECHO (BDFM2211)", "ECHO, DUTCH, FCDO, BPRM", "ECHO, SAFE+ 2", "ECHO- Temp", "ECW", "ECW-SCI", "FCDO", "FCDO (BDFM2314)", "GAC, Australian Aid", "GFFO", "GFFO (BDFM2210)", "GPE", "German Red Cross", "Global Affairs Canada", "HABITAT FOR HUMANITY BANGLADESH", "HMBD", "IOM", "JTS", "KFW", "KOICA", "LEGO Foundation", "MSF-OCP", "Multi Donor", "Muslim Charity,UK", "NMFA", "NMFA (BDFM2301)", "NMFA (BDFM2401)", "NRC", "OBAT Helpers", "OBAT Helpers USA", "PRM", "SIDA", "SIDA (BDFM2405)", "SRC", "SRC,UNFPA,RTMI,Ipas,IOM,IRC", "Swiss RC", "The WB, UK, US", "UNESCO", "UNHCR", "UNICEF", "USAID", "USAID, World Bank, Multi-donor", "USDOS BPRM, ECHO, NORAD, SIDA ", "USG/ BPRM", "United Traders Bangladesh", "WB", "WFP", "WV", "WVI Taiwan", "World Bank", "World Bank " ], "camp_name": "Camp 13", "camp_ssid": "CXB-220", "camp_alias": "Thangkhali-Burmapara" }, "geometry": { "type": "Polygon", "coordinates": [ [ [ 92.136790377586493, 21.177104118312201 ], [ 92.136568427272493, 21.178354079986001 ], [ 92.135706313663903, 21.178875989498898 ], [ 92.134190884604905, 21.179004688708201 ], [ 92.133885502866804, 21.1804640483208 ], [ 92.134267229307994, 21.180606424224699 ], [ 92.134171797707594, 21.181193722417898 ], [ 92.134687128444796, 21.181389488190799 ], [ 92.135449436867603, 21.182566568960102 ], [ 92.137191465199706, 21.182379536321498 ], [ 92.138404206187303, 21.183566938234399 ], [ 92.138820081882301, 21.1831790007239 ], [ 92.140754277600905, 21.182867557483299 ], [ 92.141093957125605, 21.181614596114802 ], [ 92.144056649419298, 21.179914773663 ], [ 92.145131112455203, 21.1771151410729 ], [ 92.145085685233695, 21.176183264513998 ], [ 92.1434730781924, 21.175145485437799 ], [ 92.1427715053008, 21.175145486405 ], [ 92.142738869005399, 21.174445532967901 ], [ 92.143282095095799, 21.174336008884602 ], [ 92.143208686897196, 21.173802076709599 ], [ 92.142298415608494, 21.173487192296399 ], [ 92.141637735912099, 21.1742675559654 ], [ 92.140597051071495, 21.1736589867803 ], [ 92.138845798929594, 21.173571710878999 ], [ 92.138249285246701, 21.174644478541001 ], [ 92.1389815509648, 21.175623189506101 ], [ 92.136790377586493, 21.177104118312201 ] ] ] } },
{ "type": "Feature", "properties": { "n_partners": 32, "n_donors": 42, "n_activities": 498, "sector_detail": [ { "sector": "Education", "n_partners": 5 }, { "sector": "Food Security", "n_partners": 4 }, { "sector": "Health", "n_partners": 5 }, { "sector": "Livelihoods and Skills Development", "n_partners": 3 }, { "sector": "Nutrition", "n_partners": 3 }, { "sector": "Protection", "n_partners": 16 }, { "sector": "Shelter-CCCM", "n_partners": 0 }, { "sector": "WASH", "n_partners": 6 } ], "thin_sectors": [ "Shelter-CCCM" ], "below_median": true, "partners": [ "ACF", "BDRCS", "BITA", "BLAST", "BRAC", "BTS", "CARITAS", "CNRS", "CODEC", "CWW", "Caritas", "DSS", "Educo", "FRIENDSHIP", "Friendship", "GH", "HI", "IOM", "JCF", "MoSW", "Mukti", "NGOF", "NRC", "PHD", "PULSE", "RTMI", "SCI", "SHED", "SKUS", "WHO", "WVI", "YPSA" ], "donors": [ "(blank)", "0", "BPRM", "CARITAS", "COTE", "CPI", "Caritas Italiana", "Caritas Spain", "Caritas Spain ", "Child Fud Korea (CFK)", "ECHO", "ECHO (BDFM2211)", "ECHO- Temp", "ECHO-HIP 23", "FR", "GAC", "GAC & DFAT", "GFFO", "GFFO (BDFM2210)", "GPE", "German Red Cross", "Japan Platform", "KFW", "Multi Donor", "NMFA (BDFM2301)", "NMFA (BDFM2401)", "NMFA Flexi (BDFM2313)", "Private Fund", "SCI", "SIDA (BDFM2405)", "TRC", "TRCS", "Turkish red Crescent", "UNESCO", "UNHCR", "UNHCR Pool Fund", "UNHCR-Pool Fund", "UNICEF", "USAID, World Bank, Multi-donor", "USDOS BPRM, ECHO, NORAD, SIDA ", "WB", "World Bank" ], "camp_name": "Camp 17", "camp_ssid": "CXB-212", "camp_alias": null }, "geometry": { "type": "Polygon", "coordinates": [ [ [ 92.145296180063497, 21.203241906862701 ], [ 92.145194598372498, 21.2023297343815 ], [ 92.146620903279299, 21.201568120116001 ], [ 92.146461924054094, 21.2011544379654 ], [ 92.146864045320996, 21.199769353327401 ], [ 92.146435331928501, 21.198971440241099 ], [ 92.146964906837596, 21.197924404755401 ], [ 92.147814186311294, 21.1977932433762 ], [ 92.148181463167106, 21.196711523728801 ], [ 92.147880191283406, 21.195728017073002 ], [ 92.148612440907002, 21.194523971428101 ], [ 92.147814255612602, 21.194221568775198 ], [ 92.146613714982905, 21.195535679536 ], [ 92.146188472367299, 21.1953250574992 ], [ 92.145779051712495, 21.194605232296102 ], [ 92.145920420045897, 21.193093947201199 ], [ 92.1462109072733, 21.192734759062301 ], [ 92.145952031293305, 21.1913108609536 ], [ 92.145163642545597, 21.190946217847301 ], [ 92.1447890420975, 21.191897018670598 ], [ 92.144452837771496, 21.191909326105598 ], [ 92.143919231526496, 21.191272333104699 ], [ 92.142878408480101, 21.190841438391299 ], [ 92.142847764779603, 21.1912227647645 ], [ 92.142361153076806, 21.191257642648502 ], [ 92.141985977474704, 21.191698576343899 ], [ 92.142213452519997, 21.1922065935806 ], [ 92.142792517576297, 21.1924176126238 ], [ 92.142448424361206, 21.1933869081472 ], [ 92.141732341909204, 21.193827334802499 ], [ 92.141618542456499, 21.1943283698633 ], [ 92.141194957403101, 21.194160376831899 ], [ 92.141181983920603, 21.194595614758899 ], [ 92.1405756811928, 21.194526565337402 ], [ 92.140220384185298, 21.194956726933501 ], [ 92.139817046463506, 21.194792358809998 ], [ 92.138756593973099, 21.1957328566047 ], [ 92.137851065783707, 21.195700204859801 ], [ 92.136992673853001, 21.196265309196601 ], [ 92.136902391505203, 21.197214053780598 ], [ 92.137558776858796, 21.197310848551499 ], [ 92.137723061491002, 21.197776678431602 ], [ 92.137591251441094, 21.1986872440479 ], [ 92.136978150123596, 21.198939106142198 ], [ 92.138041682056397, 21.199751335832701 ], [ 92.138203279247804, 21.200941059391599 ], [ 92.138706457444201, 21.200959185995799 ], [ 92.1399550558356, 21.202310082547999 ], [ 92.142300856585294, 21.202094665321201 ], [ 92.1434709850692, 21.202962169670901 ], [ 92.145296180063497, 21.203241906862701 ] ] ] } },
{ "type": "Feature", "properties": { "n_partners": 35, "n_donors": 45, "n_activities": 479, "sector_detail": [ { "sector": "Education", "n_partners": 8 }, { "sector": "Food Security", "n_partners": 6 }, { "sector": "Health", "n_partners": 6 }, { "sector": "Livelihoods and Skills Development", "n_partners": 1 }, { "sector": "Nutrition", "n_partners": 2 }, { "sector": "Protection", "n_partners": 18 }, { "sector": "Shelter-CCCM", "n_partners": 0 }, { "sector": "WASH", "n_partners": 1 } ], "thin_sectors": [ "Livelihoods and Skills Development", "Nutrition", "Shelter-CCCM", "WASH" ], "below_median": false, "partners": [ "AAB", "ACF", "AID-Comilla", "BDRCS", "BLAST", "BNKS", "BNPS", "BRAC", "BTS", "Bandhu", "CNRS", "CODEC", "CWW", "DSK", "DSS", "FIVDB", "GK", "GUK", "HI", "IOM", "IRC", "JCF", "MoSW", "Mukti", "NGOF", "NRC", "Oxfam", "PROTTYASHI", "Plan", "Prottyashi", "SBSKS", "SCI", "SHED", "WHO", "YPSA" ], "donors": [ "(blank)", "0", "AHP", "AUB31 and USB58", "BMZ (Germany)", "BPRM", "CANADA.IOM", "CERP,FCDO, GAC", "DFAT", "DFAT, ECHO,GAC, SIDA", "DFAT-AHP", "ECHO (BDFM2211)", "ECHO, DUTCH, FCDO, BPRM", "ECHO, SAFE+ 2", "ECHO-HIP 23", "ECW", "FCDO", "GFFO (BDFM2210)", "Global Affairs Canada", "JTS", "Japan. PRM", "KFW", "MI", "Malteser International", "Multi Donor", "NMFA (BDFM2301)", "NMFA (BDFM2401)", "NMFA Flexi (BDFM2313)", "OXFAM", "Oxfam Hongkong", "PRM", "SDC", "SIDA", "SIDA (BDFM2405)", "Telethon", "UNHCR", "UNICEF", "USAID, World Bank, Multi-donor", "USB58", "USDOS BPRM, ECHO, NORAD, SIDA ", "USG/ BPRM", "WB", "World Bank", "World Bank ", "unicef" ], "camp_name": "Camp 22", "camp_ssid": "CXB-085", "camp_alias": "Unchiprang" }, "geometry": { "type": "Polygon", "coordinates": [ [ [ 92.197383543382799, 21.084772781289502 ], [ 92.195316981745904, 21.084346408516499 ], [ 92.195346439478399, 21.084788789094201 ], [ 92.194311646825597, 21.085387476586899 ], [ 92.194408922628696, 21.0862425370408 ], [ 92.193309702932694, 21.086741707159 ], [ 92.193412729548996, 21.087473685881498 ], [ 92.192490946911406, 21.088130270093199 ], [ 92.192021462692097, 21.089222877704898 ], [ 92.192389615236394, 21.089913089640199 ], [ 92.194005884598099, 21.090068948984001 ], [ 92.194944697107204, 21.0914404761646 ], [ 92.195266619274605, 21.0926345832114 ], [ 92.196057994680203, 21.091880823526701 ], [ 92.197588079867998, 21.092500032524399 ], [ 92.198709171657796, 21.091965082315902 ], [ 92.199289188218401, 21.092104079843502 ], [ 92.199202207420399, 21.091295086113099 ], [ 92.199584726661698, 21.090451614639299 ], [ 92.200069876762498, 21.090658051782299 ], [ 92.200312741437102, 21.089807927043498 ], [ 92.200799119385294, 21.0898890086747 ], [ 92.200471215325294, 21.089095734732599 ], [ 92.200638439608795, 21.087531330407401 ], [ 92.201189232358004, 21.086892409462401 ], [ 92.200468119880895, 21.085742422673299 ], [ 92.199902929745804, 21.085693144811898 ], [ 92.200040923460804, 21.084932212925999 ], [ 92.199840500682498, 21.084688393543299 ], [ 92.199482700797503, 21.0852948469119 ], [ 92.197630738571206, 21.085523699522799 ], [ 92.197383543382799, 21.084772781289502 ] ] ] } },
{ "type": "Feature", "properties": { "n_partners": 32, "n_donors": 46, "n_activities": 431, "sector_detail": [ { "sector": "Education", "n_partners": 3 }, { "sector": "Food Security", "n_partners": 8 }, { "sector": "Health", "n_partners": 4 }, { "sector": "Livelihoods and Skills Development", "n_partners": 4 }, { "sector": "Nutrition", "n_partners": 2 }, { "sector": "Protection", "n_partners": 14 }, { "sector": "Shelter-CCCM", "n_partners": 0 }, { "sector": "WASH", "n_partners": 4 } ], "thin_sectors": [ "Nutrition", "Shelter-CCCM" ], "below_median": true, "partners": [ "AAB", "ACF", "ANANDO", "Agrajattra", "Anando", "BDRCS", "BLAST", "BNPS", "BNWLA", "BRAC", "Bandhu", "CAID", "CNRS", "CODEC", "CWW", "DSS", "FIVDB", "GUK", "HI", "IOM", "IRC", "JCF", "MoSW", "NGOF", "NRC", "Nabolok", "PHD", "SCI", "SHED", "Uttaran", "WHO", "YPSA" ], "donors": [ "(blank)", "0", "BMZ - WHH", "BPRM", "CANADA.IOM", "DFAT", "DFAT-AHP", "Diakonie Katastrophenhilfe- Germany {Back Donor: German Federal Foreign Office (GFFO}", "ECHO", "ECHO (BDFM2211)", "ECHO, DUTCH, FCDO, BPRM", "ECHO,PRM,GAC,JAPAN", "ECW", "FR", "GAC", "GAC, UNHCR", "GFFO (BDFM2210)", "GFFO, WHH", "GUK", "Global Affairs Canada", "Global Affairs Canada- GAC", "IRC", "JAPAN", "Japan Platform", "Japan, PRM", "Japan, PRM, DFAT, ECHO", "Japan. PRM", "Misereor", "Multi Donor", "NMFA (BDFM2301)", "NMFA (BDFM2401)", "NMFA Flexi (BDFM2313)", "NRC", "PRM", "PRM, FCDO", "PRM,JAPAN,ROK,ECHO", "SCI", "SIDA", "SIDA (BDFM2405)", "UNHCR", "USAID, World Bank, Multi-donor", "USDOS BPRM, ECHO, NORAD, SIDA ", "WB", "WHH & GFFO", "World Bank", "World Bank " ], "camp_name": "Camp 25", "camp_ssid": "CXB-017", "camp_alias": "Alikhali" }, "geometry": { "type": "MultiPolygon", "coordinates": [ [ [ [ 92.244475962182705, 20.9858138479355 ], [ 92.246030631422798, 20.9846456115718 ], [ 92.246318745451802, 20.983222420285799 ], [ 92.247502560996196, 20.980887620975 ], [ 92.251764349872403, 20.980252974298399 ], [ 92.252067537687097, 20.9808836919164 ], [ 92.253140159299605, 20.980694222366601 ], [ 92.256709128289799, 20.9741735989749 ], [ 92.254840252007199, 20.974870030845299 ], [ 92.254795178943795, 20.9736910635329 ], [ 92.254250995171802, 20.973286078839301 ], [ 92.253223850989698, 20.9757567270625 ], [ 92.249470273559197, 20.975698630434 ], [ 92.249998485706996, 20.9765350669417 ], [ 92.246541507495806, 20.977202193042601 ], [ 92.246142677829695, 20.976725493317598 ], [ 92.245496384918695, 20.976989043196099 ], [ 92.244399635393293, 20.9765156961004 ], [ 92.243835887601506, 20.9755612967536 ], [ 92.2433177032906, 20.975810030048901 ], [ 92.241983807368101, 20.9754090652415 ], [ 92.241877467352396, 20.977037989631398 ], [ 92.241147393595995, 20.978961405287599 ], [ 92.239625654178298, 20.9787112313902 ], [ 92.239093620542405, 20.9790152726749 ], [ 92.2402713757008, 20.980334697199901 ], [ 92.240332143630994, 20.982121110126599 ], [ 92.241299923946499, 20.982967382423801 ], [ 92.241967976591795, 20.982884340635799 ], [ 92.242693242866807, 20.985549493493799 ], [ 92.244475962182705, 20.9858138479355 ] ] ], [ [ [ 92.248765986818498, 20.9916205989921 ], [ 92.248507736398807, 20.9896380419301 ], [ 92.249583443680706, 20.9897056682623 ], [ 92.249681534606594, 20.989302692249701 ], [ 92.250024675219706, 20.989304185531701 ], [ 92.250089662952206, 20.987867661536299 ], [ 92.2466332348843, 20.987786758610898 ], [ 92.246449034467503, 20.989020951022098 ], [ 92.2475108893358, 20.9891828127633 ], [ 92.247477081518795, 20.990212869890598 ], [ 92.247071753533206, 20.990931866880899 ], [ 92.247258193247404, 20.991575186019301 ], [ 92.248320133976804, 20.991870359684601 ], [ 92.248765986818498, 20.9916205989921 ] ] ] ] } },
{ "type": "Feature", "properties": { "n_partners": 29, "n_donors": 32, "n_activities": 362, "sector_detail": [ { "sector": "Education", "n_partners": 3 }, { "sector": "Food Security", "n_partners": 5 }, { "sector": "Health", "n_partners": 4 }, { "sector": "Livelihoods and Skills Development", "n_partners": 3 }, { "sector": "Nutrition", "n_partners": 2 }, { "sector": "Protection", "n_partners": 12 }, { "sector": "Shelter-CCCM", "n_partners": 0 }, { "sector": "WASH", "n_partners": 5 } ], "thin_sectors": [ "Nutrition", "Shelter-CCCM" ], "below_median": true, "partners": [ "AAB", "ACF", "ACTED", "ANANDO", "ASD", "Agrajattra", "Anando", "BDRCS", "BLAST", "BRAC", "Bandhu", "CAID", "CNRS", "CODEC", "CWW", "DSS", "FIVDB", "GUK", "HI", "JCF", "MoSW", "Mukti", "NGOF", "NRC", "SCI", "SHED", "TDH", "TdH", "WHO" ], "donors": [ "(blank)", "0", "BMZ - WHH", "BPRC", "BPRM", "CANADA.IOM", "ECHO (BDFM2211)", "ECW", "FCDO (BDFM2314)", "FR", "GAC", "GAC, UNHCR", "GFFO (BDFM2210)", "GFFO, WHH", "GUK", "German Federal Foreign Office (GFFO) & Diakonie Katastrophenhilfe", "HF", "Japan Platform", "KFW", "KOICA", "Multi Donor", "NMFA (BDFM2301)", "NMFA (BDFM2401)", "SCI", "SIDA", "SIDA (BDFM2405)", "UNHCR", "USAID, World Bank, Multi-donor", "USDOS BPRM, ECHO, NORAD, SIDA ", "WHH & GFFO", "World Bank", "World Bank " ], "camp_name": "Camp 27", "camp_ssid": "CXB-037", "camp_alias": "Jadimura" }, "geometry": { "type": "Polygon", "coordinates": [ [ [ 92.260379389257096, 20.948243146933201 ], [ 92.261499742608294, 20.946651423504999 ], [ 92.261690534372903, 20.9453673263124 ], [ 92.260864798694598, 20.944769133640602 ], [ 92.260845295592702, 20.944418067240299 ], [ 92.261310153160906, 20.944266782146201 ], [ 92.261430325763499, 20.9431126650083 ], [ 92.261119527311493, 20.943087480132299 ], [ 92.261575778982802, 20.9406111161206 ], [ 92.261241441127893, 20.940524906619501 ], [ 92.261433297320906, 20.9399179164432 ], [ 92.261118273323802, 20.939839299439701 ], [ 92.262901618231695, 20.9362696992082 ], [ 92.263687366746396, 20.9327725028452 ], [ 92.264371823917202, 20.9331858627034 ], [ 92.264692152715, 20.932313065745301 ], [ 92.265177090035294, 20.929661713277198 ], [ 92.265545133648899, 20.9296718028342 ], [ 92.265565602337603, 20.928820576688601 ], [ 92.266717332779393, 20.925555957750401 ], [ 92.266952617745105, 20.924344319509402 ], [ 92.266460884118302, 20.9239916881216 ], [ 92.266665925022394, 20.9233492255957 ], [ 92.268626600989407, 20.920189301116501 ], [ 92.268598048773498, 20.9193993214733 ], [ 92.267922280206605, 20.918704518138501 ], [ 92.267179887378703, 20.918561751487601 ], [ 92.265780765722596, 20.9205509795352 ], [ 92.264819463583706, 20.9233397080088 ], [ 92.263477447215905, 20.924177278178298 ], [ 92.262506627320704, 20.925528811813301 ], [ 92.261870017491802, 20.928912722860801 ], [ 92.262747588722107, 20.928668943412202 ], [ 92.263568925321295, 20.9292964243532 ], [ 92.263403214477904, 20.930580249371399 ], [ 92.263164904017202, 20.931141289249101 ], [ 92.261953673805195, 20.930969862989599 ], [ 92.261507223644401, 20.9340262786849 ], [ 92.260950203635403, 20.9337275932109 ], [ 92.260193791418601, 20.934085353822301 ], [ 92.2601045159725, 20.936242381445499 ], [ 92.259287654909897, 20.937311991620899 ], [ 92.257918348991097, 20.937337388556099 ], [ 92.257486506334402, 20.938220014839899 ], [ 92.257178356566001, 20.937866115212099 ], [ 92.255479589022798, 20.938679580390499 ], [ 92.255222671112506, 20.939819350012801 ], [ 92.255893353560296, 20.940557370460201 ], [ 92.255807173014503, 20.9409611111431 ], [ 92.255145893837806, 20.940911139184902 ], [ 92.253838744587895, 20.941543117320901 ], [ 92.251778481929307, 20.941185918452302 ], [ 92.251455094821694, 20.9415363887063 ], [ 92.2516031499364, 20.942057222350201 ], [ 92.252294948358198, 20.942538364703001 ], [ 92.2546348152013, 20.942580307562299 ], [ 92.254608576713096, 20.943274791602899 ], [ 92.255469575491205, 20.943250054087201 ], [ 92.255105995643902, 20.945689017068499 ], [ 92.2565617760837, 20.946195493523501 ], [ 92.256112091591703, 20.946651861288 ], [ 92.256331266383796, 20.947101044459501 ], [ 92.256769785665895, 20.947192601232899 ], [ 92.257462742330304, 20.946776076824801 ], [ 92.257117526316307, 20.9481467516005 ], [ 92.257519757517798, 20.948115033934599 ], [ 92.258875029364802, 20.946786999495401 ], [ 92.259079520420798, 20.948297853564899 ], [ 92.260379389257096, 20.948243146933201 ] ] ] } },
{ "type": "Feature", "properties": { "n_partners": 40, "n_donors": 55, "n_activities": 440, "sector_detail": [ { "sector": "Education", "n_partners": 4 }, { "sector": "Food Security", "n_partners": 10 }, { "sector": "Health", "n_partners": 6 }, { "sector": "Livelihoods and Skills Development", "n_partners": 3 }, { "sector": "Nutrition", "n_partners": 2 }, { "sector": "Protection", "n_partners": 17 }, { "sector": "Shelter-CCCM", "n_partners": 0 }, { "sector": "WASH", "n_partners": 5 } ], "thin_sectors": [ "Nutrition", "Shelter-CCCM" ], "below_median": false, "partners": [ "AAB", "ACF", "ANANDO", "Anando", "BDRCS", "BGS", "BLAST", "BNWLA", "BRAC", "Bandhu", "CAID", "CNRS", "CODEC", "CWW", "DSK", "DSS", "FIVDB", "GUK", "HI", "IOM", "IPAS", "JCF", "MG", "MoSW", "Mukti", "NABOLOK", "NGOF", "NRC", "Nabolok", "PULSE", "Plan", "Pulse", "RDRS", "RTMI", "SHED", "Shushilan", "Uttaran", "WHO", "WVI", "YPSA" ], "donors": [ "(blank)", "0", "AHP", "BMZ", "BMZ (Germany)", "BMZ - WHH", "BPRM", "BPRM, ECHO", "CANADA.IOM", "CERP,FCDO, GAC", "DFAT", "DFAT, ECHO,GAC, SIDA", "DFAT-AHP", "Diakonie Katastrophenhilfe- Germany {Back Donor: German Federal Foreign Office (GFFO}", "ECHO", "ECHO (BDFM2211)", "ECHO, DUTCH, FCDO, BPRM", "ECHO, SAFE+ 2", "ECHO,PRM,GAC,JAPAN", "ELCA", "Embassy of Kingdom of Netherland", "GAC", "GAC, UNHCR", "GFFO", "GFFO (BDFM2210)", "GFFO, DKH", "GFFO, WHH", "GUK", "HELVETAS", "JAPAN", "JTS", "Japan, PRM", "Japan, PRM, DFAT, ECHO", "Japan, PRM, FCDO, ECHO", "Japan. PRM", "MedGlobal", "Multi Donor", "NMFA (BDFM2301)", "NMFA (BDFM2401)", "NMFA Flexi (BDFM2313)", "NRC", "New Zealand MFAT", "PRM", "PRM, FCDO", "PRM,JAPAN,ROK,ECHO", "SIDA", "SIDA (BDFM2405)", "UNHCR", "USAID, World Bank, Multi-donor", "USDOS BPRM, ECHO, NORAD, SIDA ", "USG/ BPRM", "WB", "WHH & GFFO", "World Bank", "World Bank " ], "camp_name": "Camp 24", "camp_ssid": "CXB-233", "camp_alias": "Leda" }, "geometry": { "type": "Polygon", "coordinates": [ [ [ 92.242509226014107, 20.968492481090401 ], [ 92.242205373942895, 20.970654289825099 ], [ 92.241748631619899, 20.9713668696787 ], [ 92.241991596686603, 20.972737692088899 ], [ 92.241487749254702, 20.973108351767301 ], [ 92.242995606019093, 20.974015062872699 ], [ 92.242689232589498, 20.974906854107999 ], [ 92.243118026974798, 20.9757689922548 ], [ 92.243835887601506, 20.9755612967536 ], [ 92.244399635393293, 20.9765156961004 ], [ 92.245496384918695, 20.976989043196099 ], [ 92.246142677829695, 20.976725493317598 ], [ 92.246541507495806, 20.977202193042601 ], [ 92.249998485706996, 20.9765350669417 ], [ 92.249470273559197, 20.975698630434 ], [ 92.253223850989698, 20.9757567270625 ], [ 92.254081102188806, 20.973397437458299 ], [ 92.254500838918503, 20.973288933799701 ], [ 92.254664031246506, 20.972710170315299 ], [ 92.253914989220107, 20.9726902600815 ], [ 92.253760605012104, 20.971222732232 ], [ 92.253177636866397, 20.971317909650899 ], [ 92.253227605996301, 20.969278474351398 ], [ 92.252706504642205, 20.969356997751799 ], [ 92.252963486104093, 20.9691571220513 ], [ 92.252892101737501, 20.9678579366918 ], [ 92.251707129870994, 20.967643784880199 ], [ 92.251778513340298, 20.9669180488381 ], [ 92.251350211129605, 20.9668109725907 ], [ 92.252465838109202, 20.963706872093901 ], [ 92.252178787851804, 20.963637611344801 ], [ 92.2513861400205, 20.965097415428598 ], [ 92.249285483383503, 20.9672855230903 ], [ 92.248382224619206, 20.966835720092199 ], [ 92.247618692366899, 20.967200145392301 ], [ 92.246076853503595, 20.966694614615299 ], [ 92.245795997791603, 20.967452949232701 ], [ 92.2444739643595, 20.967876590577401 ], [ 92.244066749403103, 20.968373880108299 ], [ 92.2436091097576, 20.968287362781101 ], [ 92.243485400110799, 20.9676671654328 ], [ 92.242976409302202, 20.968116120904298 ], [ 92.242316857444607, 20.967782920809601 ], [ 92.242026269054193, 20.96812732139 ], [ 92.242509226014107, 20.968492481090401 ] ] ] } },
{ "type": "Feature", "properties": { "n_partners": 33, "n_donors": 37, "n_activities": 456, "sector_detail": [ { "sector": "Education", "n_partners": 4 }, { "sector": "Food Security", "n_partners": 6 }, { "sector": "Health", "n_partners": 7 }, { "sector": "Livelihoods and Skills Development", "n_partners": 3 }, { "sector": "Nutrition", "n_partners": 2 }, { "sector": "Protection", "n_partners": 13 }, { "sector": "Shelter-CCCM", "n_partners": 0 }, { "sector": "WASH", "n_partners": 5 } ], "thin_sectors": [ "Nutrition", "Shelter-CCCM" ], "below_median": false, "partners": [ "AAB", "ACF", "ACTED", "Agrajattra", "BDRCS", "BGS", "BLAST", "BRAC", "BTS", "Bandhu", "Basmah", "CAID", "CNRS", "CODEC", "CWW", "DSS", "Friendship", "GUK", "HI", "IPAS", "JCF", "MoSW", "Mukti", "NABOLOK", "NGOF", "NRC", "Nabolok", "SCI", "SHED", "TDH", "TdH", "WHO", "YPSA" ], "donors": [ "(blank)", "0", "BASMAH USA INC", "BPRC", "BPRM", "CANADA.IOM", "DANIDA", "DANIDA SPA", "Diakonie Katastrophenhilfe- Germany {Back Donor: German Federal Foreign Office (GFFO}", "ECHO", "ECHO (BDFM2211)", "ECHO-HIP 23", "ECW", "FCDO (BDFM2314)", "FR", "GAC", "GAC, UNHCR", "GFFO", "GFFO (BDFM2210)", "GFFO, DKH", "GUK", "IOM", "KFW", "Multi Donor", "N/A", "NMFA (BDFM2301)", "NMFA (BDFM2401)", "NMFA Flexi (BDFM2313)", "SIDA", "SIDA (BDFM2405)", "Telethon", "UNHCR", "USAID, World Bank, Multi-donor", "USDOS BPRM, ECHO, NORAD, SIDA ", "USG/ BPRM", "World Bank", "World Bank " ], "camp_name": "Camp 26", "camp_ssid": "CXB-025", "camp_alias": "Nayapara" }, "geometry": { "type": "Polygon", "coordinates": [ [ [ 92.243721911358705, 20.968368123838399 ], [ 92.245795997791603, 20.967452949232701 ], [ 92.246144667424304, 20.966686286911798 ], [ 92.247618692366899, 20.967200145392301 ], [ 92.247767254137401, 20.967197421923199 ], [ 92.248210649808499, 20.966853908287099 ], [ 92.248382224619206, 20.966835720092199 ], [ 92.249285483383503, 20.9672855230903 ], [ 92.2513861400205, 20.965097415428598 ], [ 92.253346227679799, 20.961505133328401 ], [ 92.255320851289696, 20.961524984528801 ], [ 92.255583565076805, 20.960188108378102 ], [ 92.255231639389905, 20.960034269255299 ], [ 92.255571813090398, 20.9583920386677 ], [ 92.256212706811098, 20.958429444419501 ], [ 92.256403485692104, 20.956812367762002 ], [ 92.254940265156307, 20.9566724907835 ], [ 92.255008240503997, 20.956356251279399 ], [ 92.255484387695006, 20.9562594087663 ], [ 92.255567360854997, 20.955948999778801 ], [ 92.255204659927301, 20.9558823677364 ], [ 92.255922101064996, 20.954202630668298 ], [ 92.256622553575099, 20.954270823977399 ], [ 92.256586276849802, 20.953371818824699 ], [ 92.256318272651399, 20.953300107759301 ], [ 92.257247320964794, 20.951103470467 ], [ 92.258251271082401, 20.951358847046201 ], [ 92.258598181534296, 20.950651756892398 ], [ 92.259279552827294, 20.9506517572683 ], [ 92.259791777002903, 20.949430985712599 ], [ 92.259241380188698, 20.9493186306951 ], [ 92.259479591541705, 20.9487459328783 ], [ 92.259048456712605, 20.948445241648699 ], [ 92.258956224686301, 20.946835164361101 ], [ 92.257229116885995, 20.948223734394698 ], [ 92.257462742330304, 20.946776076824801 ], [ 92.256769785665895, 20.947192601232899 ], [ 92.256331266383796, 20.947101044459501 ], [ 92.256112091591703, 20.946651861288 ], [ 92.2565617760837, 20.946195493523501 ], [ 92.255105995643902, 20.945689017068499 ], [ 92.255560385332203, 20.943418677351598 ], [ 92.254608576713096, 20.943274791602899 ], [ 92.2546348152013, 20.942580307562299 ], [ 92.253371837938701, 20.942607086218999 ], [ 92.253065610405002, 20.943264444212598 ], [ 92.253283331456302, 20.943735576511699 ], [ 92.253561728176393, 20.943635639163201 ], [ 92.253957908581398, 20.944021113082901 ], [ 92.253554600412699, 20.944743988405602 ], [ 92.252339399080597, 20.945360868000801 ], [ 92.251580946017697, 20.946764750112401 ], [ 92.250968235126606, 20.9467141874796 ], [ 92.251229215634893, 20.947337926557001 ], [ 92.250823641941693, 20.947986639692001 ], [ 92.249375669352105, 20.9488098929172 ], [ 92.249774228962707, 20.950035315259299 ], [ 92.248963393643606, 20.9502488718609 ], [ 92.248885202114906, 20.950619063228199 ], [ 92.249760106453905, 20.951232503281599 ], [ 92.250218583449794, 20.951150849550402 ], [ 92.251126840949198, 20.951619329854999 ], [ 92.251068394232405, 20.951858127181399 ], [ 92.250831097878901, 20.952239574242501 ], [ 92.249130275434993, 20.952922962599501 ], [ 92.248932818105999, 20.953314311204799 ], [ 92.248165712283907, 20.9529236637228 ], [ 92.247920735471098, 20.954000459278301 ], [ 92.249467198908306, 20.954868584921201 ], [ 92.2498524386517, 20.954692215799099 ], [ 92.249836324701803, 20.954079240552201 ], [ 92.249499728713602, 20.9537883143012 ], [ 92.249680047769402, 20.9534709405611 ], [ 92.250798024185201, 20.953444491679399 ], [ 92.2507499390574, 20.952941982923299 ], [ 92.251290895187296, 20.952598161579498 ], [ 92.253226316440504, 20.9526510570056 ], [ 92.253136869006696, 20.953790465984099 ], [ 92.253796017801506, 20.954298354072002 ], [ 92.2534643066911, 20.9553573898738 ], [ 92.252583655928106, 20.955651362625701 ], [ 92.2528522865707, 20.955976649371401 ], [ 92.251881577762006, 20.957694944277801 ], [ 92.251363795371105, 20.957416564171801 ], [ 92.250551226227401, 20.9576181390028 ], [ 92.251032204399806, 20.958899433779699 ], [ 92.249392013725497, 20.9593180508766 ], [ 92.248261662613999, 20.960833422489198 ], [ 92.247377883331794, 20.960847271322201 ], [ 92.246891118373796, 20.959659734144299 ], [ 92.247099118237898, 20.958607239586701 ], [ 92.248280052799501, 20.957751375755201 ], [ 92.247392495058605, 20.9570485489959 ], [ 92.247092682885693, 20.957805216998601 ], [ 92.246220335761905, 20.9582620270861 ], [ 92.2460576168816, 20.959297139275499 ], [ 92.244831966192606, 20.9606105297675 ], [ 92.245869311035094, 20.96122015676 ], [ 92.246602608175394, 20.9611408132163 ], [ 92.247552287459996, 20.961563978361198 ], [ 92.247702147909607, 20.962019227453201 ], [ 92.247185865030104, 20.962120705942599 ], [ 92.246636189687706, 20.963704029781301 ], [ 92.2470898971022, 20.964175953392299 ], [ 92.247036436106598, 20.964687294686499 ], [ 92.246827064594797, 20.964822630879301 ], [ 92.2466261098225, 20.964293432562499 ], [ 92.2460746428372, 20.964035983465699 ], [ 92.246075331470493, 20.963167810859598 ], [ 92.245447604710705, 20.962585690461299 ], [ 92.245618592316802, 20.962111328162301 ], [ 92.244716171445305, 20.961900550122198 ], [ 92.242632422677602, 20.9666061462896 ], [ 92.242900646769797, 20.967502982010998 ], [ 92.243553927643404, 20.9677014288546 ], [ 92.243721911358705, 20.968368123838399 ] ] ] } },
{ "type": "Feature", "properties": { "n_partners": 21, "n_donors": 15, "n_activities": 272, "sector_detail": [ { "sector": "Education", "n_partners": 1 }, { "sector": "Food Security", "n_partners": 4 }, { "sector": "Health", "n_partners": 5 }, { "sector": "Livelihoods and Skills Development", "n_partners": 2 }, { "sector": "Nutrition", "n_partners": 2 }, { "sector": "Protection", "n_partners": 8 }, { "sector": "Shelter-CCCM", "n_partners": 0 }, { "sector": "WASH", "n_partners": 1 } ], "thin_sectors": [ "Education", "Livelihoods and Skills Development", "Nutrition", "Shelter-CCCM", "WASH" ], "below_median": true, "partners": [ "AAB", "ACF", "BDRCS", "BLAST", "BRAC", "BTS", "Bandhu", "CAID", "CNRS", "CODEC", "CWW", "GK", "GUK", "HI", "Mukti", "NGOF", "RHU", "RTMI", "SCI", "SHED", "WHO" ], "donors": [ "(blank)", "0", "BPRM", "FR", "FR, GAC", "GAC", "GAC, FR", "GAC, UNHCR", "GUK", "N/A", "Telethon", "UNHCR", "USAID, World Bank, Multi-donor", "USDOS BPRM, ECHO, NORAD, SIDA ", "USG/ BPRM" ], "camp_name": "Nayapara RC", "camp_ssid": "CXB-089", "camp_alias": null }, "geometry": { "type": "MultiPolygon", "coordinates": [ [ [ [ 92.248562040927894, 20.960242211524999 ], [ 92.248994837226604, 20.960162241281001 ], [ 92.249392013725497, 20.9593180508766 ], [ 92.251032204399806, 20.958899433779699 ], [ 92.250551226227401, 20.9576181390028 ], [ 92.251363795371105, 20.957416564171801 ], [ 92.251881577762006, 20.957694944277801 ], [ 92.2528522865707, 20.955976649371401 ], [ 92.252583655928106, 20.955651362625701 ], [ 92.2534643066911, 20.9553573898738 ], [ 92.253796017801506, 20.954298354072002 ], [ 92.253136869006696, 20.953790465984099 ], [ 92.253226316440504, 20.9526510570056 ], [ 92.251290895187296, 20.952598161579498 ], [ 92.2507499390574, 20.952941982923299 ], [ 92.250798024185201, 20.953444491679399 ], [ 92.249559835067004, 20.9535502839014 ], [ 92.249836324701803, 20.954079240552201 ], [ 92.249610465951505, 20.955859042960199 ], [ 92.249899632968393, 20.9566419564405 ], [ 92.249497502758402, 20.956621628119802 ], [ 92.249319857730399, 20.957098517296 ], [ 92.247623404666001, 20.958143876052301 ], [ 92.246927182293902, 20.959104330120599 ], [ 92.246951226043194, 20.960162241307 ], [ 92.247377883331794, 20.960847271322201 ], [ 92.248261662613999, 20.960833422489198 ], [ 92.248562040927894, 20.960242211524999 ] ] ], [ [ [ 92.246636189687706, 20.963704029781301 ], [ 92.247185865030104, 20.962120705942599 ], [ 92.247702147909607, 20.962019227453201 ], [ 92.247552287459996, 20.961563978361198 ], [ 92.246013567303706, 20.961114364843599 ], [ 92.245220164745703, 20.961881352576398 ], [ 92.245618592316802, 20.962111328162301 ], [ 92.245447604710705, 20.962585690461299 ], [ 92.246075331470493, 20.963167810859598 ], [ 92.2460746428372, 20.964035983465699 ], [ 92.246913594145795, 20.964823013148798 ], [ 92.2470898971022, 20.964175953392299 ], [ 92.246636189687706, 20.963704029781301 ] ] ] ] } },
{ "type": "Feature", "properties": { "n_partners": 27, "n_donors": 34, "n_activities": 394, "sector_detail": [ { "sector": "Education", "n_partners": 2 }, { "sector": "Food Security", "n_partners": 4 }, { "sector": "Health", "n_partners": 5 }, { "sector": "Livelihoods and Skills Development", "n_partners": 1 }, { "sector": "Nutrition", "n_partners": 2 }, { "sector": "Protection", "n_partners": 15 }, { "sector": "Shelter-CCCM", "n_partners": 0 }, { "sector": "WASH", "n_partners": 2 } ], "thin_sectors": [ "Education", "Livelihoods and Skills Development", "Nutrition", "Shelter-CCCM", "WASH" ], "below_median": true, "partners": [ "ACF", "BDRCS", "BITA", "BLAST", "BRAC", "BTS", "CODEC", "CWW", "DSS", "FLI", "Friendship", "GUK", "HI", "IOM", "IPAS", "JCF", "MoSW", "Mukti", "NGOF", "NRC", "Nowzuwan", "Plan", "RIC", "SCI", "SHED", "WHO", "WVI" ], "donors": [ "(blank)", "0", "AUB31 and USB58", "BPRM", "CERP,FCDO, GAC", "DFAT, ECHO,GAC, SIDA", "ECHO", "ECHO (BDFM2211)", "ECHO, BPRM, JAPAN", "ECHO, DUTCH, FCDO, BPRM", "ECHO, SAFE+ 2", "ECHO,PRM,GAC,JAPAN", "ECHO-HIP 23", "ECHO-Temp", "ECW", "GFFO", "IOM", "Japan Platform", "Japan, PRM", "Japan, PRM, FCDO, ECHO", "Japan. PRM", "KFW", "Kingdom of the Netherlands", "Multi Donor", "New Zealand MFAT", "PRM", "PRM,JAPAN,ROK,ECHO", "SCI", "UNHCR", "UNICEF", "USAID, World Bank, Multi-donor", "USB58", "USDOS BPRM, ECHO, NORAD, SIDA ", "World Bank" ], "camp_name": "Camp 20", "camp_ssid": "CXB-216", "camp_alias": null }, "geometry": { "type": "Polygon", "coordinates": [ [ [ 92.137424460515206, 21.195851668605101 ], [ 92.138589737905306, 21.1957900276565 ], [ 92.139667465502995, 21.194854619613999 ], [ 92.141181983920603, 21.194595614758899 ], [ 92.141194957403101, 21.194160376831899 ], [ 92.141618542456499, 21.1943283698633 ], [ 92.141732341909204, 21.193827334802499 ], [ 92.142448424361206, 21.1933869081472 ], [ 92.142792517576297, 21.1924176126238 ], [ 92.142213452519997, 21.1922065935806 ], [ 92.141985977474704, 21.191698576343899 ], [ 92.142361153076806, 21.191257642648502 ], [ 92.142847764779603, 21.1912227647645 ], [ 92.142878408480101, 21.190841438391299 ], [ 92.143319440184101, 21.191065094217699 ], [ 92.1433150884843, 21.189845934061399 ], [ 92.143016456787393, 21.1898390850385 ], [ 92.143274574491301, 21.189522622682201 ], [ 92.143157051519395, 21.1889492877153 ], [ 92.143815154820402, 21.1885235632903 ], [ 92.143978004917599, 21.187531347430401 ], [ 92.144692192494503, 21.187538197458 ], [ 92.144188265229801, 21.1857721454056 ], [ 92.1432221967668, 21.1865137298328 ], [ 92.142549084020104, 21.186540371355498 ], [ 92.141879598662001, 21.1877892521725 ], [ 92.140151546420299, 21.1873697228841 ], [ 92.139305725825594, 21.187706038343201 ], [ 92.138853358421699, 21.187455281964901 ], [ 92.137942769862505, 21.187681676048499 ], [ 92.138057609400704, 21.188214426550601 ], [ 92.137320544252503, 21.189382600329299 ], [ 92.137251861523893, 21.190676699577299 ], [ 92.137678887677197, 21.191539435412299 ], [ 92.137148762222793, 21.1917613940543 ], [ 92.137021187027301, 21.1926841476369 ], [ 92.137452791088407, 21.193840870575698 ], [ 92.137424460515206, 21.195851668605101 ] ] ] } },
{ "type": "Feature", "properties": { "n_partners": 41, "n_donors": 74, "n_activities": 657, "sector_detail": [ { "sector": "Education", "n_partners": 11 }, { "sector": "Food Security", "n_partners": 7 }, { "sector": "Health", "n_partners": 9 }, { "sector": "Livelihoods and Skills Development", "n_partners": 4 }, { "sector": "Nutrition", "n_partners": 3 }, { "sector": "Protection", "n_partners": 21 }, { "sector": "Shelter-CCCM", "n_partners": 0 }, { "sector": "WASH", "n_partners": 1 } ], "thin_sectors": [ "Shelter-CCCM", "WASH" ], "below_median": false, "partners": [ "AAB", "ACF", "AMAN", "AWARD", "Agrajattra", "BDRCS", "BLAST", "BRAC", "Bandhu", "CDD", "COAST", "CODEC", "CWW", "DRC", "DSS", "EDAS", "ESDO", "Educo", "FIVDB", "Friendship", "GUK", "GlobalOne", "HEKS", "HI", "IOM", "IPAS", "JCF", "MHI", "MoSW", "Mukti", "NRC", "Plan", "RPN", "SAWAB", "SHED", "SKUS", "SONNE", "Safollomoy", "UNDP", "WHO", "WVI" ], "donors": [ "(blank)", "0", "AECID, Spain", "AUB31 and USB58", "Al-Imdaad Foundation-UK", "BPRM", "CERP,FCDO, GAC", "Child Fud Korea (CFK)", "Child Fund Korea", "Child Fund New Zealand", "Child Fund New Zealand and Child Fund Australia", "DANIDA", "DEVCO 2", "DFAT", "DFAT, ECHO,GAC, SIDA", "DFAT- AUSTRALIAN AID", "ECHO", "ECHO (BDFM2211)", "ECHO, DUTCH, FCDO, BPRM", "ECHO, FCDO", "ECHO, SAFE+ 2", "ECHO-Temp", "ECW", "FCDO (BDFM2314)", "Friendship France", "GAC", "GAC & DFAT", "GFFO", "GFFO (BDFM2210)", "Global Affairs Canada", "Global Affairs Canada- GAC", "HEKS/EPER", "HHRD", "Helping Hand Relief and Development (HHRD)", "Humanity Rises", "IHH", "IOM", "IOM, Friendship France", "IRC", "JRCS", "JRCS, QRCS", "Japan, PRM", "Japan, PRM, DFAT, ECHO", "Japan, PRM, FCDO, ECHO", "Japan. PRM", "KFEW", "KFW", "KFW, FCDO, BPRM, DFAT", "Lego Foundation", "MFAT New Zealand", "MHI", "Multi Donor", "Muslim Hands International", "NAHAR", "NMFA", "NMFA (BDFM2301)", "NMFA (BDFM2401)", "NRC", "New Zealand MFAT", "PRM", "PRM, FCDO", "QRCS", "Royal Norwegian Embassy in Dhaka", "SIDA (BDFM2405)", "SONNE", "SONNE Austria", "UNHCR", "UNICEF", "USAID, World Bank, Multi-donor", "USB58", "USDOS BPRM, ECHO, NORAD, SIDA ", "WB", "World Bank", "humanity rises" ], "camp_name": "Camp 8E", "camp_ssid": "CXB-210", "camp_alias": "Jomer Chora" }, "geometry": { "type": "Polygon", "coordinates": [ [ [ 92.168636260348606, 21.200738755585402 ], [ 92.169160433935303, 21.200931659035401 ], [ 92.169382796973693, 21.200177652424799 ], [ 92.170233956231797, 21.1995544245781 ], [ 92.169131814600703, 21.199524560692002 ], [ 92.168664782265907, 21.1998386322546 ], [ 92.168428233412001, 21.1994003760224 ], [ 92.1689985134918, 21.199270342655002 ], [ 92.168522429996997, 21.1989916097864 ], [ 92.1688204915624, 21.198566295680099 ], [ 92.168400152711399, 21.198192412838399 ], [ 92.168290319902894, 21.197391472789199 ], [ 92.169009713044105, 21.1973501614535 ], [ 92.169897922611497, 21.196689168312599 ], [ 92.169014193036901, 21.1961021716053 ], [ 92.169133316554195, 21.195520485099099 ], [ 92.170818069537503, 21.1952991595595 ], [ 92.170942751616295, 21.195055434116899 ], [ 92.169491023553505, 21.194673836873999 ], [ 92.168103461234395, 21.192834620824598 ], [ 92.169664360496299, 21.1924802333427 ], [ 92.168415043183401, 21.190790918610499 ], [ 92.166463517917705, 21.189569185508301 ], [ 92.165931997788206, 21.1900386768929 ], [ 92.1625461917303, 21.190881296748302 ], [ 92.162346607438394, 21.191470746893799 ], [ 92.161974204461202, 21.191517904945201 ], [ 92.162125574522904, 21.1924231201018 ], [ 92.159022949663196, 21.195129815605402 ], [ 92.159323755048504, 21.1961702624751 ], [ 92.159746841370193, 21.196192133161201 ], [ 92.160445567484302, 21.197689151017901 ], [ 92.159698695466602, 21.198916788401402 ], [ 92.159912593476903, 21.199005637955199 ], [ 92.159676755864297, 21.199851614051799 ], [ 92.161876124945906, 21.199862074325299 ], [ 92.1624140943876, 21.198866097893301 ], [ 92.162843841423594, 21.198666872006999 ], [ 92.163124854653304, 21.198817622613099 ], [ 92.1632835512318, 21.199797338633498 ], [ 92.164635924069998, 21.199600590005499 ], [ 92.165409975043602, 21.200095886547199 ], [ 92.166100634900502, 21.199983099740901 ], [ 92.167346187111406, 21.2014108537685 ], [ 92.168353945758795, 21.201199316126601 ], [ 92.168636260348606, 21.200738755585402 ] ] ] } },
{ "type": "Feature", "properties": { "n_partners": 26, "n_donors": 31, "n_activities": 335, "sector_detail": [ { "sector": "Education", "n_partners": 3 }, { "sector": "Food Security", "n_partners": 6 }, { "sector": "Health", "n_partners": 4 }, { "sector": "Livelihoods and Skills Development", "n_partners": 5 }, { "sector": "Nutrition", "n_partners": 3 }, { "sector": "Protection", "n_partners": 12 }, { "sector": "Shelter-CCCM", "n_partners": 0 }, { "sector": "WASH", "n_partners": 3 } ], "thin_sectors": [ "Shelter-CCCM" ], "below_median": true, "partners": [ "AAB", "ACF", "ACTED", "BDRCS", "BLAST", "BRAC", "CNRS", "COAST", "CODEC", "CWW", "Caritas", "DSS", "GK", "HI", "Help Cox", "IRC", "MoSW", "NGOF", "NRC", "OPCA", "PHALS", "RTMI", "SCI", "Shushilan", "TDH", "WHO" ], "donors": [ "(blank)", "0", "BRAC", "CCODP", "Caritas New Zealand", "Catholic Relief Service", "Catholic Relief Service ", "DFAT", "DFAT-AHP", "ECHO (BDFM2211)", "ECW", "Embassy of Kingdom of Netherland", "FR", "GAC", "GAC  and DFAT", "GAC & DFAT", "GFFO", "GFFO (BDFM2210)", "Global Affairs Canada", "Global Affairs Canada- GAC", "Japan and other", "KFW", "Multi Donor", "SIDA", "Sida", "UNHCR", "USAID, World Bank, Multi-donor", "USDOS BPRM, ECHO, NORAD, SIDA ", "World Bank", "World Bank ", "World Bank & Multi Donor" ], "camp_name": "Camp 4 Extension", "camp_ssid": "CXB-232", "camp_alias": null }, "geometry": { "type": "Polygon", "coordinates": [ [ [ 92.137965021901394, 21.2129617363588 ], [ 92.138863839848995, 21.212217217967702 ], [ 92.138159250871794, 21.211685773092999 ], [ 92.137711942863604, 21.209203733556201 ], [ 92.139247195266094, 21.2043231844332 ], [ 92.138956816514295, 21.202748847298899 ], [ 92.139330134790896, 21.201778650358001 ], [ 92.138706457444201, 21.200959185995799 ], [ 92.136806905198796, 21.200701438169499 ], [ 92.135662768302893, 21.201940617162499 ], [ 92.134505548312902, 21.201975285746201 ], [ 92.134484883390201, 21.202370426670701 ], [ 92.134927839552603, 21.2025028319316 ], [ 92.134873300526294, 21.203275998709099 ], [ 92.134408042940393, 21.203963771477699 ], [ 92.133682845199203, 21.204203407730699 ], [ 92.133660805580803, 21.2051771834651 ], [ 92.133907311182497, 21.205925917797099 ], [ 92.134711464867394, 21.206269639801999 ], [ 92.134750651993102, 21.206977623268799 ], [ 92.135211214455893, 21.207325318571399 ], [ 92.135200110426396, 21.207696145457302 ], [ 92.134288782715103, 21.208496053679401 ], [ 92.134267494591398, 21.2088474967174 ], [ 92.135383444825806, 21.209502626060601 ], [ 92.134962094161196, 21.211365193045499 ], [ 92.136761668014202, 21.212563863036301 ], [ 92.137261798601699, 21.212407156075901 ], [ 92.137965021901394, 21.2129617363588 ] ] ] } },
{ "type": "Feature", "properties": { "n_partners": 40, "n_donors": 57, "n_activities": 584, "sector_detail": [ { "sector": "Education", "n_partners": 5 }, { "sector": "Food Security", "n_partners": 10 }, { "sector": "Health", "n_partners": 8 }, { "sector": "Livelihoods and Skills Development", "n_partners": 5 }, { "sector": "Nutrition", "n_partners": 3 }, { "sector": "Protection", "n_partners": 20 }, { "sector": "Shelter-CCCM", "n_partners": 0 }, { "sector": "WASH", "n_partners": 7 } ], "thin_sectors": [ "Shelter-CCCM" ], "below_median": false, "partners": [ "AAB", "ACF", "ACTED", "BDRCS", "BITA", "BLAST", "BRAC", "Bandhu", "CARITAS", "CNRS", "CODEC", "CWW", "Caritas", "DSS", "GH", "GK", "GUK", "HI", "Hope", "IPAS", "IRC", "IRW", "MoSW", "Mukti", "NGOF", "NRC", "Oxfam", "Plan", "Prantic", "Prottyashi", "RF", "RTMI", "SCI", "SKUS", "Shushilan", "TDH", "UN Women", "UNHCR", "WHO", "YPSA" ], "donors": [ "(blank)", "0", "4", "BPRM", "BPRM, GFFO", "CARITAS", "COTE", "CPI", "Caritas Italiana", "Caritas Spain", "DFAT", "ECHO", "ECHO (BDFM2211)", "ECW", "Embassy of Kingdom of Netherland", "FR", "GAC", "GAC & DFAT", "GFFO (BDFM2210)", "GPE", "HELVETAS", "HRF", "Human Relief Foundation, UK", "IR-USA", "IR-USA,IR-CANDA", "IR-USA,IR-Canada", "IsDB, Directrelief, The WB", "JRS", "Japan and other", "Maiya School", "Multi Donor", "N/A", "NMFA", "NMFA (BDFM2301)", "NMFA (BDFM2401)", "NMFA Flexi (BDFM2313)", "NZDRP", "OBAT Helpers Inc. USA", "OBAT, Canada", "Oxfam Hong Kong (OHK)", "Oxfam Hongkong", "Oxfam Hongkong (OHK)", "PRM", "Private Fund", "SC KOREA", "SIDA", "SIDA (BDFM2405)", "Sida", "UNHCR", "UNHCR Pool Fund", "UNHCR-Pool Fund", "USAID, World Bank, Multi-donor", "USDOS BPRM, ECHO, NORAD, SIDA ", "WB", "World Bank", "World Bank ", "World Bank & Multi Donor" ], "camp_name": "Camp 4", "camp_ssid": "CXB-206", "camp_alias": null }, "geometry": { "type": "Polygon", "coordinates": [ [ [ 92.145988497710306, 21.215269369296301 ], [ 92.146944406689499, 21.214181426028201 ], [ 92.147000855661403, 21.212990683290901 ], [ 92.146566591437605, 21.2122138295396 ], [ 92.146689828567801, 21.211343965602101 ], [ 92.146079731485997, 21.210396875131501 ], [ 92.145900676281798, 21.207780471374299 ], [ 92.147730049814001, 21.2058562360662 ], [ 92.148460684908301, 21.205844696903799 ], [ 92.147506381096406, 21.2025433494466 ], [ 92.146784819423502, 21.202202973650198 ], [ 92.146620903279299, 21.201568120116001 ], [ 92.146074553970195, 21.201642927444802 ], [ 92.145054339525501, 21.2025694619383 ], [ 92.145296180063497, 21.203241906862701 ], [ 92.1434709850692, 21.202962169670901 ], [ 92.142300856585294, 21.202094665321201 ], [ 92.1399550558356, 21.202310082547999 ], [ 92.139330134790896, 21.201778650358001 ], [ 92.138956816514295, 21.202748847298899 ], [ 92.139247195266094, 21.2043231844332 ], [ 92.137711942863604, 21.209203733556201 ], [ 92.138159250871794, 21.211685773092999 ], [ 92.138822362753999, 21.212167389872501 ], [ 92.139505567837901, 21.212108677264801 ], [ 92.139385840350997, 21.212856204208901 ], [ 92.140673081238901, 21.213518551244199 ], [ 92.140952333895399, 21.2145693513631 ], [ 92.143844516756303, 21.2145116357962 ], [ 92.144367521393605, 21.215046405608 ], [ 92.145988497710306, 21.215269369296301 ] ] ] } },
{ "type": "Feature", "properties": { "n_partners": 24, "n_donors": 38, "n_activities": 447, "sector_detail": [ { "sector": "Education", "n_partners": 2 }, { "sector": "Food Security", "n_partners": 4 }, { "sector": "Health", "n_partners": 5 }, { "sector": "Livelihoods and Skills Development", "n_partners": 2 }, { "sector": "Nutrition", "n_partners": 2 }, { "sector": "Protection", "n_partners": 13 }, { "sector": "Shelter-CCCM", "n_partners": 0 }, { "sector": "WASH", "n_partners": 1 } ], "thin_sectors": [ "Education", "Livelihoods and Skills Development", "Nutrition", "Shelter-CCCM", "WASH" ], "below_median": true, "partners": [ "ACF", "ACTED", "BDRCS", "BITA", "BLAST", "BRAC", "CODEC", "CWW", "Caritas", "DSS", "HI", "IOM", "MSF", "MoSW", "NGOF", "NRC", "Nowzuwan", "PULSE", "Prottyashi", "Pulse", "RIC", "SHED", "Shushilan", "WHO" ], "donors": [ "(blank)", "0", "CERP,FCDO, GAC", "Caritas Spain", "Caritas Spain ", "DFAT, ECHO,GAC, SIDA", "ECHO", "ECHO (BDFM2211)", "ECHO, DUTCH, FCDO, BPRM", "ECHO, SAFE+ 2", "ECHO,PRM,GAC,JAPAN", "ECHO- Temp", "ECW", "EU", "Embassy of Kingdom of Netherland", "FCDO", "GAC", "GFFO", "GPE", "IOM", "JRS", "JTS", "Japan, PRM", "Japan, PRM, FCDO, ECHO", "Japan. PRM", "KFW", "Kingdom of the Netherlands", "Multi Donor", "PRM", "PRM,JAPAN,ROK,ECHO", "TRC", "TRCS", "UNHCR", "UNICEF", "USAID, World Bank, Multi-donor", "USDOS BPRM, ECHO, NORAD, SIDA ", "WB", "World Bank" ], "camp_name": "Camp 20 Extension", "camp_ssid": "CXB-234", "camp_alias": null }, "geometry": { "type": "Polygon", "coordinates": [ [ [ 92.135431839852302, 21.200255042307798 ], [ 92.135951273005205, 21.198306708353101 ], [ 92.136461106521807, 21.1981665337164 ], [ 92.136978150123596, 21.198939106142198 ], [ 92.137591251441094, 21.1986872440479 ], [ 92.137630342191002, 21.197449610648999 ], [ 92.136902391505203, 21.197214053780598 ], [ 92.136992673853001, 21.196265309196601 ], [ 92.137436131820493, 21.195901961904699 ], [ 92.137452791088407, 21.193840870575698 ], [ 92.137039898138895, 21.192480927621499 ], [ 92.137148762222793, 21.1917613940543 ], [ 92.137698689321397, 21.1914212082959 ], [ 92.137251861523893, 21.190676699577299 ], [ 92.137320544252503, 21.189382600329299 ], [ 92.138057609400704, 21.188214426550601 ], [ 92.137889302441295, 21.1874474401451 ], [ 92.137535219019398, 21.187366115811301 ], [ 92.135989740667497, 21.187595640528599 ], [ 92.136126599577807, 21.188179951813002 ], [ 92.135097370920704, 21.187519792783299 ], [ 92.134576328238694, 21.187624727862399 ], [ 92.134683866909299, 21.1884683127732 ], [ 92.133721150595704, 21.1898161038478 ], [ 92.133331838195204, 21.1915282173631 ], [ 92.132130493185798, 21.191978328389901 ], [ 92.132128128033102, 21.192683979320201 ], [ 92.131495251674195, 21.193006464763599 ], [ 92.131728711890105, 21.193841700165098 ], [ 92.130786859974805, 21.194809341545799 ], [ 92.131002931062099, 21.195307106688499 ], [ 92.130128845995699, 21.1957320384711 ], [ 92.130314791640998, 21.196327670019901 ], [ 92.1298379347609, 21.198781352279202 ], [ 92.131513835228006, 21.199204791559499 ], [ 92.132240305113498, 21.200289892711101 ], [ 92.135052393339507, 21.200519184562602 ], [ 92.135431839852302, 21.200255042307798 ] ] ] } },
{ "type": "Feature", "properties": { "n_partners": 36, "n_donors": 52, "n_activities": 459, "sector_detail": [ { "sector": "Education", "n_partners": 8 }, { "sector": "Food Security", "n_partners": 7 }, { "sector": "Health", "n_partners": 4 }, { "sector": "Livelihoods and Skills Development", "n_partners": 3 }, { "sector": "Nutrition", "n_partners": 2 }, { "sector": "Protection", "n_partners": 17 }, { "sector": "Shelter-CCCM", "n_partners": 0 }, { "sector": "WASH", "n_partners": 2 } ], "thin_sectors": [ "Nutrition", "Shelter-CCCM", "WASH" ], "below_median": false, "partners": [ "AAB", "ACF", "BDRCS", "BLAST", "BRAC", "Bandhu", "CARE", "CNRS", "COAST", "CODEC", "CWW", "Caritas", "Cordaid", "DSS", "FRIENDSHIP", "Friendship", "GUK", "HFHB", "IOM", "JCF", "MoSW", "Mukti", "NGOF", "NRC", "Oxfam", "PULSE", "Prottyashi", "Pulse", "RIC", "RPN", "RTMI", "SAWAB", "SCI", "WHO", "WVI", "YPSA" ], "donors": [ "(blank)", "0", "Austrialian Aid", "CERP,FCDO, GAC", "CI Internationalis", "Caritas ", "Caritas Denmark ", "Caritas Germany", "Caritas Germany, Caritas Spain ", "Caritas Spain", "DFAT", "DFAT - AHP", "DFAT IV", "DFAT, ECHO,GAC, SIDA", "DFAT- AHP", "DFAT-AHP", "ECHO (BDFM2211)", "ECHO, DUTCH, FCDO, BPRM", "ECHO, SAFE+ 2", "ECHO,PRM,GAC,JAPAN", "ECHO- Temp", "ECW", "GFFO", "German Red Cross", "HFHI", "Hayrat Humanitarian Aid Association,Turkiye", "IFRC", "IOM", "JTS", "KFW", "KFW, FCDO, BPRM, DFAT", "KOICA", "Multi Donor", "NAHAR", "NMFA", "OXFAM", "PRM", "PRM,JAPAN,ROK,ECHO", "QRC", "QRCS", "SDC", "SIDA", "TAJ AND JAKIR SAYED", "UNHCR", "USAID", "USAID, World Bank, Multi-donor", "USDOS BPRM, ECHO, NORAD, SIDA ", "WB", "WFP", "World Bank", "World Bank ", "YERYUZU DOKTORLARI, Humanity Rises" ], "camp_name": "Camp 19", "camp_ssid": "CXB-219", "camp_alias": "Tasnimarkhola" }, "geometry": { "type": "Polygon", "coordinates": [ [ [ 92.137942769862505, 21.187681676048499 ], [ 92.138853358421699, 21.187455281964901 ], [ 92.139305725825594, 21.187706038343201 ], [ 92.140151546420299, 21.1873697228841 ], [ 92.141879598662001, 21.1877892521725 ], [ 92.142549084020104, 21.186540371355498 ], [ 92.1432221967668, 21.1865137298328 ], [ 92.144676243371194, 21.1849283790588 ], [ 92.144712576837705, 21.1835423213338 ], [ 92.145793943568506, 21.183961727702499 ], [ 92.146084278482704, 21.183635419943101 ], [ 92.146315227455801, 21.183990374692499 ], [ 92.147387390790897, 21.184183378943398 ], [ 92.1481146513201, 21.181796106885098 ], [ 92.147410149730703, 21.179849014464899 ], [ 92.147562843395903, 21.179298779817 ], [ 92.148635481506005, 21.1785127424669 ], [ 92.148373041921303, 21.176252907711199 ], [ 92.147853534313001, 21.1771901675206 ], [ 92.147040387870206, 21.1777167169856 ], [ 92.145131112455203, 21.1771151410729 ], [ 92.144056649419298, 21.179914773663 ], [ 92.141093957125605, 21.181614596114802 ], [ 92.140754277600905, 21.182867557483299 ], [ 92.138820081882301, 21.1831790007239 ], [ 92.135144726243198, 21.185024769922698 ], [ 92.134796075932897, 21.1874600456864 ], [ 92.136126599577807, 21.188179951813002 ], [ 92.135989740667497, 21.187595640528599 ], [ 92.137535219019398, 21.187366115811301 ], [ 92.137942769862505, 21.187681676048499 ] ] ] } },
{ "type": "Feature", "properties": { "n_partners": 39, "n_donors": 51, "n_activities": 556, "sector_detail": [ { "sector": "Education", "n_partners": 9 }, { "sector": "Food Security", "n_partners": 4 }, { "sector": "Health", "n_partners": 10 }, { "sector": "Livelihoods and Skills Development", "n_partners": 4 }, { "sector": "Nutrition", "n_partners": 3 }, { "sector": "Protection", "n_partners": 17 }, { "sector": "Shelter-CCCM", "n_partners": 0 }, { "sector": "WASH", "n_partners": 1 } ], "thin_sectors": [ "Shelter-CCCM", "WASH" ], "below_median": false, "partners": [ "AAB", "ACF", "ACTED", "AWARD", "BDRCS", "BLAST", "BNKS", "BRAC", "Bandhu", "CNRS", "CODEC", "CWW", "DSS", "EDAS", "FH", "FRIENDSHIP", "Friendship", "GK", "HI", "IOM", "IPAS", "JCF", "JSUS", "MSF", "MoSW", "Mukti", "NGOF", "NRC", "PULSE", "Plan", "Pulse", "RHU", "RTMI", "SAWAB", "SCI", "SHED", "Safollomoy", "WHO", "YPSA" ], "donors": [ "(blank)", "0", "BPRM", "BRAC", "CANADA.IOM", "DEVCO", "DFAT", "DFAT-AHP", "ECHO (BDFM2211)", "ECHO- Temp", "ECW", "EU", "FCDO (BDFM2314)", "FR", "Friendship Ferance", "Friendship France", "GAC", "GFFO (BDFM2210)", "GPE", "Global Affairs Canada", "Global Affairs Canada- GAC", "HHRD", "Helping Hand Relief and Development (HHRD)", "IFRC", "INTPA", "IOM", "JPF", "JSUS", "KFW", "Multi Donor", "NMFA", "NMFA (BDFM2301)", "NMFA (BDFM2401)", "NMFA Flexi (BDFM2313)", "NMFA/SIDA", "PRM", "SADAQA Welfare Fund", "SC Switzerland", "SIDA", "SIDA (BDFM2405)", "SIDA, NMFA", "Tearfund", "UNHCR", "UNICEF", "US-Government", "USAID, World Bank, Multi-donor", "USDOS BPRM, ECHO, NORAD, SIDA ", "WB", "World Bank", "World Bank ", "World Bank & Multi Donor" ], "camp_name": "Camp 7", "camp_ssid": "CXB-207", "camp_alias": null }, "geometry": { "type": "Polygon", "coordinates": [ [ [ 92.168936006390695, 21.2082413211544 ], [ 92.170365133403294, 21.206836261903199 ], [ 92.170286284359307, 21.2038388572762 ], [ 92.170734516069601, 21.202884881465799 ], [ 92.170301338423997, 21.2011437072055 ], [ 92.168659536003901, 21.200726271200601 ], [ 92.168353945758795, 21.201199316126601 ], [ 92.167346187111406, 21.2014108537685 ], [ 92.166100634900502, 21.199983099740901 ], [ 92.165409975043602, 21.200095886547199 ], [ 92.164635924069998, 21.199600590005499 ], [ 92.1632835512318, 21.199797338633498 ], [ 92.163124854653304, 21.198817622613099 ], [ 92.162843841423594, 21.198666872006999 ], [ 92.1624140943876, 21.198866097893301 ], [ 92.161876124945906, 21.199862074325299 ], [ 92.160471860212397, 21.199778731376199 ], [ 92.159918808034007, 21.200253947406399 ], [ 92.159122414429604, 21.200077521651099 ], [ 92.159109695501201, 21.201248932468001 ], [ 92.158840644977303, 21.201598232811399 ], [ 92.159251146605698, 21.202682247955401 ], [ 92.159630665206194, 21.202771186788901 ], [ 92.159862291091201, 21.204011193741302 ], [ 92.161405266438805, 21.204648478436098 ], [ 92.162622084314904, 21.2045466263442 ], [ 92.162907920899698, 21.2048640033561 ], [ 92.162710011014894, 21.2055091462381 ], [ 92.164429221796297, 21.205139471293499 ], [ 92.165006811674402, 21.2055182838678 ], [ 92.165658774034299, 21.205189103030001 ], [ 92.166645411944302, 21.2060782867309 ], [ 92.167248934443293, 21.205848195675099 ], [ 92.167862293644006, 21.2067058020492 ], [ 92.167532905999494, 21.2075650547865 ], [ 92.168382633996899, 21.209397462500799 ], [ 92.168936006390695, 21.2082413211544 ] ] ] } },
{ "type": "Feature", "properties": { "n_partners": 24, "n_donors": 31, "n_activities": 374, "sector_detail": [ { "sector": "Education", "n_partners": 5 }, { "sector": "Food Security", "n_partners": 4 }, { "sector": "Health", "n_partners": 6 }, { "sector": "Livelihoods and Skills Development", "n_partners": 2 }, { "sector": "Nutrition", "n_partners": 2 }, { "sector": "Protection", "n_partners": 10 }, { "sector": "Shelter-CCCM", "n_partners": 0 }, { "sector": "WASH", "n_partners": 1 } ], "thin_sectors": [ "Livelihoods and Skills Development", "Nutrition", "Shelter-CCCM", "WASH" ], "below_median": true, "partners": [ "AAB", "ACF", "ACTED", "BDRCS", "BLAST", "BRAC", "Bandhu", "CARE", "CNRS", "CODEC", "CWW", "DGHS", "DSS", "FIVDB", "HI", "IOM", "JCF", "MoSW", "NRC", "QC", "SCI", "SHED", "WHO", "YPSA" ], "donors": [ "(blank)", "0", "AHP", "BMZ", "BMZ (Germany)", "BPRM", "BRAC", "ECHO", "ECHO (BDFM2211)", "ECW", "EU", "GAC", "GFFO (BDFM2210)", "GPE", "KFW", "Multi Donor", "NMFA (BDFM2301)", "NMFA (BDFM2401)", "NMFA Flexi (BDFM2313)", "PRM", "QCH", "SIDA (BDFM2405)", "UNHCR", "US-Government", "USAID, World Bank, Multi-donor", "USDOS BPRM, ECHO, NORAD, SIDA ", "USG/ BPRM", "WB", "WFP", "World Bank", "World Bank " ], "camp_name": "Camp 21", "camp_ssid": "CXB-108", "camp_alias": "Chakmarkul" }, "geometry": { "type": "MultiPolygon", "coordinates": [ [ [ [ 92.162911144327097, 21.132375953593399 ], [ 92.1629367915194, 21.1318858499464 ], [ 92.162471999749798, 21.131269958224902 ], [ 92.161871218504601, 21.1310863061398 ], [ 92.162684780350801, 21.1310367453151 ], [ 92.162745999510406, 21.130116720751399 ], [ 92.161512388595895, 21.129941336716399 ], [ 92.160645753046396, 21.131177651079799 ], [ 92.161447377970802, 21.131480944024499 ], [ 92.161752853899699, 21.131960032241899 ], [ 92.162317931904497, 21.1319213138866 ], [ 92.162360055115599, 21.132405350497301 ], [ 92.162911144327097, 21.132375953593399 ] ] ], [ [ [ 92.164232271853294, 21.132089955529199 ], [ 92.164979525908294, 21.1320536042935 ], [ 92.164778600709596, 21.131680483152302 ], [ 92.165377381342097, 21.131318644024599 ], [ 92.164681267137595, 21.1311735280112 ], [ 92.164609540231595, 21.130533374442798 ], [ 92.1653421724954, 21.1305830463481 ], [ 92.164400097709304, 21.129712078735299 ], [ 92.164082129150003, 21.1298680134996 ], [ 92.164344309770698, 21.1304174480656 ], [ 92.1640293437124, 21.130912494950898 ], [ 92.164392470203595, 21.131455835816499 ], [ 92.163444497284104, 21.132012756462199 ], [ 92.163751959629494, 21.132871794726299 ], [ 92.163196438473307, 21.133788451027002 ], [ 92.164082431217807, 21.1339839400034 ], [ 92.164232271853294, 21.132089955529199 ] ] ], [ [ [ 92.155278150669901, 21.135839796492601 ], [ 92.158154429880199, 21.135124305606301 ], [ 92.158088321422696, 21.135932384504301 ], [ 92.1590218043319, 21.136342303792102 ], [ 92.159396341577306, 21.135911157937699 ], [ 92.1600089435169, 21.1358737714196 ], [ 92.159623427396298, 21.134545229565401 ], [ 92.159062532322295, 21.134347936583001 ], [ 92.1595116011556, 21.134253069847698 ], [ 92.161189804675303, 21.132276374253799 ], [ 92.160186526696805, 21.132507470803699 ], [ 92.159971574253603, 21.1323011137906 ], [ 92.160143200463594, 21.132817259300399 ], [ 92.159900382367297, 21.133031261825199 ], [ 92.159035647358806, 21.132301439485801 ], [ 92.158938076359703, 21.131280405784601 ], [ 92.158050018064898, 21.131086187542699 ], [ 92.1580850462679, 21.130121846173701 ], [ 92.157100710831003, 21.1306426369691 ], [ 92.156827075461507, 21.1303817013236 ], [ 92.157022001494695, 21.1299486794445 ], [ 92.157764784801799, 21.130052864549398 ], [ 92.158057799850596, 21.129490745850301 ], [ 92.157957861647304, 21.1298359090807 ], [ 92.158443882056304, 21.129673861473499 ], [ 92.158536450394706, 21.129884680931099 ], [ 92.158338774314302, 21.130164578540199 ], [ 92.159260874220806, 21.130383341763999 ], [ 92.159637453350499, 21.130076352669299 ], [ 92.160421795182501, 21.130974547715301 ], [ 92.160598162118603, 21.130549418043199 ], [ 92.160262177227295, 21.129619133819201 ], [ 92.160742029377005, 21.129327472002601 ], [ 92.1608839654251, 21.1286368375828 ], [ 92.159978543118896, 21.128624919093099 ], [ 92.160146214313798, 21.129615400355 ], [ 92.158387282467601, 21.128662957363201 ], [ 92.157416338148195, 21.128623719966502 ], [ 92.158097648429404, 21.127763847176499 ], [ 92.157407730193697, 21.1278094497472 ], [ 92.1567732298506, 21.129185245381201 ], [ 92.156839686414799, 21.129779688980999 ], [ 92.155556083418105, 21.129343277371401 ], [ 92.154887210331793, 21.132403396094599 ], [ 92.155480076786006, 21.133321931988501 ], [ 92.156362340534102, 21.1336732390074 ], [ 92.156950625966701, 21.134743950664401 ], [ 92.155414125191697, 21.134965493916699 ], [ 92.154055267248694, 21.136149609445201 ], [ 92.154011179609995, 21.13680300963 ], [ 92.154828187215898, 21.136615328785702 ], [ 92.154757852946901, 21.136230286234099 ], [ 92.155278150669901, 21.135839796492601 ] ] ] ] } }
]
}
