{"type": "FeatureCollection", "features": [{"type": "Feature", "geometry": {"type": "Polygon", "coordinates": [[[-91.374208, 40.463993], [-91.369572, 40.47138], [-91.364915, 40.484168], [-91.36391, 40.490122], [-91.363879, 40.498062], [-91.366489, 40.506795], [-91.369059, 40.512532], [-91.384531, 40.530948], [-91.388067, 40.533069], [-91.400725, 40.536789], [-91.404125, 40.539127], [-91.406202, 40.542698], [-91.406851, 40.547557], [-91.405241, 40.554641], [-91.401482, 40.559458], [-91.379752, 40.57445], [-91.359873, 40.601805], [-91.353989, 40.606553], [-91.348733, 40.609695], [-91.339719, 40.613488], [-91.309077, 40.625433], [-91.276175, 40.63224], [-91.26636, 40.633588], [-91.256788, 40.637113], [-91.247851, 40.63839], [-91.218437, 40.638437], [-91.197906, 40.636107], [-91.185295, 40.637803], [-91.142984, 40.637535], [-91.02263, 40.634946], [-90.961517, 40.637256], [-90.913894, 40.637748], [-90.904216, 40.639201], [-90.905972, 40.565431], [-90.908832, 40.328467], [-90.911969, 40.193088], [-91.145298, 40.195537], [-91.397558, 40.199493], [-91.505061, 40.199925], [-91.507269, 40.209338], [-91.506947, 40.21555], [-91.504282, 40.224299], [-91.504289, 40.231712], [-91.506501, 40.236304], [-91.505828, 40.238839], [-91.502551, 40.244379], [-91.497496, 40.248236], [-91.490524, 40.259498], [-91.489969, 40.26234], [-91.492891, 40.269923], [-91.493061, 40.275262], [-91.490971, 40.283364], [-91.48245, 40.300583], [-91.471826, 40.31734], [-91.469656, 40.322409], [-91.466603, 40.334461], [-91.46214, 40.342414], [-91.444862, 40.363143], [-91.439342, 40.366569], [-91.426632, 40.371988], [-91.415695, 40.381381], [-91.413011, 40.382277], [-91.391613, 40.384038], [-91.384201, 40.38643], [-91.375712, 40.391925], [-91.372554, 40.4012], [-91.37245, 40.411475], [-91.373721, 40.417891], [-91.380965, 40.435395], [-91.381769, 40.442555], [-91.379907, 40.45211], [-91.374208, 40.463993]]]}, "properties": {"GEOID": "17067", "NAME": "Hancock", "top_species": [{"name": "Osage-orange", "volume": 4218461}, {"name": "Northern red oak", "volume": 2356656}, {"name": "White oak", "volume": 2171558}, {"name": "Black walnut", "volume": 1319917}, {"name": "American basswood", "volume": 690238}], "American basswood": 690238, "American sycamore": null, "Black cherry": 521059, "Black locust": null, "Black walnut": 1319917, "Boxelder": null, "Bur oak": 506113, "Butternut": 94506, "Common persimmon": null, "Eastern redcedar": 181750, "Northern red oak": 2356656, "Osage-orange": 4218461, "Red mulberry": 57155, "Shagbark hickory": 340168, "Sugar maple": 420960, "White oak": 2171558}}, {"type": "Feature", "geometry": {"type": "Polygon", "coordinates": [[[-88.697598, 38.708589], [-88.693531, 38.914617], [-88.579716, 38.915385], [-88.361745, 38.910847], [-88.361758, 38.852124], [-88.258583, 38.847529], [-88.257774, 38.730977], [-88.28351, 38.731807], [-88.282239, 38.731279], [-88.284106, 38.72814], [-88.285158, 38.727422], [-88.287058, 38.728012], [-88.286302, 38.726882], [-88.282581, 38.725786], [-88.28483, 38.724237], [-88.283572, 38.722981], [-88.286062, 38.720231], [-88.284925, 38.719696], [-88.281625, 38.720494], [-88.28621, 38.718304], [-88.286662, 38.717429], [-88.285738, 38.715874], [-88.282723, 38.716789], [-88.282294, 38.716227], [-88.282794, 38.714575], [-88.284918, 38.713647], [-88.283439, 38.712727], [-88.284275, 38.711127], [-88.2863, 38.711162], [-88.284158, 38.70974], [-88.284324, 38.70848], [-88.282343, 38.708122], [-88.286113, 38.707774], [-88.285799, 38.706506], [-88.284043, 38.705699], [-88.286207, 38.704969], [-88.286332, 38.704138], [-88.284122, 38.702684], [-88.286434, 38.701803], [-88.284901, 38.700481], [-88.285315, 38.698904], [-88.283228, 38.699234], [-88.282989, 38.696248], [-88.281918, 38.696413], [-88.28149, 38.695688], [-88.282074, 38.694905], [-88.28522, 38.6946], [-88.284059, 38.691802], [-88.281841, 38.690492], [-88.285133, 38.689125], [-88.285036, 38.688428], [-88.283685, 38.688511], [-88.284321, 38.687639], [-88.283924, 38.686285], [-88.281587, 38.683696], [-88.28455, 38.681632], [-88.281836, 38.679894], [-88.281096, 38.678181], [-88.278253, 38.675713], [-88.278149, 38.674394], [-88.279822, 38.672444], [-88.279561, 38.669859], [-88.276164, 38.669213], [-88.276155, 38.668032], [-88.274402, 38.666989], [-88.275055, 38.665782], [-88.272897, 38.665091], [-88.272297, 38.663558], [-88.27309, 38.662316], [-88.275933, 38.661603], [-88.274579, 38.660225], [-88.276615, 38.659298], [-88.273135, 38.657919], [-88.274202, 38.656179], [-88.276689, 38.655543], [-88.275352, 38.654568], [-88.279799, 38.653227], [-88.281804, 38.651151], [-88.284554, 38.650004], [-88.284333, 38.648615], [-88.291114, 38.643657], [-88.290305, 38.642975], [-88.287222, 38.643468], [-88.286858, 38.642805], [-88.293454, 38.641936], [-88.294135, 38.641139], [-88.293707, 38.639992], [-88.296038, 38.638379], [-88.29544, 38.636311], [-88.297536, 38.63478], [-88.288948, 38.629745], [-88.289418, 38.628139], [-88.292295, 38.627548], [-88.292142, 38.626201], [-88.287461, 38.624931], [-88.28454, 38.62656], [-88.280952, 38.624711], [-88.28318, 38.624078], [-88.28305, 38.622366], [-88.286165, 38.620879], [-88.286054, 38.619408], [-88.283628, 38.618774], [-88.282464, 38.616984], [-88.281001, 38.616853], [-88.278647, 38.617735], [-88.279549, 38.620505], [-88.278812, 38.620804], [-88.276495, 38.618742], [-88.278278, 38.616775], [-88.277028, 38.61577], [-88.27531, 38.616641], [-88.273434, 38.619492], [-88.270978, 38.619288], [-88.269133, 38.618003], [-88.271388, 38.616315], [-88.27205, 38.613672], [-88.271096, 38.611951], [-88.267097, 38.612711], [-88.265667, 38.611302], [-88.263024, 38.61061], [-88.263351, 38.608579], [-88.259969, 38.609427], [-88.259243, 38.608664], [-88.260609, 38.607514], [-88.260423, 38.606744], [-88.259046, 38.606351], [-88.257463, 38.607142], [-88.25277, 38.60574], [-88.251985, 38.605182], [-88.251991, 38.603742], [-88.249723, 38.602725], [-88.249089, 38.60157], [-88.251191, 38.599794], [-88.253144, 38.600582], [-88.253978, 38.599502], [-88.257465, 38.599137], [-88.364178, 38.602493], [-88.420076, 38.60288], [-88.584531, 38.607309], [-88.698459, 38.606062], [-88.697598, 38.708589]]]}, "properties": {"GEOID": "17025", "NAME": "Clay", "top_species": [{"name": "Black walnut", "volume": 2097543}, {"name": "Sugar maple", "volume": 1057372}, {"name": "American sycamore", "volume": 676933}, {"name": "White oak", "volume": 630029}, {"name": "Black cherry", "volume": 476470}], "American basswood": null, "American sycamore": 676933, "Black cherry": 476470, "Black locust": null, "Black walnut": 2097543, "Boxelder": 211086, "Bur oak": null, "Butternut": null, "Common persimmon": 47212, "Eastern redcedar": null, "Northern red oak": null, "Osage-orange": null, "Red mulberry": null, "Shagbark hickory": 272734, "Sugar maple": 1057372, "White oak": 630029}}, {"type": "Feature", "geometry": {"type": "Polygon", "coordinates": [[[-87.944604, 38.445805], [-87.94382, 38.447041], [-87.945566, 38.447133], [-87.946758, 38.449124], [-87.944578, 38.448736], [-87.942888, 38.449629], [-87.944023, 38.450406], [-87.944606, 38.452534], [-87.945682, 38.452283], [-87.94609, 38.453175], [-87.948506, 38.453312], [-87.948477, 38.45393], [-87.943321, 38.456255], [-87.943398, 38.456999], [-87.945268, 38.456433], [-87.947457, 38.45841], [-87.942327, 38.460601], [-87.941808, 38.462433], [-87.943742, 38.461359], [-87.945105, 38.463988], [-87.948216, 38.463521], [-87.948275, 38.464574], [-87.944083, 38.46739], [-87.947667, 38.468669], [-87.94687, 38.469967], [-87.944859, 38.470514], [-87.945015, 38.472564], [-87.948295, 38.471079], [-87.948633, 38.475063], [-87.947972, 38.478926], [-87.951892, 38.479361], [-87.953198, 38.480254], [-87.951488, 38.480637], [-87.953607, 38.48268], [-87.953461, 38.483824], [-87.949618, 38.485061], [-87.949006, 38.486274], [-87.951918, 38.485358], [-87.952326, 38.486091], [-87.950667, 38.487716], [-87.951002, 38.488719], [-87.953112, 38.488125], [-87.955734, 38.489683], [-87.955822, 38.491561], [-87.953273, 38.492898], [-87.955819, 38.493996], [-87.956815, 38.4971], [-87.954524, 38.497964], [-87.955801, 38.499257], [-87.955662, 38.500146], [-87.953003, 38.500498], [-87.954271, 38.501703], [-87.954009, 38.503806], [-87.951598, 38.503561], [-87.950976, 38.504366], [-87.948451, 38.504492], [-87.947608, 38.505757], [-87.948469, 38.506143], [-87.948292, 38.507833], [-87.948979, 38.508375], [-87.949754, 38.506047], [-87.950339, 38.506271], [-87.949754, 38.507164], [-87.952474, 38.507314], [-87.950731, 38.508351], [-87.952363, 38.508304], [-87.953392, 38.51077], [-87.950064, 38.512191], [-87.948165, 38.514244], [-87.949419, 38.515068], [-87.95172, 38.514495], [-87.95207, 38.51541], [-87.953966, 38.514288], [-87.955044, 38.514723], [-87.953558, 38.515569], [-87.95452, 38.516507], [-87.953063, 38.517949], [-87.953005, 38.519619], [-87.951725, 38.520627], [-87.949189, 38.520283], [-87.949481, 38.522137], [-87.948112, 38.521403], [-87.947034, 38.521747], [-87.941849, 38.528248], [-87.938993, 38.527241], [-87.937174, 38.528145], [-87.938453, 38.529633], [-87.938486, 38.533109], [-87.941666, 38.533744], [-87.93939, 38.534918], [-87.939407, 38.536196], [-87.941188, 38.535549], [-87.942477, 38.536815], [-87.941315, 38.53842], [-87.945074, 38.539325], [-87.943699, 38.539545], [-87.943737, 38.541008], [-87.945293, 38.540783], [-87.946195, 38.54154], [-87.94688, 38.540551], [-87.952872, 38.543181], [-87.952378, 38.545063], [-87.950953, 38.545581], [-87.950387, 38.546967], [-87.952186, 38.547801], [-87.951607, 38.549125], [-87.952814, 38.550354], [-87.952898, 38.55222], [-87.954627, 38.553087], [-87.952356, 38.554754], [-87.953874, 38.555291], [-87.953599, 38.556242], [-87.954631, 38.556829], [-87.953717, 38.55863], [-87.955554, 38.558568], [-87.958802, 38.561373], [-87.958581, 38.563227], [-87.957026, 38.563806], [-87.958286, 38.564601], [-87.957571, 38.565199], [-87.958603, 38.566078], [-87.957222, 38.567611], [-87.954415, 38.568422], [-87.95587, 38.569391], [-87.955303, 38.57001], [-87.855316, 38.57001], [-87.741338, 38.56847], [-87.651529, 38.568166], [-87.652745, 38.564459], [-87.650214, 38.558421], [-87.650704, 38.55624], [-87.665435, 38.549946], [-87.66922, 38.546812], [-87.670084, 38.544133], [-87.668788, 38.541078], [-87.660978, 38.532145], [-87.659476, 38.526711], [-87.65578, 38.521206], [-87.645753, 38.514426], [-87.645118, 38.511109], [-87.64581, 38.509082], [-87.651291, 38.503832], [-87.657665, 38.50169], [-87.663701, 38.502931], [-87.669811, 38.507178], [-87.671898, 38.507611], [-87.674239, 38.505724], [-87.678374, 38.498438], [-87.682324, 38.494618], [-87.685921, 38.491843], [-87.693188, 38.488038], [-87.714047, 38.47988], [-87.71992, 38.479491], [-87.730045, 38.480254], [-87.740024, 38.479223], [-87.744644, 38.477266], [-87.750028, 38.471427], [-87.756179, 38.462538], [-87.756825, 38.458502], [-87.755931, 38.455876], [-87.751477, 38.454213], [-87.740525, 38.454716], [-87.735729, 38.452986], [-87.731974, 38.45078], [-87.730134, 38.446518], [-87.730699, 38.442908], [-87.738812, 38.438929], [-87.74104, 38.435576], [-87.742828, 38.427335], [-87.743772, 38.413115], [-87.745254, 38.408996], [-87.769721, 38.380695], [-87.779996, 38.370842], [-87.786093, 38.367649], [-87.795441, 38.366117], [-87.806075, 38.363143], [-87.813791, 38.353792], [-87.822721, 38.346912], [-87.824171, 38.344528], [-87.826483, 38.336631], [-87.832723, 38.324853], [-87.833344, 38.315649], [-87.830714, 38.303073], [-87.831523, 38.296727], [-87.836495, 38.285486], [-87.840984, 38.280105], [-87.845937, 38.276667], [-87.85113, 38.27512], [-87.856605, 38.275522], [-87.859651, 38.276711], [-87.861774, 38.278637], [-87.865522, 38.286081], [-87.866248, 38.28998], [-87.864812, 38.295389], [-87.860453, 38.303113], [-87.860453, 38.305372], [-87.86112, 38.307826], [-87.86311, 38.309823], [-87.868886, 38.312277], [-87.875664, 38.309931], [-87.879389, 38.306507], [-87.882765, 38.296639], [-87.885146, 38.29248], [-87.886452, 38.287009], [-87.887849, 38.285299], [-87.897067, 38.280134], [-87.906841, 38.269634], [-87.91012, 38.268108], [-87.914081, 38.268309], [-87.917092, 38.269701], [-87.918794, 38.271916], [-87.91947, 38.274547], [-87.917711, 38.279351], [-87.908529, 38.290957], [-87.907866, 38.293176], [-87.909536, 38.296061], [-87.911394, 38.297576], [-87.916489, 38.299372], [-87.922833, 38.299198], [-87.931873, 38.296498], [-87.934844, 38.295145], [-87.937329, 38.292431], [-87.938854, 38.287535], [-87.939212, 38.282923], [-87.940285, 38.281064], [-87.944017, 38.278681], [-87.950298, 38.276792], [-87.952125, 38.273763], [-87.952163, 38.270512], [-87.950651, 38.266819], [-87.948903, 38.264116], [-87.942067, 38.260301], [-87.94303, 38.25779], [-87.946065, 38.255319], [-87.954032, 38.253032], [-87.956145, 38.251652], [-87.95761, 38.250046], [-87.958883, 38.246666], [-87.957897, 38.241256], [-87.95826, 38.239022], [-87.960225, 38.237118], [-87.964279, 38.236297], [-87.967556, 38.236729], [-87.9702, 38.238623], [-87.970466, 38.244568], [-87.981868, 38.256444], [-87.984705, 38.257953], [-87.986109, 38.258058], [-87.987911, 38.256957], [-87.990656, 38.258231], [-87.990627, 38.260246], [-87.992328, 38.262451], [-87.990812, 38.265413], [-87.990942, 38.268336], [-87.991743, 38.269458], [-87.991318, 38.270197], [-87.990198, 38.268585], [-87.9889, 38.268854], [-87.990228, 38.270571], [-87.990171, 38.271807], [-87.989382, 38.273224], [-87.987682, 38.274045], [-87.984482, 38.274328], [-87.980968, 38.272727], [-87.981228, 38.271055], [-87.979214, 38.270886], [-87.978538, 38.274077], [-87.9767, 38.273186], [-87.972994, 38.274047], [-87.972973, 38.27482], [-87.978067, 38.277054], [-87.975395, 38.277865], [-87.976628, 38.278835], [-87.976413, 38.280442], [-87.977953, 38.282364], [-87.97531, 38.281427], [-87.973968, 38.284566], [-87.972045, 38.284127], [-87.970361, 38.285065], [-87.969511, 38.283694], [-87.966998, 38.284091], [-87.966525, 38.286376], [-87.960968, 38.289], [-87.96164, 38.290487], [-87.960717, 38.291185], [-87.959168, 38.290358], [-87.956174, 38.291869], [-87.954599, 38.290644], [-87.951051, 38.290996], [-87.951994, 38.292946], [-87.953824, 38.294365], [-87.95397, 38.296745], [-87.957259, 38.299672], [-87.954958, 38.300568], [-87.952955, 38.30304], [-87.956393, 38.304548], [-87.957049, 38.306096], [-87.954392, 38.308441], [-87.949528, 38.307001], [-87.946594, 38.308672], [-87.946246, 38.310664], [-87.948512, 38.312861], [-87.946769, 38.313296], [-87.946101, 38.315287], [-87.949094, 38.316889], [-87.947089, 38.316958], [-87.946828, 38.317782], [-87.947582, 38.318667], [-87.955767, 38.317228], [-87.95803, 38.319635], [-87.958015, 38.321008], [-87.955547, 38.325472], [-87.957089, 38.332522], [-87.954125, 38.336208], [-87.954445, 38.339733], [-87.957805, 38.344158], [-87.958047, 38.348291], [-87.965815, 38.352091], [-87.967298, 38.353556], [-87.968443, 38.359969], [-87.973398, 38.36567], [-87.973578, 38.370792], [-87.975942, 38.373354], [-87.977221, 38.377839], [-87.976759, 38.384271], [-87.973069, 38.389353], [-87.968474, 38.389355], [-87.964956, 38.391072], [-87.965859, 38.39533], [-87.971891, 38.394914], [-87.974743, 38.397856], [-87.976012, 38.400614], [-87.975053, 38.401484], [-87.970428, 38.402218], [-87.969848, 38.404416], [-87.970985, 38.406956], [-87.970228, 38.410641], [-87.965924, 38.411237], [-87.963887, 38.4149], [-87.961008, 38.417164], [-87.959786, 38.420073], [-87.958128, 38.42076], [-87.955246, 38.419865], [-87.95382, 38.417667], [-87.952016, 38.418423], [-87.950796, 38.423278], [-87.951902, 38.423964], [-87.954294, 38.423647], [-87.955599, 38.425248], [-87.954223, 38.426451], [-87.952748, 38.425523], [-87.951003, 38.425913], [-87.947512, 38.429438], [-87.948211, 38.430056], [-87.951935, 38.430033], [-87.952634, 38.432047], [-87.95021, 38.43712], [-87.947506, 38.438227], [-87.949023, 38.442098], [-87.946556, 38.441076], [-87.944915, 38.442786], [-87.945222, 38.444853], [-87.948579, 38.444198], [-87.948544, 38.445894], [-87.944604, 38.445805]]]}, "properties": {"GEOID": "17185", "NAME": "Wabash", "top_species": [{"name": "Shagbark hickory", "volume": 53582}], "American basswood": null, "American sycamore": null, "Black cherry": null, "Black locust": null, "Black walnut": null, "Boxelder": null, "Bur oak": null, "Butternut": null, "Common persimmon": null, "Eastern redcedar": null, "Northern red oak": null, "Osage-orange": null, "Red mulberry": null, "Shagbark hickory": 53582, "Sugar maple": null, "White oak": null}}, {"type": "Feature", "geometry": {"type": "Polygon", "coordinates": [[[-89.266499, 40.485552], [-89.269371, 40.594368], [-89.133752, 40.596734], [-89.134217, 40.61149], [-89.101134, 40.612326], [-89.101569, 40.625036], [-89.082221, 40.626813], [-89.044368, 40.627428], [-89.04532, 40.663939], [-88.984722, 40.664953], [-88.986896, 40.752297], [-88.890956, 40.754118], [-88.584272, 40.757608], [-88.582355, 40.670792], [-88.575216, 40.670616], [-88.574502, 40.61655], [-88.459475, 40.617345], [-88.459217, 40.485649], [-88.460418, 40.281935], [-88.518139, 40.281236], [-89.052067, 40.283159], [-89.26265, 40.280919], [-89.266499, 40.485552]]]}, "properties": {"GEOID": "17113", "NAME": "McLean", "top_species": [{"name": "White oak", "volume": 1315601}, {"name": "Bur oak", "volume": 464170}, {"name": "Black cherry", "volume": 352155}, {"name": "American sycamore", "volume": 301998}, {"name": "Black walnut", "volume": 291437}], "American basswood": null, "American sycamore": 301998, "Black cherry": 352155, "Black locust": null, "Black walnut": 291437, "Boxelder": null, "Bur oak": 464170, "Butternut": null, "Common persimmon": null, "Eastern redcedar": null, "Northern red oak": null, "Osage-orange": 267350, "Red mulberry": 57675, "Shagbark hickory": 81906, "Sugar maple": 147391, "White oak": 1315601}}, {"type": "Feature", "geometry": {"type": "Polygon", "coordinates": [[[-89.361793, 39.027724], [-89.250238, 39.028184], [-89.250305, 38.999191], [-89.25736, 38.99917], [-89.257417, 38.995127], [-89.254185, 38.741907], [-89.48204, 38.740509], [-89.597321, 38.743236], [-89.599593, 38.87453], [-89.636874, 38.874278], [-89.637931, 38.918352], [-89.637049, 38.918364], [-89.638454, 38.948494], [-89.639265, 38.999129], [-89.586092, 38.999456], [-89.586344, 39.028329], [-89.361793, 39.027724]]]}, "properties": {"GEOID": "17005", "NAME": "Bond", "top_species": [{"name": "Black walnut", "volume": 3663842}, {"name": "Boxelder", "volume": 918102}, {"name": "White oak", "volume": 708369}, {"name": "Bur oak", "volume": 641841}, {"name": "Sugar maple", "volume": 629085}], "American basswood": null, "American sycamore": 365627, "Black cherry": 535610, "Black locust": null, "Black walnut": 3663842, "Boxelder": 918102, "Bur oak": 641841, "Butternut": null, "Common persimmon": null, "Eastern redcedar": null, "Northern red oak": null, "Osage-orange": 46532, "Red mulberry": 34828, "Shagbark hickory": 299021, "Sugar maple": 629085, "White oak": 708369}}, {"type": "Feature", "geometry": {"type": "Polygon", "coordinates": [[[-90.914687, 40.018039], [-90.913469, 40.104455], [-90.796248, 40.105902], [-90.696007, 40.103967], [-90.695729, 40.103348], [-90.697486, 40.102547], [-90.696176, 40.1009], [-90.697397, 40.100397], [-90.699541, 40.097493], [-90.699928, 40.09445], [-90.704961, 40.092872], [-90.708594, 40.093077], [-90.70916, 40.090423], [-90.704513, 40.087816], [-90.705525, 40.084591], [-90.695637, 40.079583], [-90.68605, 40.078805], [-90.673275, 40.080885], [-90.671995, 40.08013], [-90.67152, 40.077362], [-90.676762, 40.065994], [-90.676495, 40.064485], [-90.674798, 40.063318], [-90.674798, 40.062151], [-90.677567, 40.059887], [-90.67727, 40.058537], [-90.675484, 40.057073], [-90.678045, 40.051904], [-90.67507, 40.045979], [-90.669446, 40.043783], [-90.667243, 40.04655], [-90.661022, 40.046388], [-90.659535, 40.044833], [-90.659745, 40.041402], [-90.652127, 40.04005], [-90.654273, 40.035019], [-90.653887, 40.033441], [-90.645646, 40.030327], [-90.633952, 40.029222], [-90.632792, 40.028078], [-90.631725, 40.024763], [-90.630387, 40.023664], [-90.625127, 40.025997], [-90.616688, 40.027008], [-90.611664, 40.032912], [-90.610027, 40.032341], [-90.606782, 40.028865], [-90.605679, 40.025114], [-90.607282, 40.020836], [-90.611296, 40.017564], [-90.614035, 40.020353], [-90.616921, 40.020512], [-90.619029, 40.015159], [-90.618015, 40.012392], [-90.615814, 40.012759], [-90.609684, 40.008781], [-90.608195, 40.00686], [-90.603346, 40.004918], [-90.601947, 40.003317], [-90.603128, 39.996573], [-90.606009, 39.991197], [-90.605918, 39.986531], [-90.607759, 39.982916], [-90.60758, 39.98191], [-90.597976, 39.981135], [-90.594021, 39.979626], [-90.585534, 39.97883], [-90.578948, 39.981321], [-90.568214, 39.983815], [-90.561553, 39.982625], [-90.550344, 39.983448], [-90.543596, 39.980359], [-90.541455, 39.980724], [-90.539313, 39.98372], [-90.536726, 39.983994], [-90.53414, 39.98246], [-90.529947, 39.985112], [-90.527956, 39.982458], [-90.524864, 39.982709], [-90.523614, 39.984218], [-90.527478, 39.986644], [-90.526585, 39.98765], [-90.520727, 39.988311], [-90.519866, 39.987716], [-90.519926, 39.98568], [-90.515705, 39.984352], [-90.515198, 39.986982], [-90.513747, 39.987891], [-90.512193, 39.983914], [-90.510477, 39.970866], [-90.511115, 39.967605], [-90.512616, 39.965285], [-90.519944, 39.960224], [-90.525596, 39.9517], [-90.532113, 39.946012], [-90.533142, 39.940605], [-90.536591, 39.932898], [-90.53686, 39.921881], [-90.540107, 39.915481], [-90.55428, 39.901364], [-90.565096, 39.896034], [-90.57179, 39.89427], [-90.575581, 39.891261], [-90.577918, 39.888186], [-90.581757, 39.87916], [-90.5849, 39.875047], [-90.586091, 39.871413], [-90.585001, 39.863685], [-90.582435, 39.854574], [-90.579426, 39.848489], [-90.571424, 39.838961], [-90.799397, 39.840975], [-90.894252, 39.841058], [-90.916755, 39.845074], [-90.917029, 39.902563], [-90.916528, 39.916618], [-90.914702, 39.930055], [-90.914401, 39.944551], [-90.914687, 40.018039]]]}, "properties": {"GEOID": "17009", "NAME": "Brown", "top_species": [{"name": "White oak", "volume": 3906885}, {"name": "Black walnut", "volume": 2316278}, {"name": "Northern red oak", "volume": 1795979}, {"name": "Black cherry", "volume": 1531305}, {"name": "Sugar maple", "volume": 710153}], "American basswood": 133692, "American sycamore": 178491, "Black cherry": 1531305, "Black locust": 623922, "Black walnut": 2316278, "Boxelder": 232069, "Bur oak": 394293, "Butternut": null, "Common persimmon": null, "Eastern redcedar": 253622, "Northern red oak": 1795979, "Osage-orange": 364941, "Red mulberry": 156165, "Shagbark hickory": 619032, "Sugar maple": 710153, "White oak": 3906885}}, {"type": "Feature", "geometry": {"type": "Polygon", "coordinates": [[[-90.592165, 39.086765], [-90.603261, 39.110695], [-90.603569, 39.117592], [-90.5991, 39.123121], [-90.597072, 39.127327], [-90.597102, 39.129157], [-90.599044, 39.133274], [-90.597959, 39.136752], [-90.596167, 39.137988], [-90.591526, 39.138332], [-90.589382, 39.141169], [-90.584654, 39.142165], [-90.582803, 39.144327], [-90.583187, 39.149154], [-90.586537, 39.153043], [-90.587213, 39.154873], [-90.585364, 39.161553], [-90.581753, 39.164845], [-90.576524, 39.164708], [-90.575199, 39.167836], [-90.575904, 39.173084], [-90.582106, 39.176927], [-90.581753, 39.178162], [-90.578699, 39.179897], [-90.580587, 39.184895], [-90.57334, 39.184097], [-90.574699, 39.179075], [-90.573452, 39.177489], [-90.570442, 39.177785], [-90.566406, 39.180031], [-90.566396, 39.181521], [-90.570421, 39.182625], [-90.570114, 39.183372], [-90.567272, 39.183395], [-90.567823, 39.191636], [-90.565678, 39.193741], [-90.563716, 39.193404], [-90.561892, 39.190653], [-90.565377, 39.187435], [-90.56409, 39.184293], [-90.557767, 39.188482], [-90.545806, 39.19017], [-90.545278, 39.187562], [-90.546248, 39.184242], [-90.545308, 39.183401], [-90.543389, 39.183297], [-90.542447, 39.18389], [-90.540927, 39.189529], [-90.536991, 39.193002], [-90.535653, 39.190042], [-90.532737, 39.187489], [-90.53054, 39.187343], [-90.528473, 39.188366], [-90.529221, 39.191626], [-90.526816, 39.192449], [-90.52301, 39.187053], [-90.520365, 39.188024], [-90.51421, 39.186296], [-90.511945, 39.186797], [-90.507508, 39.185193], [-90.50286, 39.180941], [-90.505674, 39.175447], [-90.505821, 39.172916], [-90.503963, 39.170907], [-90.502799, 39.164259], [-90.49885, 39.161105], [-90.495793, 39.160235], [-90.491195, 39.16141], [-90.487879, 39.164074], [-90.486429, 39.170002], [-90.487624, 39.175005], [-90.313289, 39.174289], [-90.31393, 39.225128], [-90.276446, 39.224672], [-90.201769, 39.225497], [-90.202681, 39.258192], [-90.193699, 39.258235], [-90.193872, 39.26196], [-90.148121, 39.261947], [-90.146334, 39.174276], [-90.145984, 38.999303], [-90.273959, 38.999036], [-90.275702, 38.923529], [-90.283712, 38.924048], [-90.298711, 38.923395], [-90.309454, 38.92412], [-90.319052, 38.928667], [-90.324179, 38.929827], [-90.333533, 38.933489], [-90.346442, 38.94079], [-90.392721, 38.959071], [-90.407537, 38.962706], [-90.42978, 38.963778], [-90.439203, 38.967287], [-90.445303, 38.966826], [-90.455359, 38.968686], [-90.467766, 38.969208], [-90.487225, 38.967729], [-90.491802, 38.966614], [-90.500117, 38.963064], [-90.510084, 38.956781], [-90.515163, 38.954615], [-90.519644, 38.953943], [-90.529877, 38.956333], [-90.534657, 38.958499], [-90.543172, 38.964698], [-90.553316, 38.975857], [-90.564634, 38.986513], [-90.570169, 38.99329], [-90.571561, 38.996096], [-90.576101, 39.009383], [-90.575916, 39.017616], [-90.573724, 39.02344], [-90.574321, 39.029788], [-90.575404, 39.033032], [-90.578977, 39.038918], [-90.588094, 39.045747], [-90.589849, 39.049501], [-90.58923, 39.054337], [-90.584068, 39.058712], [-90.581194, 39.064414], [-90.582557, 39.067771], [-90.58927, 39.076036], [-90.592165, 39.086765]]]}, "properties": {"GEOID": "17083", "NAME": "Jersey", "top_species": [{"name": "White oak", "volume": 6726684}, {"name": "Northern red oak", "volume": 5012730}, {"name": "Sugar maple", "volume": 2127747}, {"name": "Red mulberry", "volume": 488473}, {"name": "Shagbark hickory", "volume": 404918}], "American basswood": 289279, "American sycamore": null, "Black cherry": 365112, "Black locust": null, "Black walnut": 61873, "Boxelder": 246701, "Bur oak": null, "Butternut": null, "Common persimmon": 129181, "Eastern redcedar": null, "Northern red oak": 5012730, "Osage-orange": null, "Red mulberry": 488473, "Shagbark hickory": 404918, "Sugar maple": 2127747, "White oak": 6726684}}, {"type": "Feature", "geometry": {"type": "Polygon", "coordinates": [[[-88.745671, 39.792146], [-88.745344, 40.098813], [-88.688122, 40.098583], [-88.687993, 40.142269], [-88.574885, 40.281501], [-88.4809, 40.281216], [-88.479502, 40.281799], [-88.460418, 40.281935], [-88.46072, 40.223322], [-88.463551, 40.223271], [-88.463634, 40.218257], [-88.462328, 39.79182], [-88.745671, 39.792146]]]}, "properties": {"GEOID": "17147", "NAME": "Piatt", "top_species": [], "American basswood": null, "American sycamore": null, "Black cherry": null, "Black locust": null, "Black walnut": null, "Boxelder": null, "Bur oak": null, "Butternut": null, "Common persimmon": null, "Eastern redcedar": null, "Northern red oak": null, "Osage-orange": null, "Red mulberry": null, "Shagbark hickory": null, "Sugar maple": null, "White oak": null}}, {"type": "Feature", "geometry": {"type": "Polygon", "coordinates": [[[-88.710744, 37.427585], [-88.708546, 37.599059], [-88.447281, 37.600171], [-88.412697, 37.599625], [-88.415412, 37.423821], [-88.424562, 37.420441], [-88.43476, 37.418398], [-88.452813, 37.41094], [-88.467079, 37.399839], [-88.474645, 37.390783], [-88.476477, 37.387142], [-88.477365, 37.379808], [-88.482379, 37.364685], [-88.482685, 37.353808], [-88.484683, 37.345234], [-88.487236, 37.339107], [-88.491276, 37.333491], [-88.492174, 37.330458], [-88.501119, 37.316495], [-88.504558, 37.308686], [-88.512435, 37.296616], [-88.514538, 37.291373], [-88.515039, 37.288478], [-88.514217, 37.288019], [-88.51507, 37.287664], [-88.515903, 37.284091], [-88.51431, 37.282362], [-88.514137, 37.279498], [-88.510064, 37.27573], [-88.506727, 37.264989], [-88.503942, 37.264787], [-88.504593, 37.263689], [-88.509155, 37.262075], [-88.512154, 37.263789], [-88.51141, 37.261477], [-88.506973, 37.259688], [-88.500791, 37.253402], [-88.491273, 37.247732], [-88.487437, 37.244294], [-88.484808, 37.240664], [-88.479092, 37.228388], [-88.472174, 37.220307], [-88.468432, 37.217786], [-88.458517, 37.213354], [-88.450723, 37.206834], [-88.448038, 37.203642], [-88.44407, 37.194933], [-88.443837, 37.192406], [-88.44223, 37.189854], [-88.440143, 37.183289], [-88.437854, 37.179998], [-88.434798, 37.169194], [-88.433431, 37.166726], [-88.433805, 37.164874], [-88.43306, 37.162637], [-88.426038, 37.15516], [-88.424657, 37.152291], [-88.434664, 37.126651], [-88.442984, 37.111918], [-88.443424, 37.108694], [-88.442654, 37.109194], [-88.44216, 37.108131], [-88.440626, 37.1093], [-88.440626, 37.1086], [-88.442711, 37.103199], [-88.445776, 37.099683], [-88.444583, 37.096419], [-88.445614, 37.093332], [-88.459941, 37.074628], [-88.47284, 37.069774], [-88.482624, 37.067257], [-88.490485, 37.068171], [-88.49033, 37.159462], [-88.528904, 37.188834], [-88.565701, 37.218196], [-88.620436, 37.262693], [-88.67435, 37.308489], [-88.710738, 37.337081], [-88.710744, 37.427585]]]}, "properties": {"GEOID": "17151", "NAME": "Pope", "top_species": [{"name": "White oak", "volume": 11139373}, {"name": "Sugar maple", "volume": 4605287}, {"name": "Black cherry", "volume": 1316595}, {"name": "Shagbark hickory", "volume": 1172048}, {"name": "Northern red oak", "volume": 734396}], "American basswood": null, "American sycamore": 682632, "Black cherry": 1316595, "Black locust": 148997, "Black walnut": 369944, "Boxelder": 219219, "Bur oak": null, "Butternut": null, "Common persimmon": 391447, "Eastern redcedar": 364829, "Northern red oak": 734396, "Osage-orange": null, "Red mulberry": 225706, "Shagbark hickory": 1172048, "Sugar maple": 4605287, "White oak": 11139373}}, {"type": "Feature", "geometry": {"type": "Polygon", "coordinates": [[[-89.856624, 41.313817], [-89.857369, 41.51837], [-89.859197, 41.518725], [-89.862351, 41.584005], [-89.589476, 41.585094], [-89.166561, 41.585289], [-89.166431, 41.481649], [-89.163705, 41.310187], [-89.166404, 41.309121], [-89.180711, 41.309168], [-89.200556, 41.312072], [-89.224854, 41.3131], [-89.236485, 41.316936], [-89.249427, 41.319314], [-89.256436, 41.322182], [-89.268851, 41.32182], [-89.273921, 41.319262], [-89.283466, 41.312385], [-89.292693, 41.31095], [-89.304786, 41.306961], [-89.334901, 41.300877], [-89.339754, 41.298275], [-89.341937, 41.295356], [-89.342397, 41.292761], [-89.337709, 41.284669], [-89.337083, 41.281667], [-89.339859, 41.274339], [-89.348372, 41.258936], [-89.356729, 41.233039], [-89.466389, 41.233872], [-89.466101, 41.148524], [-89.638536, 41.148545], [-89.638708, 41.233862], [-89.857616, 41.234479], [-89.856624, 41.313817]]]}, "properties": {"GEOID": "17011", "NAME": "Bureau", "top_species": [{"name": "Bur oak", "volume": 9700231}, {"name": "Black walnut", "volume": 2532756}, {"name": "Northern red oak", "volume": 1801993}, {"name": "Black cherry", "volume": 1382813}, {"name": "White oak", "volume": 976445}], "American basswood": 900920, "American sycamore": null, "Black cherry": 1382813, "Black locust": null, "Black walnut": 2532756, "Boxelder": 177243, "Bur oak": 9700231, "Butternut": null, "Common persimmon": null, "Eastern redcedar": null, "Northern red oak": 1801993, "Osage-orange": 239110, "Red mulberry": null, "Shagbark hickory": 90040, "Sugar maple": 126680, "White oak": 976445}}, {"type": "Feature", "geometry": {"type": "Polygon", "coordinates": [[[-88.472073, 39.651588], [-88.063518, 39.652657], [-88.063013, 39.681311], [-88.026208, 39.681665], [-88.026224, 39.684938], [-87.966347, 39.685973], [-87.965046, 39.6127], [-87.960179, 39.481309], [-88.013944, 39.48079], [-88.012066, 39.378971], [-88.026525, 39.378605], [-88.026521, 39.377545], [-88.140212, 39.376212], [-88.177877, 39.375034], [-88.434164, 39.374391], [-88.453169, 39.373638], [-88.47083, 39.374515], [-88.470351, 39.432629], [-88.472073, 39.651588]]]}, "properties": {"GEOID": "17029", "NAME": "Coles", "top_species": [{"name": "White oak", "volume": 5829169}, {"name": "Osage-orange", "volume": 4866341}, {"name": "Black walnut", "volume": 3244606}, {"name": "Northern red oak", "volume": 1472516}, {"name": "Sugar maple", "volume": 944176}], "American basswood": null, "American sycamore": 895489, "Black cherry": 61019, "Black locust": null, "Black walnut": 3244606, "Boxelder": 128690, "Bur oak": 41259, "Butternut": null, "Common persimmon": null, "Eastern redcedar": null, "Northern red oak": 1472516, "Osage-orange": 4866341, "Red mulberry": null, "Shagbark hickory": 230507, "Sugar maple": 944176, "White oak": 5829169}}, {"type": "Feature", "geometry": {"type": "Polygon", "coordinates": [[[-90.992551, 41.158475], [-90.997905, 41.162562], [-91.007594, 41.166187], [-91.027231, 41.163383], [-91.041557, 41.166162], [-91.055068, 41.185789], [-91.065899, 41.199517], [-91.072984, 41.207151], [-91.081452, 41.214429], [-91.09303, 41.222634], [-91.098937, 41.228964], [-91.109582, 41.236566], [-91.113062, 41.239968], [-91.113934, 41.243099], [-91.114186, 41.250029], [-91.112783, 41.252531], [-91.104462, 41.262104], [-91.101142, 41.267169], [-91.093503, 41.284], [-91.089212, 41.291209], [-91.086379, 41.294854], [-91.077505, 41.301828], [-91.074841, 41.305578], [-91.073232, 41.31344], [-91.07207, 41.333361], [-90.894753, 41.332163], [-90.75014, 41.328834], [-90.616994, 41.328199], [-90.540068, 41.326995], [-90.433737, 41.326989], [-90.439423, 41.063995], [-90.550218, 41.064065], [-90.666329, 41.067587], [-90.948989, 41.07025], [-90.949322, 41.074484], [-90.948027, 41.087392], [-90.94626, 41.09473], [-90.946625, 41.096628], [-90.957265, 41.111067], [-90.965908, 41.119559], [-90.970856, 41.130109], [-90.981327, 41.142675], [-90.987878, 41.15327], [-90.992551, 41.158475]]]}, "properties": {"GEOID": "17131", "NAME": "Mercer", "top_species": [{"name": "Black walnut", "volume": 802621}, {"name": "Black cherry", "volume": 717954}, {"name": "Osage-orange", "volume": 716131}, {"name": "American basswood", "volume": 682923}, {"name": "Shagbark hickory", "volume": 465434}], "American basswood": 682923, "American sycamore": null, "Black cherry": 717954, "Black locust": null, "Black walnut": 802621, "Boxelder": null, "Bur oak": null, "Butternut": null, "Common persimmon": null, "Eastern redcedar": null, "Northern red oak": null, "Osage-orange": 716131, "Red mulberry": null, "Shagbark hickory": 465434, "Sugar maple": null, "White oak": null}}, {"type": "Feature", "geometry": {"type": "Polygon", "coordinates": [[[-88.806795, 38.911585], [-88.805325, 39.216263], [-88.470906, 39.215029], [-88.470865, 39.171463], [-88.360654, 39.171118], [-88.360504, 39.089872], [-88.362779, 39.001229], [-88.361745, 38.910847], [-88.598416, 38.915432], [-88.687848, 38.914748], [-88.806795, 38.911585]]]}, "properties": {"GEOID": "17049", "NAME": "Effingham", "top_species": [{"name": "White oak", "volume": 3341201}, {"name": "Sugar maple", "volume": 989327}, {"name": "Shagbark hickory", "volume": 968270}, {"name": "Black walnut", "volume": 466888}, {"name": "American basswood", "volume": 397492}], "American basswood": 397492, "American sycamore": null, "Black cherry": 148248, "Black locust": null, "Black walnut": 466888, "Boxelder": 392564, "Bur oak": null, "Butternut": null, "Common persimmon": null, "Eastern redcedar": 303764, "Northern red oak": null, "Osage-orange": null, "Red mulberry": 25388, "Shagbark hickory": 968270, "Sugar maple": 989327, "White oak": 3341201}}, {"type": "Feature", "geometry": {"type": "Polygon", "coordinates": [[[-88.470865, 39.171463], [-88.47083, 39.374515], [-88.453169, 39.373638], [-88.434164, 39.374391], [-88.177877, 39.375034], [-88.140212, 39.376212], [-88.026521, 39.377545], [-88.026525, 39.378605], [-88.012121, 39.378968], [-88.007766, 39.173925], [-88.16349, 39.171597], [-88.470865, 39.171463]]]}, "properties": {"GEOID": "17035", "NAME": "Cumberland", "top_species": [{"name": "Black walnut", "volume": 1443379}, {"name": "Shagbark hickory", "volume": 180557}, {"name": "Boxelder", "volume": 21112}], "American basswood": null, "American sycamore": null, "Black cherry": null, "Black locust": null, "Black walnut": 1443379, "Boxelder": 21112, "Bur oak": null, "Butternut": null, "Common persimmon": null, "Eastern redcedar": null, "Northern red oak": null, "Osage-orange": null, "Red mulberry": null, "Shagbark hickory": 180557, "Sugar maple": null, "White oak": null}}, {"type": "Feature", "geometry": {"type": "Polygon", "coordinates": [[[-87.945065, 38.923099], [-87.94677, 39.083854], [-87.948163, 39.083829], [-87.950385, 39.174882], [-87.746174, 39.17922], [-87.747096, 39.172391], [-87.656919, 39.172179], [-87.657018, 39.15786], [-87.628798, 39.157513], [-87.627509, 39.15538], [-87.629713, 39.153394], [-87.632398, 39.152954], [-87.634379, 39.153419], [-87.637443, 39.156773], [-87.642175, 39.157097], [-87.64497, 39.154301], [-87.652782, 39.149435], [-87.653201, 39.143993], [-87.658201, 39.138404], [-87.658745, 39.135997], [-87.658111, 39.134934], [-87.655239, 39.132283], [-87.643145, 39.128562], [-87.64217, 39.123212], [-87.636927, 39.123104], [-87.6351, 39.122298], [-87.634971, 39.120089], [-87.636514, 39.117661], [-87.640899, 39.115283], [-87.640761, 39.114372], [-87.651022, 39.116439], [-87.654859, 39.112394], [-87.654636, 39.109111], [-87.652796, 39.106839], [-87.64707, 39.104268], [-87.638585, 39.105894], [-87.628686, 39.10449], [-87.618385, 39.104284], [-87.615684, 39.103316], [-87.613996, 39.100995], [-87.614309, 39.097778], [-87.615465, 39.095771], [-87.620387, 39.091522], [-87.621142, 39.088966], [-87.620258, 39.086572], [-87.614171, 39.081784], [-87.601101, 39.081405], [-87.596373, 39.079639], [-87.591515, 39.073181], [-87.583546, 39.067947], [-87.578702, 39.061698], [-87.572588, 39.057286], [-87.57229, 39.050587], [-87.574728, 39.046929], [-87.580207, 39.04194], [-87.580373, 39.040707], [-87.579512, 39.038401], [-87.575027, 39.034062], [-87.569875, 39.023105], [-87.569696, 39.019413], [-87.573761, 39.008684], [-87.579117, 39.001607], [-87.578258, 38.998762], [-87.576565, 38.997027], [-87.568205, 38.993705], [-87.561976, 38.994198], [-87.560427, 38.992425], [-87.562043, 38.989469], [-87.563966, 38.988802], [-87.574535, 38.991518], [-87.578019, 38.990647], [-87.578319, 38.988786], [-87.575605, 38.986166], [-87.557985, 38.980687], [-87.548034, 38.978504], [-87.542493, 38.975599], [-87.529496, 38.971925], [-87.527002, 38.96883], [-87.524335, 38.962964], [-87.519173, 38.95891], [-87.513346, 38.956], [-87.512187, 38.954417], [-87.513598, 38.948795], [-87.521765, 38.941117], [-87.52124, 38.93889], [-87.516658, 38.93348], [-87.518696, 38.928327], [-87.518826, 38.923205], [-87.520634, 38.921665], [-87.526058, 38.921355], [-87.527715, 38.919232], [-87.526033, 38.913606], [-87.527887, 38.909201], [-87.527645, 38.907688], [-87.524314, 38.905194], [-87.517732, 38.905672], [-87.516831, 38.903697], [-87.518008, 38.902705], [-87.532101, 38.901717], [-87.533695, 38.900957], [-87.536591, 38.895566], [-87.534342, 38.891296], [-87.535955, 38.886993], [-87.537596, 38.889551], [-87.539122, 38.896119], [-87.541628, 38.896381], [-87.544089, 38.895093], [-87.54513, 38.891467], [-87.544292, 38.888953], [-87.53828, 38.885799], [-87.534992, 38.880594], [-87.534919, 38.878874], [-87.536816, 38.877408], [-87.545203, 38.87673], [-87.54737, 38.875614], [-87.547611, 38.872516], [-87.546957, 38.871184], [-87.542606, 38.866641], [-87.543188, 38.864214], [-87.545719, 38.86303], [-87.552066, 38.864511], [-87.553384, 38.863344], [-87.553106, 38.861411], [-87.550515, 38.85956], [-87.537248, 38.853592], [-87.531145, 38.852507], [-87.575801, 38.85239], [-87.575808, 38.851699], [-87.684141, 38.852179], [-87.787011, 38.848857], [-87.786568, 38.850046], [-87.945919, 38.850148], [-87.945065, 38.923099]]]}, "properties": {"GEOID": "17033", "NAME": "Crawford", "top_species": [{"name": "Black walnut", "volume": 1259407}, {"name": "American sycamore", "volume": 910499}, {"name": "Black cherry", "volume": 750637}, {"name": "White oak", "volume": 551226}, {"name": "Black locust", "volume": 359928}], "American basswood": 53299, "American sycamore": 910499, "Black cherry": 750637, "Black locust": 359928, "Black walnut": 1259407, "Boxelder": 88484, "Bur oak": null, "Butternut": null, "Common persimmon": null, "Eastern redcedar": null, "Northern red oak": null, "Osage-orange": 49449, "Red mulberry": null, "Shagbark hickory": 178915, "Sugar maple": null, "White oak": 551226}}, {"type": "Feature", "geometry": {"type": "Polygon", "coordinates": [[[-90.446883, 40.539839], [-90.444339, 40.714868], [-89.986064, 40.712361], [-89.989018, 40.625835], [-89.87368, 40.624975], [-89.874393, 40.581495], [-89.87422, 40.580648], [-89.872161, 40.580583], [-89.872463, 40.513127], [-89.877628, 40.509903], [-89.882194, 40.505402], [-89.884358, 40.500039], [-89.884565, 40.49554], [-89.887379, 40.483063], [-89.88793, 40.474656], [-89.89687, 40.467161], [-89.903269, 40.459205], [-89.904919, 40.455973], [-89.906449, 40.447759], [-89.911563, 40.442602], [-89.916814, 40.438716], [-89.939375, 40.430152], [-89.955176, 40.420184], [-89.975352, 40.404473], [-89.977589, 40.401997], [-89.981531, 40.39462], [-89.983758, 40.392636], [-89.994911, 40.390669], [-90.006442, 40.385213], [-90.021776, 40.379994], [-90.033026, 40.377806], [-90.03795, 40.375041], [-90.044791, 40.36743], [-90.051649, 40.352177], [-90.052796, 40.347476], [-90.050065, 40.340123], [-90.049853, 40.337406], [-90.053106, 40.327925], [-90.055559, 40.32524], [-90.065122, 40.319194], [-90.06871, 40.313888], [-90.067915, 40.304116], [-90.06874, 40.2961], [-90.070622, 40.293192], [-90.075517, 40.289277], [-90.08408, 40.278863], [-90.094072, 40.268895], [-90.09668, 40.266685], [-90.105033, 40.263078], [-90.107293, 40.2609], [-90.110875, 40.255255], [-90.117639, 40.237727], [-90.120734, 40.233], [-90.127482, 40.22697], [-90.136, 40.223197], [-90.157961, 40.219655], [-90.168589, 40.21345], [-90.171078, 40.211004], [-90.174844, 40.201729], [-90.176293, 40.199921], [-90.183633, 40.194496], [-90.193528, 40.192075], [-90.196078, 40.189839], [-90.199635, 40.183812], [-90.335663, 40.187723], [-90.451916, 40.188803], [-90.448269, 40.371545], [-90.446883, 40.539839]]]}, "properties": {"GEOID": "17057", "NAME": "Fulton", "top_species": [{"name": "White oak", "volume": 6257815}, {"name": "Black walnut", "volume": 5087358}, {"name": "Northern red oak", "volume": 4310738}, {"name": "Black locust", "volume": 4024433}, {"name": "Sugar maple", "volume": 3146139}], "American basswood": 554880, "American sycamore": 521656, "Black cherry": 1589770, "Black locust": 4024433, "Black walnut": 5087358, "Boxelder": 72694, "Bur oak": 1907833, "Butternut": null, "Common persimmon": null, "Eastern redcedar": 502957, "Northern red oak": 4310738, "Osage-orange": 1951897, "Red mulberry": 85158, "Shagbark hickory": 2216870, "Sugar maple": 3146139, "White oak": 6257815}}, {"type": "Feature", "geometry": {"type": "Polygon", "coordinates": [[[-89.699276, 39.348048], [-89.701661, 39.523316], [-89.533655, 39.524592], [-89.530836, 39.348864], [-89.139807, 39.348888], [-89.139464, 39.217773], [-89.250513, 39.217512], [-89.250309, 39.028185], [-89.417606, 39.027632], [-89.586344, 39.028329], [-89.586092, 38.999456], [-89.698555, 38.998979], [-89.700165, 39.170065], [-89.703692, 39.34803], [-89.699276, 39.348048]]]}, "properties": {"GEOID": "17135", "NAME": "Montgomery", "top_species": [{"name": "Osage-orange", "volume": 2310321}, {"name": "Black walnut", "volume": 1758147}, {"name": "Shagbark hickory", "volume": 1458421}, {"name": "Black locust", "volume": 1185468}, {"name": "Black cherry", "volume": 748039}], "American basswood": 50072, "American sycamore": null, "Black cherry": 748039, "Black locust": 1185468, "Black walnut": 1758147, "Boxelder": 60883, "Bur oak": 25449, "Butternut": null, "Common persimmon": 452106, "Eastern redcedar": 6687, "Northern red oak": null, "Osage-orange": 2310321, "Red mulberry": 95392, "Shagbark hickory": 1458421, "Sugar maple": 457858, "White oak": 450793}}, {"type": "Feature", "geometry": {"type": "Polygon", "coordinates": [[[-89.141967, 39.801273], [-89.151463, 39.80125], [-89.151474, 39.804792], [-89.160747, 39.804706], [-89.16075, 39.805353], [-89.164997, 39.807914], [-89.169245, 39.809685], [-89.170305, 39.811924], [-89.179852, 39.811893], [-89.179856, 39.815439], [-89.184555, 39.815448], [-89.18819, 39.817524], [-89.189253, 39.817473], [-89.189244, 39.815456], [-89.212775, 39.815477], [-89.212773, 39.813665], [-89.217473, 39.813666], [-89.217846, 39.91699], [-89.143451, 39.917647], [-89.144764, 40.048853], [-89.028993, 40.04984], [-88.918263, 40.053186], [-88.803035, 40.055341], [-88.745164, 40.055191], [-88.745671, 39.792146], [-88.75866, 39.792067], [-88.75784, 39.739907], [-88.812709, 39.740486], [-88.810575, 39.653222], [-88.920704, 39.652678], [-89.025691, 39.654637], [-89.139125, 39.655131], [-89.141967, 39.801273]]]}, "properties": {"GEOID": "17115", "NAME": "Macon", "top_species": [{"name": "Black walnut", "volume": 2062573}, {"name": "Sugar maple", "volume": 672313}, {"name": "Northern red oak", "volume": 649323}, {"name": "Osage-orange", "volume": 166266}, {"name": "Bur oak", "volume": 148376}], "American basswood": null, "American sycamore": null, "Black cherry": 18154, "Black locust": null, "Black walnut": 2062573, "Boxelder": null, "Bur oak": 148376, "Butternut": null, "Common persimmon": null, "Eastern redcedar": null, "Northern red oak": 649323, "Osage-orange": 166266, "Red mulberry": null, "Shagbark hickory": 60073, "Sugar maple": 672313, "White oak": null}}, {"type": "Feature", "geometry": {"type": "Polygon", "coordinates": [[[-89.140521, 38.035332], [-89.1387, 38.03836], [-89.136908, 38.038725], [-89.13638, 38.039944], [-89.139832, 38.043484], [-89.138134, 38.044323], [-89.138851, 38.047041], [-89.137755, 38.047296], [-89.134943, 38.044815], [-89.133262, 38.04728], [-89.131125, 38.047023], [-89.130429, 38.047768], [-89.134127, 38.048806], [-89.132999, 38.050478], [-89.132635, 38.054604], [-89.131106, 38.054943], [-89.132037, 38.052492], [-89.13155, 38.052176], [-89.126924, 38.053011], [-89.126523, 38.053705], [-89.127388, 38.05537], [-89.12508, 38.054871], [-89.122675, 38.056458], [-89.12358, 38.057568], [-89.123315, 38.058889], [-89.121932, 38.059225], [-89.121887, 38.057661], [-89.121181, 38.057626], [-89.118396, 38.059422], [-89.118485, 38.060256], [-89.119654, 38.0593], [-89.121729, 38.0601], [-89.121928, 38.061317], [-89.120824, 38.062064], [-89.11897, 38.061438], [-89.117138, 38.063264], [-89.117291, 38.06429], [-89.118617, 38.065011], [-89.119373, 38.064721], [-89.118488, 38.062835], [-89.11976, 38.063647], [-89.121105, 38.062922], [-89.123557, 38.063677], [-89.12352, 38.06488], [-89.121714, 38.064938], [-89.118875, 38.067041], [-89.119096, 38.067621], [-89.120608, 38.067346], [-89.121124, 38.068564], [-89.122507, 38.068912], [-89.123336, 38.070087], [-89.122903, 38.070783], [-89.119552, 38.069472], [-89.118404, 38.070011], [-89.120326, 38.071322], [-89.118725, 38.072497], [-89.120809, 38.073356], [-89.119025, 38.074318], [-89.120086, 38.075678], [-89.119404, 38.07731], [-89.12234, 38.080121], [-89.12272, 38.082294], [-89.122055, 38.083261], [-89.120814, 38.081855], [-89.119439, 38.081831], [-89.120945, 38.083819], [-89.120819, 38.084946], [-89.117226, 38.084613], [-89.115469, 38.085679], [-89.11768, 38.087232], [-89.116931, 38.089007], [-89.119232, 38.090291], [-89.115704, 38.092863], [-89.115371, 38.094098], [-89.11793, 38.09631], [-89.121294, 38.096451], [-89.122386, 38.097813], [-89.124416, 38.098487], [-89.12667, 38.098146], [-89.128662, 38.100889], [-89.135023, 38.101789], [-89.137616, 38.104847], [-89.133897, 38.105822], [-89.13241, 38.103408], [-89.131289, 38.103582], [-89.131801, 38.104725], [-89.131109, 38.105643], [-89.132072, 38.10654], [-89.13065, 38.107539], [-89.130636, 38.108799], [-89.129194, 38.109423], [-89.129837, 38.112045], [-89.131836, 38.112897], [-89.130434, 38.113465], [-89.129253, 38.116812], [-89.130648, 38.115963], [-89.132138, 38.118667], [-89.129228, 38.122773], [-89.129632, 38.124767], [-88.930716, 38.125483], [-88.851704, 38.126617], [-88.704606, 38.125195], [-88.706253, 38.004168], [-88.706759, 37.863457], [-88.94798, 37.861994], [-89.151176, 37.861999], [-89.150834, 37.950196], [-89.177597, 37.950311], [-89.178343, 37.95225], [-89.177563, 37.952836], [-89.175613, 37.952532], [-89.17379, 37.954068], [-89.16521, 37.954887], [-89.16189, 37.957356], [-89.160866, 37.959202], [-89.160714, 37.961914], [-89.155147, 37.967469], [-89.155385, 37.969353], [-89.153473, 37.974537], [-89.153739, 37.977983], [-89.151972, 37.979276], [-89.149474, 37.979776], [-89.149827, 37.98225], [-89.145778, 37.985725], [-89.146626, 37.988839], [-89.143513, 37.990096], [-89.144036, 37.991548], [-89.142637, 37.992676], [-89.142992, 37.994049], [-89.140162, 37.995454], [-89.141599, 37.997129], [-89.140199, 37.999371], [-89.141015, 38.000688], [-89.143012, 38.001538], [-89.14238, 38.004114], [-89.143904, 38.005773], [-89.145244, 38.009229], [-89.144582, 38.011124], [-89.142237, 38.011017], [-89.14179, 38.012159], [-89.140146, 38.012867], [-89.140499, 38.01597], [-89.136072, 38.01803], [-89.13684, 38.021557], [-89.138468, 38.022172], [-89.137597, 38.023445], [-89.138746, 38.024317], [-89.138252, 38.025349], [-89.140538, 38.026628], [-89.143018, 38.025983], [-89.142422, 38.02913], [-89.144397, 38.028667], [-89.146861, 38.031137], [-89.14348, 38.032953], [-89.139054, 38.033834], [-89.140521, 38.035332]]]}, "properties": {"GEOID": "17055", "NAME": "Franklin", "top_species": [{"name": "Black cherry", "volume": 2671470}, {"name": "White oak", "volume": 1223744}, {"name": "Shagbark hickory", "volume": 588368}, {"name": "Black walnut", "volume": 396677}, {"name": "Eastern redcedar", "volume": 158274}], "American basswood": null, "American sycamore": null, "Black cherry": 2671470, "Black locust": null, "Black walnut": 396677, "Boxelder": 43261, "Bur oak": null, "Butternut": null, "Common persimmon": 120151, "Eastern redcedar": 158274, "Northern red oak": null, "Osage-orange": null, "Red mulberry": 80819, "Shagbark hickory": 588368, "Sugar maple": null, "White oak": 1223744}}, {"type": "Feature", "geometry": {"type": "Polygon", "coordinates": [[[-88.007766, 39.173925], [-88.013944, 39.48079], [-87.90386, 39.481886], [-87.778601, 39.485969], [-87.688972, 39.487392], [-87.687345, 39.487312], [-87.689172, 39.476756], [-87.53164, 39.477105], [-87.531646, 39.347888], [-87.537271, 39.352089], [-87.544013, 39.352907], [-87.548157, 39.34988], [-87.549478, 39.34774], [-87.550832, 39.342378], [-87.5544, 39.340488], [-87.560692, 39.338851], [-87.572132, 39.341444], [-87.578331, 39.340343], [-87.584852, 39.337329], [-87.589084, 39.333831], [-87.596729, 39.322029], [-87.600656, 39.318529], [-87.60592, 39.311076], [-87.612606, 39.308566], [-87.620589, 39.307046], [-87.620939, 39.303407], [-87.617786, 39.301257], [-87.614015, 39.300938], [-87.605348, 39.303217], [-87.597946, 39.299479], [-87.597545, 39.296388], [-87.599907, 39.293583], [-87.608753, 39.286689], [-87.609767, 39.284714], [-87.61005, 39.282232], [-87.608543, 39.277187], [-87.606394, 39.275898], [-87.601948, 39.275165], [-87.601393, 39.27439], [-87.601501, 39.272242], [-87.605574, 39.262398], [-87.604947, 39.260212], [-87.598135, 39.254093], [-87.594684, 39.248742], [-87.592394, 39.247146], [-87.588339, 39.248703], [-87.584177, 39.254004], [-87.580652, 39.255237], [-87.576836, 39.255458], [-87.573439, 39.254582], [-87.571321, 39.25082], [-87.573074, 39.246693], [-87.578224, 39.244794], [-87.579319, 39.243552], [-87.577609, 39.239184], [-87.574615, 39.223931], [-87.574558, 39.218404], [-87.577029, 39.211123], [-87.584977, 39.205276], [-87.585736, 39.203866], [-87.585725, 39.200396], [-87.588614, 39.197824], [-87.594151, 39.194932], [-87.600099, 39.193441], [-87.603045, 39.191304], [-87.605173, 39.185897], [-87.606293, 39.18513], [-87.609976, 39.184043], [-87.613064, 39.18418], [-87.616307, 39.185849], [-87.619603, 39.186032], [-87.62114, 39.183898], [-87.621436, 39.181943], [-87.620796, 39.17479], [-87.619404, 39.172066], [-87.620521, 39.17033], [-87.627832, 39.168994], [-87.63649, 39.168833], [-87.640434, 39.166727], [-87.642065, 39.162477], [-87.640856, 39.159867], [-87.630375, 39.15834], [-87.628798, 39.157513], [-87.657018, 39.15786], [-87.656919, 39.172179], [-87.747096, 39.172391], [-87.746174, 39.17922], [-88.007766, 39.173925]]]}, "properties": {"GEOID": "17023", "NAME": "Clark", "top_species": [{"name": "White oak", "volume": 7141569}, {"name": "Sugar maple", "volume": 2197224}, {"name": "Northern red oak", "volume": 1807925}, {"name": "Shagbark hickory", "volume": 1181306}, {"name": "Bur oak", "volume": 1019406}], "American basswood": 111221, "American sycamore": 581656, "Black cherry": 447957, "Black locust": 95919, "Black walnut": 682710, "Boxelder": 134839, "Bur oak": 1019406, "Butternut": null, "Common persimmon": 57441, "Eastern redcedar": 9328, "Northern red oak": 1807925, "Osage-orange": 326209, "Red mulberry": null, "Shagbark hickory": 1181306, "Sugar maple": 2197224, "White oak": 7141569}}, {"type": "Feature", "geometry": {"type": "Polygon", "coordinates": [[[-90.337653, 41.661424], [-90.334831, 41.678056], [-90.333621, 41.68092], [-90.330222, 41.683954], [-90.318346, 41.690835], [-90.314191, 41.695913], [-90.312924, 41.700496], [-90.312893, 41.707528], [-90.317421, 41.718333], [-90.317668, 41.722689], [-90.315549, 41.734426], [-90.309973, 41.74342], [-90.302782, 41.750031], [-90.278633, 41.767358], [-90.264696, 41.771475], [-90.258622, 41.775295], [-90.24238, 41.782964], [-90.242015, 41.77688], [-90.244992, 41.771721], [-90.244642, 41.767398], [-90.24725, 41.764948], [-90.24717, 41.762609], [-90.243063, 41.762547], [-90.242122, 41.764814], [-90.240122, 41.764963], [-90.236773, 41.762598], [-90.238084, 41.761065], [-90.242752, 41.759959], [-90.246714, 41.75476], [-90.247917, 41.746877], [-90.246711, 41.745578], [-90.244125, 41.745587], [-90.24317, 41.744321], [-90.244424, 41.742551], [-90.244268, 41.740383], [-90.242126, 41.7405], [-90.239427, 41.742485], [-90.236509, 41.740747], [-90.234705, 41.736111], [-90.236045, 41.731844], [-90.238677, 41.729158], [-90.238667, 41.727265], [-90.234083, 41.725011], [-90.234697, 41.720464], [-90.23935, 41.714005], [-90.238164, 41.711176], [-90.240607, 41.7099], [-90.239839, 41.706688], [-90.242167, 41.704801], [-90.245214, 41.704701], [-90.245713, 41.703537], [-90.244028, 41.701732], [-90.237155, 41.699566], [-90.236635, 41.696313], [-90.233084, 41.696714], [-90.231159, 41.69576], [-90.230833, 41.694583], [-90.23246, 41.693001], [-90.23205, 41.691862], [-90.228066, 41.693007], [-90.22679, 41.692521], [-90.227405, 41.68829], [-90.226154, 41.686944], [-90.22686, 41.683484], [-90.229219, 41.682126], [-90.230556, 41.682564], [-90.232483, 41.681474], [-90.234928, 41.681377], [-90.236182, 41.679496], [-90.232703, 41.676573], [-90.230538, 41.676294], [-90.228172, 41.674643], [-90.189532, 41.663374], [-90.181656, 41.657882], [-90.1737, 41.65496], [-90.171705, 41.652991], [-90.170288, 41.648696], [-90.164776, 41.647689], [-90.161233, 41.643927], [-90.163814, 41.639217], [-90.173913, 41.640069], [-90.173243, 41.637401], [-90.162465, 41.635526], [-90.159878, 41.630495], [-90.160373, 41.626144], [-90.162061, 41.621562], [-90.160687, 41.617866], [-90.162464, 41.616336], [-90.161749, 41.615148], [-90.166116, 41.609802], [-90.165057, 41.602933], [-90.165613, 41.601089], [-90.16502, 41.596041], [-90.166704, 41.593502], [-90.169248, 41.592175], [-90.174476, 41.591157], [-90.181412, 41.590993], [-90.185814, 41.588466], [-90.186253, 41.58634], [-90.185609, 41.584653], [-90.180052, 41.578716], [-90.179098, 41.573487], [-90.180652, 41.5669], [-90.184991, 41.555457], [-90.192498, 41.543213], [-90.195324, 41.540686], [-90.219018, 41.5372], [-90.222459, 41.53557], [-90.224167, 41.531418], [-90.225842, 41.529917], [-90.231545, 41.529036], [-90.24078, 41.525088], [-90.250123, 41.522755], [-90.260523, 41.521534], [-90.268324, 41.522134], [-90.279324, 41.520334], [-90.289224, 41.520334], [-90.297076, 41.518207], [-90.304716, 41.517791], [-90.312094, 41.510591], [-90.315059, 41.509204], [-90.318733, 41.508898], [-90.320214, 41.50999], [-90.333889, 41.514085], [-90.341245, 41.511379], [-90.352231, 41.508832], [-90.364227, 41.502834], [-90.369427, 41.496734], [-90.373028, 41.484634], [-90.376528, 41.478734], [-90.380382, 41.476675], [-90.387328, 41.476434], [-90.396028, 41.469734], [-90.404229, 41.464834], [-90.421129, 41.457634], [-90.43193, 41.456834], [-90.433737, 41.326989], [-90.540068, 41.326995], [-90.616994, 41.328199], [-90.75014, 41.328834], [-90.894753, 41.332163], [-91.07207, 41.333361], [-91.070498, 41.34627], [-91.066232, 41.366367], [-91.065058, 41.369101], [-91.05158, 41.385283], [-91.050328, 41.400049], [-91.047642, 41.41131], [-91.043988, 41.415897], [-91.039872, 41.418523], [-91.027787, 41.423603], [-91.005846, 41.426135], [-90.985886, 41.433689], [-90.979815, 41.434321], [-90.974185, 41.433712], [-90.970173, 41.431238], [-90.962095, 41.429327], [-90.954735, 41.42561], [-90.949791, 41.424163], [-90.930016, 41.421404], [-90.924343, 41.42286], [-90.919351, 41.425589], [-90.900471, 41.431154], [-90.890676, 41.435488], [-90.860626, 41.451393], [-90.853604, 41.453909], [-90.846558, 41.455141], [-90.835359, 41.455575], [-90.824736, 41.454467], [-90.798931, 41.454025], [-90.773417, 41.450882], [-90.745946, 41.44973], [-90.737537, 41.450127], [-90.701159, 41.454743], [-90.690951, 41.456643], [-90.676439, 41.460832], [-90.666239, 41.460632], [-90.655839, 41.462132], [-90.650238, 41.465032], [-90.632538, 41.478732], [-90.618537, 41.485032], [-90.605936, 41.494232], [-90.604237, 41.497032], [-90.602137, 41.506032], [-90.595237, 41.511032], [-90.586236, 41.514232], [-90.571136, 41.516332], [-90.567236, 41.517532], [-90.556235, 41.524232], [-90.540935, 41.526133], [-90.533035, 41.524933], [-90.513134, 41.519533], [-90.500633, 41.518033], [-90.474332, 41.519733], [-90.461432, 41.523533], [-90.445231, 41.536133], [-90.432731, 41.549533], [-90.42223, 41.554233], [-90.41583, 41.562933], [-90.412825, 41.565329], [-90.39793, 41.572233], [-90.381329, 41.576633], [-90.364128, 41.579633], [-90.343228, 41.587833], [-90.341528, 41.590633], [-90.339528, 41.598633], [-90.343452, 41.646959], [-90.337653, 41.661424]]]}, "properties": {"GEOID": "17161", "NAME": "Rock Island", "top_species": [{"name": "White oak", "volume": 2460659}, {"name": "American basswood", "volume": 1983476}, {"name": "Black walnut", "volume": 1836336}, {"name": "Black cherry", "volume": 1721925}, {"name": "Bur oak", "volume": 936653}], "American basswood": 1983476, "American sycamore": null, "Black cherry": 1721925, "Black locust": 221453, "Black walnut": 1836336, "Boxelder": null, "Bur oak": 936653, "Butternut": null, "Common persimmon": null, "Eastern redcedar": 45940, "Northern red oak": 528681, "Osage-orange": 376787, "Red mulberry": 205376, "Shagbark hickory": 135008, "Sugar maple": null, "White oak": 2460659}}, {"type": "Feature", "geometry": {"type": "Polygon", "coordinates": [[[-88.60362, 41.719546], [-88.261275, 41.724656], [-88.259392, 41.643465], [-88.252231, 41.463066], [-88.481681, 41.457903], [-88.595961, 41.457129], [-88.599303, 41.555593], [-88.600634, 41.5703], [-88.600214, 41.575261], [-88.60224, 41.631389], [-88.60362, 41.719546]]]}, "properties": {"GEOID": "17093", "NAME": "Kendall", "top_species": [{"name": "Bur oak", "volume": 3519776}, {"name": "White oak", "volume": 1148021}, {"name": "Black walnut", "volume": 188600}, {"name": "Black cherry", "volume": 159051}], "American basswood": null, "American sycamore": null, "Black cherry": 159051, "Black locust": null, "Black walnut": 188600, "Boxelder": null, "Bur oak": 3519776, "Butternut": null, "Common persimmon": null, "Eastern redcedar": null, "Northern red oak": null, "Osage-orange": null, "Red mulberry": null, "Shagbark hickory": null, "Sugar maple": null, "White oak": 1148021}}, {"type": "Feature", "geometry": {"type": "Polygon", "coordinates": [[[-88.238186, 42.066985], [-88.238449, 42.154249], [-87.758876, 42.152252], [-87.721762, 42.153426], [-87.625058, 42.152131], [-87.37505, 42.151515], [-87.111162, 42.149409], [-87.150009, 42.000033], [-87.148431, 42.000014], [-87.207774, 41.760956], [-87.523661, 41.759907], [-87.524813, 41.686938], [-87.525705, 41.470283], [-87.790303, 41.469846], [-87.790323, 41.538404], [-87.790366, 41.53965], [-87.792132, 41.538309], [-87.792793, 41.55854], [-87.909378, 41.556881], [-87.91193, 41.643933], [-88.027688, 41.641506], [-88.028973, 41.685242], [-87.982152, 41.686078], [-87.979166, 41.687332], [-87.97526, 41.686533], [-87.971626, 41.687251], [-87.966674, 41.686742], [-87.955672, 41.693024], [-87.947374, 41.695412], [-87.942305, 41.698918], [-87.941783, 41.703035], [-87.936761, 41.705307], [-87.934226, 41.708457], [-87.930286, 41.710064], [-87.927239, 41.712634], [-87.924917, 41.712995], [-87.921532, 41.716238], [-87.914264, 41.716598], [-87.917635, 41.804743], [-87.919764, 41.839607], [-87.919395, 41.854039], [-87.920417, 41.86413], [-87.920476, 41.993886], [-88.031449, 41.992527], [-88.145921, 41.988216], [-88.262875, 41.986378], [-88.263641, 42.066873], [-88.238186, 42.066985]]]}, "properties": {"GEOID": "17031", "NAME": "Cook", "top_species": [{"name": "Northern red oak", "volume": 5273124}, {"name": "Bur oak", "volume": 2918622}, {"name": "White oak", "volume": 2207310}, {"name": "American basswood", "volume": 1984626}, {"name": "Black walnut", "volume": 917313}], "American basswood": 1984626, "American sycamore": 297899, "Black cherry": 890831, "Black locust": 436293, "Black walnut": 917313, "Boxelder": 228066, "Bur oak": 2918622, "Butternut": null, "Common persimmon": null, "Eastern redcedar": null, "Northern red oak": 5273124, "Osage-orange": null, "Red mulberry": null, "Shagbark hickory": 328586, "Sugar maple": 194846, "White oak": 2207310}}, {"type": "Feature", "geometry": {"type": "Polygon", "coordinates": [[[-88.373525, 37.702682], [-88.374521, 37.908391], [-88.35719, 37.90852], [-88.356935, 37.909083], [-88.136538, 37.907737], [-88.135981, 37.907795], [-88.135887, 37.916118], [-88.124085, 37.909416], [-88.115083, 37.906755], [-88.110574, 37.904196], [-88.106662, 37.900406], [-88.102658, 37.89826], [-88.101358, 37.894536], [-88.096842, 37.892923], [-88.098566, 37.889986], [-88.095888, 37.889677], [-88.093049, 37.891604], [-88.084385, 37.885582], [-88.078529, 37.879118], [-88.067364, 37.856051], [-88.065036, 37.853172], [-88.059425, 37.848732], [-88.049453, 37.845187], [-88.033309, 37.841917], [-88.028217, 37.838585], [-88.025921, 37.832694], [-88.028693, 37.827109], [-88.033011, 37.824383], [-88.043831, 37.821525], [-88.061012, 37.823015], [-88.076427, 37.830239], [-88.079464, 37.830991], [-88.085727, 37.829388], [-88.090092, 37.825642], [-88.091848, 37.822108], [-88.090039, 37.816771], [-88.085161, 37.813184], [-88.077029, 37.804993], [-88.07067, 37.801704], [-88.064181, 37.800431], [-88.059662, 37.801196], [-88.045753, 37.808129], [-88.037623, 37.809864], [-88.0329, 37.80862], [-88.029818, 37.806274], [-88.028477, 37.804417], [-88.02802, 37.799197], [-88.03159, 37.797075], [-88.036316, 37.791157], [-88.038589, 37.784506], [-88.040837, 37.771926], [-88.042465, 37.767318], [-88.049183, 37.755073], [-88.051615, 37.751815], [-88.056263, 37.747982], [-88.059333, 37.742967], [-88.070314, 37.733323], [-88.074698, 37.732392], [-88.078058, 37.730407], [-88.083299, 37.729341], [-88.095708, 37.723215], [-88.100751, 37.718613], [-88.11669, 37.712866], [-88.121522, 37.710243], [-88.124993, 37.707223], [-88.132093, 37.697482], [-88.134215, 37.69154], [-88.145138, 37.682994], [-88.150547, 37.676753], [-88.159157, 37.662611], [-88.160301, 37.655775], [-88.158748, 37.649064], [-88.158292, 37.63919], [-88.157068, 37.633275], [-88.152563, 37.622611], [-88.141865, 37.603251], [-88.140681, 37.599718], [-88.14185, 37.599673], [-88.142383, 37.592432], [-88.140783, 37.585217], [-88.134281, 37.574636], [-88.140425, 37.575343], [-88.146721, 37.573189], [-88.152679, 37.573813], [-88.157963, 37.577514], [-88.162813, 37.587467], [-88.167691, 37.592689], [-88.179677, 37.599228], [-88.375434, 37.599595], [-88.373525, 37.702682]]]}, "properties": {"GEOID": "17059", "NAME": "Gallatin", "top_species": [{"name": "Black walnut", "volume": 945981}, {"name": "Boxelder", "volume": 886613}, {"name": "Shagbark hickory", "volume": 753796}, {"name": "Bur oak", "volume": 555905}, {"name": "Sugar maple", "volume": 499258}], "American basswood": null, "American sycamore": 17998, "Black cherry": 112418, "Black locust": null, "Black walnut": 945981, "Boxelder": 886613, "Bur oak": 555905, "Butternut": null, "Common persimmon": 124970, "Eastern redcedar": 44933, "Northern red oak": null, "Osage-orange": null, "Red mulberry": 47627, "Shagbark hickory": 753796, "Sugar maple": 499258, "White oak": 488093}}, {"type": "Feature", "geometry": {"type": "Polygon", "coordinates": [[[-89.632379, 41.671561], [-89.62933, 41.901617], [-89.479989, 41.902502], [-89.478366, 41.906968], [-89.476197, 41.909291], [-89.471407, 41.91134], [-89.465555, 41.911706], [-89.454784, 41.909896], [-89.446483, 41.909816], [-89.43568, 41.907401], [-89.427716, 41.907757], [-89.423208, 41.906086], [-89.421712, 41.90436], [-89.422325, 41.899642], [-89.430586, 41.896589], [-89.431897, 41.894276], [-89.41376, 41.885463], [-89.411191, 41.887286], [-89.411936, 41.893909], [-89.410489, 41.894987], [-89.408063, 41.895349], [-89.405427, 41.897381], [-89.402194, 41.900823], [-89.402083, 41.902276], [-89.398665, 41.902266], [-89.398652, 41.902833], [-89.360392, 41.902616], [-89.360578, 41.888018], [-89.283391, 41.887919], [-88.941323, 41.891781], [-88.94166, 41.717503], [-88.940317, 41.716772], [-88.938679, 41.628316], [-89.052011, 41.626704], [-89.16715, 41.628657], [-89.166561, 41.585289], [-89.631494, 41.584949], [-89.632379, 41.671561]]]}, "properties": {"GEOID": "17103", "NAME": "Lee", "top_species": [{"name": "Boxelder", "volume": 1344726}, {"name": "Black walnut", "volume": 1200283}, {"name": "Black cherry", "volume": 68588}], "American basswood": null, "American sycamore": null, "Black cherry": 68588, "Black locust": null, "Black walnut": 1200283, "Boxelder": 1344726, "Bur oak": null, "Butternut": null, "Common persimmon": null, "Eastern redcedar": null, "Northern red oak": null, "Osage-orange": null, "Red mulberry": null, "Shagbark hickory": null, "Sugar maple": null, "White oak": null}}, {"type": "Feature", "geometry": {"type": "Polygon", "coordinates": [[[-88.938936, 42.065068], [-88.939732, 42.15232], [-88.79413, 42.153512], [-88.588657, 42.15359], [-88.58833, 42.066462], [-88.601958, 42.066469], [-88.601289, 41.981473], [-88.602566, 41.806847], [-88.601933, 41.719563], [-88.60362, 41.719546], [-88.60224, 41.631389], [-88.702787, 41.630792], [-88.706158, 41.630189], [-88.818462, 41.631352], [-88.938679, 41.628316], [-88.940317, 41.716772], [-88.94166, 41.717503], [-88.941279, 41.891752], [-88.942146, 42.06505], [-88.938936, 42.065068]]]}, "properties": {"GEOID": "17037", "NAME": "DeKalb", "top_species": [{"name": "Black cherry", "volume": 1735497}, {"name": "Black walnut", "volume": 1428633}, {"name": "White oak", "volume": 601414}, {"name": "Northern red oak", "volume": 216040}, {"name": "Shagbark hickory", "volume": 53213}], "American basswood": null, "American sycamore": null, "Black cherry": 1735497, "Black locust": null, "Black walnut": 1428633, "Boxelder": null, "Bur oak": null, "Butternut": null, "Common persimmon": null, "Eastern redcedar": null, "Northern red oak": 216040, "Osage-orange": null, "Red mulberry": null, "Shagbark hickory": 53213, "Sugar maple": null, "White oak": 601414}}, {"type": "Feature", "geometry": {"type": "Polygon", "coordinates": [[[-89.985479, 40.974495], [-89.984559, 41.149394], [-89.868152, 41.149493], [-89.867793, 41.23443], [-89.638708, 41.233862], [-89.638727, 40.973707], [-89.869388, 40.975033], [-89.985479, 40.974495]]]}, "properties": {"GEOID": "17175", "NAME": "Stark", "top_species": [{"name": "Black walnut", "volume": 270256}, {"name": "Black cherry", "volume": 113440}], "American basswood": null, "American sycamore": null, "Black cherry": 113440, "Black locust": null, "Black walnut": 270256, "Boxelder": null, "Bur oak": null, "Butternut": null, "Common persimmon": null, "Eastern redcedar": null, "Northern red oak": null, "Osage-orange": null, "Red mulberry": null, "Shagbark hickory": null, "Sugar maple": null, "White oak": null}}, {"type": "Feature", "geometry": {"type": "Polygon", "coordinates": [[[-91.488131, 40.024576], [-91.494981, 40.036945], [-91.489606, 40.057435], [-91.497663, 40.078257], [-91.501434, 40.095852], [-91.504851, 40.104203], [-91.50824, 40.118945], [-91.510839, 40.126137], [-91.510386, 40.131115], [-91.511676, 40.139227], [-91.51159, 40.149269], [-91.508224, 40.157665], [-91.511956, 40.170441], [-91.512974, 40.181062], [-91.511073, 40.188794], [-91.504765, 40.196737], [-91.505061, 40.199925], [-91.397558, 40.199493], [-91.145298, 40.195537], [-90.911969, 40.193088], [-90.914688, 40.018092], [-90.914406, 39.944254], [-90.914702, 39.930055], [-90.916528, 39.916618], [-90.917036, 39.902071], [-90.915961, 39.7572], [-91.20313, 39.75689], [-91.365125, 39.758723], [-91.365906, 39.764956], [-91.365694, 39.77491], [-91.364848, 39.779388], [-91.361744, 39.785079], [-91.361571, 39.787548], [-91.363444, 39.792804], [-91.367966, 39.800403], [-91.376488, 39.810033], [-91.383707, 39.8146], [-91.393413, 39.81991], [-91.400068, 39.822521], [-91.407793, 39.827581], [-91.430402, 39.838902], [-91.433798, 39.841865], [-91.436529, 39.847078], [-91.441343, 39.861983], [-91.446685, 39.871642], [-91.447844, 39.877951], [-91.446922, 39.883034], [-91.443513, 39.893583], [-91.420878, 39.914865], [-91.41988, 39.916533], [-91.418807, 39.922126], [-91.41936, 39.927717], [-91.421266, 39.932096], [-91.425782, 39.937765], [-91.43709, 39.946417], [-91.44156, 39.951299], [-91.447236, 39.959502], [-91.449806, 39.965278], [-91.454647, 39.971306], [-91.458852, 39.979015], [-91.463683, 39.981845], [-91.465315, 39.983995], [-91.469247, 39.995327], [-91.474051, 40.002283], [-91.47636, 40.007725], [-91.488131, 40.024576]]]}, "properties": {"GEOID": "17001", "NAME": "Adams", "top_species": [{"name": "Northern red oak", "volume": 4772541}, {"name": "White oak", "volume": 4204838}, {"name": "Shagbark hickory", "volume": 3460620}, {"name": "Black walnut", "volume": 2904839}, {"name": "American basswood", "volume": 874204}], "American basswood": 874204, "American sycamore": null, "Black cherry": 656422, "Black locust": null, "Black walnut": 2904839, "Boxelder": null, "Bur oak": 294866, "Butternut": null, "Common persimmon": null, "Eastern redcedar": 676775, "Northern red oak": 4772541, "Osage-orange": 424804, "Red mulberry": 21818, "Shagbark hickory": 3460620, "Sugar maple": 366653, "White oak": 4204838}}, {"type": "Feature", "geometry": {"type": "Polygon", "coordinates": [[[-88.12631, 40.792614], [-88.131935, 40.997777], [-87.982305, 41.000536], [-87.882576, 41.003649], [-87.526208, 41.010341], [-87.526436, 40.894154], [-87.525662, 40.827411], [-87.526366, 40.491237], [-87.652132, 40.488212], [-87.763518, 40.488197], [-87.972454, 40.48566], [-87.993046, 40.485598], [-88.004076, 40.488672], [-88.1179, 40.487856], [-88.118317, 40.575168], [-88.12631, 40.792614]]]}, "properties": {"GEOID": "17075", "NAME": "Iroquois", "top_species": [{"name": "Black walnut", "volume": 1812567}, {"name": "Northern red oak", "volume": 1493495}, {"name": "Osage-orange", "volume": 1033558}, {"name": "Red mulberry", "volume": 488068}], "American basswood": null, "American sycamore": null, "Black cherry": null, "Black locust": null, "Black walnut": 1812567, "Boxelder": null, "Bur oak": null, "Butternut": null, "Common persimmon": null, "Eastern redcedar": null, "Northern red oak": 1493495, "Osage-orange": 1033558, "Red mulberry": 488068, "Shagbark hickory": null, "Sugar maple": null, "White oak": null}}, {"type": "Feature", "geometry": {"type": "Polygon", "coordinates": [[[-88.236292, 40.675012], [-88.237001, 40.675004], [-88.2473, 40.99456], [-88.22824, 40.99564], [-88.131935, 40.997777], [-88.125611, 40.763403], [-88.122445, 40.67667], [-88.121613, 40.676687], [-88.118317, 40.575168], [-88.1179, 40.487856], [-88.004076, 40.488672], [-87.9926, 40.485568], [-87.935309, 40.485923], [-87.931712, 40.3994], [-87.976677, 40.399048], [-87.990374, 40.399233], [-88.002848, 40.4005], [-88.116616, 40.400612], [-88.346987, 40.398417], [-88.459957, 40.39885], [-88.459217, 40.485649], [-88.459475, 40.617345], [-88.347198, 40.617038], [-88.23495, 40.618208], [-88.236292, 40.675012]]]}, "properties": {"GEOID": "17053", "NAME": "Ford", "top_species": [], "American basswood": null, "American sycamore": null, "Black cherry": null, "Black locust": null, "Black walnut": null, "Boxelder": null, "Bur oak": null, "Butternut": null, "Common persimmon": null, "Eastern redcedar": null, "Northern red oak": null, "Osage-orange": null, "Red mulberry": null, "Shagbark hickory": null, "Sugar maple": null, "White oak": null}}, {"type": "Feature", "geometry": {"type": "Polygon", "coordinates": [[[-88.1227, 39.880223], [-88.009488, 39.879432], [-87.937645, 39.879803], [-87.937029, 39.792371], [-87.968777, 39.79235], [-87.966347, 39.685973], [-88.026224, 39.684938], [-88.026208, 39.681665], [-88.063013, 39.681311], [-88.063518, 39.652657], [-88.100755, 39.652048], [-88.472073, 39.651588], [-88.473182, 39.791837], [-88.462328, 39.79182], [-88.462207, 39.879092], [-88.236583, 39.879109], [-88.1227, 39.880223]]]}, "properties": {"GEOID": "17041", "NAME": "Douglas", "top_species": [{"name": "White oak", "volume": 2758594}, {"name": "Black walnut", "volume": 537902}, {"name": "Sugar maple", "volume": 154341}, {"name": "Bur oak", "volume": 107690}, {"name": "Black cherry", "volume": 93253}], "American basswood": null, "American sycamore": null, "Black cherry": 93253, "Black locust": null, "Black walnut": 537902, "Boxelder": null, "Bur oak": 107690, "Butternut": null, "Common persimmon": null, "Eastern redcedar": null, "Northern red oak": null, "Osage-orange": null, "Red mulberry": null, "Shagbark hickory": null, "Sugar maple": 154341, "White oak": 2758594}}, {"type": "Feature", "geometry": {"type": "Polygon", "coordinates": [[[-90.177705, 38.642652], [-90.181228, 38.660066], [-90.132075, 38.66015], [-90.058662, 38.658585], [-89.947293, 38.657976], [-89.818745, 38.655825], [-89.706949, 38.655019], [-89.70459, 38.480278], [-89.703256, 38.219404], [-89.899043, 38.220755], [-89.903478, 38.225315], [-89.904471, 38.227461], [-89.903566, 38.228437], [-89.897876, 38.228563], [-89.896774, 38.229905], [-89.897305, 38.231746], [-89.901427, 38.235319], [-89.905826, 38.236129], [-89.908978, 38.23765], [-89.908986, 38.238648], [-89.907073, 38.240754], [-89.907821, 38.243808], [-89.910533, 38.245789], [-89.911175, 38.248161], [-89.914553, 38.249567], [-89.917267, 38.251789], [-89.913611, 38.254043], [-89.914524, 38.258792], [-89.920284, 38.264248], [-89.923737, 38.26902], [-89.920858, 38.271063], [-89.920897, 38.272024], [-89.924562, 38.272125], [-89.925237, 38.272783], [-89.922178, 38.275792], [-89.921593, 38.278395], [-89.91981, 38.280779], [-89.920186, 38.284494], [-89.919635, 38.285653], [-89.916409, 38.285251], [-89.913544, 38.285976], [-89.9113, 38.284699], [-89.911547, 38.282655], [-89.917127, 38.280777], [-89.918241, 38.279238], [-89.917187, 38.277815], [-89.9129, 38.276575], [-89.908797, 38.276179], [-89.906193, 38.2772], [-89.903558, 38.279392], [-89.902501, 38.281468], [-89.902447, 38.284328], [-89.901248, 38.287548], [-89.906377, 38.29226], [-89.906836, 38.293597], [-89.904201, 38.29661], [-89.904085, 38.297833], [-89.909031, 38.301835], [-89.913227, 38.308269], [-90.036107, 38.308936], [-90.036096, 38.323537], [-90.126677, 38.396935], [-90.128771, 38.397326], [-90.145562, 38.412053], [-90.1454, 38.426674], [-90.264123, 38.520728], [-90.257782, 38.532012], [-90.248905, 38.544781], [-90.224204, 38.57508], [-90.216704, 38.57878], [-90.202503, 38.58868], [-90.191803, 38.59898], [-90.184502, 38.61158], [-90.178811, 38.629157], [-90.177705, 38.642652]]]}, "properties": {"GEOID": "17163", "NAME": "St. Clair", "top_species": [{"name": "American sycamore", "volume": 1024550}, {"name": "Black walnut", "volume": 942531}, {"name": "Black cherry", "volume": 641674}, {"name": "Bur oak", "volume": 636137}, {"name": "Boxelder", "volume": 610238}], "American basswood": null, "American sycamore": 1024550, "Black cherry": 641674, "Black locust": null, "Black walnut": 942531, "Boxelder": 610238, "Bur oak": 636137, "Butternut": null, "Common persimmon": 571018, "Eastern redcedar": 28693, "Northern red oak": 37659, "Osage-orange": null, "Red mulberry": 243943, "Shagbark hickory": 103341, "Sugar maple": null, "White oak": null}}, {"type": "Feature", "geometry": {"type": "Polygon", "coordinates": [[[-89.703256, 38.219404], [-89.704245, 38.415779], [-89.702497, 38.416468], [-89.700498, 38.41578], [-89.694771, 38.416675], [-89.694184, 38.418199], [-89.692102, 38.419844], [-89.695068, 38.421288], [-89.696755, 38.425041], [-89.692711, 38.426531], [-89.689012, 38.426372], [-89.687696, 38.427383], [-89.687431, 38.42988], [-89.684955, 38.429711], [-89.683357, 38.428676], [-89.683764, 38.427716], [-89.686107, 38.426758], [-89.685696, 38.425385], [-89.683518, 38.424996], [-89.68113, 38.425709], [-89.67785, 38.42474], [-89.67828, 38.427065], [-89.677093, 38.429828], [-89.677997, 38.432121], [-89.675188, 38.431828], [-89.673305, 38.429359], [-89.672045, 38.429011], [-89.671744, 38.429879], [-89.67411, 38.432999], [-89.674035, 38.434732], [-89.671338, 38.434217], [-89.668345, 38.431954], [-89.66703, 38.432335], [-89.665058, 38.43498], [-89.667689, 38.43474], [-89.668696, 38.435628], [-89.667773, 38.438103], [-89.668448, 38.44042], [-89.667659, 38.440436], [-89.667779, 38.442753], [-89.664178, 38.445326], [-89.660113, 38.444842], [-89.65497, 38.442823], [-89.647061, 38.44232], [-89.645027, 38.441429], [-89.643195, 38.443928], [-89.647049, 38.446057], [-89.647256, 38.446873], [-89.646048, 38.44808], [-89.644505, 38.448146], [-89.640443, 38.445287], [-89.638854, 38.445219], [-89.636782, 38.446305], [-89.638709, 38.449081], [-89.638609, 38.450048], [-89.637765, 38.450326], [-89.636473, 38.448103], [-89.632833, 38.447181], [-89.634794, 38.449614], [-89.63461, 38.451933], [-89.632602, 38.452419], [-89.631331, 38.450303], [-89.629186, 38.449897], [-89.627677, 38.450743], [-89.626706, 38.453705], [-89.626874, 38.457749], [-89.628775, 38.460931], [-89.628875, 38.463696], [-89.62608, 38.464426], [-89.6251, 38.463198], [-89.625996, 38.460619], [-89.623246, 38.460812], [-89.620191, 38.46316], [-89.621021, 38.466343], [-89.616943, 38.466634], [-89.615738, 38.471417], [-89.613453, 38.473249], [-89.607524, 38.474986], [-89.603357, 38.474094], [-89.600354, 38.476087], [-89.594928, 38.474789], [-89.592251, 38.476572], [-89.588923, 38.475565], [-89.586309, 38.477613], [-89.579325, 38.480184], [-89.577666, 38.483461], [-89.576626, 38.483173], [-89.575635, 38.481212], [-89.575443, 38.478158], [-89.574334, 38.477594], [-89.572495, 38.478658], [-89.57423, 38.480619], [-89.57321, 38.482475], [-89.571561, 38.482719], [-89.567822, 38.481031], [-89.565883, 38.483288], [-89.564834, 38.482808], [-89.56473, 38.481314], [-89.567667, 38.478851], [-89.568652, 38.476355], [-89.568055, 38.475745], [-89.564357, 38.476768], [-89.562504, 38.476247], [-89.56071, 38.477356], [-89.559363, 38.477027], [-89.559593, 38.475291], [-89.558323, 38.474748], [-89.556873, 38.475684], [-89.55825, 38.477457], [-89.55219, 38.478259], [-89.550846, 38.477532], [-89.552353, 38.476119], [-89.552046, 38.475378], [-89.550961, 38.475372], [-89.550028, 38.4773], [-89.546725, 38.474403], [-89.543825, 38.475126], [-89.54082, 38.474049], [-89.539562, 38.474535], [-89.539264, 38.475538], [-89.541684, 38.47737], [-89.541841, 38.478697], [-89.540194, 38.480589], [-89.533714, 38.480667], [-89.531616, 38.47868], [-89.528154, 38.481074], [-89.52767, 38.480372], [-89.528445, 38.477298], [-89.527457, 38.477255], [-89.525882, 38.479353], [-89.52459, 38.479451], [-89.519765, 38.474541], [-89.513851, 38.472538], [-89.510981, 38.472616], [-89.508503, 38.474611], [-89.504631, 38.473433], [-89.501222, 38.474437], [-89.490566, 38.47161], [-89.490052, 38.472497], [-89.492379, 38.473686], [-89.493283, 38.475055], [-89.491501, 38.477375], [-89.490147, 38.477746], [-89.488974, 38.474253], [-89.483704, 38.473124], [-89.483256, 38.469366], [-89.48188, 38.46859], [-89.478533, 38.471302], [-89.469724, 38.47308], [-89.469071, 38.475324], [-89.467565, 38.476291], [-89.460595, 38.477254], [-89.455145, 38.479769], [-89.455802, 38.482504], [-89.448521, 38.489214], [-89.445224, 38.490119], [-89.438102, 38.489515], [-89.43444, 38.49059], [-89.433951, 38.491432], [-89.434673, 38.493414], [-89.433989, 38.494884], [-89.428491, 38.499078], [-89.427211, 38.498955], [-89.426854, 38.496919], [-89.425495, 38.496065], [-89.417153, 38.494106], [-89.412206, 38.488274], [-89.410516, 38.487315], [-89.408104, 38.489037], [-89.407311, 38.493196], [-89.405914, 38.495642], [-89.40165, 38.494408], [-89.401164, 38.493716], [-89.401903, 38.489499], [-89.400685, 38.489131], [-89.398295, 38.490222], [-89.395718, 38.490177], [-89.396019, 38.491083], [-89.39855, 38.49199], [-89.398063, 38.494815], [-89.396316, 38.493797], [-89.392923, 38.495184], [-89.388914, 38.494095], [-89.389582, 38.494817], [-89.389035, 38.496378], [-89.387656, 38.497159], [-89.385585, 38.494302], [-89.383732, 38.49495], [-89.384049, 38.4959], [-89.382272, 38.497446], [-89.379252, 38.496999], [-89.38044, 38.496112], [-89.38077, 38.494659], [-89.380116, 38.494277], [-89.378209, 38.496869], [-89.376818, 38.496983], [-89.377099, 38.498065], [-89.375454, 38.498068], [-89.375478, 38.499217], [-89.372777, 38.500462], [-89.372086, 38.500127], [-89.373383, 38.496934], [-89.371517, 38.497036], [-89.371665, 38.498545], [-89.369896, 38.499825], [-89.369341, 38.498721], [-89.367148, 38.49799], [-89.368903, 38.500473], [-89.364918, 38.500995], [-89.365964, 38.503401], [-89.368236, 38.502928], [-89.368183, 38.505193], [-89.367483, 38.505571], [-89.366834, 38.50476], [-89.366036, 38.505688], [-89.360931, 38.506196], [-89.361878, 38.507997], [-89.363933, 38.507161], [-89.366316, 38.508237], [-89.364023, 38.508587], [-89.363429, 38.510583], [-89.360843, 38.50872], [-89.359243, 38.508818], [-89.359676, 38.509686], [-89.35894, 38.510827], [-89.360429, 38.511152], [-89.36123, 38.514501], [-89.360424, 38.516546], [-89.357628, 38.514838], [-89.357128, 38.515438], [-89.358536, 38.516074], [-89.358784, 38.517769], [-89.356238, 38.51807], [-89.356254, 38.516973], [-89.354986, 38.516324], [-89.354322, 38.51671], [-89.354862, 38.517879], [-89.351483, 38.518861], [-89.34992, 38.517769], [-89.350873, 38.516162], [-89.348088, 38.516783], [-89.347357, 38.515127], [-89.344903, 38.514278], [-89.345248, 38.513377], [-89.347052, 38.513346], [-89.346888, 38.51083], [-89.345681, 38.510049], [-89.344807, 38.510242], [-89.346173, 38.511382], [-89.345862, 38.51284], [-89.343058, 38.510325], [-89.342203, 38.51063], [-89.34205, 38.512073], [-89.339101, 38.513406], [-89.337217, 38.512819], [-89.338591, 38.511424], [-89.338238, 38.510861], [-89.337258, 38.511447], [-89.335566, 38.511041], [-89.334552, 38.512363], [-89.330844, 38.512245], [-89.33046, 38.511709], [-89.331621, 38.511641], [-89.332597, 38.51006], [-89.331238, 38.511085], [-89.328948, 38.510162], [-89.328401, 38.510588], [-89.329034, 38.511468], [-89.327673, 38.511728], [-89.327422, 38.513247], [-89.325953, 38.51365], [-89.325198, 38.513203], [-89.32651, 38.511907], [-89.326173, 38.511276], [-89.325307, 38.511258], [-89.324918, 38.512433], [-89.322505, 38.512993], [-89.323456, 38.510508], [-89.321552, 38.511255], [-89.320396, 38.509539], [-89.319046, 38.51017], [-89.316798, 38.508488], [-89.316041, 38.508863], [-89.315379, 38.511771], [-89.312994, 38.511216], [-89.311088, 38.51252], [-89.310217, 38.509059], [-89.309323, 38.509212], [-89.309589, 38.510778], [-89.309012, 38.511152], [-89.308333, 38.508536], [-89.307066, 38.508972], [-89.307491, 38.510719], [-89.305888, 38.509648], [-89.30427, 38.510631], [-89.303307, 38.509363], [-89.300176, 38.511031], [-89.299768, 38.510359], [-89.301113, 38.509748], [-89.301558, 38.508168], [-89.297944, 38.50912], [-89.299866, 38.507706], [-89.298836, 38.505692], [-89.29641, 38.506904], [-89.296756, 38.505884], [-89.295022, 38.50644], [-89.294905, 38.505193], [-89.293955, 38.504546], [-89.293134, 38.505423], [-89.294959, 38.507032], [-89.294783, 38.507732], [-89.292083, 38.508141], [-89.292044, 38.505857], [-89.289136, 38.505389], [-89.289999, 38.508607], [-89.287736, 38.509275], [-89.285609, 38.508351], [-89.284788, 38.509611], [-89.2839, 38.508108], [-89.284808, 38.506781], [-89.284403, 38.506293], [-89.279936, 38.508197], [-89.280745, 38.506301], [-89.279736, 38.505489], [-89.277684, 38.507925], [-89.276568, 38.507216], [-89.277791, 38.505045], [-89.274819, 38.504815], [-89.273906, 38.506949], [-89.272906, 38.507153], [-89.273138, 38.504731], [-89.272242, 38.504278], [-89.272173, 38.506176], [-89.269483, 38.504858], [-89.269006, 38.505344], [-89.270443, 38.505904], [-89.270459, 38.506652], [-89.265479, 38.507466], [-89.265863, 38.508738], [-89.264154, 38.510496], [-89.260338, 38.507251], [-89.259038, 38.509084], [-89.256808, 38.508298], [-89.254872, 38.50934], [-89.254885, 38.508556], [-89.143866, 38.503089], [-89.147597, 38.212895], [-89.238183, 38.214282], [-89.333317, 38.21371], [-89.466842, 38.215878], [-89.571453, 38.21911], [-89.703256, 38.219404]]]}, "properties": {"GEOID": "17189", "NAME": "Washington", "top_species": [{"name": "White oak", "volume": 3232423}, {"name": "Shagbark hickory", "volume": 1318122}, {"name": "Black walnut", "volume": 765887}, {"name": "Black cherry", "volume": 364746}, {"name": "Northern red oak", "volume": 324316}], "American basswood": null, "American sycamore": null, "Black cherry": 364746, "Black locust": null, "Black walnut": 765887, "Boxelder": 300270, "Bur oak": 11863, "Butternut": null, "Common persimmon": null, "Eastern redcedar": null, "Northern red oak": 324316, "Osage-orange": 33577, "Red mulberry": null, "Shagbark hickory": 1318122, "Sugar maple": null, "White oak": 3232423}}, {"type": "Feature", "geometry": {"type": "Polygon", "coordinates": [[[-90.642762, 39.689492], [-90.646112, 39.698291], [-90.645751, 39.704594], [-90.640984, 39.717426], [-90.628422, 39.729485], [-90.607634, 39.763873], [-90.606247, 39.768431], [-90.607447, 39.77293], [-90.606931, 39.776376], [-90.599105, 39.79006], [-90.483063, 39.78924], [-90.483318, 39.753238], [-90.371256, 39.753122], [-90.372969, 39.665781], [-90.337812, 39.665583], [-90.338126, 39.636633], [-90.300666, 39.636541], [-90.301799, 39.593318], [-90.301831, 39.520344], [-90.581055, 39.521728], [-90.581767, 39.525882], [-90.574356, 39.535192], [-90.572293, 39.539166], [-90.572443, 39.542997], [-90.574362, 39.546185], [-90.57662, 39.559536], [-90.580666, 39.567105], [-90.582926, 39.574571], [-90.592092, 39.596683], [-90.598096, 39.604761], [-90.604884, 39.61975], [-90.607351, 39.628695], [-90.607394, 39.635508], [-90.608871, 39.640287], [-90.628707, 39.669332], [-90.633491, 39.673008], [-90.639365, 39.684572], [-90.642762, 39.689492]]]}, "properties": {"GEOID": "17171", "NAME": "Scott", "top_species": [{"name": "Osage-orange", "volume": 200404}, {"name": "Black walnut", "volume": 42551}], "American basswood": null, "American sycamore": null, "Black cherry": null, "Black locust": null, "Black walnut": 42551, "Boxelder": null, "Bur oak": null, "Butternut": null, "Common persimmon": null, "Eastern redcedar": null, "Northern red oak": null, "Osage-orange": 200404, "Red mulberry": null, "Shagbark hickory": null, "Sugar maple": null, "White oak": null}}, {"type": "Feature", "geometry": {"type": "Polygon", "coordinates": [[[-88.023341, 38.849726], [-87.908113, 38.850107], [-87.909847, 38.589995], [-87.910258, 38.575074], [-87.912351, 38.569909], [-88.02397, 38.570552], [-88.147803, 38.569037], [-88.148194, 38.597987], [-88.253978, 38.599502], [-88.253144, 38.600582], [-88.251032, 38.599848], [-88.249089, 38.60157], [-88.249723, 38.602725], [-88.251991, 38.603742], [-88.252256, 38.605442], [-88.257463, 38.607142], [-88.260243, 38.606615], [-88.260638, 38.607465], [-88.259325, 38.609], [-88.260989, 38.60964], [-88.263351, 38.608579], [-88.263024, 38.61061], [-88.265667, 38.611302], [-88.26683, 38.612618], [-88.270621, 38.611818], [-88.2715, 38.612353], [-88.27205, 38.613672], [-88.271269, 38.616677], [-88.26954, 38.617362], [-88.2693, 38.618415], [-88.273321, 38.61955], [-88.27531, 38.616641], [-88.277594, 38.615824], [-88.278108, 38.617344], [-88.276495, 38.618742], [-88.279246, 38.620844], [-88.278647, 38.617735], [-88.282464, 38.616984], [-88.283327, 38.618564], [-88.286563, 38.620225], [-88.283114, 38.62227], [-88.28318, 38.624078], [-88.281064, 38.624852], [-88.28454, 38.62656], [-88.287461, 38.624931], [-88.292255, 38.626284], [-88.292295, 38.627548], [-88.289418, 38.628139], [-88.28878, 38.629437], [-88.297444, 38.634357], [-88.297331, 38.635217], [-88.295348, 38.636548], [-88.296005, 38.638467], [-88.293707, 38.639992], [-88.294135, 38.641139], [-88.293356, 38.642009], [-88.286858, 38.642805], [-88.287222, 38.643468], [-88.290305, 38.642975], [-88.291114, 38.643657], [-88.284333, 38.648615], [-88.284554, 38.650004], [-88.281804, 38.651151], [-88.279799, 38.653227], [-88.275352, 38.654568], [-88.276689, 38.655543], [-88.274202, 38.656179], [-88.273135, 38.657919], [-88.276615, 38.659298], [-88.274579, 38.660225], [-88.275933, 38.661603], [-88.27309, 38.662316], [-88.272297, 38.663558], [-88.272897, 38.665091], [-88.275055, 38.665782], [-88.274402, 38.666989], [-88.276155, 38.668032], [-88.276164, 38.669213], [-88.279561, 38.669859], [-88.279822, 38.672444], [-88.278149, 38.674394], [-88.278253, 38.675713], [-88.281096, 38.678181], [-88.281836, 38.679894], [-88.28455, 38.681632], [-88.281587, 38.683696], [-88.283924, 38.686285], [-88.284321, 38.687639], [-88.283685, 38.688511], [-88.285036, 38.688428], [-88.285133, 38.689125], [-88.281841, 38.690492], [-88.284059, 38.691802], [-88.28522, 38.6946], [-88.282074, 38.694905], [-88.28149, 38.695688], [-88.281918, 38.696413], [-88.282989, 38.696248], [-88.283228, 38.699234], [-88.285315, 38.698904], [-88.284901, 38.700481], [-88.286434, 38.701803], [-88.284122, 38.702684], [-88.286332, 38.704138], [-88.286207, 38.704969], [-88.284043, 38.705699], [-88.285799, 38.706506], [-88.286113, 38.707774], [-88.282343, 38.708122], [-88.284324, 38.70848], [-88.284158, 38.70974], [-88.2863, 38.711162], [-88.284275, 38.711127], [-88.283439, 38.712727], [-88.284918, 38.713647], [-88.282794, 38.714575], [-88.282294, 38.716227], [-88.282723, 38.716789], [-88.285738, 38.715874], [-88.286662, 38.717429], [-88.28621, 38.718304], [-88.281625, 38.720494], [-88.284925, 38.719696], [-88.286062, 38.720231], [-88.283572, 38.722981], [-88.28483, 38.724237], [-88.282581, 38.725786], [-88.286302, 38.726882], [-88.287058, 38.728012], [-88.285158, 38.727422], [-88.284106, 38.72814], [-88.282239, 38.731279], [-88.28351, 38.731807], [-88.257774, 38.730977], [-88.258583, 38.847529], [-88.150265, 38.846953], [-88.023341, 38.849726]]]}, "properties": {"GEOID": "17159", "NAME": "Richland", "top_species": [{"name": "Shagbark hickory", "volume": 2192783}, {"name": "Osage-orange", "volume": 583895}, {"name": "Sugar maple", "volume": 468067}, {"name": "Black cherry", "volume": 416560}, {"name": "White oak", "volume": 184436}], "American basswood": null, "American sycamore": null, "Black cherry": 416560, "Black locust": null, "Black walnut": null, "Boxelder": null, "Bur oak": 71339, "Butternut": null, "Common persimmon": 40067, "Eastern redcedar": 117790, "Northern red oak": null, "Osage-orange": 583895, "Red mulberry": null, "Shagbark hickory": 2192783, "Sugar maple": 468067, "White oak": 184436}}, {"type": "Feature", "geometry": {"type": "Polygon", "coordinates": [[[-89.994506, 39.901925], [-89.99509, 40.108908], [-89.993931, 40.108006], [-89.992887, 40.108387], [-89.993417, 40.110833], [-89.992736, 40.111716], [-89.985823, 40.111953], [-89.982562, 40.114377], [-89.983511, 40.116145], [-89.987586, 40.116531], [-89.988705, 40.117795], [-89.987839, 40.120606], [-89.988607, 40.123605], [-89.987702, 40.123946], [-89.98563, 40.12262], [-89.984512, 40.12394], [-89.986659, 40.127554], [-89.986649, 40.129006], [-89.984928, 40.129332], [-89.981728, 40.128258], [-89.978456, 40.124959], [-89.976772, 40.12652], [-89.973578, 40.127371], [-89.973481, 40.128411], [-89.975817, 40.129048], [-89.976612, 40.130651], [-89.972203, 40.132435], [-89.971357, 40.133821], [-89.974756, 40.135478], [-89.972993, 40.137388], [-89.969713, 40.138175], [-89.971121, 40.140869], [-89.97049, 40.142082], [-89.968274, 40.142055], [-89.966191, 40.143071], [-89.96308, 40.143047], [-89.963034, 40.140239], [-89.961757, 40.138633], [-89.960237, 40.1388], [-89.958872, 40.134361], [-89.958085, 40.134541], [-89.956903, 40.136889], [-89.95463, 40.136954], [-89.95324, 40.135315], [-89.952616, 40.132729], [-89.951485, 40.132051], [-89.950621, 40.135458], [-89.949287, 40.135682], [-89.948552, 40.134346], [-89.948601, 40.131604], [-89.946139, 40.130264], [-89.944855, 40.1312], [-89.944893, 40.13373], [-89.943713, 40.134384], [-89.942621, 40.133965], [-89.942308, 40.131568], [-89.93677, 40.132445], [-89.936987, 40.134164], [-89.940969, 40.135291], [-89.941867, 40.136143], [-89.941303, 40.136937], [-89.934669, 40.137775], [-89.931661, 40.137332], [-89.928613, 40.139841], [-89.92682, 40.140085], [-89.924968, 40.138514], [-89.924691, 40.135835], [-89.923474, 40.136092], [-89.922583, 40.13848], [-89.921175, 40.138823], [-89.920388, 40.136584], [-89.917692, 40.135627], [-89.916276, 40.133528], [-89.907546, 40.131611], [-89.906682, 40.131985], [-89.906349, 40.133368], [-89.909106, 40.1353], [-89.909053, 40.137526], [-89.908401, 40.137786], [-89.905822, 40.135145], [-89.902774, 40.133443], [-89.898913, 40.127922], [-89.891771, 40.130543], [-89.885693, 40.12797], [-89.88392, 40.129891], [-89.884105, 40.131659], [-89.885896, 40.133833], [-89.885484, 40.134839], [-89.881538, 40.136307], [-89.880769, 40.13589], [-89.880966, 40.13381], [-89.878038, 40.133722], [-89.875111, 40.136529], [-89.872554, 40.137415], [-89.870559, 40.136684], [-89.86817, 40.133948], [-89.867468, 40.132049], [-89.868249, 40.12972], [-89.866021, 40.128206], [-89.863282, 40.128074], [-89.860753, 40.129951], [-89.857267, 40.129097], [-89.853397, 40.130302], [-89.843257, 40.126368], [-89.842075, 40.127055], [-89.841184, 40.130289], [-89.839397, 40.130793], [-89.837263, 40.129696], [-89.837208, 40.127672], [-89.834886, 40.126639], [-89.833979, 40.124413], [-89.832103, 40.123642], [-89.830041, 40.12558], [-89.827191, 40.125672], [-89.823331, 40.121304], [-89.823939, 40.122932], [-89.822192, 40.123484], [-89.821826, 40.122625], [-89.820348, 40.122672], [-89.81908, 40.12525], [-89.81794, 40.125383], [-89.814193, 40.124056], [-89.81324, 40.122135], [-89.810077, 40.121214], [-89.808718, 40.121808], [-89.810636, 40.123404], [-89.809898, 40.124505], [-89.806833, 40.124887], [-89.805996, 40.123985], [-89.803668, 40.124905], [-89.802595, 40.123654], [-89.801954, 40.124505], [-89.801069, 40.124079], [-89.799914, 40.12518], [-89.797721, 40.125461], [-89.794367, 40.123805], [-89.791288, 40.126404], [-89.791906, 40.1294], [-89.79031, 40.128195], [-89.7876, 40.130206], [-89.785571, 40.129255], [-89.783149, 40.129487], [-89.782145, 40.127116], [-89.78087, 40.126905], [-89.778376, 40.128515], [-89.77476, 40.129414], [-89.774032, 40.130521], [-89.774525, 40.13196], [-89.773421, 40.132226], [-89.772433, 40.131774], [-89.772326, 40.130475], [-89.770769, 40.130189], [-89.769872, 40.128449], [-89.768196, 40.128484], [-89.768235, 40.129371], [-89.766395, 40.129171], [-89.766472, 40.128171], [-89.764929, 40.129152], [-89.762888, 40.128142], [-89.761212, 40.129727], [-89.75807, 40.127493], [-89.755556, 40.127563], [-89.753694, 40.126652], [-89.75082, 40.127561], [-89.749365, 40.126797], [-89.747063, 40.12928], [-89.74549, 40.129342], [-89.744222, 40.128423], [-89.741482, 40.129791], [-89.742183, 40.131666], [-89.739817, 40.131472], [-89.738082, 40.132871], [-89.735899, 40.132228], [-89.734049, 40.132747], [-89.733701, 40.133833], [-89.735742, 40.134941], [-89.733581, 40.137952], [-89.731697, 40.137641], [-89.731015, 40.135919], [-89.730033, 40.135622], [-89.729776, 40.137007], [-89.727922, 40.138776], [-89.728985, 40.141105], [-89.728195, 40.142325], [-89.722397, 40.142494], [-89.722032, 40.140509], [-89.719152, 40.140327], [-89.716245, 40.142274], [-89.715591, 40.143543], [-89.71193, 40.142881], [-89.711779, 40.145911], [-89.709428, 40.147023], [-89.707638, 40.145987], [-89.707975, 40.143045], [-89.704635, 40.142846], [-89.704326, 40.140627], [-89.698739, 40.14236], [-89.694797, 40.140712], [-89.692047, 40.142555], [-89.691654, 40.144922], [-89.68886, 40.145385], [-89.686681, 40.146785], [-89.686949, 40.149324], [-89.685042, 40.150444], [-89.684386, 40.151862], [-89.685936, 40.153646], [-89.683472, 40.154851], [-89.68251, 40.152031], [-89.681084, 40.151206], [-89.6806, 40.152226], [-89.681758, 40.153557], [-89.680456, 40.155426], [-89.671341, 40.15394], [-89.670494, 40.154636], [-89.669247, 40.160471], [-89.667766, 40.160726], [-89.661612, 40.158109], [-89.659955, 40.15563], [-89.656069, 40.157044], [-89.651609, 40.154826], [-89.649592, 40.157656], [-89.648331, 40.157034], [-89.647731, 40.15478], [-89.646393, 40.153601], [-89.638762, 40.155147], [-89.637511, 40.152155], [-89.634201, 40.153411], [-89.631795, 40.148193], [-89.629997, 40.149405], [-89.628002, 40.148817], [-89.628048, 40.146898], [-89.626803, 40.145913], [-89.627477, 40.144], [-89.623868, 40.143165], [-89.622256, 40.141857], [-89.620561, 40.138877], [-89.620678, 40.13659], [-89.613763, 40.134581], [-89.612659, 40.132455], [-89.609141, 40.129209], [-89.610887, 40.128556], [-89.610889, 40.12733], [-89.605802, 40.126511], [-89.606402, 40.123619], [-89.605, 40.12211], [-89.603272, 40.121425], [-89.601688, 40.122378], [-89.60112, 40.092284], [-89.579128, 40.092415], [-89.578736, 40.048782], [-89.579426, 40.048767], [-89.578289, 39.976127], [-89.698259, 39.975309], [-89.697618, 39.938651], [-89.702313, 39.938503], [-89.701864, 39.916787], [-89.769143, 39.916865], [-89.769168, 39.90235], [-89.87304, 39.901537], [-89.994506, 39.901925]]]}, "properties": {"GEOID": "17129", "NAME": "Menard", "top_species": [{"name": "Black walnut", "volume": 2308422}, {"name": "White oak", "volume": 321841}, {"name": "Bur oak", "volume": 191089}, {"name": "Red mulberry", "volume": 143976}, {"name": "Black cherry", "volume": 82698}], "American basswood": null, "American sycamore": null, "Black cherry": 82698, "Black locust": null, "Black walnut": 2308422, "Boxelder": null, "Bur oak": 191089, "Butternut": null, "Common persimmon": null, "Eastern redcedar": null, "Northern red oak": null, "Osage-orange": 16992, "Red mulberry": 143976, "Shagbark hickory": null, "Sugar maple": 76625, "White oak": 321841}}, {"type": "Feature", "geometry": {"type": "Polygon", "coordinates": [[[-88.706209, 38.009123], [-88.702391, 38.256661], [-88.370367, 38.255481], [-88.373953, 38.038768], [-88.37453, 37.907678], [-88.534297, 37.906428], [-88.596086, 37.906698], [-88.596177, 37.907278], [-88.706622, 37.906797], [-88.706209, 38.009123]]]}, "properties": {"GEOID": "17065", "NAME": "Hamilton", "top_species": [{"name": "White oak", "volume": 1584179}, {"name": "Black cherry", "volume": 1028703}, {"name": "Shagbark hickory", "volume": 1020182}, {"name": "Common persimmon", "volume": 341321}, {"name": "Northern red oak", "volume": 333752}], "American basswood": null, "American sycamore": 90468, "Black cherry": 1028703, "Black locust": null, "Black walnut": 295636, "Boxelder": 25618, "Bur oak": 109006, "Butternut": null, "Common persimmon": 341321, "Eastern redcedar": 59294, "Northern red oak": 333752, "Osage-orange": null, "Red mulberry": null, "Shagbark hickory": 1020182, "Sugar maple": null, "White oak": 1584179}}, {"type": "Feature", "geometry": {"type": "Polygon", "coordinates": [[[-88.261096, 38.256816], [-88.027749, 38.255661], [-88.027677, 38.259894], [-87.990628, 38.259629], [-87.990656, 38.258231], [-87.987911, 38.256957], [-87.987871, 38.255141], [-87.983058, 38.250046], [-87.979789, 38.241661], [-87.980158, 38.236115], [-87.984838, 38.228674], [-87.985627, 38.217993], [-87.983973, 38.209107], [-87.975819, 38.197834], [-87.969865, 38.191786], [-87.9595, 38.184376], [-87.945135, 38.17756], [-87.937162, 38.172189], [-87.933759, 38.164351], [-87.935234, 38.159315], [-87.934299, 38.156459], [-87.931211, 38.156348], [-87.925963, 38.159342], [-87.924513, 38.162025], [-87.925896, 38.166473], [-87.92523, 38.170634], [-87.922901, 38.173291], [-87.91729, 38.174169], [-87.912678, 38.171049], [-87.910792, 38.167666], [-87.911034, 38.162194], [-87.917719, 38.155889], [-87.927899, 38.151646], [-87.928234, 38.150416], [-87.925893, 38.147832], [-87.925811, 38.143633], [-87.929423, 38.140727], [-87.935135, 38.139428], [-87.942175, 38.131759], [-87.945472, 38.126616], [-87.947208, 38.126924], [-87.951408, 38.130792], [-87.954858, 38.132622], [-87.966393, 38.132506], [-87.969464, 38.130744], [-87.972998, 38.125046], [-87.974445, 38.120836], [-87.973832, 38.113396], [-87.974781, 38.110515], [-87.976058, 38.109562], [-87.983068, 38.107139], [-87.998224, 38.108557], [-88.00988, 38.105066], [-88.013118, 38.103527], [-88.015114, 38.101411], [-88.016806, 38.095717], [-88.01415, 38.088825], [-88.01139, 38.084691], [-88.006717, 38.083924], [-88.002635, 38.08449], [-87.968813, 38.095932], [-87.962934, 38.099917], [-87.96023, 38.099893], [-87.960279, 38.09647], [-87.956664, 38.086202], [-87.963994, 38.074286], [-87.967226, 38.067105], [-87.978735, 38.059815], [-87.98877, 38.055591], [-88.00133, 38.051545], [-88.004731, 38.051045], [-88.030032, 38.052145], [-88.037832, 38.050245], [-88.042132, 38.046345], [-88.041532, 38.037345], [-88.037932, 38.033945], [-88.034132, 38.032045], [-88.027731, 38.031745], [-88.017631, 38.034745], [-88.012131, 38.033845], [-88.007931, 38.030845], [-88.007631, 38.029145], [-88.008631, 38.027545], [-88.016931, 38.024045], [-88.021031, 38.019345], [-88.024431, 38.013045], [-88.025831, 38.007245], [-88.022864, 37.997983], [-88.012574, 37.977062], [-88.012271, 37.969941], [-88.012929, 37.966544], [-88.016311, 37.961574], [-88.020868, 37.959351], [-88.031989, 37.95859], [-88.036793, 37.956793], [-88.036125, 37.942745], [-88.03034, 37.931045], [-88.031067, 37.928889], [-88.034065, 37.926159], [-88.039644, 37.924309], [-88.044989, 37.925099], [-88.049354, 37.927192], [-88.052793, 37.930488], [-88.054122, 37.933029], [-88.057127, 37.934151], [-88.063341, 37.932778], [-88.067561, 37.930214], [-88.069497, 37.927352], [-88.069468, 37.925704], [-88.068225, 37.922705], [-88.062242, 37.917898], [-88.048489, 37.915471], [-88.036382, 37.914897], [-88.032944, 37.91366], [-88.028754, 37.91462], [-88.022513, 37.914756], [-88.020824, 37.913758], [-88.019893, 37.912352], [-88.019977, 37.909771], [-88.017816, 37.902696], [-88.013355, 37.894854], [-88.014351, 37.891916], [-88.017073, 37.889222], [-88.020284, 37.888051], [-88.02321, 37.888332], [-88.024818, 37.88886], [-88.027804, 37.892044], [-88.031277, 37.892966], [-88.044926, 37.891216], [-88.055373, 37.891238], [-88.062144, 37.893934], [-88.071449, 37.895813], [-88.086237, 37.905713], [-88.092658, 37.906198], [-88.095662, 37.905808], [-88.09776, 37.904026], [-88.097892, 37.901517], [-88.094956, 37.893689], [-88.093049, 37.891604], [-88.095888, 37.889677], [-88.098138, 37.889806], [-88.098765, 37.890576], [-88.096842, 37.892923], [-88.101358, 37.894536], [-88.102658, 37.89826], [-88.106662, 37.900406], [-88.110574, 37.904196], [-88.115083, 37.906755], [-88.124085, 37.909416], [-88.135887, 37.916118], [-88.135981, 37.907795], [-88.136538, 37.907737], [-88.356935, 37.909083], [-88.35719, 37.90852], [-88.374521, 37.908391], [-88.373953, 38.038768], [-88.370375, 38.255319], [-88.261096, 38.256816]]]}, "properties": {"GEOID": "17193", "NAME": "White", "top_species": [{"name": "Sugar maple", "volume": 2191038}, {"name": "Black walnut", "volume": 1149432}, {"name": "Common persimmon", "volume": 1013213}, {"name": "Black cherry", "volume": 463124}, {"name": "Shagbark hickory", "volume": 342559}], "American basswood": null, "American sycamore": 235097, "Black cherry": 463124, "Black locust": 31744, "Black walnut": 1149432, "Boxelder": 17136, "Bur oak": 84093, "Butternut": null, "Common persimmon": 1013213, "Eastern redcedar": null, "Northern red oak": null, "Osage-orange": null, "Red mulberry": null, "Shagbark hickory": 342559, "Sugar maple": 2191038, "White oak": null}}, {"type": "Feature", "geometry": {"type": "Polygon", "coordinates": [[[-89.144764, 40.048853], [-89.148764, 40.282038], [-89.052067, 40.283159], [-89.000164, 40.282542], [-88.977952, 40.283203], [-88.919544, 40.282865], [-88.91956, 40.282294], [-88.806335, 40.282727], [-88.574885, 40.281501], [-88.687993, 40.142269], [-88.688122, 40.098583], [-88.745344, 40.098813], [-88.745383, 40.055096], [-88.803035, 40.055341], [-88.918263, 40.053186], [-89.028993, 40.04984], [-89.144764, 40.048853]]]}, "properties": {"GEOID": "17039", "NAME": "De Witt", "top_species": [{"name": "Black cherry", "volume": 645113}, {"name": "Black walnut", "volume": 147994}, {"name": "Osage-orange", "volume": 62141}, {"name": "White oak", "volume": 59726}, {"name": "Northern red oak", "volume": 51640}], "American basswood": null, "American sycamore": null, "Black cherry": 645113, "Black locust": null, "Black walnut": 147994, "Boxelder": null, "Bur oak": null, "Butternut": null, "Common persimmon": null, "Eastern redcedar": null, "Northern red oak": 51640, "Osage-orange": 62141, "Red mulberry": null, "Shagbark hickory": null, "Sugar maple": null, "White oak": 59726}}, {"type": "Feature", "geometry": {"type": "Polygon", "coordinates": [[[-89.334271, 41.120578], [-89.333036, 41.139416], [-89.32927, 41.147931], [-89.466101, 41.148524], [-89.466389, 41.233872], [-89.356729, 41.233039], [-89.348372, 41.258936], [-89.339859, 41.274339], [-89.337083, 41.281667], [-89.337709, 41.284669], [-89.342397, 41.292761], [-89.341937, 41.295356], [-89.339754, 41.298275], [-89.334901, 41.300877], [-89.304786, 41.306961], [-89.292693, 41.31095], [-89.283466, 41.312385], [-89.273921, 41.319262], [-89.268851, 41.32182], [-89.256436, 41.322182], [-89.249427, 41.319314], [-89.236485, 41.316936], [-89.224854, 41.3131], [-89.200556, 41.312072], [-89.180711, 41.309168], [-89.166404, 41.309121], [-89.163705, 41.310187], [-89.162237, 41.104008], [-89.358437, 41.103849], [-89.355666, 41.106494], [-89.349971, 41.109142], [-89.342248, 41.11138], [-89.337946, 41.114735], [-89.334271, 41.120578]]]}, "properties": {"GEOID": "17155", "NAME": "Putnam", "top_species": [{"name": "Black walnut", "volume": 223104}, {"name": "Black cherry", "volume": 146580}], "American basswood": null, "American sycamore": null, "Black cherry": 146580, "Black locust": null, "Black walnut": 223104, "Boxelder": null, "Bur oak": null, "Butternut": null, "Common persimmon": null, "Eastern redcedar": null, "Northern red oak": null, "Osage-orange": null, "Red mulberry": null, "Shagbark hickory": null, "Sugar maple": null, "White oak": null}}, {"type": "Feature", "geometry": {"type": "Polygon", "coordinates": [[[-90.337519, 40.187743], [-90.199635, 40.183812], [-90.201507, 40.180642], [-90.202685, 40.17394], [-90.202113, 40.165066], [-90.202671, 40.16069], [-90.206144, 40.155789], [-90.21336, 40.151291], [-90.216138, 40.150459], [-90.225796, 40.150054], [-90.235127, 40.150641], [-90.245318, 40.153068], [-90.257277, 40.154787], [-90.268144, 40.154563], [-90.280727, 40.149177], [-90.293826, 40.146144], [-90.307551, 40.139951], [-90.31278, 40.139156], [-90.322971, 40.13974], [-90.335173, 40.13724], [-90.339924, 40.134138], [-90.347286, 40.126519], [-90.350531, 40.125046], [-90.354524, 40.124217], [-90.36007, 40.12521], [-90.364751, 40.125046], [-90.372836, 40.122363], [-90.380748, 40.11205], [-90.385022, 40.101781], [-90.393431, 40.091866], [-90.393613, 40.089575], [-90.391302, 40.084128], [-90.393432, 40.078759], [-90.397416, 40.075563], [-90.424823, 40.06331], [-90.428638, 40.060345], [-90.429685, 40.056132], [-90.428661, 40.04815], [-90.42895, 40.042046], [-90.432588, 40.031031], [-90.433523, 40.024001], [-90.435852, 40.020562], [-90.455272, 40.010246], [-90.474771, 40.004621], [-90.484254, 40.003374], [-90.506425, 39.996162], [-90.512229, 39.992631], [-90.513389, 39.990876], [-90.513747, 39.987891], [-90.515198, 39.986982], [-90.515705, 39.984352], [-90.519926, 39.98568], [-90.519866, 39.987716], [-90.520727, 39.988311], [-90.526823, 39.987604], [-90.527478, 39.986644], [-90.524476, 39.985225], [-90.523585, 39.983783], [-90.526946, 39.982115], [-90.528699, 39.983122], [-90.52956, 39.985112], [-90.53414, 39.98246], [-90.536726, 39.983994], [-90.539313, 39.98372], [-90.541455, 39.980724], [-90.543596, 39.980359], [-90.550344, 39.983448], [-90.561553, 39.982625], [-90.568214, 39.983815], [-90.578948, 39.981321], [-90.585534, 39.97883], [-90.594021, 39.979626], [-90.597976, 39.981135], [-90.60758, 39.98191], [-90.607759, 39.982916], [-90.605918, 39.986531], [-90.606009, 39.991197], [-90.603128, 39.996573], [-90.601947, 40.003317], [-90.603346, 40.004918], [-90.608195, 40.00686], [-90.609684, 40.008781], [-90.615814, 40.012759], [-90.618015, 40.012392], [-90.619029, 40.015159], [-90.616921, 40.020512], [-90.614035, 40.020353], [-90.611296, 40.017564], [-90.607282, 40.020836], [-90.605679, 40.025114], [-90.606782, 40.028865], [-90.610027, 40.032341], [-90.611664, 40.032912], [-90.616688, 40.027008], [-90.625127, 40.025997], [-90.630387, 40.023664], [-90.631725, 40.024763], [-90.632792, 40.028078], [-90.633952, 40.029222], [-90.645646, 40.030327], [-90.653887, 40.033441], [-90.654273, 40.035019], [-90.652127, 40.04005], [-90.659745, 40.041402], [-90.659535, 40.044833], [-90.661022, 40.046388], [-90.667243, 40.04655], [-90.669446, 40.043783], [-90.67507, 40.045979], [-90.678045, 40.051904], [-90.675484, 40.057073], [-90.67727, 40.058537], [-90.677567, 40.059887], [-90.674798, 40.062151], [-90.674798, 40.063318], [-90.676495, 40.064485], [-90.676762, 40.065994], [-90.67152, 40.077362], [-90.671995, 40.08013], [-90.673275, 40.080885], [-90.68605, 40.078805], [-90.695637, 40.079583], [-90.705525, 40.084591], [-90.704513, 40.087816], [-90.70916, 40.090423], [-90.708594, 40.093077], [-90.704961, 40.092872], [-90.699928, 40.09445], [-90.699541, 40.097493], [-90.697397, 40.100397], [-90.696176, 40.1009], [-90.697486, 40.102547], [-90.695729, 40.103348], [-90.696007, 40.103967], [-90.796248, 40.105902], [-90.913469, 40.104455], [-90.909756, 40.284394], [-90.792619, 40.281062], [-90.720685, 40.2803], [-90.67794, 40.278562], [-90.545688, 40.278144], [-90.450227, 40.276335], [-90.451916, 40.188803], [-90.337519, 40.187743]]]}, "properties": {"GEOID": "17169", "NAME": "Schuyler", "top_species": [{"name": "White oak", "volume": 7067605}, {"name": "Northern red oak", "volume": 4078099}, {"name": "Shagbark hickory", "volume": 2499168}, {"name": "Black walnut", "volume": 2110261}, {"name": "Sugar maple", "volume": 1924109}], "American basswood": 682049, "American sycamore": 207877, "Black cherry": 922998, "Black locust": 16984, "Black walnut": 2110261, "Boxelder": 452983, "Bur oak": 122598, "Butternut": null, "Common persimmon": null, "Eastern redcedar": 318943, "Northern red oak": 4078099, "Osage-orange": 357144, "Red mulberry": 40481, "Shagbark hickory": 2499168, "Sugar maple": 1924109, "White oak": 7067605}}, {"type": "Feature", "geometry": {"type": "Polygon", "coordinates": [[[-89.923171, 42.342091], [-89.926466, 42.505772], [-89.66982, 42.505044], [-89.529971, 42.50202], [-89.401423, 42.500554], [-89.398011, 42.375173], [-89.397876, 42.307477], [-89.396192, 42.201916], [-89.473904, 42.200743], [-89.629821, 42.200534], [-89.746738, 42.197961], [-89.860567, 42.198027], [-89.860549, 42.196676], [-89.919772, 42.196881], [-89.921122, 42.279006], [-89.921048, 42.283874], [-89.920542, 42.283854], [-89.923171, 42.342091]]]}, "properties": {"GEOID": "17177", "NAME": "Stephenson", "top_species": [{"name": "Shagbark hickory", "volume": 2285726}, {"name": "Black cherry", "volume": 1407751}, {"name": "White oak", "volume": 1263734}, {"name": "Northern red oak", "volume": 1058733}, {"name": "Black walnut", "volume": 953891}], "American basswood": null, "American sycamore": null, "Black cherry": 1407751, "Black locust": null, "Black walnut": 953891, "Boxelder": 507108, "Bur oak": null, "Butternut": null, "Common persimmon": null, "Eastern redcedar": null, "Northern red oak": 1058733, "Osage-orange": null, "Red mulberry": null, "Shagbark hickory": 2285726, "Sugar maple": null, "White oak": 1263734}}, {"type": "Feature", "geometry": {"type": "Polygon", "coordinates": [[[-89.453202, 37.60009], [-89.219654, 37.598574], [-89.210179, 37.599313], [-89.149017, 37.600279], [-89.041401, 37.596576], [-89.044001, 37.478604], [-89.044799, 37.329717], [-89.099448, 37.333559], [-89.221721, 37.335245], [-89.270284, 37.33556], [-89.307479, 37.334399], [-89.32617, 37.335184], [-89.363329, 37.334385], [-89.486689, 37.334554], [-89.474569, 37.338165], [-89.451303, 37.339596], [-89.43604, 37.344441], [-89.434316, 37.345624], [-89.430563, 37.350447], [-89.428185, 37.356158], [-89.421382, 37.383465], [-89.420542, 37.388007], [-89.420939, 37.393952], [-89.431933, 37.421847], [-89.439769, 37.4372], [-89.450969, 37.450069], [-89.471201, 37.466473], [-89.47549, 37.471343], [-89.493557, 37.496478], [-89.497689, 37.504948], [-89.500096, 37.512762], [-89.502917, 37.51787], [-89.516447, 37.535558], [-89.521697, 37.557325], [-89.521564, 37.572156], [-89.51807, 37.572935], [-89.510694, 37.57856], [-89.502362, 37.577997], [-89.500607, 37.576397], [-89.503223, 37.572446], [-89.50213, 37.570554], [-89.493355, 37.569727], [-89.487582, 37.567103], [-89.48269, 37.567369], [-89.475903, 37.562654], [-89.470505, 37.562167], [-89.463944, 37.565191], [-89.461153, 37.568546], [-89.457978, 37.574681], [-89.453241, 37.579194], [-89.454758, 37.587369], [-89.44942, 37.591466], [-89.449242, 37.594811], [-89.447899, 37.597984], [-89.448598, 37.598821], [-89.451697, 37.599131], [-89.453202, 37.60009]]]}, "properties": {"GEOID": "17181", "NAME": "Union", "top_species": [{"name": "Sugar maple", "volume": 6209040}, {"name": "White oak", "volume": 4830350}, {"name": "Black walnut", "volume": 2175988}, {"name": "Northern red oak", "volume": 1727356}, {"name": "Shagbark hickory", "volume": 885037}], "American basswood": 13077, "American sycamore": 212451, "Black cherry": 451227, "Black locust": null, "Black walnut": 2175988, "Boxelder": 689712, "Bur oak": null, "Butternut": null, "Common persimmon": 198608, "Eastern redcedar": 663844, "Northern red oak": 1727356, "Osage-orange": null, "Red mulberry": 46667, "Shagbark hickory": 885037, "Sugar maple": 6209040, "White oak": 4830350}}, {"type": "Feature", "geometry": {"type": "Polygon", "coordinates": [[[-87.820238, 41.295409], [-87.526731, 41.298052], [-87.526208, 41.010341], [-87.882576, 41.003649], [-87.982305, 41.000536], [-88.131123, 40.997867], [-88.22824, 40.99564], [-88.2473, 40.99456], [-88.251501, 41.114218], [-88.240889, 41.114383], [-88.244144, 41.201566], [-88.01181, 41.205508], [-88.013919, 41.292447], [-87.820238, 41.295409]]]}, "properties": {"GEOID": "17091", "NAME": "Kankakee", "top_species": [{"name": "Black locust", "volume": 1725363}, {"name": "Red mulberry", "volume": 1588243}, {"name": "Black cherry", "volume": 838935}, {"name": "White oak", "volume": 398087}, {"name": "Black walnut", "volume": 158517}], "American basswood": null, "American sycamore": null, "Black cherry": 838935, "Black locust": 1725363, "Black walnut": 158517, "Boxelder": null, "Bur oak": null, "Butternut": null, "Common persimmon": null, "Eastern redcedar": null, "Northern red oak": null, "Osage-orange": null, "Red mulberry": 1588243, "Shagbark hickory": null, "Sugar maple": null, "White oak": 398087}}, {"type": "Feature", "geometry": {"type": "Polygon", "coordinates": [[[-89.704245, 38.415779], [-89.706949, 38.655019], [-89.595103, 38.655948], [-89.597321, 38.743236], [-89.48204, 38.740509], [-89.250071, 38.742015], [-89.138393, 38.736331], [-89.139436, 38.655157], [-89.143866, 38.503089], [-89.254885, 38.508556], [-89.254872, 38.50934], [-89.256808, 38.508298], [-89.259038, 38.509084], [-89.260338, 38.507251], [-89.264154, 38.510496], [-89.265863, 38.508738], [-89.265479, 38.507466], [-89.270459, 38.506652], [-89.270443, 38.505904], [-89.269006, 38.505344], [-89.269483, 38.504858], [-89.272173, 38.506176], [-89.272242, 38.504278], [-89.273138, 38.504731], [-89.272906, 38.507153], [-89.273906, 38.506949], [-89.274819, 38.504815], [-89.277791, 38.505045], [-89.276568, 38.507216], [-89.277684, 38.507925], [-89.279736, 38.505489], [-89.280745, 38.506301], [-89.279936, 38.508197], [-89.284403, 38.506293], [-89.284808, 38.506781], [-89.2839, 38.508108], [-89.284788, 38.509611], [-89.285609, 38.508351], [-89.287736, 38.509275], [-89.289999, 38.508607], [-89.289136, 38.505389], [-89.292044, 38.505857], [-89.292083, 38.508141], [-89.294783, 38.507732], [-89.294959, 38.507032], [-89.293134, 38.505423], [-89.293955, 38.504546], [-89.294905, 38.505193], [-89.295022, 38.50644], [-89.296756, 38.505884], [-89.29641, 38.506904], [-89.298836, 38.505692], [-89.299866, 38.507706], [-89.297944, 38.50912], [-89.301558, 38.508168], [-89.301113, 38.509748], [-89.299768, 38.510359], [-89.300176, 38.511031], [-89.303307, 38.509363], [-89.30427, 38.510631], [-89.305888, 38.509648], [-89.307491, 38.510719], [-89.307066, 38.508972], [-89.308333, 38.508536], [-89.309012, 38.511152], [-89.309589, 38.510778], [-89.309323, 38.509212], [-89.310217, 38.509059], [-89.311088, 38.51252], [-89.312994, 38.511216], [-89.315379, 38.511771], [-89.316041, 38.508863], [-89.316798, 38.508488], [-89.319046, 38.51017], [-89.320396, 38.509539], [-89.321552, 38.511255], [-89.323456, 38.510508], [-89.322505, 38.512993], [-89.324918, 38.512433], [-89.325307, 38.511258], [-89.326173, 38.511276], [-89.32651, 38.511907], [-89.325198, 38.513203], [-89.325953, 38.51365], [-89.327422, 38.513247], [-89.327673, 38.511728], [-89.329034, 38.511468], [-89.328587, 38.510239], [-89.331238, 38.511085], [-89.332345, 38.509983], [-89.332537, 38.510892], [-89.33034, 38.512042], [-89.334552, 38.512363], [-89.335566, 38.511041], [-89.337258, 38.511447], [-89.338238, 38.510861], [-89.338591, 38.511424], [-89.337217, 38.512819], [-89.339547, 38.513353], [-89.34205, 38.512073], [-89.342203, 38.51063], [-89.343058, 38.510325], [-89.345532, 38.512945], [-89.346247, 38.511956], [-89.344861, 38.510418], [-89.345297, 38.509959], [-89.346794, 38.510622], [-89.347052, 38.513346], [-89.345248, 38.513377], [-89.344903, 38.514278], [-89.347357, 38.515127], [-89.348088, 38.516783], [-89.350873, 38.516162], [-89.349876, 38.517569], [-89.3513, 38.518809], [-89.354862, 38.517879], [-89.354322, 38.51671], [-89.354986, 38.516324], [-89.356254, 38.516973], [-89.356238, 38.51807], [-89.358386, 38.517918], [-89.35868, 38.51639], [-89.357136, 38.51516], [-89.359359, 38.515389], [-89.359974, 38.516786], [-89.361223, 38.515098], [-89.360429, 38.511152], [-89.35894, 38.510827], [-89.359676, 38.509686], [-89.359243, 38.508818], [-89.360843, 38.50872], [-89.363429, 38.510583], [-89.364023, 38.508587], [-89.366383, 38.508046], [-89.363933, 38.507161], [-89.361878, 38.507997], [-89.360931, 38.506196], [-89.366036, 38.505688], [-89.366834, 38.50476], [-89.367677, 38.505587], [-89.368352, 38.504919], [-89.368236, 38.502928], [-89.365964, 38.503401], [-89.364918, 38.500995], [-89.368903, 38.500473], [-89.367148, 38.49799], [-89.369341, 38.498721], [-89.369896, 38.499825], [-89.371665, 38.498545], [-89.371517, 38.497036], [-89.373383, 38.496934], [-89.372086, 38.500127], [-89.372777, 38.500462], [-89.375478, 38.499217], [-89.375454, 38.498068], [-89.377099, 38.498065], [-89.376818, 38.496983], [-89.378209, 38.496869], [-89.380116, 38.494277], [-89.38077, 38.494659], [-89.38044, 38.496112], [-89.379252, 38.496999], [-89.382272, 38.497446], [-89.384049, 38.4959], [-89.383732, 38.49495], [-89.385585, 38.494302], [-89.387656, 38.497159], [-89.389035, 38.496378], [-89.389582, 38.494817], [-89.388914, 38.494095], [-89.392923, 38.495184], [-89.396316, 38.493797], [-89.398063, 38.494815], [-89.39855, 38.49199], [-89.396019, 38.491083], [-89.395718, 38.490177], [-89.398295, 38.490222], [-89.400685, 38.489131], [-89.401903, 38.489499], [-89.401164, 38.493716], [-89.40165, 38.494408], [-89.405914, 38.495642], [-89.407311, 38.493196], [-89.408104, 38.489037], [-89.410516, 38.487315], [-89.412206, 38.488274], [-89.417153, 38.494106], [-89.425495, 38.496065], [-89.426854, 38.496919], [-89.427211, 38.498955], [-89.428491, 38.499078], [-89.433989, 38.494884], [-89.434673, 38.493414], [-89.433951, 38.491432], [-89.43444, 38.49059], [-89.438102, 38.489515], [-89.445224, 38.490119], [-89.448521, 38.489214], [-89.455802, 38.482504], [-89.455145, 38.479769], [-89.460595, 38.477254], [-89.467565, 38.476291], [-89.469071, 38.475324], [-89.469724, 38.47308], [-89.478533, 38.471302], [-89.48188, 38.46859], [-89.483256, 38.469366], [-89.483704, 38.473124], [-89.488974, 38.474253], [-89.490147, 38.477746], [-89.491501, 38.477375], [-89.493283, 38.475055], [-89.492379, 38.473686], [-89.490052, 38.472497], [-89.490566, 38.47161], [-89.501222, 38.474437], [-89.504631, 38.473433], [-89.508503, 38.474611], [-89.510981, 38.472616], [-89.513851, 38.472538], [-89.519765, 38.474541], [-89.52459, 38.479451], [-89.525882, 38.479353], [-89.527457, 38.477255], [-89.528445, 38.477298], [-89.52767, 38.480372], [-89.528154, 38.481074], [-89.531616, 38.47868], [-89.533714, 38.480667], [-89.540194, 38.480589], [-89.541841, 38.478697], [-89.541684, 38.47737], [-89.539264, 38.475538], [-89.539562, 38.474535], [-89.54082, 38.474049], [-89.543825, 38.475126], [-89.546725, 38.474403], [-89.550028, 38.4773], [-89.550961, 38.475372], [-89.552046, 38.475378], [-89.552353, 38.476119], [-89.550846, 38.477532], [-89.55219, 38.478259], [-89.55825, 38.477457], [-89.556873, 38.475684], [-89.558323, 38.474748], [-89.559593, 38.475291], [-89.559363, 38.477027], [-89.56071, 38.477356], [-89.562504, 38.476247], [-89.564357, 38.476768], [-89.568055, 38.475745], [-89.568652, 38.476355], [-89.567667, 38.478851], [-89.56473, 38.481314], [-89.564834, 38.482808], [-89.565883, 38.483288], [-89.567822, 38.481031], [-89.571561, 38.482719], [-89.57321, 38.482475], [-89.57423, 38.480619], [-89.572495, 38.478658], [-89.574334, 38.477594], [-89.575443, 38.478158], [-89.575635, 38.481212], [-89.576626, 38.483173], [-89.577666, 38.483461], [-89.579325, 38.480184], [-89.586309, 38.477613], [-89.588923, 38.475565], [-89.592251, 38.476572], [-89.594928, 38.474789], [-89.600354, 38.476087], [-89.603357, 38.474094], [-89.607524, 38.474986], [-89.6127, 38.47349], [-89.615495, 38.471849], [-89.616943, 38.466634], [-89.621021, 38.466343], [-89.620191, 38.46316], [-89.623246, 38.460812], [-89.625996, 38.460619], [-89.6251, 38.463198], [-89.62608, 38.464426], [-89.628875, 38.463696], [-89.628775, 38.460931], [-89.626874, 38.457749], [-89.626706, 38.453705], [-89.627677, 38.450743], [-89.629186, 38.449897], [-89.631331, 38.450303], [-89.632602, 38.452419], [-89.63461, 38.451933], [-89.634794, 38.449614], [-89.632833, 38.447181], [-89.636473, 38.448103], [-89.637765, 38.450326], [-89.638609, 38.450048], [-89.638709, 38.449081], [-89.636782, 38.446305], [-89.638854, 38.445219], [-89.640443, 38.445287], [-89.644505, 38.448146], [-89.646048, 38.44808], [-89.647256, 38.446873], [-89.647049, 38.446057], [-89.643195, 38.443928], [-89.645027, 38.441429], [-89.647061, 38.44232], [-89.65497, 38.442823], [-89.660113, 38.444842], [-89.664178, 38.445326], [-89.667779, 38.442753], [-89.667659, 38.440436], [-89.668448, 38.44042], [-89.667773, 38.438103], [-89.668696, 38.435628], [-89.667689, 38.43474], [-89.665058, 38.43498], [-89.66703, 38.432335], [-89.668345, 38.431954], [-89.671338, 38.434217], [-89.674035, 38.434732], [-89.67411, 38.432999], [-89.671744, 38.429879], [-89.672045, 38.429011], [-89.673305, 38.429359], [-89.675188, 38.431828], [-89.677997, 38.432121], [-89.677093, 38.429828], [-89.67828, 38.427065], [-89.67785, 38.42474], [-89.68113, 38.425709], [-89.683518, 38.424996], [-89.685696, 38.425385], [-89.686107, 38.426758], [-89.683764, 38.427716], [-89.683357, 38.428676], [-89.684955, 38.429711], [-89.687431, 38.42988], [-89.687696, 38.427383], [-89.689012, 38.426372], [-89.692711, 38.426531], [-89.696755, 38.425041], [-89.695068, 38.421288], [-89.692102, 38.419844], [-89.694184, 38.418199], [-89.694771, 38.416675], [-89.700498, 38.41578], [-89.702497, 38.416468], [-89.704245, 38.415779]]]}, "properties": {"GEOID": "17027", "NAME": "Clinton", "top_species": [{"name": "American sycamore", "volume": 906455}, {"name": "Common persimmon", "volume": 632495}, {"name": "Boxelder", "volume": 570567}, {"name": "Bur oak", "volume": 417485}, {"name": "Shagbark hickory", "volume": 261546}], "American basswood": null, "American sycamore": 906455, "Black cherry": 94438, "Black locust": null, "Black walnut": 62949, "Boxelder": 570567, "Bur oak": 417485, "Butternut": null, "Common persimmon": 632495, "Eastern redcedar": null, "Northern red oak": null, "Osage-orange": null, "Red mulberry": null, "Shagbark hickory": 261546, "Sugar maple": null, "White oak": null}}, {"type": "Feature", "geometry": {"type": "Polygon", "coordinates": [[[-90.506675, 42.398715], [-90.555018, 42.416138], [-90.558168, 42.420984], [-90.558801, 42.428517], [-90.560439, 42.432897], [-90.565248, 42.438742], [-90.567968, 42.440389], [-90.590416, 42.447493], [-90.606328, 42.451505], [-90.624328, 42.458904], [-90.644417, 42.470055], [-90.65112, 42.475189], [-90.655082, 42.480155], [-90.656302, 42.483691], [-90.656285, 42.491371], [-90.651026, 42.497705], [-90.649612, 42.500906], [-90.642843, 42.508481], [-90.401703, 42.506889], [-90.07367, 42.508275], [-89.955237, 42.505651], [-89.926466, 42.505772], [-89.923587, 42.35642], [-89.920542, 42.283854], [-89.921048, 42.283874], [-89.921122, 42.279006], [-89.919772, 42.196881], [-90.115362, 42.197156], [-90.317395, 42.193645], [-90.328273, 42.201047], [-90.332177, 42.202232], [-90.356964, 42.205445], [-90.365138, 42.210526], [-90.375129, 42.214811], [-90.391108, 42.225473], [-90.394749, 42.229059], [-90.395883, 42.233133], [-90.400653, 42.239293], [-90.410471, 42.247749], [-90.418274, 42.253215], [-90.42098, 42.257282], [-90.424098, 42.266364], [-90.430884, 42.27823], [-90.431039, 42.282452], [-90.430735, 42.284211], [-90.426909, 42.290719], [-90.424326, 42.293326], [-90.421676, 42.302506], [-90.418915, 42.308328], [-90.421047, 42.316109], [-90.416626, 42.320576], [-90.415937, 42.322699], [-90.416535, 42.325109], [-90.419027, 42.328505], [-90.430546, 42.33686], [-90.445167, 42.356441], [-90.452724, 42.359303], [-90.464053, 42.36859], [-90.470273, 42.378355], [-90.474121, 42.381729], [-90.477941, 42.384151], [-90.487154, 42.385141], [-90.500128, 42.395539], [-90.506675, 42.398715]]]}, "properties": {"GEOID": "17085", "NAME": "Jo Daviess", "top_species": [{"name": "Northern red oak", "volume": 4260475}, {"name": "Bur oak", "volume": 2452354}, {"name": "Black walnut", "volume": 2146137}, {"name": "American basswood", "volume": 1508491}, {"name": "Sugar maple", "volume": 1456777}], "American basswood": 1508491, "American sycamore": null, "Black cherry": 1301513, "Black locust": null, "Black walnut": 2146137, "Boxelder": 159166, "Bur oak": 2452354, "Butternut": null, "Common persimmon": null, "Eastern redcedar": 13389, "Northern red oak": 4260475, "Osage-orange": null, "Red mulberry": null, "Shagbark hickory": 109990, "Sugar maple": 1456777, "White oak": 1368240}}, {"type": "Feature", "geometry": {"type": "Polygon", "coordinates": [[[-89.153617, 37.600237], [-89.151176, 37.861999], [-88.94798, 37.861994], [-88.706759, 37.863457], [-88.70727, 37.751446], [-88.706741, 37.740602], [-88.708546, 37.599277], [-88.818894, 37.600677], [-88.836759, 37.597508], [-88.928426, 37.59716], [-88.966807, 37.596222], [-89.068967, 37.597155], [-89.153617, 37.600237]]]}, "properties": {"GEOID": "17199", "NAME": "Williamson", "top_species": [{"name": "Black walnut", "volume": 2403988}, {"name": "American sycamore", "volume": 1079017}, {"name": "Boxelder", "volume": 723482}, {"name": "Sugar maple", "volume": 598596}, {"name": "Common persimmon", "volume": 388207}], "American basswood": null, "American sycamore": 1079017, "Black cherry": 175000, "Black locust": 44705, "Black walnut": 2403988, "Boxelder": 723482, "Bur oak": null, "Butternut": null, "Common persimmon": 388207, "Eastern redcedar": null, "Northern red oak": null, "Osage-orange": null, "Red mulberry": null, "Shagbark hickory": 281965, "Sugar maple": 598596, "White oak": 61793}}, {"type": "Feature", "geometry": {"type": "Polygon", "coordinates": [[[-90.118966, 40.235263], [-90.110875, 40.255255], [-90.107293, 40.2609], [-90.105033, 40.263078], [-90.09668, 40.266685], [-90.094072, 40.268895], [-90.08408, 40.278863], [-90.075517, 40.289277], [-90.070622, 40.293192], [-90.06874, 40.2961], [-90.067915, 40.304116], [-90.06871, 40.313888], [-90.065122, 40.319194], [-90.055559, 40.32524], [-90.053106, 40.327925], [-90.049853, 40.337406], [-90.050065, 40.340123], [-90.052796, 40.347476], [-90.050501, 40.355071], [-90.043062, 40.370026], [-90.03795, 40.375041], [-90.033026, 40.377806], [-90.021776, 40.379994], [-90.006442, 40.385213], [-89.994911, 40.390669], [-89.983758, 40.392636], [-89.980114, 40.396636], [-89.977589, 40.401997], [-89.973428, 40.406102], [-89.955176, 40.420184], [-89.939375, 40.430152], [-89.92468, 40.435921], [-89.863367, 40.435681], [-89.828484, 40.43438], [-89.717104, 40.435655], [-89.714927, 40.319218], [-89.602979, 40.320129], [-89.601011, 40.218413], [-89.603598, 40.218378], [-89.601688, 40.122378], [-89.603272, 40.121425], [-89.605, 40.12211], [-89.606402, 40.123619], [-89.605802, 40.126511], [-89.610889, 40.12733], [-89.610887, 40.128556], [-89.609141, 40.129209], [-89.612659, 40.132455], [-89.613763, 40.134581], [-89.620678, 40.13659], [-89.620561, 40.138877], [-89.622256, 40.141857], [-89.623868, 40.143165], [-89.62724, 40.143716], [-89.626803, 40.145913], [-89.628048, 40.146898], [-89.628002, 40.148817], [-89.629997, 40.149405], [-89.631795, 40.148193], [-89.634201, 40.153411], [-89.637511, 40.152155], [-89.638762, 40.155147], [-89.646393, 40.153601], [-89.647731, 40.15478], [-89.648331, 40.157034], [-89.649592, 40.157656], [-89.651609, 40.154826], [-89.656069, 40.157044], [-89.659955, 40.15563], [-89.661612, 40.158109], [-89.667766, 40.160726], [-89.669247, 40.160471], [-89.670494, 40.154636], [-89.671341, 40.15394], [-89.680456, 40.155426], [-89.681758, 40.153557], [-89.6806, 40.152226], [-89.681084, 40.151206], [-89.68251, 40.152031], [-89.683472, 40.154851], [-89.685936, 40.153646], [-89.684386, 40.151862], [-89.685042, 40.150444], [-89.686949, 40.149324], [-89.686681, 40.146785], [-89.68886, 40.145385], [-89.691654, 40.144922], [-89.692047, 40.142555], [-89.694797, 40.140712], [-89.698739, 40.14236], [-89.704326, 40.140627], [-89.704635, 40.142846], [-89.707975, 40.143045], [-89.707638, 40.145987], [-89.709428, 40.147023], [-89.711779, 40.145911], [-89.71193, 40.142881], [-89.715591, 40.143543], [-89.716245, 40.142274], [-89.719152, 40.140327], [-89.722032, 40.140509], [-89.722397, 40.142494], [-89.728195, 40.142325], [-89.728985, 40.141105], [-89.727922, 40.138776], [-89.729776, 40.137007], [-89.730033, 40.135622], [-89.731015, 40.135919], [-89.731697, 40.137641], [-89.733581, 40.137952], [-89.735742, 40.134941], [-89.733701, 40.133833], [-89.734049, 40.132747], [-89.735899, 40.132228], [-89.738082, 40.132871], [-89.739817, 40.131472], [-89.742183, 40.131666], [-89.741482, 40.129791], [-89.744222, 40.128423], [-89.74549, 40.129342], [-89.747063, 40.12928], [-89.749365, 40.126797], [-89.75082, 40.127561], [-89.753694, 40.126652], [-89.755556, 40.127563], [-89.75807, 40.127493], [-89.761212, 40.129727], [-89.762888, 40.128142], [-89.764929, 40.129152], [-89.766472, 40.128171], [-89.766395, 40.129171], [-89.768235, 40.129371], [-89.768196, 40.128484], [-89.769872, 40.128449], [-89.770769, 40.130189], [-89.772326, 40.130475], [-89.772433, 40.131774], [-89.773421, 40.132226], [-89.774525, 40.13196], [-89.774032, 40.130521], [-89.77476, 40.129414], [-89.778376, 40.128515], [-89.78087, 40.126905], [-89.782145, 40.127116], [-89.783149, 40.129487], [-89.785571, 40.129255], [-89.7876, 40.130206], [-89.79031, 40.128195], [-89.791906, 40.1294], [-89.791288, 40.126404], [-89.794367, 40.123805], [-89.797721, 40.125461], [-89.799914, 40.12518], [-89.801069, 40.124079], [-89.801954, 40.124505], [-89.802595, 40.123654], [-89.803668, 40.124905], [-89.805996, 40.123985], [-89.806833, 40.124887], [-89.809898, 40.124505], [-89.810636, 40.123404], [-89.808718, 40.121808], [-89.810077, 40.121214], [-89.81324, 40.122135], [-89.814193, 40.124056], [-89.81794, 40.125383], [-89.81908, 40.12525], [-89.820348, 40.122672], [-89.821826, 40.122625], [-89.822192, 40.123484], [-89.823939, 40.122932], [-89.823331, 40.121304], [-89.827191, 40.125672], [-89.830041, 40.12558], [-89.832103, 40.123642], [-89.833979, 40.124413], [-89.834886, 40.126639], [-89.837208, 40.127672], [-89.837263, 40.129696], [-89.839397, 40.130793], [-89.841184, 40.130289], [-89.842075, 40.127055], [-89.843257, 40.126368], [-89.853397, 40.130302], [-89.857267, 40.129097], [-89.860753, 40.129951], [-89.863282, 40.128074], [-89.866021, 40.128206], [-89.868249, 40.12972], [-89.867468, 40.132049], [-89.86817, 40.133948], [-89.870559, 40.136684], [-89.872554, 40.137415], [-89.875111, 40.136529], [-89.878038, 40.133722], [-89.880966, 40.13381], [-89.880769, 40.13589], [-89.881538, 40.136307], [-89.885484, 40.134839], [-89.885896, 40.133833], [-89.884105, 40.131659], [-89.88392, 40.129891], [-89.885693, 40.12797], [-89.891771, 40.130543], [-89.898913, 40.127922], [-89.902774, 40.133443], [-89.905822, 40.135145], [-89.908401, 40.137786], [-89.909053, 40.137526], [-89.909106, 40.1353], [-89.906349, 40.133368], [-89.906682, 40.131985], [-89.907546, 40.131611], [-89.916276, 40.133528], [-89.917692, 40.135627], [-89.920388, 40.136584], [-89.921175, 40.138823], [-89.922583, 40.13848], [-89.923474, 40.136092], [-89.924691, 40.135835], [-89.924968, 40.138514], [-89.92682, 40.140085], [-89.928613, 40.139841], [-89.931661, 40.137332], [-89.934669, 40.137775], [-89.941303, 40.136937], [-89.941867, 40.136143], [-89.940969, 40.135291], [-89.936987, 40.134164], [-89.93677, 40.132445], [-89.942308, 40.131568], [-89.942621, 40.133965], [-89.943713, 40.134384], [-89.944893, 40.13373], [-89.944855, 40.1312], [-89.946139, 40.130264], [-89.948601, 40.131604], [-89.948552, 40.134346], [-89.949287, 40.135682], [-89.950621, 40.135458], [-89.951485, 40.132051], [-89.952616, 40.132729], [-89.95324, 40.135315], [-89.95463, 40.136954], [-89.956903, 40.136889], [-89.958085, 40.134541], [-89.958872, 40.134361], [-89.960237, 40.1388], [-89.961757, 40.138633], [-89.963034, 40.140239], [-89.96308, 40.143047], [-89.966191, 40.143071], [-89.968274, 40.142055], [-89.97049, 40.142082], [-89.971121, 40.140869], [-89.969713, 40.138175], [-89.972993, 40.137388], [-89.974756, 40.135478], [-89.971357, 40.133821], [-89.972203, 40.132435], [-89.976612, 40.130651], [-89.975817, 40.129048], [-89.973481, 40.128411], [-89.973578, 40.127371], [-89.976772, 40.12652], [-89.978456, 40.124959], [-89.981728, 40.128258], [-89.984928, 40.129332], [-89.986649, 40.129006], [-89.986659, 40.127554], [-89.984512, 40.12394], [-89.98563, 40.12262], [-89.987702, 40.123946], [-89.988607, 40.123605], [-89.987839, 40.120606], [-89.988705, 40.117795], [-89.987983, 40.116662], [-89.983084, 40.115869], [-89.982811, 40.113866], [-89.985823, 40.111953], [-89.992736, 40.111716], [-89.993417, 40.110833], [-89.992587, 40.109135], [-89.99347, 40.107979], [-89.99509, 40.108908], [-89.995894, 40.11215], [-89.997589, 40.112774], [-89.998026, 40.110403], [-89.999753, 40.108091], [-90.000117, 40.103035], [-90.001993, 40.103622], [-90.003309, 40.109257], [-90.004918, 40.108993], [-90.006068, 40.107598], [-90.00612, 40.10388], [-90.008021, 40.103338], [-90.010552, 40.103886], [-90.011369, 40.103272], [-90.011469, 40.10134], [-90.012863, 40.100836], [-90.014251, 40.103152], [-90.017216, 40.101912], [-90.018606, 40.103236], [-90.021011, 40.103744], [-90.019616, 40.104773], [-90.019842, 40.10559], [-90.023567, 40.10472], [-90.031871, 40.105488], [-90.032249, 40.106461], [-90.0308, 40.109473], [-90.031659, 40.110738], [-90.035031, 40.108214], [-90.03765, 40.103083], [-90.039195, 40.10256], [-90.039314, 40.107305], [-90.041007, 40.109038], [-90.042805, 40.10902], [-90.049745, 40.104443], [-90.051226, 40.102336], [-90.051126, 40.099643], [-90.051769, 40.099048], [-90.061096, 40.100773], [-90.064662, 40.100145], [-90.065651, 40.098058], [-90.065175, 40.094481], [-90.065733, 40.093357], [-90.071587, 40.094082], [-90.071764, 40.093025], [-90.069836, 40.090508], [-90.070217, 40.089989], [-90.074211, 40.090219], [-90.079178, 40.087522], [-90.077745, 40.085992], [-90.078127, 40.085318], [-90.081053, 40.085568], [-90.079887, 40.081789], [-90.080679, 40.080148], [-90.082377, 40.080465], [-90.087642, 40.084021], [-90.08855, 40.083167], [-90.087617, 40.079816], [-90.090894, 40.080762], [-90.094411, 40.0771], [-90.096254, 40.078046], [-90.093646, 40.080495], [-90.094347, 40.081394], [-90.100352, 40.077666], [-90.101902, 40.078227], [-90.103246, 40.080723], [-90.106088, 40.078004], [-90.108629, 40.07951], [-90.11039, 40.078299], [-90.112935, 40.080998], [-90.114223, 40.079964], [-90.116184, 40.080752], [-90.11601, 40.078661], [-90.120723, 40.076527], [-90.122654, 40.077494], [-90.126753, 40.076619], [-90.130356, 40.070842], [-90.13008, 40.06884], [-90.132991, 40.068527], [-90.132143, 40.066256], [-90.133841, 40.064952], [-90.134837, 40.062254], [-90.138992, 40.063109], [-90.137909, 40.064998], [-90.138259, 40.065987], [-90.13981, 40.065897], [-90.141085, 40.064374], [-90.142445, 40.064055], [-90.1449, 40.066676], [-90.149877, 40.067631], [-90.150462, 40.067204], [-90.149906, 40.065045], [-90.15213, 40.066372], [-90.154091, 40.066238], [-90.156351, 40.061216], [-90.157671, 40.061244], [-90.158099, 40.06273], [-90.159233, 40.063159], [-90.160218, 40.062845], [-90.160237, 40.061216], [-90.160962, 40.060716], [-90.167448, 40.060841], [-90.169213, 40.059617], [-90.170271, 40.061631], [-90.1714, 40.06208], [-90.173598, 40.060337], [-90.175947, 40.060012], [-90.177218, 40.06074], [-90.178751, 40.063831], [-90.183056, 40.062668], [-90.181675, 40.066135], [-90.182039, 40.066848], [-90.184055, 40.066747], [-90.185285, 40.064329], [-90.189197, 40.065829], [-90.189476, 40.064971], [-90.186498, 40.063018], [-90.186296, 40.061647], [-90.188653, 40.061301], [-90.189583, 40.060062], [-90.192126, 40.05999], [-90.19242, 40.057321], [-90.195009, 40.056069], [-90.194853, 40.053579], [-90.201225, 40.054066], [-90.204171, 40.052885], [-90.2049, 40.054351], [-90.206839, 40.055375], [-90.205973, 40.059533], [-90.207121, 40.06026], [-90.208986, 40.059228], [-90.209909, 40.056112], [-90.21101, 40.055242], [-90.212111, 40.056076], [-90.211881, 40.059079], [-90.21354, 40.059054], [-90.216081, 40.056563], [-90.214591, 40.055181], [-90.21628, 40.05381], [-90.21634, 40.051486], [-90.217332, 40.050926], [-90.219443, 40.053999], [-90.223619, 40.055134], [-90.22653, 40.054508], [-90.226877, 40.051684], [-90.228187, 40.051672], [-90.229243, 40.053709], [-90.229385, 40.056699], [-90.235697, 40.05809], [-90.2339, 40.060211], [-90.234615, 40.061117], [-90.235778, 40.060949], [-90.239186, 40.0581], [-90.243062, 40.057799], [-90.244444, 40.059037], [-90.243251, 40.060634], [-90.24443, 40.061265], [-90.247188, 40.058654], [-90.246953, 40.056819], [-90.247558, 40.056569], [-90.249855, 40.058295], [-90.253986, 40.057094], [-90.257019, 40.05904], [-90.260571, 40.059371], [-90.26079, 40.061455], [-90.264325, 40.060929], [-90.265827, 40.062138], [-90.269552, 40.06121], [-90.270248, 40.057529], [-90.272612, 40.054809], [-90.273981, 40.054807], [-90.27664, 40.056761], [-90.28551, 40.055492], [-90.285326, 40.057593], [-90.287904, 40.05795], [-90.289062, 40.059185], [-90.286787, 40.062237], [-90.287102, 40.063377], [-90.290118, 40.06425], [-90.293382, 40.06379], [-90.291511, 40.065701], [-90.29072, 40.069038], [-90.292784, 40.06984], [-90.293882, 40.071784], [-90.296322, 40.073149], [-90.298593, 40.076016], [-90.302561, 40.076119], [-90.304987, 40.077905], [-90.304464, 40.081818], [-90.300981, 40.083095], [-90.303225, 40.0849], [-90.302414, 40.088616], [-90.303093, 40.092168], [-90.30455, 40.093545], [-90.306611, 40.092655], [-90.30723, 40.097311], [-90.309076, 40.098245], [-90.313026, 40.103497], [-90.312595, 40.106271], [-90.313831, 40.107013], [-90.314277, 40.110358], [-90.315496, 40.111564], [-90.313782, 40.113303], [-90.3146, 40.115595], [-90.319294, 40.117125], [-90.323077, 40.117048], [-90.330215, 40.120591], [-90.3337, 40.120166], [-90.333367, 40.118138], [-90.335199, 40.119191], [-90.335237, 40.121964], [-90.336536, 40.122538], [-90.338597, 40.121527], [-90.339918, 40.118356], [-90.341825, 40.117921], [-90.342919, 40.116754], [-90.344562, 40.118373], [-90.349768, 40.118269], [-90.350809, 40.12182], [-90.349749, 40.123118], [-90.352701, 40.122081], [-90.35386, 40.122763], [-90.354524, 40.124217], [-90.347286, 40.126519], [-90.339924, 40.134138], [-90.335173, 40.13724], [-90.322971, 40.13974], [-90.31278, 40.139156], [-90.307551, 40.139951], [-90.293826, 40.146144], [-90.280727, 40.149177], [-90.268144, 40.154563], [-90.257277, 40.154787], [-90.245318, 40.153068], [-90.235127, 40.150641], [-90.225796, 40.150054], [-90.216138, 40.150459], [-90.209574, 40.153149], [-90.206144, 40.155789], [-90.202671, 40.16069], [-90.202113, 40.165066], [-90.202685, 40.17394], [-90.201507, 40.180642], [-90.195175, 40.190929], [-90.191754, 40.192624], [-90.185448, 40.193802], [-90.180809, 40.196014], [-90.174844, 40.201729], [-90.170217, 40.212118], [-90.157961, 40.219655], [-90.152502, 40.221018], [-90.137942, 40.222593], [-90.127482, 40.22697], [-90.118966, 40.235263]]]}, "properties": {"GEOID": "17125", "NAME": "Mason", "top_species": [{"name": "Black walnut", "volume": 1179649}, {"name": "Black locust", "volume": 648031}, {"name": "Osage-orange", "volume": 147833}, {"name": "Black cherry", "volume": 102973}, {"name": "Eastern redcedar", "volume": 9108}], "American basswood": null, "American sycamore": null, "Black cherry": 102973, "Black locust": 648031, "Black walnut": 1179649, "Boxelder": null, "Bur oak": null, "Butternut": null, "Common persimmon": null, "Eastern redcedar": 9108, "Northern red oak": null, "Osage-orange": 147833, "Red mulberry": null, "Shagbark hickory": null, "Sugar maple": null, "White oak": null}}, {"type": "Feature", "geometry": {"type": "Polygon", "coordinates": [[[-88.93139, 40.92774], [-88.930881, 41.1059], [-88.48729, 41.10862], [-88.251501, 41.114218], [-88.24063, 40.803066], [-88.237001, 40.675004], [-88.236292, 40.675012], [-88.23495, 40.618208], [-88.347198, 40.617038], [-88.458545, 40.617432], [-88.574502, 40.61655], [-88.575216, 40.670616], [-88.582355, 40.670792], [-88.584272, 40.757608], [-88.929331, 40.753337], [-88.93139, 40.92774]]]}, "properties": {"GEOID": "17105", "NAME": "Livingston", "top_species": [{"name": "Bur oak", "volume": 3074363}, {"name": "Black cherry", "volume": 319042}, {"name": "Boxelder", "volume": 23065}], "American basswood": null, "American sycamore": null, "Black cherry": 319042, "Black locust": null, "Black walnut": null, "Boxelder": 23065, "Bur oak": 3074363, "Butternut": null, "Common persimmon": null, "Eastern redcedar": null, "Northern red oak": null, "Osage-orange": null, "Red mulberry": null, "Shagbark hickory": null, "Sugar maple": null, "White oak": null}}, {"type": "Feature", "geometry": {"type": "Polygon", "coordinates": [[[-88.699229, 38.487739], [-88.698459, 38.606062], [-88.584531, 38.607309], [-88.420076, 38.60288], [-88.364178, 38.602493], [-88.257465, 38.599137], [-88.240564, 38.599516], [-88.222435, 38.598615], [-88.148194, 38.597987], [-88.147783, 38.533456], [-88.148574, 38.467645], [-88.147967, 38.46764], [-88.147752, 38.461703], [-88.14954, 38.29968], [-88.1509, 38.256097], [-88.248614, 38.257085], [-88.370026, 38.255301], [-88.702391, 38.256661], [-88.700048, 38.342307], [-88.698664, 38.487254], [-88.699229, 38.487739]]]}, "properties": {"GEOID": "17191", "NAME": "Wayne", "top_species": [{"name": "Sugar maple", "volume": 2421722}, {"name": "Black walnut", "volume": 1202980}, {"name": "American sycamore", "volume": 1123683}, {"name": "White oak", "volume": 875692}, {"name": "Black cherry", "volume": 867793}], "American basswood": null, "American sycamore": 1123683, "Black cherry": 867793, "Black locust": null, "Black walnut": 1202980, "Boxelder": 47720, "Bur oak": null, "Butternut": null, "Common persimmon": 352278, "Eastern redcedar": null, "Northern red oak": null, "Osage-orange": 68055, "Red mulberry": null, "Shagbark hickory": 801053, "Sugar maple": 2421722, "White oak": 875692}}, {"type": "Feature", "geometry": {"type": "Polygon", "coordinates": [[[-88.601289, 41.981473], [-88.601958, 42.066469], [-88.58833, 42.066462], [-88.588657, 42.15359], [-88.247839, 42.153627], [-88.238449, 42.154249], [-88.238186, 42.066985], [-88.263641, 42.066873], [-88.261952, 41.724652], [-88.601933, 41.719563], [-88.602566, 41.806847], [-88.601289, 41.981473]]]}, "properties": {"GEOID": "17089", "NAME": "Kane", "top_species": [{"name": "Bur oak", "volume": 4703322}, {"name": "Black cherry", "volume": 1341183}, {"name": "White oak", "volume": 987733}, {"name": "American basswood", "volume": 770621}, {"name": "Black walnut", "volume": 744772}], "American basswood": 770621, "American sycamore": null, "Black cherry": 1341183, "Black locust": null, "Black walnut": 744772, "Boxelder": 33118, "Bur oak": 4703322, "Butternut": null, "Common persimmon": null, "Eastern redcedar": null, "Northern red oak": 535425, "Osage-orange": null, "Red mulberry": null, "Shagbark hickory": 451848, "Sugar maple": 485076, "White oak": 987733}}, {"type": "Feature", "geometry": {"type": "Polygon", "coordinates": [[[-88.415412, 37.423821], [-88.412697, 37.599625], [-88.375455, 37.599023], [-88.375434, 37.599595], [-88.179677, 37.599228], [-88.167691, 37.592689], [-88.162813, 37.587467], [-88.157963, 37.577514], [-88.152679, 37.573813], [-88.146721, 37.573189], [-88.140425, 37.575343], [-88.133634, 37.574411], [-88.12258, 37.569128], [-88.112949, 37.56128], [-88.105974, 37.556797], [-88.089444, 37.536366], [-88.087584, 37.535022], [-88.07444, 37.530387], [-88.069537, 37.526088], [-88.062827, 37.514861], [-88.062804, 37.508423], [-88.061114, 37.504122], [-88.061815, 37.499134], [-88.06543, 37.48876], [-88.068438, 37.485449], [-88.073122, 37.485691], [-88.074256, 37.481614], [-88.077183, 37.479176], [-88.080892, 37.473911], [-88.084711, 37.47175], [-88.088977, 37.471721], [-88.091925, 37.473562], [-88.093876, 37.473803], [-88.122905, 37.471895], [-88.128411, 37.470495], [-88.135161, 37.471754], [-88.156983, 37.466989], [-88.172088, 37.465728], [-88.175742, 37.463736], [-88.180357, 37.464179], [-88.196539, 37.460703], [-88.208534, 37.460237], [-88.227968, 37.457099], [-88.255137, 37.456761], [-88.281631, 37.452729], [-88.299719, 37.446305], [-88.311974, 37.441001], [-88.318122, 37.435859], [-88.323633, 37.433992], [-88.333506, 37.427148], [-88.348892, 37.410572], [-88.352748, 37.408831], [-88.360788, 37.403357], [-88.365757, 37.401599], [-88.372137, 37.403106], [-88.377147, 37.409644], [-88.384337, 37.414586], [-88.395891, 37.420853], [-88.409229, 37.425315], [-88.415412, 37.423821]]]}, "properties": {"GEOID": "17069", "NAME": "Hardin", "top_species": [{"name": "Sugar maple", "volume": 2799443}, {"name": "White oak", "volume": 2564854}, {"name": "Black locust", "volume": 1115405}, {"name": "Shagbark hickory", "volume": 578551}, {"name": "Black walnut", "volume": 290578}], "American basswood": null, "American sycamore": null, "Black cherry": 264767, "Black locust": 1115405, "Black walnut": 290578, "Boxelder": 215328, "Bur oak": null, "Butternut": null, "Common persimmon": 243099, "Eastern redcedar": 94814, "Northern red oak": 212075, "Osage-orange": null, "Red mulberry": 150300, "Shagbark hickory": 578551, "Sugar maple": 2799443, "White oak": 2564854}}, {"type": "Feature", "geometry": {"type": "Polygon", "coordinates": [[[-88.481681, 41.457903], [-88.252231, 41.463066], [-88.240889, 41.114383], [-88.48492, 41.10865], [-88.58624, 41.10828], [-88.588169, 41.257842], [-88.593704, 41.373035], [-88.595961, 41.457129], [-88.481681, 41.457903]]]}, "properties": {"GEOID": "17063", "NAME": "Grundy", "top_species": [{"name": "American basswood", "volume": 88719}], "American basswood": 88719, "American sycamore": null, "Black cherry": null, "Black locust": null, "Black walnut": null, "Boxelder": null, "Bur oak": null, "Butternut": null, "Common persimmon": null, "Eastern redcedar": null, "Northern red oak": null, "Osage-orange": null, "Red mulberry": null, "Shagbark hickory": null, "Sugar maple": null, "White oak": null}}, {"type": "Feature", "geometry": {"type": "Polygon", "coordinates": [[[-90.909756, 40.284394], [-90.904216, 40.639201], [-90.673061, 40.631494], [-90.559983, 40.630448], [-90.445627, 40.627638], [-90.448269, 40.371545], [-90.450227, 40.276335], [-90.545688, 40.278144], [-90.67794, 40.278562], [-90.720685, 40.2803], [-90.792619, 40.281062], [-90.909756, 40.284394]]]}, "properties": {"GEOID": "17109", "NAME": "McDonough", "top_species": [{"name": "Black locust", "volume": 2650262}, {"name": "Shagbark hickory", "volume": 2356709}, {"name": "White oak", "volume": 1897126}, {"name": "Black walnut", "volume": 1619112}, {"name": "Black cherry", "volume": 470214}], "American basswood": null, "American sycamore": null, "Black cherry": 470214, "Black locust": 2650262, "Black walnut": 1619112, "Boxelder": 17335, "Bur oak": null, "Butternut": null, "Common persimmon": null, "Eastern redcedar": 10709, "Northern red oak": null, "Osage-orange": 257716, "Red mulberry": 373276, "Shagbark hickory": 2356709, "Sugar maple": null, "White oak": 1897126}}, {"type": "Feature", "geometry": {"type": "Polygon", "coordinates": [[[-88.905071, 37.335743], [-88.728691, 37.335317], [-88.710738, 37.337081], [-88.67435, 37.308489], [-88.620436, 37.262693], [-88.565701, 37.218196], [-88.528904, 37.188834], [-88.49033, 37.159462], [-88.490485, 37.068171], [-88.502972, 37.06564], [-88.521755, 37.06568], [-88.546925, 37.070819], [-88.553928, 37.073113], [-88.560839, 37.076512], [-88.565696, 37.077673], [-88.56515, 37.075373], [-88.56651, 37.075374], [-88.572863, 37.079656], [-88.574516, 37.084844], [-88.57685, 37.08578], [-88.583792, 37.092], [-88.589865, 37.099785], [-88.594504, 37.102102], [-88.597149, 37.104731], [-88.60297, 37.108503], [-88.618689, 37.116768], [-88.629059, 37.120622], [-88.644042, 37.122389], [-88.647268, 37.124393], [-88.657231, 37.12744], [-88.678835, 37.135779], [-88.681252, 37.137345], [-88.692608, 37.141105], [-88.704374, 37.14297], [-88.703906, 37.142072], [-88.706203, 37.141493], [-88.707579, 37.142591], [-88.71946, 37.140751], [-88.732499, 37.143945], [-88.7615, 37.159612], [-88.775428, 37.168768], [-88.780123, 37.173172], [-88.784025, 37.174926], [-88.787189, 37.178554], [-88.802606, 37.187736], [-88.813446, 37.190079], [-88.83509, 37.196493], [-88.862723, 37.207455], [-88.877188, 37.212261], [-88.91618, 37.223991], [-88.92789, 37.226365], [-88.928757, 37.302848], [-88.926788, 37.303106], [-88.919466, 37.307092], [-88.914358, 37.310568], [-88.909875, 37.312415], [-88.908647, 37.313872], [-88.897561, 37.317491], [-88.897582, 37.319056], [-88.899248, 37.321394], [-88.895466, 37.3261], [-88.8983, 37.327282], [-88.897873, 37.328847], [-88.896207, 37.32983], [-88.901865, 37.33277], [-88.905071, 37.335743]]]}, "properties": {"GEOID": "17127", "NAME": "Massac", "top_species": [{"name": "White oak", "volume": 3028334}, {"name": "Black cherry", "volume": 1198508}, {"name": "Shagbark hickory", "volume": 960535}, {"name": "American sycamore", "volume": 640152}, {"name": "Black locust", "volume": 232841}], "American basswood": null, "American sycamore": 640152, "Black cherry": 1198508, "Black locust": 232841, "Black walnut": 101730, "Boxelder": 181485, "Bur oak": null, "Butternut": null, "Common persimmon": null, "Eastern redcedar": null, "Northern red oak": null, "Osage-orange": null, "Red mulberry": 35766, "Shagbark hickory": 960535, "Sugar maple": null, "White oak": 3028334}}, {"type": "Feature", "geometry": {"type": "Polygon", "coordinates": [[[-90.437652, 41.151463], [-90.43193, 41.456834], [-90.421129, 41.457634], [-90.404229, 41.464834], [-90.396028, 41.469734], [-90.387328, 41.476434], [-90.380382, 41.476675], [-90.376528, 41.478734], [-90.373028, 41.484634], [-90.369427, 41.496734], [-90.364227, 41.502834], [-90.352231, 41.508832], [-90.341245, 41.511379], [-90.333889, 41.514085], [-90.320214, 41.50999], [-90.318733, 41.508898], [-90.315059, 41.509204], [-90.312094, 41.510591], [-90.304716, 41.517791], [-90.297076, 41.518207], [-90.289224, 41.520334], [-90.279324, 41.520334], [-90.268324, 41.522134], [-90.260523, 41.521534], [-90.250123, 41.522755], [-90.24078, 41.525088], [-90.231545, 41.529036], [-90.225842, 41.529917], [-90.224167, 41.531418], [-90.222459, 41.53557], [-90.219018, 41.5372], [-90.195324, 41.540686], [-90.192498, 41.543213], [-90.184991, 41.555457], [-90.179328, 41.572367], [-90.179173, 41.57543], [-90.180052, 41.578716], [-90.185536, 41.584574], [-89.976183, 41.583654], [-89.862351, 41.584005], [-89.859197, 41.518725], [-89.857369, 41.51837], [-89.856613, 41.317295], [-89.857496, 41.234655], [-89.867793, 41.23443], [-89.868152, 41.149493], [-90.08198, 41.149732], [-90.208816, 41.15211], [-90.323179, 41.151197], [-90.437652, 41.151463]]]}, "properties": {"GEOID": "17073", "NAME": "Henry", "top_species": [{"name": "Black walnut", "volume": 1277451}, {"name": "Osage-orange", "volume": 991003}, {"name": "Shagbark hickory", "volume": 637197}, {"name": "Black cherry", "volume": 230590}], "American basswood": null, "American sycamore": null, "Black cherry": 230590, "Black locust": null, "Black walnut": 1277451, "Boxelder": null, "Bur oak": null, "Butternut": null, "Common persimmon": null, "Eastern redcedar": null, "Northern red oak": null, "Osage-orange": 991003, "Red mulberry": null, "Shagbark hickory": 637197, "Sugar maple": null, "White oak": null}}, {"type": "Feature", "geometry": {"type": "Polygon", "coordinates": [[[-90.619638, 39.349096], [-90.622139, 39.368277], [-90.620162, 39.375692], [-90.620802, 39.381156], [-90.617301, 39.385692], [-90.613527, 39.396509], [-90.615416, 39.406961], [-90.615266, 39.413744], [-90.616807, 39.423878], [-90.61602, 39.430574], [-90.611998, 39.441408], [-90.610502, 39.457447], [-90.607597, 39.463829], [-90.592092, 39.486979], [-90.590605, 39.493675], [-90.58839, 39.496419], [-90.586158, 39.503713], [-90.582202, 39.510332], [-90.58053, 39.517993], [-90.581055, 39.521728], [-90.265578, 39.519989], [-90.153782, 39.520315], [-90.150641, 39.346315], [-90.149462, 39.346302], [-90.148069, 39.261947], [-90.193872, 39.26196], [-90.193699, 39.258235], [-90.202681, 39.258192], [-90.201769, 39.225497], [-90.276446, 39.224672], [-90.31393, 39.225128], [-90.313289, 39.174289], [-90.487624, 39.175005], [-90.486429, 39.170002], [-90.487879, 39.164074], [-90.491195, 39.16141], [-90.495793, 39.160235], [-90.49885, 39.161105], [-90.502799, 39.164259], [-90.503963, 39.170907], [-90.505821, 39.172916], [-90.505674, 39.175447], [-90.50286, 39.180941], [-90.507508, 39.185193], [-90.511945, 39.186797], [-90.51421, 39.186296], [-90.520365, 39.188024], [-90.52301, 39.187053], [-90.526816, 39.192449], [-90.529221, 39.191626], [-90.528473, 39.188366], [-90.53054, 39.187343], [-90.532737, 39.187489], [-90.535653, 39.190042], [-90.536991, 39.193002], [-90.540927, 39.189529], [-90.542447, 39.18389], [-90.543389, 39.183297], [-90.545308, 39.183401], [-90.546248, 39.184242], [-90.545278, 39.187562], [-90.545806, 39.19017], [-90.557767, 39.188482], [-90.56409, 39.184293], [-90.565377, 39.187435], [-90.561892, 39.190653], [-90.563716, 39.193404], [-90.565678, 39.193741], [-90.567823, 39.191636], [-90.567272, 39.183395], [-90.570114, 39.183372], [-90.570421, 39.182625], [-90.566396, 39.181521], [-90.566406, 39.180031], [-90.570442, 39.177785], [-90.573452, 39.177489], [-90.574699, 39.179075], [-90.57334, 39.184097], [-90.580587, 39.184895], [-90.578699, 39.179897], [-90.581753, 39.178162], [-90.582106, 39.176927], [-90.575904, 39.173084], [-90.575199, 39.167836], [-90.576524, 39.164708], [-90.581753, 39.164845], [-90.585364, 39.161553], [-90.587213, 39.154873], [-90.586537, 39.153043], [-90.583187, 39.149154], [-90.582803, 39.144327], [-90.584654, 39.142165], [-90.589382, 39.141169], [-90.591526, 39.138332], [-90.596167, 39.137988], [-90.597959, 39.136752], [-90.599044, 39.133274], [-90.597102, 39.129157], [-90.597072, 39.127327], [-90.5991, 39.123121], [-90.603569, 39.117592], [-90.605177, 39.12294], [-90.611206, 39.133212], [-90.61454, 39.14229], [-90.614646, 39.153789], [-90.613326, 39.162742], [-90.610672, 39.169888], [-90.607139, 39.174504], [-90.599456, 39.180496], [-90.597482, 39.187531], [-90.592095, 39.19579], [-90.591219, 39.201129], [-90.593009, 39.209956], [-90.592099, 39.216439], [-90.597229, 39.235127], [-90.597989, 39.24333], [-90.605904, 39.251362], [-90.609796, 39.259812], [-90.609338, 39.263908], [-90.607386, 39.269662], [-90.606329, 39.279771], [-90.602393, 39.28748], [-90.60243, 39.292693], [-90.608391, 39.303808], [-90.611258, 39.311213], [-90.614085, 39.330321], [-90.616764, 39.337584], [-90.619638, 39.349096]]]}, "properties": {"GEOID": "17061", "NAME": "Greene", "top_species": [{"name": "Sugar maple", "volume": 1966310}, {"name": "Osage-orange", "volume": 1302943}, {"name": "American sycamore", "volume": 1124792}, {"name": "Northern red oak", "volume": 506479}, {"name": "White oak", "volume": 393992}], "American basswood": 119447, "American sycamore": 1124792, "Black cherry": null, "Black locust": null, "Black walnut": 129567, "Boxelder": 180966, "Bur oak": null, "Butternut": null, "Common persimmon": null, "Eastern redcedar": null, "Northern red oak": 506479, "Osage-orange": 1302943, "Red mulberry": null, "Shagbark hickory": 272524, "Sugar maple": 1966310, "White oak": 393992}}, {"type": "Feature", "geometry": {"type": "Polygon", "coordinates": [[[-90.035867, 38.135736], [-90.036316, 38.223246], [-89.9249, 38.220816], [-89.592797, 38.219271], [-89.592411, 38.129831], [-89.595073, 37.955343], [-89.65793, 37.855957], [-89.658333, 37.852393], [-89.65716, 37.851342], [-89.657067, 37.849551], [-89.658166, 37.847591], [-89.657134, 37.847057], [-89.659343, 37.844525], [-89.658374, 37.843594], [-89.659422, 37.843071], [-89.659458, 37.840683], [-89.661044, 37.839945], [-89.660289, 37.838419], [-89.662276, 37.837643], [-89.661823, 37.835057], [-89.664344, 37.833207], [-89.66433, 37.831718], [-89.663229, 37.831499], [-89.664506, 37.831072], [-89.664439, 37.829131], [-89.665464, 37.828282], [-89.668175, 37.829595], [-89.672202, 37.825381], [-89.675871, 37.824835], [-89.676264, 37.824027], [-89.678383, 37.823898], [-89.680865, 37.822501], [-89.674321, 37.803152], [-89.69495, 37.813592], [-89.702844, 37.816812], [-89.717442, 37.825723], [-89.729431, 37.835114], [-89.739875, 37.846921], [-89.744745, 37.84612], [-89.747784, 37.847004], [-89.754099, 37.846353], [-89.7652, 37.851763], [-89.774305, 37.852127], [-89.781991, 37.855053], [-89.786326, 37.851689], [-89.793737, 37.857063], [-89.797542, 37.862128], [-89.800353, 37.868626], [-89.799821, 37.871343], [-89.797696, 37.874392], [-89.798382, 37.877161], [-89.79804, 37.879653], [-89.799329, 37.881516], [-89.813636, 37.887696], [-89.842638, 37.905197], [-89.844786, 37.905572], [-89.850524, 37.904172], [-89.857071, 37.899204], [-89.861877, 37.897684], [-89.879688, 37.880736], [-89.898753, 37.87078], [-89.905631, 37.869393], [-89.917544, 37.869895], [-89.9253, 37.871153], [-89.936945, 37.874835], [-89.938608, 37.874304], [-89.93769, 37.875098], [-89.947758, 37.879847], [-89.953008, 37.884037], [-89.960542, 37.897369], [-89.965285, 37.902303], [-89.966329, 37.906731], [-89.970829, 37.91458], [-89.973762, 37.918016], [-89.974799, 37.926525], [-89.973456, 37.928359], [-89.965813, 37.933011], [-89.962057, 37.933918], [-89.962612, 37.935251], [-89.960914, 37.936597], [-89.959772, 37.940083], [-89.947322, 37.940283], [-89.93732, 37.946663], [-89.93411, 37.946877], [-89.931267, 37.948277], [-89.924853, 37.954906], [-89.924597, 37.959849], [-89.935885, 37.959581], [-89.940687, 37.970874], [-89.965046, 37.964393], [-89.982228, 37.962111], [-89.991958, 37.962165], [-90.00011, 37.964563], [-90.007936, 37.97011], [-90.022286, 37.986164], [-90.031795, 37.995126], [-90.040446, 38.000222], [-90.051941, 38.005432], [-90.053615, 38.009429], [-90.057269, 38.014362], [-90.065045, 38.016875], [-90.072283, 38.017001], [-90.080959, 38.015428], [-90.08826, 38.015772], [-90.099098, 38.020196], [-90.11424, 38.029061], [-90.126196, 38.040706], [-90.126396, 38.054897], [-90.128159, 38.059645], [-90.130788, 38.062341], [-90.158273, 38.07495], [-90.163413, 38.074346], [-90.17222, 38.069636], [-90.17604, 38.07066], [-90.205205, 38.086907], [-90.163087, 38.099893], [-90.123881, 38.110109], [-90.109552, 38.115117], [-90.035867, 38.135736]]]}, "properties": {"GEOID": "17157", "NAME": "Randolph", "top_species": [{"name": "Sugar maple", "volume": 2661414}, {"name": "Black walnut", "volume": 2450649}, {"name": "Common persimmon", "volume": 1643797}, {"name": "Black locust", "volume": 1550551}, {"name": "Black cherry", "volume": 1467044}], "American basswood": null, "American sycamore": 492890, "Black cherry": 1467044, "Black locust": 1550551, "Black walnut": 2450649, "Boxelder": 992419, "Bur oak": 122185, "Butternut": null, "Common persimmon": 1643797, "Eastern redcedar": 52083, "Northern red oak": 210676, "Osage-orange": 597857, "Red mulberry": 169592, "Shagbark hickory": 750028, "Sugar maple": 2661414, "White oak": 864369}}, {"type": "Feature", "geometry": {"type": "Polygon", "coordinates": [[[-91.265764, 39.757431], [-90.915961, 39.7572], [-90.916669, 39.844927], [-90.894252, 39.841058], [-90.799397, 39.840975], [-90.571424, 39.838961], [-90.566598, 39.833162], [-90.565737, 39.83007], [-90.566976, 39.826883], [-90.576724, 39.818857], [-90.586027, 39.805645], [-90.597204, 39.794851], [-90.599105, 39.79006], [-90.606931, 39.776376], [-90.607447, 39.77293], [-90.606247, 39.768431], [-90.607634, 39.763873], [-90.628422, 39.729485], [-90.640984, 39.717426], [-90.64599, 39.703368], [-90.646112, 39.698291], [-90.644488, 39.693111], [-90.633491, 39.673008], [-90.628707, 39.669332], [-90.608385, 39.63924], [-90.607394, 39.635508], [-90.607351, 39.628695], [-90.604884, 39.61975], [-90.598096, 39.604761], [-90.592092, 39.596683], [-90.582926, 39.574571], [-90.580666, 39.567105], [-90.57662, 39.559536], [-90.574362, 39.546185], [-90.572443, 39.542997], [-90.572227, 39.541207], [-90.572293, 39.539166], [-90.574356, 39.535192], [-90.581767, 39.525882], [-90.58053, 39.517993], [-90.580992, 39.514557], [-90.582202, 39.510332], [-90.587676, 39.500047], [-90.58839, 39.496419], [-90.590605, 39.493675], [-90.592092, 39.486979], [-90.607597, 39.463829], [-90.610502, 39.457447], [-90.611998, 39.441408], [-90.61602, 39.430574], [-90.616807, 39.423878], [-90.615266, 39.413744], [-90.615416, 39.406961], [-90.6136, 39.398736], [-90.613775, 39.395416], [-90.687422, 39.396372], [-90.765075, 39.399136], [-90.908335, 39.400252], [-90.911184, 39.399644], [-90.936728, 39.399511], [-90.939025, 39.402744], [-90.944942, 39.406247], [-90.96748, 39.411948], [-90.972465, 39.414144], [-90.977618, 39.41829], [-90.98302, 39.420462], [-90.992317, 39.422413], [-90.999689, 39.426378], [-91.003692, 39.427603], [-91.02361, 39.438694], [-91.03827, 39.448435], [-91.057114, 39.466086], [-91.062414, 39.474122], [-91.064305, 39.494643], [-91.075309, 39.502845], [-91.079769, 39.507728], [-91.086292, 39.517141], [-91.092869, 39.529275], [-91.100307, 39.538695], [-91.146596, 39.545486], [-91.153628, 39.548248], [-91.163634, 39.558566], [-91.168419, 39.564928], [-91.174651, 39.593313], [-91.181936, 39.602677], [-91.185921, 39.605119], [-91.223328, 39.617603], [-91.229317, 39.620853], [-91.241225, 39.630067], [-91.248779, 39.64088], [-91.260475, 39.649024], [-91.266765, 39.656993], [-91.27614, 39.665759], [-91.283329, 39.670134], [-91.301603, 39.679068], [-91.303388, 39.680461], [-91.305348, 39.683957], [-91.317814, 39.692591], [-91.347253, 39.71048], [-91.350317, 39.713774], [-91.355314, 39.716985], [-91.358276, 39.720601], [-91.367753, 39.729029], [-91.370009, 39.732524], [-91.369388, 39.737213], [-91.369839, 39.745702], [-91.365125, 39.758723], [-91.265764, 39.757431]]]}, "properties": {"GEOID": "17149", "NAME": "Pike", "top_species": [{"name": "White oak", "volume": 4976734}, {"name": "Black walnut", "volume": 2552265}, {"name": "Shagbark hickory", "volume": 1601025}, {"name": "Sugar maple", "volume": 1099342}, {"name": "Black cherry", "volume": 916390}], "American basswood": null, "American sycamore": 646249, "Black cherry": 916390, "Black locust": 163548, "Black walnut": 2552265, "Boxelder": null, "Bur oak": null, "Butternut": null, "Common persimmon": null, "Eastern redcedar": null, "Northern red oak": 506818, "Osage-orange": 618559, "Red mulberry": 75636, "Shagbark hickory": 1601025, "Sugar maple": 1099342, "White oak": 4976734}}, {"type": "Feature", "geometry": {"type": "Polygon", "coordinates": [[[-89.047718, 40.925749], [-88.93139, 40.92774], [-88.929331, 40.753337], [-88.986896, 40.752297], [-88.984722, 40.664953], [-89.04532, 40.663939], [-89.044368, 40.627428], [-89.082221, 40.626813], [-89.101569, 40.625036], [-89.101134, 40.612326], [-89.134217, 40.61149], [-89.133752, 40.596734], [-89.269397, 40.594318], [-89.269831, 40.616097], [-89.327343, 40.615566], [-89.328695, 40.660785], [-89.329614, 40.660774], [-89.330092, 40.748257], [-89.554994, 40.747637], [-89.556094, 40.749437], [-89.555694, 40.764737], [-89.563894, 40.784037], [-89.562394, 40.793637], [-89.558142, 40.802485], [-89.552766, 40.810469], [-89.544958, 40.814981], [-89.542205, 40.817893], [-89.528285, 40.835621], [-89.525213, 40.842404], [-89.524973, 40.849236], [-89.499571, 40.875036], [-89.488469, 40.899299], [-89.483496, 40.903184], [-89.47963, 40.909347], [-89.475225, 40.912741], [-89.47233, 40.921206], [-89.390857, 40.921832], [-89.160448, 40.92709], [-89.047718, 40.925749]]]}, "properties": {"GEOID": "17203", "NAME": "Woodford", "top_species": [{"name": "Sugar maple", "volume": 3810983}, {"name": "White oak", "volume": 3070076}, {"name": "Northern red oak", "volume": 2744455}, {"name": "Black cherry", "volume": 971954}, {"name": "Osage-orange", "volume": 221933}], "American basswood": null, "American sycamore": null, "Black cherry": 971954, "Black locust": null, "Black walnut": 68081, "Boxelder": null, "Bur oak": null, "Butternut": null, "Common persimmon": null, "Eastern redcedar": null, "Northern red oak": 2744455, "Osage-orange": 221933, "Red mulberry": null, "Shagbark hickory": 182319, "Sugar maple": 3810983, "White oak": 3070076}}, {"type": "Feature", "geometry": {"type": "Polygon", "coordinates": [[[-89.595073, 37.955343], [-89.592395, 38.13206], [-89.592797, 38.219271], [-89.408845, 38.214643], [-89.333317, 38.21371], [-89.238183, 38.214282], [-89.147597, 38.212895], [-89.149841, 38.125054], [-89.129632, 38.124767], [-89.129228, 38.122773], [-89.132138, 38.118667], [-89.130648, 38.115963], [-89.129253, 38.116812], [-89.130434, 38.113465], [-89.131836, 38.112897], [-89.129837, 38.112045], [-89.129194, 38.109423], [-89.130636, 38.108799], [-89.13065, 38.107539], [-89.132072, 38.10654], [-89.131109, 38.105643], [-89.131801, 38.104725], [-89.131289, 38.103582], [-89.13241, 38.103408], [-89.134035, 38.105843], [-89.137044, 38.105507], [-89.137501, 38.104442], [-89.135023, 38.101789], [-89.128662, 38.100889], [-89.12667, 38.098146], [-89.123547, 38.09829], [-89.121294, 38.096451], [-89.117499, 38.096047], [-89.115322, 38.093445], [-89.119218, 38.090093], [-89.117077, 38.089171], [-89.117582, 38.087029], [-89.115414, 38.085954], [-89.117226, 38.084613], [-89.120819, 38.084946], [-89.120945, 38.083819], [-89.119439, 38.081831], [-89.120814, 38.081855], [-89.122055, 38.083261], [-89.12272, 38.082294], [-89.12234, 38.080121], [-89.119404, 38.07731], [-89.120086, 38.075678], [-89.119025, 38.074318], [-89.120809, 38.073356], [-89.118725, 38.072497], [-89.120326, 38.071322], [-89.118404, 38.070011], [-89.119552, 38.069472], [-89.122903, 38.070783], [-89.123336, 38.070087], [-89.122507, 38.068912], [-89.121124, 38.068564], [-89.120608, 38.067346], [-89.119096, 38.067621], [-89.118875, 38.067041], [-89.121714, 38.064938], [-89.12352, 38.06488], [-89.123557, 38.063677], [-89.121105, 38.062922], [-89.11976, 38.063647], [-89.118488, 38.062835], [-89.119373, 38.064721], [-89.117732, 38.064663], [-89.117072, 38.06389], [-89.117624, 38.062516], [-89.11897, 38.061438], [-89.120824, 38.062064], [-89.122214, 38.060934], [-89.119654, 38.0593], [-89.118485, 38.060256], [-89.118396, 38.059422], [-89.121181, 38.057626], [-89.121887, 38.057661], [-89.121932, 38.059225], [-89.123315, 38.058889], [-89.12358, 38.057568], [-89.122675, 38.056458], [-89.12508, 38.054871], [-89.127388, 38.05537], [-89.126523, 38.053705], [-89.126924, 38.053011], [-89.13155, 38.052176], [-89.132037, 38.052492], [-89.131106, 38.054943], [-89.132635, 38.054604], [-89.132999, 38.050478], [-89.134127, 38.048806], [-89.130429, 38.047768], [-89.131125, 38.047023], [-89.133262, 38.04728], [-89.134943, 38.044815], [-89.137755, 38.047296], [-89.138851, 38.047041], [-89.138134, 38.044323], [-89.139832, 38.043484], [-89.13638, 38.039944], [-89.136908, 38.038725], [-89.1387, 38.03836], [-89.140476, 38.035998], [-89.139054, 38.033834], [-89.14683, 38.031487], [-89.144397, 38.028667], [-89.142422, 38.02913], [-89.143018, 38.025983], [-89.140538, 38.026628], [-89.138252, 38.025349], [-89.138746, 38.024317], [-89.137597, 38.023445], [-89.138468, 38.022172], [-89.13684, 38.021557], [-89.136072, 38.01803], [-89.140499, 38.01597], [-89.140146, 38.012867], [-89.14179, 38.012159], [-89.142237, 38.011017], [-89.144582, 38.011124], [-89.145244, 38.009229], [-89.143904, 38.005773], [-89.14238, 38.004114], [-89.143012, 38.001538], [-89.141015, 38.000688], [-89.140199, 37.999371], [-89.141599, 37.997129], [-89.140162, 37.995454], [-89.142992, 37.994049], [-89.142637, 37.992676], [-89.144036, 37.991548], [-89.143513, 37.990096], [-89.146626, 37.988839], [-89.145778, 37.985725], [-89.149827, 37.98225], [-89.149474, 37.979776], [-89.151972, 37.979276], [-89.153739, 37.977983], [-89.153473, 37.974537], [-89.155385, 37.969353], [-89.155147, 37.967469], [-89.160714, 37.961914], [-89.161646, 37.957654], [-89.164814, 37.95506], [-89.17379, 37.954068], [-89.175613, 37.952532], [-89.177961, 37.952786], [-89.178371, 37.95172], [-89.177597, 37.950311], [-89.199169, 37.950186], [-89.300513, 37.950784], [-89.595073, 37.955343]]]}, "properties": {"GEOID": "17145", "NAME": "Perry", "top_species": [{"name": "White oak", "volume": 3917262}, {"name": "Black cherry", "volume": 962380}, {"name": "Bur oak", "volume": 898207}, {"name": "Northern red oak", "volume": 895517}, {"name": "Common persimmon", "volume": 596172}], "American basswood": null, "American sycamore": 205654, "Black cherry": 962380, "Black locust": null, "Black walnut": null, "Boxelder": 498141, "Bur oak": 898207, "Butternut": null, "Common persimmon": 596172, "Eastern redcedar": 8018, "Northern red oak": 895517, "Osage-orange": null, "Red mulberry": null, "Shagbark hickory": 231309, "Sugar maple": null, "White oak": 3917262}}, {"type": "Feature", "geometry": {"type": "Polygon", "coordinates": [[[-88.94914, 37.596261], [-88.836759, 37.597508], [-88.818894, 37.600677], [-88.708546, 37.599277], [-88.710744, 37.427585], [-88.710738, 37.337081], [-88.728691, 37.335317], [-88.905071, 37.335743], [-88.901865, 37.33277], [-88.896207, 37.32983], [-88.897873, 37.328847], [-88.8983, 37.327282], [-88.895466, 37.3261], [-88.899248, 37.321394], [-88.897582, 37.319056], [-88.897561, 37.317491], [-88.908647, 37.313872], [-88.909875, 37.312415], [-88.914358, 37.310568], [-88.926903, 37.303063], [-88.929129, 37.302647], [-88.932571, 37.303509], [-88.934465, 37.302627], [-88.936974, 37.303919], [-88.940366, 37.303187], [-88.942478, 37.303953], [-88.944746, 37.302319], [-88.948967, 37.301177], [-88.951773, 37.298494], [-88.953838, 37.299329], [-88.95605, 37.297492], [-88.957198, 37.298123], [-88.959054, 37.297741], [-88.959571, 37.298834], [-88.960656, 37.297573], [-88.962343, 37.299093], [-88.962548, 37.297684], [-88.963578, 37.29738], [-88.964363, 37.300517], [-88.968813, 37.303278], [-88.973702, 37.303618], [-88.992108, 37.309899], [-88.996226, 37.309419], [-88.998144, 37.307869], [-88.999555, 37.309637], [-89.002739, 37.311148], [-89.004601, 37.311163], [-89.010598, 37.310484], [-89.012801, 37.309415], [-89.018385, 37.309103], [-89.032897, 37.297783], [-89.044691, 37.293933], [-89.044514, 37.434546], [-89.041401, 37.596576], [-88.94914, 37.596261]]]}, "properties": {"GEOID": "17087", "NAME": "Johnson", "top_species": [{"name": "White oak", "volume": 2897097}, {"name": "Sugar maple", "volume": 2385673}, {"name": "Northern red oak", "volume": 2274336}, {"name": "Black walnut", "volume": 1898195}, {"name": "Shagbark hickory", "volume": 1210107}], "American basswood": null, "American sycamore": 1069314, "Black cherry": 566525, "Black locust": null, "Black walnut": 1898195, "Boxelder": 87886, "Bur oak": null, "Butternut": null, "Common persimmon": null, "Eastern redcedar": 574928, "Northern red oak": 2274336, "Osage-orange": null, "Red mulberry": 116160, "Shagbark hickory": 1210107, "Sugar maple": 2385673, "White oak": 2897097}}, {"type": "Feature", "geometry": {"type": "Polygon", "coordinates": [[[-89.02492, 39.435171], [-89.026408, 39.435172], [-89.023987, 39.52319], [-89.02568, 39.654183], [-88.996783, 39.654283], [-88.920704, 39.652678], [-88.810575, 39.653222], [-88.809051, 39.580241], [-88.717438, 39.579334], [-88.716875, 39.521209], [-88.641468, 39.520958], [-88.64117, 39.506696], [-88.62239, 39.506496], [-88.622235, 39.491904], [-88.603211, 39.491599], [-88.603185, 39.477031], [-88.584543, 39.476988], [-88.584273, 39.447582], [-88.470505, 39.447041], [-88.471207, 39.344429], [-88.470906, 39.215029], [-88.836967, 39.216548], [-89.027762, 39.215467], [-89.139374, 39.217212], [-89.139807, 39.348888], [-89.025382, 39.34592], [-89.025541, 39.418832], [-89.02492, 39.435171]]]}, "properties": {"GEOID": "17173", "NAME": "Shelby", "top_species": [{"name": "Black locust", "volume": 5308742}, {"name": "White oak", "volume": 3898049}, {"name": "Sugar maple", "volume": 2332452}, {"name": "American sycamore", "volume": 1569410}, {"name": "Black walnut", "volume": 1108838}], "American basswood": null, "American sycamore": 1569410, "Black cherry": 240755, "Black locust": 5308742, "Black walnut": 1108838, "Boxelder": 86667, "Bur oak": 264612, "Butternut": null, "Common persimmon": null, "Eastern redcedar": null, "Northern red oak": 475192, "Osage-orange": 15042, "Red mulberry": 873987, "Shagbark hickory": 827541, "Sugar maple": 2332452, "White oak": 3898049}}, {"type": "Feature", "geometry": {"type": "Polygon", "coordinates": [[[-89.250305, 38.999191], [-89.250513, 39.217512], [-89.139922, 39.217909], [-89.139144, 39.217184], [-89.027762, 39.215467], [-88.917477, 39.216545], [-88.805325, 39.216263], [-88.806795, 38.911585], [-88.693531, 38.914617], [-88.695165, 38.826299], [-88.807756, 38.82445], [-88.922444, 38.824368], [-89.03183, 38.822839], [-89.138138, 38.824209], [-89.138393, 38.736331], [-89.254185, 38.742018], [-89.257463, 38.991098], [-89.25736, 38.99917], [-89.250305, 38.999191]]]}, "properties": {"GEOID": "17051", "NAME": "Fayette", "top_species": [{"name": "White oak", "volume": 7682527}, {"name": "Black walnut", "volume": 4248551}, {"name": "Boxelder", "volume": 2440789}, {"name": "Northern red oak", "volume": 2012245}, {"name": "Shagbark hickory", "volume": 1800291}], "American basswood": null, "American sycamore": 1263872, "Black cherry": 1052311, "Black locust": null, "Black walnut": 4248551, "Boxelder": 2440789, "Bur oak": null, "Butternut": null, "Common persimmon": 385107, "Eastern redcedar": 21779, "Northern red oak": 2012245, "Osage-orange": 330594, "Red mulberry": 253922, "Shagbark hickory": 1800291, "Sugar maple": 520220, "White oak": 7682527}}, {"type": "Feature", "geometry": {"type": "Polygon", "coordinates": [[[-89.398011, 42.375173], [-89.401423, 42.500554], [-89.250759, 42.497994], [-88.940388, 42.495045], [-88.940218, 42.32666], [-88.940994, 42.239465], [-88.939732, 42.15232], [-89.172803, 42.150417], [-89.173, 42.204241], [-89.396192, 42.201916], [-89.397876, 42.307477], [-89.398011, 42.375173]]]}, "properties": {"GEOID": "17201", "NAME": "Winnebago", "top_species": [{"name": "Black locust", "volume": 4267369}, {"name": "Black cherry", "volume": 1476637}, {"name": "Boxelder", "volume": 1228537}, {"name": "Black walnut", "volume": 864351}, {"name": "Shagbark hickory", "volume": 463923}], "American basswood": null, "American sycamore": null, "Black cherry": 1476637, "Black locust": 4267369, "Black walnut": 864351, "Boxelder": 1228537, "Bur oak": null, "Butternut": null, "Common persimmon": null, "Eastern redcedar": null, "Northern red oak": null, "Osage-orange": null, "Red mulberry": null, "Shagbark hickory": 463923, "Sugar maple": null, "White oak": null}}, {"type": "Feature", "geometry": {"type": "Polygon", "coordinates": [[[-89.685984, 42.112009], [-89.688486, 42.199112], [-89.629821, 42.200534], [-89.467511, 42.200791], [-89.173, 42.204241], [-89.172803, 42.150417], [-88.939732, 42.15232], [-88.938935, 42.065097], [-88.942146, 42.06505], [-88.941279, 41.891752], [-89.283391, 41.887919], [-89.360578, 41.888018], [-89.360392, 41.902616], [-89.398652, 41.902833], [-89.398665, 41.902266], [-89.402083, 41.902276], [-89.402194, 41.900823], [-89.405427, 41.897381], [-89.408063, 41.895349], [-89.410489, 41.894987], [-89.411936, 41.893909], [-89.411191, 41.887286], [-89.41376, 41.885463], [-89.431897, 41.894276], [-89.430586, 41.896589], [-89.422325, 41.899642], [-89.421712, 41.90436], [-89.423208, 41.906086], [-89.427716, 41.907757], [-89.43568, 41.907401], [-89.446483, 41.909816], [-89.454784, 41.909896], [-89.465555, 41.911706], [-89.471407, 41.91134], [-89.476197, 41.909291], [-89.478366, 41.906968], [-89.479989, 41.902502], [-89.62933, 41.901617], [-89.628907, 41.930044], [-89.685366, 41.93034], [-89.686455, 41.936927], [-89.685397, 42.023886], [-89.684694, 42.025933], [-89.685984, 42.112009]]]}, "properties": {"GEOID": "17141", "NAME": "Ogle", "top_species": [{"name": "Bur oak", "volume": 3295862}, {"name": "Black cherry", "volume": 1994975}, {"name": "White oak", "volume": 1973628}, {"name": "Northern red oak", "volume": 708487}, {"name": "Boxelder", "volume": 434914}], "American basswood": null, "American sycamore": null, "Black cherry": 1994975, "Black locust": null, "Black walnut": 236049, "Boxelder": 434914, "Bur oak": 3295862, "Butternut": null, "Common persimmon": null, "Eastern redcedar": 19419, "Northern red oak": 708487, "Osage-orange": 326343, "Red mulberry": null, "Shagbark hickory": 312795, "Sugar maple": null, "White oak": 1973628}}, {"type": "Feature", "geometry": {"type": "Polygon", "coordinates": [[[-88.809051, 39.580241], [-88.812709, 39.740486], [-88.75784, 39.739907], [-88.75866, 39.792067], [-88.473182, 39.791837], [-88.470505, 39.447041], [-88.584273, 39.447582], [-88.584543, 39.476988], [-88.603185, 39.477031], [-88.603211, 39.491599], [-88.622235, 39.491904], [-88.62239, 39.506496], [-88.64117, 39.506696], [-88.641468, 39.520958], [-88.716875, 39.521209], [-88.717438, 39.579334], [-88.809051, 39.580241]]]}, "properties": {"GEOID": "17139", "NAME": "Moultrie", "top_species": [{"name": "White oak", "volume": 1320256}, {"name": "Sugar maple", "volume": 479127}, {"name": "American basswood", "volume": 24846}, {"name": "Northern red oak", "volume": 8204}], "American basswood": 24846, "American sycamore": null, "Black cherry": null, "Black locust": null, "Black walnut": null, "Boxelder": null, "Bur oak": null, "Butternut": null, "Common persimmon": null, "Eastern redcedar": null, "Northern red oak": 8204, "Osage-orange": null, "Red mulberry": null, "Shagbark hickory": null, "Sugar maple": 479127, "White oak": 1320256}}, {"type": "Feature", "geometry": {"type": "Polygon", "coordinates": [[[-90.273424, 40.054689], [-90.272023, 40.055155], [-90.270248, 40.057529], [-90.269552, 40.06121], [-90.265384, 40.062142], [-90.264325, 40.060929], [-90.26079, 40.061455], [-90.260571, 40.059371], [-90.257019, 40.05904], [-90.253986, 40.057094], [-90.249855, 40.058295], [-90.247558, 40.056569], [-90.246953, 40.056819], [-90.247188, 40.058654], [-90.24443, 40.061265], [-90.243251, 40.060634], [-90.244444, 40.059037], [-90.243062, 40.057799], [-90.239186, 40.0581], [-90.235778, 40.060949], [-90.234615, 40.061117], [-90.2339, 40.060211], [-90.235697, 40.05809], [-90.229385, 40.056699], [-90.229165, 40.053411], [-90.227582, 40.051505], [-90.226776, 40.051863], [-90.22653, 40.054508], [-90.223724, 40.055141], [-90.219443, 40.053999], [-90.218108, 40.051259], [-90.216821, 40.05101], [-90.21628, 40.05381], [-90.214591, 40.055181], [-90.216081, 40.056563], [-90.21354, 40.059054], [-90.211881, 40.059079], [-90.212111, 40.056076], [-90.21101, 40.055242], [-90.209909, 40.056112], [-90.208986, 40.059228], [-90.207121, 40.06026], [-90.205973, 40.059533], [-90.206839, 40.055375], [-90.2049, 40.054351], [-90.204171, 40.052885], [-90.201225, 40.054066], [-90.196, 40.053293], [-90.194558, 40.054056], [-90.194931, 40.056224], [-90.192296, 40.057524], [-90.192126, 40.05999], [-90.189583, 40.060062], [-90.188653, 40.061301], [-90.186296, 40.061647], [-90.186498, 40.063018], [-90.189321, 40.064757], [-90.189383, 40.06565], [-90.188189, 40.065865], [-90.185012, 40.064368], [-90.184196, 40.06663], [-90.183329, 40.066979], [-90.181645, 40.066414], [-90.183056, 40.062668], [-90.178751, 40.063831], [-90.177218, 40.06074], [-90.175947, 40.060012], [-90.173598, 40.060337], [-90.1714, 40.06208], [-90.170271, 40.061631], [-90.169213, 40.059617], [-90.167448, 40.060841], [-90.160962, 40.060716], [-90.160237, 40.061216], [-90.160218, 40.062845], [-90.159233, 40.063159], [-90.158099, 40.06273], [-90.157671, 40.061244], [-90.156351, 40.061216], [-90.154091, 40.066238], [-90.15213, 40.066372], [-90.149906, 40.065045], [-90.150462, 40.067204], [-90.149877, 40.067631], [-90.1449, 40.066676], [-90.142445, 40.064055], [-90.141085, 40.064374], [-90.13981, 40.065897], [-90.138259, 40.065987], [-90.137909, 40.064998], [-90.138992, 40.063109], [-90.134837, 40.062254], [-90.133841, 40.064952], [-90.132143, 40.066256], [-90.132991, 40.068527], [-90.13008, 40.06884], [-90.130356, 40.070842], [-90.126217, 40.076983], [-90.122654, 40.077494], [-90.120723, 40.076527], [-90.11601, 40.078661], [-90.116184, 40.080752], [-90.114223, 40.079964], [-90.113227, 40.081065], [-90.11039, 40.078299], [-90.108629, 40.07951], [-90.106088, 40.078004], [-90.103246, 40.080723], [-90.101902, 40.078227], [-90.099708, 40.077688], [-90.094347, 40.081394], [-90.093646, 40.080495], [-90.096254, 40.078046], [-90.094411, 40.0771], [-90.090894, 40.080762], [-90.087617, 40.079816], [-90.08855, 40.083167], [-90.087993, 40.083999], [-90.082377, 40.080465], [-90.080679, 40.080148], [-90.079887, 40.081789], [-90.081053, 40.085568], [-90.078127, 40.085318], [-90.077745, 40.085992], [-90.079178, 40.087522], [-90.074211, 40.090219], [-90.070217, 40.089989], [-90.069836, 40.090508], [-90.071764, 40.093025], [-90.071587, 40.094082], [-90.065733, 40.093357], [-90.065175, 40.094481], [-90.065651, 40.098058], [-90.064662, 40.100145], [-90.061096, 40.100773], [-90.051769, 40.099048], [-90.051126, 40.099643], [-90.051226, 40.102336], [-90.050049, 40.104089], [-90.043438, 40.108806], [-90.041007, 40.109038], [-90.039314, 40.107305], [-90.039195, 40.10256], [-90.03765, 40.103083], [-90.035031, 40.108214], [-90.031659, 40.110738], [-90.0308, 40.109473], [-90.032249, 40.106461], [-90.031871, 40.105488], [-90.023567, 40.10472], [-90.019842, 40.10559], [-90.019489, 40.104987], [-90.020959, 40.104172], [-90.020783, 40.103589], [-90.018606, 40.103236], [-90.017216, 40.101912], [-90.014251, 40.103152], [-90.013445, 40.101226], [-90.012179, 40.100835], [-90.011084, 40.103634], [-90.00612, 40.10388], [-90.006151, 40.107373], [-90.004385, 40.109264], [-90.003094, 40.108932], [-90.001993, 40.103622], [-90.000117, 40.103035], [-89.999753, 40.108091], [-89.998026, 40.110403], [-89.997589, 40.112774], [-89.996298, 40.11248], [-89.99508, 40.110846], [-89.994849, 40.090576], [-89.994405, 39.87286], [-90.246107, 39.873271], [-90.333584, 39.874707], [-90.583534, 39.87675], [-90.580644, 39.881157], [-90.577229, 39.88952], [-90.575581, 39.891261], [-90.57179, 39.89427], [-90.565096, 39.896034], [-90.55428, 39.901364], [-90.541518, 39.913959], [-90.538162, 39.918239], [-90.536721, 39.923027], [-90.536591, 39.932898], [-90.533142, 39.940605], [-90.532113, 39.946012], [-90.525596, 39.9517], [-90.52063, 39.959527], [-90.513905, 39.964151], [-90.511115, 39.967605], [-90.510442, 39.971987], [-90.511773, 39.977126], [-90.512193, 39.983914], [-90.513747, 39.987891], [-90.513389, 39.990876], [-90.512229, 39.992631], [-90.506425, 39.996162], [-90.495067, 40.000048], [-90.482027, 40.003937], [-90.474771, 40.004621], [-90.455272, 40.010246], [-90.435852, 40.020562], [-90.433523, 40.024001], [-90.432588, 40.031031], [-90.42895, 40.042046], [-90.428661, 40.04815], [-90.429685, 40.056132], [-90.428638, 40.060345], [-90.424823, 40.06331], [-90.397416, 40.075563], [-90.393432, 40.078759], [-90.391302, 40.084128], [-90.393613, 40.089575], [-90.393431, 40.091866], [-90.385022, 40.101781], [-90.380748, 40.11205], [-90.372836, 40.122363], [-90.363554, 40.125183], [-90.354524, 40.124217], [-90.353016, 40.122081], [-90.349592, 40.122986], [-90.350809, 40.12182], [-90.349768, 40.118269], [-90.344562, 40.118373], [-90.342666, 40.116732], [-90.341825, 40.117921], [-90.339918, 40.118356], [-90.338286, 40.121876], [-90.336536, 40.122538], [-90.335237, 40.121964], [-90.335199, 40.119191], [-90.333367, 40.118138], [-90.3337, 40.120166], [-90.330215, 40.120591], [-90.323077, 40.117048], [-90.319294, 40.117125], [-90.314772, 40.115714], [-90.313816, 40.114767], [-90.313782, 40.113303], [-90.315496, 40.111564], [-90.314277, 40.110358], [-90.313831, 40.107013], [-90.312595, 40.106271], [-90.313026, 40.103497], [-90.309076, 40.098245], [-90.30723, 40.097311], [-90.306611, 40.092655], [-90.30455, 40.093545], [-90.303093, 40.092168], [-90.302414, 40.088616], [-90.303225, 40.0849], [-90.300981, 40.083095], [-90.304464, 40.081818], [-90.304846, 40.077617], [-90.302092, 40.075987], [-90.298593, 40.076016], [-90.296322, 40.073149], [-90.293882, 40.071784], [-90.292784, 40.06984], [-90.29072, 40.069038], [-90.291511, 40.065701], [-90.293382, 40.06379], [-90.290118, 40.06425], [-90.287102, 40.063377], [-90.286787, 40.062237], [-90.289062, 40.059185], [-90.287904, 40.05795], [-90.285326, 40.057593], [-90.28551, 40.055492], [-90.27664, 40.056761], [-90.273424, 40.054689]]]}, "properties": {"GEOID": "17017", "NAME": "Cass", "top_species": [{"name": "Black walnut", "volume": 1927725}, {"name": "White oak", "volume": 1006363}, {"name": "Osage-orange", "volume": 799384}, {"name": "Black cherry", "volume": 467110}, {"name": "Northern red oak", "volume": 193185}], "American basswood": 33725, "American sycamore": null, "Black cherry": 467110, "Black locust": 117439, "Black walnut": 1927725, "Boxelder": null, "Bur oak": null, "Butternut": null, "Common persimmon": null, "Eastern redcedar": null, "Northern red oak": 193185, "Osage-orange": 799384, "Red mulberry": 174917, "Shagbark hickory": null, "Sugar maple": 23052, "White oak": 1006363}}, {"type": "Feature", "geometry": {"type": "Polygon", "coordinates": [[[-89.404984, 39.918187], [-89.217846, 39.91699], [-89.217475, 39.813217], [-89.220175, 39.81291], [-89.22526, 39.814953], [-89.228248, 39.813205], [-89.231382, 39.813518], [-89.233946, 39.812852], [-89.234242, 39.815148], [-89.231535, 39.816306], [-89.234279, 39.816267], [-89.234753, 39.81751], [-89.236356, 39.8177], [-89.235409, 39.818696], [-89.237157, 39.81968], [-89.236337, 39.822157], [-89.23825, 39.821062], [-89.23979, 39.821322], [-89.24031, 39.823327], [-89.242838, 39.823153], [-89.246532, 39.826085], [-89.248609, 39.825723], [-89.251912, 39.822556], [-89.253167, 39.818194], [-89.256717, 39.813118], [-89.257175, 39.809808], [-89.259973, 39.808002], [-89.260376, 39.805602], [-89.262541, 39.804385], [-89.264588, 39.804278], [-89.265373, 39.806422], [-89.270808, 39.803602], [-89.272091, 39.801125], [-89.274325, 39.800054], [-89.276406, 39.799144], [-89.278778, 39.800094], [-89.279542, 39.798924], [-89.281349, 39.798899], [-89.281774, 39.796607], [-89.283678, 39.79576], [-89.282677, 39.79461], [-89.283393, 39.793853], [-89.285722, 39.793799], [-89.288217, 39.792046], [-89.292104, 39.792754], [-89.29261, 39.792269], [-89.291555, 39.790668], [-89.291906, 39.789779], [-89.296619, 39.789752], [-89.299715, 39.78454], [-89.298289, 39.783299], [-89.299626, 39.782798], [-89.301435, 39.779767], [-89.300444, 39.778414], [-89.303122, 39.775813], [-89.307843, 39.774361], [-89.312581, 39.7713], [-89.314279, 39.771102], [-89.315854, 39.771939], [-89.317775, 39.770793], [-89.322342, 39.771859], [-89.328762, 39.769337], [-89.328604, 39.767571], [-89.325023, 39.767025], [-89.325709, 39.765997], [-89.327779, 39.765974], [-89.327186, 39.764266], [-89.328701, 39.763542], [-89.341592, 39.766932], [-89.344528, 39.766906], [-89.350023, 39.769639], [-89.352667, 39.769616], [-89.353004, 39.771464], [-89.353958, 39.772107], [-89.35591, 39.7706], [-89.357795, 39.770822], [-89.360034, 39.767517], [-89.358891, 39.76176], [-89.360643, 39.760274], [-89.362605, 39.755799], [-89.365214, 39.757223], [-89.367123, 39.757325], [-89.369843, 39.756329], [-89.370986, 39.754971], [-89.372492, 39.758085], [-89.373918, 39.758646], [-89.378754, 39.755509], [-89.380242, 39.753539], [-89.382975, 39.754377], [-89.384868, 39.753567], [-89.386347, 39.751797], [-89.385874, 39.749975], [-89.393049, 39.743695], [-89.395684, 39.742443], [-89.398771, 39.742139], [-89.409475, 39.74353], [-89.419353, 39.751675], [-89.419662, 39.75291], [-89.418527, 39.754192], [-89.419762, 39.755324], [-89.418772, 39.757074], [-89.417191, 39.757576], [-89.417843, 39.759205], [-89.420217, 39.76137], [-89.425171, 39.762022], [-89.425051, 39.683696], [-89.478923, 39.683964], [-89.478473, 39.640842], [-89.535028, 39.641138], [-89.533655, 39.524592], [-89.926037, 39.522104], [-89.923955, 39.558678], [-89.984745, 39.718079], [-89.985562, 39.785416], [-89.993539, 39.785393], [-89.994506, 39.901925], [-89.87304, 39.901537], [-89.769168, 39.90235], [-89.769143, 39.916865], [-89.701864, 39.916787], [-89.702313, 39.938503], [-89.697618, 39.938651], [-89.698259, 39.975309], [-89.483826, 39.976733], [-89.483498, 39.933151], [-89.404969, 39.932717], [-89.404984, 39.918187]]]}, "properties": {"GEOID": "17167", "NAME": "Sangamon", "top_species": [{"name": "Black locust", "volume": 3764190}, {"name": "Black walnut", "volume": 3567085}, {"name": "Osage-orange", "volume": 1374382}, {"name": "Red mulberry", "volume": 289508}, {"name": "Boxelder", "volume": 188111}], "American basswood": null, "American sycamore": null, "Black cherry": 141486, "Black locust": 3764190, "Black walnut": 3567085, "Boxelder": 188111, "Bur oak": 40374, "Butternut": null, "Common persimmon": null, "Eastern redcedar": null, "Northern red oak": null, "Osage-orange": 1374382, "Red mulberry": 289508, "Shagbark hickory": null, "Sugar maple": null, "White oak": 50827}}, {"type": "Feature", "geometry": {"type": "Polygon", "coordinates": [[[-89.616035, 40.657571], [-89.615399, 40.664437], [-89.5923, 40.684936], [-89.561196, 40.699137], [-89.555295, 40.702737], [-89.546488, 40.720205], [-89.549697, 40.72978], [-89.549597, 40.73538], [-89.550594, 40.738737], [-89.554994, 40.747637], [-89.330092, 40.748257], [-89.329614, 40.660774], [-89.328695, 40.660785], [-89.327343, 40.615566], [-89.269831, 40.616097], [-89.265855, 40.459192], [-89.26374, 40.325344], [-89.395853, 40.323859], [-89.544854, 40.320837], [-89.714927, 40.319218], [-89.717104, 40.435655], [-89.828484, 40.43438], [-89.863367, 40.435681], [-89.92468, 40.435921], [-89.916814, 40.438716], [-89.908543, 40.445278], [-89.906018, 40.448832], [-89.904919, 40.455973], [-89.903269, 40.459205], [-89.89687, 40.467161], [-89.88793, 40.474656], [-89.887379, 40.483063], [-89.884565, 40.49554], [-89.884358, 40.500039], [-89.882194, 40.505402], [-89.875111, 40.511743], [-89.858624, 40.519968], [-89.832853, 40.530794], [-89.812459, 40.541104], [-89.785911, 40.548707], [-89.774495, 40.552911], [-89.741322, 40.550806], [-89.73217, 40.552966], [-89.724041, 40.553862], [-89.718329, 40.55599], [-89.707817, 40.557238], [-89.700792, 40.56143], [-89.699, 40.561606], [-89.691848, 40.560518], [-89.688845, 40.558512], [-89.685226, 40.553789], [-89.682401, 40.552589], [-89.679464, 40.552582], [-89.675404, 40.553938], [-89.658003, 40.567438], [-89.654601, 40.573038], [-89.654294, 40.579782], [-89.65879, 40.589174], [-89.66007, 40.596454], [-89.658502, 40.601558], [-89.637255, 40.622081], [-89.628742, 40.628689], [-89.626405, 40.632073], [-89.619487, 40.637435], [-89.611459, 40.64791], [-89.610339, 40.65199], [-89.611599, 40.654138], [-89.616035, 40.657571]]]}, "properties": {"GEOID": "17179", "NAME": "Tazewell", "top_species": [{"name": "Black locust", "volume": 5415764}, {"name": "Black walnut", "volume": 1354164}, {"name": "American basswood", "volume": 964134}, {"name": "American sycamore", "volume": 658022}, {"name": "White oak", "volume": 430191}], "American basswood": 964134, "American sycamore": 658022, "Black cherry": 76787, "Black locust": 5415764, "Black walnut": 1354164, "Boxelder": null, "Bur oak": null, "Butternut": null, "Common persimmon": null, "Eastern redcedar": null, "Northern red oak": null, "Osage-orange": 30094, "Red mulberry": null, "Shagbark hickory": null, "Sugar maple": null, "White oak": 430191}}, {"type": "Feature", "geometry": {"type": "Polygon", "coordinates": [[[-89.166042, 41.450462], [-89.16715, 41.628657], [-89.052011, 41.626704], [-88.939208, 41.628297], [-88.818462, 41.631352], [-88.706158, 41.630189], [-88.702787, 41.630792], [-88.60224, 41.631389], [-88.600214, 41.575261], [-88.600634, 41.5703], [-88.599303, 41.555593], [-88.596356, 41.471625], [-88.593704, 41.373035], [-88.588568, 41.27148], [-88.587145, 41.212354], [-88.58624, 41.108293], [-88.930881, 41.1059], [-88.93139, 40.92774], [-89.047718, 40.925749], [-89.047059, 40.981109], [-89.047394, 41.104786], [-89.162237, 41.104008], [-89.163216, 41.280587], [-89.166042, 41.450462]]]}, "properties": {"GEOID": "17099", "NAME": "LaSalle", "top_species": [{"name": "Sugar maple", "volume": 3525027}, {"name": "White oak", "volume": 2225419}, {"name": "Black walnut", "volume": 1322653}, {"name": "Northern red oak", "volume": 866540}, {"name": "American basswood", "volume": 694760}], "American basswood": 694760, "American sycamore": 315724, "Black cherry": 446071, "Black locust": null, "Black walnut": 1322653, "Boxelder": 338366, "Bur oak": null, "Butternut": null, "Common persimmon": null, "Eastern redcedar": null, "Northern red oak": 866540, "Osage-orange": 349145, "Red mulberry": 261334, "Shagbark hickory": 67642, "Sugar maple": 3525027, "White oak": 2225419}}, {"type": "Feature", "geometry": {"type": "Polygon", "coordinates": [[[-87.92876, 40.225619], [-87.932387, 40.3994], [-87.931712, 40.3994], [-87.935309, 40.485923], [-87.763518, 40.488197], [-87.652132, 40.488212], [-87.526366, 40.491237], [-87.531759, 40.144273], [-87.533228, 39.883], [-87.581679, 39.882307], [-87.557533, 39.868784], [-87.578845, 39.868459], [-87.617422, 39.868608], [-87.615161, 39.881579], [-87.937645, 39.879803], [-87.939, 40.039816], [-87.942103, 40.225482], [-87.92876, 40.225619]]]}, "properties": {"GEOID": "17183", "NAME": "Vermilion", "top_species": [{"name": "Sugar maple", "volume": 3614179}, {"name": "Osage-orange", "volume": 3537097}, {"name": "Black walnut", "volume": 1862642}, {"name": "Bur oak", "volume": 1037915}, {"name": "Northern red oak", "volume": 1029705}], "American basswood": null, "American sycamore": 359265, "Black cherry": 466166, "Black locust": 232713, "Black walnut": 1862642, "Boxelder": 49885, "Bur oak": 1037915, "Butternut": null, "Common persimmon": null, "Eastern redcedar": 25988, "Northern red oak": 1029705, "Osage-orange": 3537097, "Red mulberry": 185715, "Shagbark hickory": null, "Sugar maple": 3614179, "White oak": 657928}}, {"type": "Feature", "geometry": {"type": "Polygon", "coordinates": [[[-88.940218, 42.32666], [-88.940388, 42.495045], [-88.794933, 42.491989], [-88.765342, 42.491997], [-88.707421, 42.493596], [-88.705748, 42.39631], [-88.705585, 42.153537], [-88.939732, 42.15232], [-88.940994, 42.239465], [-88.940218, 42.32666]]]}, "properties": {"GEOID": "17007", "NAME": "Boone", "top_species": [{"name": "Boxelder", "volume": 801143}], "American basswood": null, "American sycamore": null, "Black cherry": null, "Black locust": null, "Black walnut": null, "Boxelder": 801143, "Bur oak": null, "Butternut": null, "Common persimmon": null, "Eastern redcedar": null, "Northern red oak": null, "Osage-orange": null, "Red mulberry": null, "Shagbark hickory": null, "Sugar maple": null, "White oak": null}}, {"type": "Feature", "geometry": {"type": "Polygon", "coordinates": [[[-90.372969, 39.665781], [-90.371256, 39.753122], [-90.483318, 39.753238], [-90.483063, 39.78924], [-90.599105, 39.79006], [-90.597204, 39.794851], [-90.586027, 39.805645], [-90.576724, 39.818857], [-90.566976, 39.826883], [-90.565737, 39.83007], [-90.566598, 39.833162], [-90.579426, 39.848489], [-90.582435, 39.854574], [-90.585001, 39.863685], [-90.586091, 39.871413], [-90.5849, 39.875047], [-90.583534, 39.87675], [-90.333584, 39.874707], [-90.246107, 39.873271], [-89.994405, 39.87286], [-89.993539, 39.785393], [-89.985562, 39.785416], [-89.984745, 39.718079], [-89.923955, 39.558678], [-89.926037, 39.522104], [-90.186587, 39.520021], [-90.301831, 39.520344], [-90.301799, 39.593318], [-90.300666, 39.636541], [-90.338126, 39.636633], [-90.337812, 39.665583], [-90.372969, 39.665781]]]}, "properties": {"GEOID": "17137", "NAME": "Morgan", "top_species": [{"name": "White oak", "volume": 5435672}, {"name": "Northern red oak", "volume": 430030}, {"name": "Black walnut", "volume": 394314}, {"name": "American sycamore", "volume": 316918}, {"name": "Shagbark hickory", "volume": 213482}], "American basswood": null, "American sycamore": 316918, "Black cherry": null, "Black locust": null, "Black walnut": 394314, "Boxelder": 176220, "Bur oak": null, "Butternut": null, "Common persimmon": null, "Eastern redcedar": 19130, "Northern red oak": 430030, "Osage-orange": 54855, "Red mulberry": null, "Shagbark hickory": 213482, "Sugar maple": 73056, "White oak": 5435672}}, {"type": "Feature", "geometry": {"type": "Polygon", "coordinates": [[[-89.358437, 41.103849], [-89.047394, 41.104786], [-89.047059, 40.981109], [-89.047718, 40.925749], [-89.160448, 40.92709], [-89.390857, 40.921832], [-89.472959, 40.921203], [-89.464375, 40.926042], [-89.458861, 40.932978], [-89.455306, 40.935507], [-89.453994, 40.939538], [-89.455163, 40.943136], [-89.455063, 40.946471], [-89.448126, 40.959179], [-89.447979, 40.962974], [-89.449269, 40.968278], [-89.447693, 40.973246], [-89.638727, 40.973707], [-89.638536, 41.148545], [-89.32927, 41.147931], [-89.333036, 41.139416], [-89.333484, 41.123673], [-89.335892, 41.117269], [-89.339987, 41.112751], [-89.342248, 41.11138], [-89.352441, 41.108207], [-89.355666, 41.106494], [-89.358437, 41.103849]]]}, "properties": {"GEOID": "17123", "NAME": "Marshall", "top_species": [{"name": "White oak", "volume": 4463232}, {"name": "Sugar maple", "volume": 2238847}, {"name": "Northern red oak", "volume": 1161840}, {"name": "American basswood", "volume": 503566}, {"name": "Shagbark hickory", "volume": 387677}], "American basswood": 503566, "American sycamore": null, "Black cherry": 195170, "Black locust": null, "Black walnut": 215863, "Boxelder": null, "Bur oak": null, "Butternut": null, "Common persimmon": null, "Eastern redcedar": 81634, "Northern red oak": 1161840, "Osage-orange": null, "Red mulberry": null, "Shagbark hickory": 387677, "Sugar maple": 2238847, "White oak": 4463232}}, {"type": "Feature", "geometry": {"type": "Polygon", "coordinates": [[[-88.360504, 39.089872], [-88.360654, 39.171118], [-88.154911, 39.171673], [-87.950385, 39.174882], [-87.948163, 39.083829], [-87.94677, 39.083854], [-87.945065, 38.923099], [-87.945919, 38.850148], [-88.038309, 38.849856], [-88.150265, 38.846953], [-88.185144, 38.846885], [-88.258338, 38.847497], [-88.361758, 38.852124], [-88.362779, 39.001229], [-88.360504, 39.089872]]]}, "properties": {"GEOID": "17079", "NAME": "Jasper", "top_species": [{"name": "Black cherry", "volume": 941234}, {"name": "Northern red oak", "volume": 701241}, {"name": "White oak", "volume": 670117}, {"name": "Black walnut", "volume": 648599}, {"name": "Common persimmon", "volume": 547517}], "American basswood": 242797, "American sycamore": 481308, "Black cherry": 941234, "Black locust": null, "Black walnut": 648599, "Boxelder": null, "Bur oak": null, "Butternut": null, "Common persimmon": 547517, "Eastern redcedar": null, "Northern red oak": 701241, "Osage-orange": null, "Red mulberry": 35896, "Shagbark hickory": 423958, "Sugar maple": 448618, "White oak": 670117}}, {"type": "Feature", "geometry": {"type": "Polygon", "coordinates": [[[-90.713713, 39.183339], [-90.717585, 39.200182], [-90.716677, 39.206723], [-90.717113, 39.213912], [-90.721835, 39.224108], [-90.721593, 39.23273], [-90.726981, 39.251173], [-90.72996, 39.255894], [-90.739087, 39.261893], [-90.748877, 39.264126], [-90.751599, 39.265432], [-90.767648, 39.280025], [-90.775673, 39.292811], [-90.783789, 39.297164], [-90.790675, 39.302908], [-90.791689, 39.306957], [-90.793461, 39.309498], [-90.799346, 39.313087], [-90.816851, 39.320496], [-90.840106, 39.340438], [-90.8475, 39.345272], [-90.87608, 39.359478], [-90.893777, 39.367343], [-90.900095, 39.372354], [-90.902656, 39.375366], [-90.902905, 39.377534], [-90.904862, 39.379403], [-90.907999, 39.380812], [-90.920976, 39.383687], [-90.928745, 39.387544], [-90.934007, 39.392127], [-90.936728, 39.399511], [-90.911184, 39.399644], [-90.908335, 39.400252], [-90.765075, 39.399136], [-90.687422, 39.396372], [-90.613775, 39.395416], [-90.617301, 39.385692], [-90.620802, 39.381156], [-90.620162, 39.375692], [-90.62229, 39.365089], [-90.619638, 39.349096], [-90.612892, 39.324538], [-90.611258, 39.311213], [-90.608391, 39.303808], [-90.60243, 39.292693], [-90.602393, 39.28748], [-90.606329, 39.279771], [-90.607386, 39.269662], [-90.609338, 39.263908], [-90.609796, 39.259812], [-90.605904, 39.251362], [-90.597989, 39.24333], [-90.597229, 39.235127], [-90.592289, 39.21823], [-90.593009, 39.209956], [-90.59123, 39.198624], [-90.593513, 39.19318], [-90.597482, 39.187531], [-90.599456, 39.180496], [-90.608234, 39.173445], [-90.612102, 39.167164], [-90.614646, 39.153789], [-90.614996, 39.145268], [-90.611206, 39.133212], [-90.605177, 39.12294], [-90.603539, 39.117477], [-90.603261, 39.110695], [-90.593615, 39.090641], [-90.58927, 39.076036], [-90.581406, 39.06568], [-90.582062, 39.061626], [-90.584068, 39.058712], [-90.589031, 39.054643], [-90.59001, 39.050679], [-90.588094, 39.045747], [-90.578977, 39.038918], [-90.57681, 39.035938], [-90.574321, 39.029788], [-90.573724, 39.02344], [-90.575916, 39.017616], [-90.576316, 39.012811], [-90.576101, 39.009383], [-90.573734, 39.001265], [-90.570169, 38.99329], [-90.567587, 38.989727], [-90.553316, 38.975857], [-90.543172, 38.964698], [-90.534657, 38.958499], [-90.523678, 38.95454], [-90.519644, 38.953943], [-90.515163, 38.954615], [-90.510084, 38.956781], [-90.500117, 38.963064], [-90.491802, 38.966614], [-90.487225, 38.967729], [-90.467766, 38.969208], [-90.456571, 38.968797], [-90.450813, 38.967769], [-90.462411, 38.964322], [-90.472122, 38.958838], [-90.483071, 38.94307], [-90.482725, 38.934712], [-90.487058, 38.925862], [-90.499672, 38.910605], [-90.507451, 38.902767], [-90.516963, 38.898818], [-90.538587, 38.879742], [-90.546831, 38.874009], [-90.551205, 38.872075], [-90.561021, 38.869476], [-90.577576, 38.868384], [-90.585402, 38.86977], [-90.586521, 38.87135], [-90.623356, 38.887149], [-90.628485, 38.891617], [-90.636994, 38.905123], [-90.64729, 38.912095], [-90.663018, 38.926283], [-90.663654, 38.928716], [-90.662854, 38.933083], [-90.663424, 38.935551], [-90.668089, 38.943003], [-90.669229, 38.948176], [-90.671844, 38.952296], [-90.675949, 38.96214], [-90.676383, 38.975079], [-90.675715, 38.981066], [-90.678193, 38.991851], [-90.682068, 38.998778], [-90.687719, 39.005374], [-90.692403, 39.016656], [-90.700595, 39.029074], [-90.707885, 39.042262], [-90.71158, 39.046798], [-90.713629, 39.053977], [-90.712541, 39.057064], [-90.702136, 39.065568], [-90.701201, 39.07032], [-90.698282, 39.074649], [-90.682744, 39.088348], [-90.681038, 39.099491], [-90.686051, 39.117785], [-90.692261, 39.125048], [-90.695926, 39.131122], [-90.700464, 39.135439], [-90.705168, 39.143152], [-90.709146, 39.155111], [-90.71048, 39.176366], [-90.713713, 39.183339]]]}, "properties": {"GEOID": "17013", "NAME": "Calhoun", "top_species": [{"name": "White oak", "volume": 4192707}, {"name": "Sugar maple", "volume": 2102992}, {"name": "American basswood", "volume": 1121082}, {"name": "American sycamore", "volume": 1071961}, {"name": "Boxelder", "volume": 614980}], "American basswood": 1121082, "American sycamore": 1071961, "Black cherry": 254083, "Black locust": null, "Black walnut": null, "Boxelder": 614980, "Bur oak": null, "Butternut": null, "Common persimmon": 30675, "Eastern redcedar": null, "Northern red oak": null, "Osage-orange": null, "Red mulberry": null, "Shagbark hickory": 262635, "Sugar maple": 2102992, "White oak": 4192707}}, {"type": "Feature", "geometry": {"type": "Polygon", "coordinates": [[[-88.807644, 38.82446], [-88.695165, 38.826299], [-88.697598, 38.708589], [-88.698961, 38.474914], [-88.922428, 38.476969], [-89.033155, 38.473963], [-89.144388, 38.473878], [-89.139381, 38.65801], [-89.138138, 38.824209], [-89.03183, 38.822839], [-88.922444, 38.824368], [-88.807644, 38.82446]]]}, "properties": {"GEOID": "17121", "NAME": "Marion", "top_species": [{"name": "Black walnut", "volume": 2912081}, {"name": "Sugar maple", "volume": 1921679}, {"name": "American sycamore", "volume": 1854771}, {"name": "Shagbark hickory", "volume": 1648328}, {"name": "White oak", "volume": 1095540}], "American basswood": 22326, "American sycamore": 1854771, "Black cherry": 767495, "Black locust": null, "Black walnut": 2912081, "Boxelder": 579831, "Bur oak": 478140, "Butternut": null, "Common persimmon": 125866, "Eastern redcedar": 250329, "Northern red oak": 325836, "Osage-orange": null, "Red mulberry": 100481, "Shagbark hickory": 1648328, "Sugar maple": 1921679, "White oak": 1095540}}, {"type": "Feature", "geometry": {"type": "Polygon", "coordinates": [[[-90.789652, 40.63575], [-90.786511, 40.949231], [-90.78636, 41.01924], [-90.785125, 41.068801], [-90.664471, 41.067557], [-90.550218, 41.064065], [-90.439423, 41.063995], [-90.445627, 40.627638], [-90.559983, 40.630448], [-90.673061, 40.631494], [-90.789652, 40.63575]]]}, "properties": {"GEOID": "17187", "NAME": "Warren", "top_species": [{"name": "White oak", "volume": 1513977}, {"name": "Northern red oak", "volume": 1116036}, {"name": "Bur oak", "volume": 954114}, {"name": "Shagbark hickory", "volume": 805896}, {"name": "Black walnut", "volume": 588463}], "American basswood": 513281, "American sycamore": null, "Black cherry": 122114, "Black locust": null, "Black walnut": 588463, "Boxelder": null, "Bur oak": 954114, "Butternut": null, "Common persimmon": null, "Eastern redcedar": null, "Northern red oak": 1116036, "Osage-orange": 182664, "Red mulberry": null, "Shagbark hickory": 805896, "Sugar maple": 340437, "White oak": 1513977}}, {"type": "Feature", "geometry": {"type": "Polygon", "coordinates": [[[-88.249823, 41.396832], [-88.259392, 41.643465], [-88.261275, 41.724656], [-88.153245, 41.726023], [-88.030352, 41.728894], [-88.027688, 41.641506], [-87.91193, 41.643933], [-87.909378, 41.556881], [-87.792793, 41.55854], [-87.792132, 41.538309], [-87.790366, 41.53965], [-87.790323, 41.538404], [-87.790303, 41.469846], [-87.525705, 41.470283], [-87.526731, 41.298052], [-87.800936, 41.295642], [-88.013919, 41.292447], [-88.01181, 41.205508], [-88.244144, 41.201566], [-88.249823, 41.396832]]]}, "properties": {"GEOID": "17197", "NAME": "Will", "top_species": [{"name": "Bur oak", "volume": 2544776}, {"name": "White oak", "volume": 1000791}, {"name": "Black walnut", "volume": 564230}, {"name": "Black cherry", "volume": 294583}, {"name": "Eastern redcedar", "volume": 117331}], "American basswood": null, "American sycamore": null, "Black cherry": 294583, "Black locust": 29344, "Black walnut": 564230, "Boxelder": 32470, "Bur oak": 2544776, "Butternut": null, "Common persimmon": null, "Eastern redcedar": 117331, "Northern red oak": null, "Osage-orange": null, "Red mulberry": null, "Shagbark hickory": null, "Sugar maple": null, "White oak": 1000791}}, {"type": "Feature", "geometry": {"type": "Polygon", "coordinates": [[[-89.044689, 37.294111], [-89.032897, 37.297783], [-89.018385, 37.309103], [-89.012801, 37.309415], [-89.010598, 37.310484], [-89.004601, 37.311163], [-89.002739, 37.311148], [-88.999555, 37.309637], [-88.998144, 37.307869], [-88.996226, 37.309419], [-88.992108, 37.309899], [-88.973702, 37.303618], [-88.968813, 37.303278], [-88.964363, 37.300517], [-88.963578, 37.29738], [-88.962548, 37.297684], [-88.962343, 37.299093], [-88.960656, 37.297573], [-88.959571, 37.298834], [-88.959054, 37.297741], [-88.957198, 37.298123], [-88.95605, 37.297492], [-88.953838, 37.299329], [-88.951773, 37.298494], [-88.948967, 37.301177], [-88.944746, 37.302319], [-88.942478, 37.303953], [-88.940366, 37.303187], [-88.936974, 37.303919], [-88.934465, 37.302627], [-88.932571, 37.303509], [-88.928729, 37.302844], [-88.92789, 37.226365], [-88.941922, 37.228824], [-88.932684, 37.22526], [-88.938698, 37.224352], [-88.953154, 37.224811], [-88.965733, 37.226271], [-88.96946, 37.228279], [-88.972956, 37.228491], [-88.966014, 37.229594], [-88.966414, 37.230107], [-88.982508, 37.228817], [-89.000065, 37.22476], [-89.008478, 37.22058], [-89.005808, 37.221322], [-89.013154, 37.216478], [-89.026713, 37.211322], [-89.029866, 37.211065], [-89.037459, 37.204016], [-89.040985, 37.203002], [-89.056529, 37.18973], [-89.074577, 37.176254], [-89.086712, 37.165451], [-89.092949, 37.156437], [-89.099011, 37.140406], [-89.1095, 37.123093], [-89.12585, 37.108476], [-89.142852, 37.099019], [-89.148177, 37.098417], [-89.150582, 37.093699], [-89.14607, 37.091004], [-89.148229, 37.091229], [-89.151298, 37.088995], [-89.150924, 37.09052], [-89.151487, 37.090554], [-89.155655, 37.087729], [-89.167079, 37.075409], [-89.172081, 37.06831], [-89.174338, 37.070254], [-89.175816, 37.069982], [-89.176641, 37.068853], [-89.179637, 37.06909], [-89.18088, 37.070264], [-89.18064, 37.072081], [-89.182199, 37.074913], [-89.18451, 37.077294], [-89.184635, 37.079056], [-89.187709, 37.080346], [-89.193534, 37.085005], [-89.19721, 37.085808], [-89.197286, 37.086571], [-89.195219, 37.08741], [-89.196038, 37.088847], [-89.201416, 37.08848], [-89.202067, 37.087734], [-89.201701, 37.086332], [-89.202797, 37.085723], [-89.211683, 37.08833], [-89.213561, 37.089617], [-89.222844, 37.090794], [-89.225332, 37.091824], [-89.228211, 37.091714], [-89.231245, 37.089994], [-89.232873, 37.090061], [-89.234821, 37.090818], [-89.234862, 37.092453], [-89.235626, 37.093036], [-89.239688, 37.092481], [-89.239773, 37.09344], [-89.237869, 37.093816], [-89.237708, 37.094768], [-89.240673, 37.096983], [-89.241362, 37.096763], [-89.24107, 37.094878], [-89.242161, 37.09492], [-89.244137, 37.100738], [-89.247972, 37.100143], [-89.24882, 37.098765], [-89.250641, 37.099673], [-89.253973, 37.099393], [-89.252994, 37.101725], [-89.254084, 37.103464], [-89.25658, 37.103886], [-89.258477, 37.102697], [-89.261779, 37.105742], [-89.261153, 37.10807], [-89.264139, 37.109095], [-89.265853, 37.111274], [-89.265396, 37.113394], [-89.262843, 37.112587], [-89.262606, 37.114562], [-89.266992, 37.115716], [-89.266873, 37.116529], [-89.265284, 37.116351], [-89.265318, 37.117368], [-89.269463, 37.118627], [-89.267948, 37.120401], [-89.2692, 37.122497], [-89.272739, 37.124216], [-89.273631, 37.126968], [-89.272388, 37.129416], [-89.268562, 37.133275], [-89.26723, 37.139329], [-89.265873, 37.140699], [-89.263965, 37.140954], [-89.258963, 37.143635], [-89.25788, 37.14527], [-89.260033, 37.152015], [-89.259027, 37.15649], [-89.256577, 37.159939], [-89.256793, 37.161144], [-89.257681, 37.161139], [-89.258784, 37.159384], [-89.261523, 37.158943], [-89.268372, 37.158917], [-89.269454, 37.16089], [-89.267296, 37.161398], [-89.266673, 37.16352], [-89.262897, 37.163708], [-89.261211, 37.167304], [-89.262478, 37.170751], [-89.264733, 37.170005], [-89.26675, 37.171074], [-89.263452, 37.175209], [-89.265874, 37.175969], [-89.26465, 37.178718], [-89.266688, 37.179414], [-89.26731, 37.180525], [-89.26529, 37.18429], [-89.261049, 37.18301], [-89.259235, 37.184433], [-89.257911, 37.184203], [-89.258392, 37.185482], [-89.255923, 37.188113], [-89.252273, 37.188597], [-89.253118, 37.189671], [-89.251919, 37.190892], [-89.252739, 37.191966], [-89.255905, 37.193041], [-89.253335, 37.193567], [-89.252329, 37.196127], [-89.255754, 37.196964], [-89.257724, 37.198922], [-89.258135, 37.195731], [-89.258952, 37.197506], [-89.260386, 37.197415], [-89.260235, 37.200069], [-89.26205, 37.200505], [-89.262765, 37.201536], [-89.259272, 37.202335], [-89.263896, 37.203947], [-89.263632, 37.204513], [-89.261986, 37.20416], [-89.259947, 37.206242], [-89.259572, 37.207405], [-89.261295, 37.208132], [-89.259445, 37.209143], [-89.259092, 37.210314], [-89.260264, 37.211222], [-89.261071, 37.209748], [-89.264571, 37.212361], [-89.264467, 37.213067], [-89.262209, 37.213924], [-89.262509, 37.216168], [-89.261592, 37.217811], [-89.262323, 37.21844], [-89.261279, 37.220051], [-89.263265, 37.220762], [-89.264591, 37.222608], [-89.266158, 37.222034], [-89.265202, 37.223759], [-89.267811, 37.225999], [-89.266744, 37.226754], [-89.265065, 37.225706], [-89.265231, 37.226444], [-89.263782, 37.226577], [-89.261321, 37.231147], [-89.259548, 37.229852], [-89.261433, 37.228749], [-89.261502, 37.227169], [-89.259663, 37.22823], [-89.25639, 37.2277], [-89.257809, 37.229023], [-89.256405, 37.231755], [-89.255039, 37.232136], [-89.255062, 37.234242], [-89.252079, 37.240132], [-89.252009, 37.241694], [-89.250367, 37.243318], [-89.250005, 37.247717], [-89.251543, 37.249658], [-89.249675, 37.248793], [-89.248364, 37.251164], [-89.251706, 37.25232], [-89.251614, 37.252861], [-89.249783, 37.252545], [-89.24828, 37.254494], [-89.250683, 37.25655], [-89.247464, 37.258549], [-89.248501, 37.260086], [-89.24635, 37.262196], [-89.245884, 37.264004], [-89.243756, 37.264767], [-89.243039, 37.263928], [-89.242443, 37.265011], [-89.241619, 37.264931], [-89.242283, 37.266522], [-89.237889, 37.270874], [-89.234738, 37.272332], [-89.227912, 37.273329], [-89.227238, 37.275537], [-89.225512, 37.276869], [-89.221906, 37.277435], [-89.220702, 37.27933], [-89.215947, 37.279804], [-89.212987, 37.281012], [-89.210601, 37.280268], [-89.202578, 37.290066], [-89.203356, 37.306757], [-89.205882, 37.317242], [-89.207431, 37.317467], [-89.208873, 37.318909], [-89.206623, 37.321168], [-89.207012, 37.321988], [-89.209575, 37.323403], [-89.21149, 37.322739], [-89.215618, 37.324463], [-89.217129, 37.327137], [-89.219593, 37.327515], [-89.222218, 37.329461], [-89.221714, 37.33104], [-89.222867, 37.332184], [-89.243803, 37.331669], [-89.248566, 37.335298], [-89.099448, 37.333559], [-89.044799, 37.329717], [-89.044689, 37.294111]]]}, "properties": {"GEOID": "17153", "NAME": "Pulaski", "top_species": [{"name": "Black walnut", "volume": 1528395}, {"name": "White oak", "volume": 1284368}, {"name": "Boxelder", "volume": 1100428}, {"name": "Black locust", "volume": 1029954}, {"name": "American sycamore", "volume": 882944}], "American basswood": null, "American sycamore": 882944, "Black cherry": 107219, "Black locust": 1029954, "Black walnut": 1528395, "Boxelder": 1100428, "Bur oak": null, "Butternut": null, "Common persimmon": null, "Eastern redcedar": null, "Northern red oak": 203133, "Osage-orange": null, "Red mulberry": 16864, "Shagbark hickory": null, "Sugar maple": 264828, "White oak": 1284368}}, {"type": "Feature", "geometry": {"type": "Polygon", "coordinates": [[[-90.140272, 38.8628], [-90.151508, 38.867148], [-90.163309, 38.874748], [-90.170509, 38.878148], [-90.190243, 38.886225], [-90.19761, 38.887648], [-90.219867, 38.905192], [-90.228111, 38.909948], [-90.241703, 38.914828], [-90.250248, 38.919344], [-90.254033, 38.920489], [-90.262792, 38.920344], [-90.275702, 38.923529], [-90.273959, 38.999036], [-90.153238, 38.999382], [-90.073838, 38.998459], [-89.812963, 38.99833], [-89.639265, 38.999129], [-89.638454, 38.948494], [-89.637049, 38.918364], [-89.637931, 38.918352], [-89.636874, 38.874278], [-89.599593, 38.87453], [-89.598949, 38.818104], [-89.595103, 38.655948], [-89.743562, 38.655077], [-89.947293, 38.657976], [-90.058662, 38.658585], [-90.132075, 38.66015], [-90.181228, 38.660066], [-90.186402, 38.674779], [-90.195202, 38.687579], [-90.202202, 38.693479], [-90.209202, 38.702779], [-90.212002, 38.711779], [-90.21141, 38.72135], [-90.20991, 38.72605], [-90.205177, 38.7322], [-90.191301, 38.742978], [-90.183609, 38.746749], [-90.176301, 38.754478], [-90.175101, 38.760278], [-90.171301, 38.766578], [-90.166364, 38.772675], [-90.146708, 38.783049], [-90.123107, 38.798048], [-90.117707, 38.805748], [-90.109107, 38.837448], [-90.109407, 38.843548], [-90.113327, 38.849306], [-90.131907, 38.857948], [-90.140272, 38.8628]]]}, "properties": {"GEOID": "17119", "NAME": "Madison", "top_species": [{"name": "Black walnut", "volume": 3408323}, {"name": "American sycamore", "volume": 2337163}, {"name": "Northern red oak", "volume": 2290107}, {"name": "Common persimmon", "volume": 1856138}, {"name": "Osage-orange", "volume": 1521342}], "American basswood": 264173, "American sycamore": 2337163, "Black cherry": 1170636, "Black locust": null, "Black walnut": 3408323, "Boxelder": 1402791, "Bur oak": null, "Butternut": null, "Common persimmon": 1856138, "Eastern redcedar": 24957, "Northern red oak": 2290107, "Osage-orange": 1521342, "Red mulberry": 248186, "Shagbark hickory": 446287, "Sugar maple": 314902, "White oak": 369292}}, {"type": "Feature", "geometry": {"type": "Polygon", "coordinates": [[[-90.29687, 38.424808], [-90.291084, 38.43089], [-90.288541, 38.436861], [-90.284043, 38.451674], [-90.279191, 38.471872], [-90.278531, 38.477682], [-90.273871, 38.489059], [-90.264123, 38.520728], [-90.1454, 38.426674], [-90.145562, 38.412053], [-90.128771, 38.397326], [-90.126677, 38.396935], [-90.036096, 38.323537], [-90.036107, 38.308936], [-89.913227, 38.308269], [-89.909031, 38.301835], [-89.904085, 38.297833], [-89.904201, 38.29661], [-89.906836, 38.293597], [-89.906377, 38.29226], [-89.901248, 38.287548], [-89.902447, 38.284328], [-89.902501, 38.281468], [-89.903558, 38.279392], [-89.906193, 38.2772], [-89.908797, 38.276179], [-89.9129, 38.276575], [-89.917187, 38.277815], [-89.918241, 38.279238], [-89.917127, 38.280777], [-89.911547, 38.282655], [-89.9113, 38.284699], [-89.913544, 38.285976], [-89.916409, 38.285251], [-89.919635, 38.285653], [-89.920186, 38.284494], [-89.91981, 38.280779], [-89.921593, 38.278395], [-89.922178, 38.275792], [-89.925237, 38.272783], [-89.924562, 38.272125], [-89.920897, 38.272024], [-89.920858, 38.271063], [-89.923737, 38.26902], [-89.920284, 38.264248], [-89.914524, 38.258792], [-89.913611, 38.254043], [-89.917267, 38.251789], [-89.914553, 38.249567], [-89.911175, 38.248161], [-89.910533, 38.245789], [-89.907821, 38.243808], [-89.907073, 38.240754], [-89.908986, 38.238648], [-89.908978, 38.23765], [-89.905826, 38.236129], [-89.901427, 38.235319], [-89.897305, 38.231746], [-89.896774, 38.229905], [-89.897876, 38.228563], [-89.903566, 38.228437], [-89.904471, 38.227461], [-89.903478, 38.225315], [-89.899043, 38.220755], [-90.036316, 38.223246], [-90.035867, 38.135736], [-90.109552, 38.115117], [-90.123881, 38.110109], [-90.163087, 38.099893], [-90.205205, 38.086907], [-90.217019, 38.093466], [-90.242574, 38.112125], [-90.248716, 38.120874], [-90.250118, 38.125054], [-90.274843, 38.157559], [-90.28298, 38.164373], [-90.290629, 38.170363], [-90.300329, 38.175139], [-90.310627, 38.178573], [-90.316876, 38.179477], [-90.323971, 38.182405], [-90.334172, 38.189857], [-90.355793, 38.216887], [-90.360142, 38.225659], [-90.365139, 38.240724], [-90.366948, 38.248344], [-90.3672, 38.255495], [-90.369915, 38.267708], [-90.372659, 38.28623], [-90.372554, 38.300418], [-90.371516, 38.306191], [-90.372626, 38.316162], [-90.371405, 38.322969], [-90.371476, 38.330897], [-90.370819, 38.333554], [-90.364361, 38.347514], [-90.355942, 38.36046], [-90.354017, 38.36732], [-90.35062, 38.374762], [-90.341446, 38.388298], [-90.334277, 38.394844], [-90.325839, 38.400963], [-90.31117, 38.415679], [-90.29687, 38.424808]]]}, "properties": {"GEOID": "17133", "NAME": "Monroe", "top_species": [{"name": "Northern red oak", "volume": 715926}, {"name": "Black walnut", "volume": 533867}, {"name": "White oak", "volume": 391650}, {"name": "Black locust", "volume": 352038}, {"name": "Shagbark hickory", "volume": 290357}], "American basswood": null, "American sycamore": null, "Black cherry": 69768, "Black locust": 352038, "Black walnut": 533867, "Boxelder": 62037, "Bur oak": null, "Butternut": null, "Common persimmon": 86932, "Eastern redcedar": 42685, "Northern red oak": 715926, "Osage-orange": null, "Red mulberry": 41204, "Shagbark hickory": 290357, "Sugar maple": 78184, "White oak": 391650}}, {"type": "Feature", "geometry": {"type": "Polygon", "coordinates": [[[-89.199751, 37.088868], [-89.195511, 37.088572], [-89.195219, 37.08741], [-89.197286, 37.086571], [-89.19721, 37.085808], [-89.193534, 37.085005], [-89.187709, 37.080346], [-89.184635, 37.079056], [-89.18451, 37.077294], [-89.182199, 37.074913], [-89.18064, 37.072081], [-89.18088, 37.070264], [-89.179637, 37.06909], [-89.176641, 37.068853], [-89.175816, 37.069982], [-89.174338, 37.070254], [-89.172081, 37.06831], [-89.173825, 37.066308], [-89.177857, 37.057796], [-89.181351, 37.045934], [-89.182467, 37.039164], [-89.180151, 37.023715], [-89.173352, 37.011495], [-89.170173, 37.007067], [-89.160322, 36.999158], [-89.143969, 36.987966], [-89.132915, 36.982057], [-89.141562, 36.978897], [-89.149882, 36.977636], [-89.161776, 36.972765], [-89.170009, 36.970298], [-89.177235, 36.970885], [-89.185491, 36.973518], [-89.192097, 36.979995], [-89.195039, 36.989768], [-89.195029, 37.000051], [-89.198488, 37.011723], [-89.200793, 37.016164], [-89.205053, 37.020057], [-89.225482, 37.031077], [-89.234053, 37.037277], [-89.238253, 37.042853], [-89.245648, 37.057783], [-89.25493, 37.072014], [-89.259935, 37.06407], [-89.280362, 37.065222], [-89.283473, 37.065809], [-89.283668, 37.066733], [-89.294015, 37.067343], [-89.307726, 37.069654], [-89.30829, 37.068371], [-89.310819, 37.057897], [-89.309401, 37.053769], [-89.304752, 37.047565], [-89.301368, 37.044982], [-89.291185, 37.040408], [-89.277715, 37.03614], [-89.266286, 37.028683], [-89.260003, 37.023288], [-89.257608, 37.015496], [-89.263527, 37.00005], [-89.266242, 36.996302], [-89.269564, 36.993401], [-89.278628, 36.98867], [-89.29213, 36.992189], [-89.317168, 37.012767], [-89.322982, 37.01609], [-89.345996, 37.025521], [-89.362397, 37.030156], [-89.378277, 37.039605], [-89.383937, 37.046441], [-89.385434, 37.05513], [-89.385186, 37.057748], [-89.378889, 37.070499], [-89.375712, 37.080505], [-89.375615, 37.085936], [-89.37871, 37.094586], [-89.384175, 37.103267], [-89.38805, 37.107481], [-89.41173, 37.122507], [-89.42558, 37.138235], [-89.435202, 37.15209], [-89.438275, 37.161287], [-89.456105, 37.18812], [-89.461862, 37.199517], [-89.467631, 37.2182], [-89.466658, 37.223982], [-89.458302, 37.240368], [-89.457832, 37.242594], [-89.458827, 37.248661], [-89.46266, 37.25152], [-89.470525, 37.253357], [-89.479205, 37.253052], [-89.489915, 37.251315], [-89.506773, 37.268537], [-89.515362, 37.278909], [-89.51802, 37.28419], [-89.518393, 37.289354], [-89.51528, 37.29693], [-89.512833, 37.308478], [-89.509699, 37.31426], [-89.497279, 37.322828], [-89.49516, 37.324795], [-89.491194, 37.331361], [-89.486689, 37.334554], [-89.363329, 37.334385], [-89.32617, 37.335184], [-89.307479, 37.334399], [-89.270284, 37.33556], [-89.248566, 37.335298], [-89.243803, 37.331669], [-89.222867, 37.332184], [-89.221714, 37.33104], [-89.222218, 37.329461], [-89.219593, 37.327515], [-89.217129, 37.327137], [-89.215618, 37.324463], [-89.211689, 37.322777], [-89.209659, 37.323422], [-89.207271, 37.322201], [-89.206607, 37.321198], [-89.208873, 37.318909], [-89.207431, 37.317467], [-89.205882, 37.317242], [-89.203356, 37.306757], [-89.202723, 37.289376], [-89.210601, 37.280268], [-89.212987, 37.281012], [-89.215947, 37.279804], [-89.220702, 37.27933], [-89.221906, 37.277435], [-89.225512, 37.276869], [-89.227238, 37.275537], [-89.227912, 37.273329], [-89.234738, 37.272332], [-89.237889, 37.270874], [-89.242283, 37.266522], [-89.241619, 37.264931], [-89.242443, 37.265011], [-89.243039, 37.263928], [-89.243756, 37.264767], [-89.245884, 37.264004], [-89.24635, 37.262196], [-89.248501, 37.260086], [-89.247464, 37.258549], [-89.250683, 37.25655], [-89.24828, 37.254494], [-89.249783, 37.252545], [-89.251614, 37.252861], [-89.251706, 37.25232], [-89.248364, 37.251164], [-89.249675, 37.248793], [-89.251543, 37.249658], [-89.250005, 37.247717], [-89.250367, 37.243318], [-89.252009, 37.241694], [-89.252079, 37.240132], [-89.255062, 37.234242], [-89.255039, 37.232136], [-89.256405, 37.231755], [-89.257809, 37.229023], [-89.25639, 37.2277], [-89.259663, 37.22823], [-89.261502, 37.227169], [-89.261433, 37.228749], [-89.259548, 37.229852], [-89.261321, 37.231147], [-89.263782, 37.226577], [-89.265231, 37.226444], [-89.265065, 37.225706], [-89.266744, 37.226754], [-89.267811, 37.225999], [-89.265202, 37.223759], [-89.266158, 37.222034], [-89.264591, 37.222608], [-89.263265, 37.220762], [-89.261279, 37.220051], [-89.262323, 37.21844], [-89.261592, 37.217811], [-89.262509, 37.216168], [-89.262209, 37.213924], [-89.264467, 37.213067], [-89.264571, 37.212361], [-89.261071, 37.209748], [-89.260264, 37.211222], [-89.259092, 37.210314], [-89.259445, 37.209143], [-89.261295, 37.208132], [-89.259572, 37.207405], [-89.259947, 37.206242], [-89.261986, 37.20416], [-89.263632, 37.204513], [-89.263896, 37.203947], [-89.259272, 37.202335], [-89.262765, 37.201536], [-89.26205, 37.200505], [-89.260235, 37.200069], [-89.260386, 37.197415], [-89.258952, 37.197506], [-89.258135, 37.195731], [-89.257724, 37.198922], [-89.255754, 37.196964], [-89.252329, 37.196127], [-89.253335, 37.193567], [-89.255905, 37.193041], [-89.252739, 37.191966], [-89.251919, 37.190892], [-89.253118, 37.189671], [-89.252273, 37.188597], [-89.255923, 37.188113], [-89.258392, 37.185482], [-89.257911, 37.184203], [-89.259235, 37.184433], [-89.261049, 37.18301], [-89.26529, 37.18429], [-89.26731, 37.180525], [-89.266688, 37.179414], [-89.26465, 37.178718], [-89.265874, 37.175969], [-89.263452, 37.175209], [-89.26675, 37.171074], [-89.264733, 37.170005], [-89.262478, 37.170751], [-89.261211, 37.167304], [-89.262897, 37.163708], [-89.266673, 37.16352], [-89.267296, 37.161398], [-89.269454, 37.16089], [-89.268372, 37.158917], [-89.261523, 37.158943], [-89.258784, 37.159384], [-89.257681, 37.161139], [-89.256793, 37.161144], [-89.256577, 37.159939], [-89.259027, 37.15649], [-89.260033, 37.152015], [-89.25788, 37.14527], [-89.258963, 37.143635], [-89.263965, 37.140954], [-89.265873, 37.140699], [-89.26723, 37.139329], [-89.268562, 37.133275], [-89.272388, 37.129416], [-89.273626, 37.12658], [-89.272739, 37.124216], [-89.2692, 37.122497], [-89.267948, 37.120401], [-89.269463, 37.118627], [-89.265318, 37.117368], [-89.265284, 37.116351], [-89.266873, 37.116529], [-89.266992, 37.115716], [-89.262606, 37.114562], [-89.262843, 37.112587], [-89.265582, 37.113238], [-89.265675, 37.110759], [-89.263538, 37.108715], [-89.261153, 37.10807], [-89.261779, 37.105742], [-89.258477, 37.102697], [-89.25658, 37.103886], [-89.253718, 37.103114], [-89.252994, 37.101725], [-89.253973, 37.099393], [-89.250641, 37.099673], [-89.24882, 37.098765], [-89.247972, 37.100143], [-89.244137, 37.100738], [-89.242161, 37.09492], [-89.24107, 37.094878], [-89.241362, 37.096763], [-89.240673, 37.096983], [-89.237708, 37.094768], [-89.237869, 37.093816], [-89.239773, 37.09344], [-89.239688, 37.092481], [-89.235626, 37.093036], [-89.234862, 37.092453], [-89.234821, 37.090818], [-89.232083, 37.089901], [-89.228211, 37.091714], [-89.225332, 37.091824], [-89.222844, 37.090794], [-89.213561, 37.089617], [-89.211683, 37.08833], [-89.202797, 37.085723], [-89.201701, 37.086332], [-89.201981, 37.087972], [-89.199751, 37.088868]]]}, "properties": {"GEOID": "17003", "NAME": "Alexander", "top_species": [{"name": "Sugar maple", "volume": 1272168}, {"name": "White oak", "volume": 1145078}, {"name": "Northern red oak", "volume": 651457}, {"name": "Shagbark hickory", "volume": 613122}, {"name": "American sycamore", "volume": 520017}], "American basswood": null, "American sycamore": 520017, "Black cherry": 25908, "Black locust": 153065, "Black walnut": 63831, "Boxelder": 151855, "Bur oak": null, "Butternut": null, "Common persimmon": null, "Eastern redcedar": null, "Northern red oak": 651457, "Osage-orange": null, "Red mulberry": 105642, "Shagbark hickory": 613122, "Sugar maple": 1272168, "White oak": 1145078}}, {"type": "Feature", "geometry": {"type": "Polygon", "coordinates": [[[-88.03131, 41.992526], [-87.920476, 41.993886], [-87.920417, 41.86413], [-87.919395, 41.854039], [-87.919764, 41.839607], [-87.917635, 41.804743], [-87.914264, 41.716598], [-87.921532, 41.716238], [-87.924917, 41.712995], [-87.927239, 41.712634], [-87.930286, 41.710064], [-87.934226, 41.708457], [-87.936761, 41.705307], [-87.941783, 41.703035], [-87.942305, 41.698918], [-87.947374, 41.695412], [-87.955672, 41.693024], [-87.966674, 41.686742], [-87.971626, 41.687251], [-87.97526, 41.686533], [-87.979166, 41.687332], [-87.982152, 41.686078], [-88.028973, 41.685242], [-88.030352, 41.728894], [-88.153245, 41.726023], [-88.261952, 41.724652], [-88.262818, 41.813521], [-88.262875, 41.986378], [-88.145921, 41.988216], [-88.03131, 41.992526]]]}, "properties": {"GEOID": "17043", "NAME": "DuPage", "top_species": [{"name": "Bur oak", "volume": 3109526}, {"name": "Black cherry", "volume": 458026}, {"name": "Red mulberry", "volume": 247030}, {"name": "Shagbark hickory", "volume": 73569}, {"name": "Boxelder", "volume": 39621}], "American basswood": null, "American sycamore": null, "Black cherry": 458026, "Black locust": null, "Black walnut": null, "Boxelder": 39621, "Bur oak": 3109526, "Butternut": null, "Common persimmon": null, "Eastern redcedar": null, "Northern red oak": null, "Osage-orange": null, "Red mulberry": 247030, "Shagbark hickory": 73569, "Sugar maple": null, "White oak": null}}, {"type": "Feature", "geometry": {"type": "Polygon", "coordinates": [[[-88.706741, 37.740602], [-88.706622, 37.906797], [-88.596177, 37.907278], [-88.596086, 37.906698], [-88.534297, 37.906428], [-88.37453, 37.907678], [-88.373525, 37.702682], [-88.375455, 37.599023], [-88.447281, 37.600171], [-88.708546, 37.599059], [-88.706741, 37.740602]]]}, "properties": {"GEOID": "17165", "NAME": "Saline", "top_species": [{"name": "White oak", "volume": 3130248}, {"name": "Common persimmon", "volume": 374937}, {"name": "American sycamore", "volume": 362219}, {"name": "Black locust", "volume": 342472}, {"name": "Shagbark hickory", "volume": 336702}], "American basswood": null, "American sycamore": 362219, "Black cherry": 240875, "Black locust": 342472, "Black walnut": 210682, "Boxelder": 305305, "Bur oak": null, "Butternut": null, "Common persimmon": 374937, "Eastern redcedar": 235220, "Northern red oak": 321539, "Osage-orange": null, "Red mulberry": 54842, "Shagbark hickory": 336702, "Sugar maple": 85617, "White oak": 3130248}}, {"type": "Feature", "geometry": {"type": "Polygon", "coordinates": [[[-88.198601, 42.415567], [-88.199389, 42.495133], [-88.082765, 42.495637], [-87.981324, 42.494928], [-87.805343, 42.492611], [-87.793371, 42.49172], [-87.75007, 42.492689], [-87.375058, 42.493815], [-87.019935, 42.493498], [-87.068039, 42.314346], [-87.111162, 42.149409], [-87.37505, 42.151515], [-87.625058, 42.152131], [-87.721762, 42.153426], [-87.758876, 42.152252], [-88.199584, 42.15426], [-88.199042, 42.236044], [-88.198245, 42.241559], [-88.199024, 42.31774], [-88.198601, 42.415567]]]}, "properties": {"GEOID": "17097", "NAME": "Lake", "top_species": [{"name": "White oak", "volume": 2537808}, {"name": "Black cherry", "volume": 1260788}, {"name": "Boxelder", "volume": 1250373}, {"name": "American basswood", "volume": 1018722}, {"name": "Northern red oak", "volume": 554052}], "American basswood": 1018722, "American sycamore": null, "Black cherry": 1260788, "Black locust": null, "Black walnut": 442772, "Boxelder": 1250373, "Bur oak": null, "Butternut": null, "Common persimmon": null, "Eastern redcedar": null, "Northern red oak": 554052, "Osage-orange": null, "Red mulberry": null, "Shagbark hickory": 194041, "Sugar maple": 92492, "White oak": 2537808}}, {"type": "Feature", "geometry": {"type": "Polygon", "coordinates": [[[-90.149462, 39.346302], [-90.150641, 39.346315], [-90.153782, 39.520315], [-89.701661, 39.523316], [-89.699276, 39.348048], [-89.703692, 39.34803], [-89.700165, 39.170065], [-89.698555, 38.998979], [-90.073838, 38.998459], [-90.145984, 38.999303], [-90.146334, 39.174276], [-90.149462, 39.346302]]]}, "properties": {"GEOID": "17117", "NAME": "Macoupin", "top_species": [{"name": "White oak", "volume": 4753491}, {"name": "Osage-orange", "volume": 2951531}, {"name": "Black walnut", "volume": 2613160}, {"name": "Northern red oak", "volume": 1748813}, {"name": "Black cherry", "volume": 1598809}], "American basswood": 19707, "American sycamore": 221531, "Black cherry": 1598809, "Black locust": null, "Black walnut": 2613160, "Boxelder": 852732, "Bur oak": 354591, "Butternut": 31415, "Common persimmon": null, "Eastern redcedar": null, "Northern red oak": 1748813, "Osage-orange": 2951531, "Red mulberry": 46417, "Shagbark hickory": 842838, "Sugar maple": 561163, "White oak": 4753491}}, {"type": "Feature", "geometry": {"type": "Polygon", "coordinates": [[[-90.181788, 41.843538], [-90.173009, 41.857393], [-90.173237, 41.86461], [-90.170984, 41.870133], [-90.170041, 41.876439], [-90.157019, 41.898019], [-90.153584, 41.906614], [-90.15198, 41.928917], [-89.968668, 41.931237], [-89.826181, 41.930165], [-89.736325, 41.930709], [-89.628907, 41.930044], [-89.631544, 41.772594], [-89.632379, 41.671561], [-89.631494, 41.584949], [-89.950025, 41.583663], [-90.185536, 41.584574], [-90.186149, 41.587726], [-90.183675, 41.59019], [-90.18077, 41.591071], [-90.170427, 41.591761], [-90.166704, 41.593502], [-90.165129, 41.595744], [-90.165613, 41.601089], [-90.165057, 41.602933], [-90.166116, 41.609802], [-90.161749, 41.615148], [-90.162464, 41.616336], [-90.160687, 41.617866], [-90.162061, 41.621562], [-90.160373, 41.626144], [-90.159878, 41.630495], [-90.162465, 41.635526], [-90.173243, 41.637401], [-90.173913, 41.640069], [-90.163814, 41.639217], [-90.161233, 41.643927], [-90.164776, 41.647689], [-90.170288, 41.648696], [-90.171705, 41.652991], [-90.1737, 41.65496], [-90.181656, 41.657882], [-90.189532, 41.663374], [-90.228172, 41.674643], [-90.230538, 41.676294], [-90.232703, 41.676573], [-90.236182, 41.679496], [-90.234928, 41.681377], [-90.232483, 41.681474], [-90.230556, 41.682564], [-90.229219, 41.682126], [-90.22686, 41.683484], [-90.226154, 41.686944], [-90.227405, 41.68829], [-90.22679, 41.692521], [-90.228066, 41.693007], [-90.23205, 41.691862], [-90.23246, 41.693001], [-90.230833, 41.694583], [-90.231159, 41.69576], [-90.233084, 41.696714], [-90.236635, 41.696313], [-90.237155, 41.699566], [-90.244028, 41.701732], [-90.245713, 41.703537], [-90.245214, 41.704701], [-90.242167, 41.704801], [-90.239839, 41.706688], [-90.240607, 41.7099], [-90.238164, 41.711176], [-90.23935, 41.714005], [-90.234697, 41.720464], [-90.234083, 41.725011], [-90.238667, 41.727265], [-90.238677, 41.729158], [-90.236045, 41.731844], [-90.234705, 41.736111], [-90.236509, 41.740747], [-90.239427, 41.742485], [-90.242126, 41.7405], [-90.244268, 41.740383], [-90.244424, 41.742551], [-90.24317, 41.744321], [-90.244125, 41.745587], [-90.246711, 41.745578], [-90.247917, 41.746877], [-90.246714, 41.75476], [-90.242752, 41.759959], [-90.238084, 41.761065], [-90.236773, 41.762598], [-90.240122, 41.764963], [-90.242122, 41.764814], [-90.243063, 41.762547], [-90.24717, 41.762609], [-90.24725, 41.764948], [-90.244642, 41.767398], [-90.244992, 41.771721], [-90.242015, 41.77688], [-90.24238, 41.782964], [-90.216889, 41.795335], [-90.187969, 41.803163], [-90.181973, 41.80707], [-90.180643, 41.811979], [-90.181889, 41.827755], [-90.183973, 41.83307], [-90.181788, 41.843538]]]}, "properties": {"GEOID": "17195", "NAME": "Whiteside", "top_species": [{"name": "American basswood", "volume": 2631579}, {"name": "Black walnut", "volume": 1469736}, {"name": "Black cherry", "volume": 460694}, {"name": "Shagbark hickory", "volume": 280066}, {"name": "Northern red oak", "volume": 96452}], "American basswood": 2631579, "American sycamore": null, "Black cherry": 460694, "Black locust": null, "Black walnut": 1469736, "Boxelder": null, "Bur oak": null, "Butternut": null, "Common persimmon": null, "Eastern redcedar": null, "Northern red oak": 96452, "Osage-orange": null, "Red mulberry": null, "Shagbark hickory": 280066, "Sugar maple": null, "White oak": null}}, {"type": "Feature", "geometry": {"type": "Polygon", "coordinates": [[[-89.602981, 40.320273], [-89.26374, 40.325344], [-89.26265, 40.280919], [-89.148772, 40.28252], [-89.145586, 40.114876], [-89.143451, 39.917647], [-89.236429, 39.91686], [-89.404984, 39.918187], [-89.404969, 39.932717], [-89.483498, 39.933151], [-89.483826, 39.976733], [-89.578289, 39.976127], [-89.579426, 40.048767], [-89.578736, 40.048782], [-89.579128, 40.092415], [-89.60112, 40.092284], [-89.603598, 40.218378], [-89.601011, 40.218413], [-89.602981, 40.320273]]]}, "properties": {"GEOID": "17107", "NAME": "Logan", "top_species": [{"name": "Black walnut", "volume": 2132969}, {"name": "Osage-orange", "volume": 825415}, {"name": "Red mulberry", "volume": 332508}, {"name": "Black cherry", "volume": 130336}], "American basswood": null, "American sycamore": null, "Black cherry": 130336, "Black locust": null, "Black walnut": 2132969, "Boxelder": null, "Bur oak": null, "Butternut": null, "Common persimmon": null, "Eastern redcedar": null, "Northern red oak": null, "Osage-orange": 825415, "Red mulberry": 332508, "Shagbark hickory": null, "Sugar maple": null, "White oak": null}}, {"type": "Feature", "geometry": {"type": "Polygon", "coordinates": [[[-89.146265, 38.300589], [-89.144388, 38.473878], [-89.033155, 38.473963], [-88.922428, 38.476969], [-88.698961, 38.474914], [-88.700048, 38.342307], [-88.703045, 38.234581], [-88.704606, 38.125195], [-88.851704, 38.126617], [-89.074037, 38.124596], [-89.149841, 38.125054], [-89.146265, 38.300589]]]}, "properties": {"GEOID": "17081", "NAME": "Jefferson", "top_species": [{"name": "American sycamore", "volume": 3251418}, {"name": "White oak", "volume": 1910835}, {"name": "Black cherry", "volume": 1234756}, {"name": "Osage-orange", "volume": 856243}, {"name": "Sugar maple", "volume": 668516}], "American basswood": null, "American sycamore": 3251418, "Black cherry": 1234756, "Black locust": null, "Black walnut": 606700, "Boxelder": 559477, "Bur oak": 7328, "Butternut": null, "Common persimmon": 213033, "Eastern redcedar": 10220, "Northern red oak": null, "Osage-orange": 856243, "Red mulberry": 360649, "Shagbark hickory": 538635, "Sugar maple": 668516, "White oak": 1910835}}, {"type": "Feature", "geometry": {"type": "Polygon", "coordinates": [[[-87.787011, 38.848857], [-87.684141, 38.852179], [-87.529186, 38.852132], [-87.526729, 38.850362], [-87.525893, 38.848795], [-87.526695, 38.838578], [-87.524577, 38.833634], [-87.522212, 38.830483], [-87.521681, 38.826576], [-87.523636, 38.822597], [-87.526463, 38.820538], [-87.527342, 38.818121], [-87.51922, 38.810478], [-87.514919, 38.803713], [-87.508211, 38.795716], [-87.501123, 38.79138], [-87.495509, 38.784626], [-87.495739, 38.780303], [-87.498587, 38.77648], [-87.504301, 38.773846], [-87.513137, 38.773196], [-87.514861, 38.770503], [-87.513652, 38.768475], [-87.51033, 38.767181], [-87.508183, 38.767312], [-87.504953, 38.76886], [-87.500494, 38.769176], [-87.498216, 38.768307], [-87.496906, 38.766818], [-87.498948, 38.757774], [-87.501814, 38.754197], [-87.504046, 38.748507], [-87.50159, 38.745725], [-87.496494, 38.742728], [-87.496041, 38.739981], [-87.50002, 38.737008], [-87.504059, 38.735823], [-87.506172, 38.733725], [-87.508515, 38.725768], [-87.516707, 38.716332], [-87.519519, 38.710455], [-87.518946, 38.705149], [-87.51961, 38.697198], [-87.522039, 38.69335], [-87.531231, 38.684036], [-87.540051, 38.679143], [-87.545538, 38.677613], [-87.569607, 38.674358], [-87.587684, 38.66998], [-87.597247, 38.665314], [-87.60018, 38.662462], [-87.602863, 38.656363], [-87.60295, 38.651236], [-87.605817, 38.646518], [-87.609831, 38.644216], [-87.617315, 38.642157], [-87.62012, 38.639489], [-87.62098, 38.637655], [-87.620382, 38.634307], [-87.615943, 38.627952], [-87.615585, 38.625047], [-87.617043, 38.622195], [-87.622375, 38.618873], [-87.622759, 38.617084], [-87.620532, 38.612165], [-87.62551, 38.609441], [-87.627345, 38.607237], [-87.625406, 38.599188], [-87.624143, 38.596955], [-87.622636, 38.595648], [-87.619443, 38.594824], [-87.612439, 38.594642], [-87.610886, 38.592632], [-87.61196, 38.589248], [-87.614508, 38.58751], [-87.622897, 38.586198], [-87.627383, 38.587644], [-87.634057, 38.592372], [-87.637627, 38.592654], [-87.639433, 38.591255], [-87.640258, 38.589199], [-87.639775, 38.581998], [-87.638097, 38.578344], [-87.638911, 38.574876], [-87.642308, 38.572505], [-87.649682, 38.570523], [-87.651529, 38.568166], [-87.912286, 38.570104], [-87.910258, 38.575074], [-87.909847, 38.589995], [-87.908113, 38.850107], [-87.786568, 38.850046], [-87.787011, 38.848857]]]}, "properties": {"GEOID": "17101", "NAME": "Lawrence", "top_species": [{"name": "Black walnut", "volume": 1173470}, {"name": "Black cherry", "volume": 888317}, {"name": "Sugar maple", "volume": 883440}, {"name": "Shagbark hickory", "volume": 880661}, {"name": "Common persimmon", "volume": 391906}], "American basswood": null, "American sycamore": 39379, "Black cherry": 888317, "Black locust": null, "Black walnut": 1173470, "Boxelder": 131943, "Bur oak": 54563, "Butternut": 52023, "Common persimmon": 391906, "Eastern redcedar": null, "Northern red oak": null, "Osage-orange": null, "Red mulberry": 86726, "Shagbark hickory": 880661, "Sugar maple": 883440, "White oak": 360095}}, {"type": "Feature", "geometry": {"type": "Polygon", "coordinates": [[[-89.985854, 40.719671], [-89.985479, 40.974495], [-89.869388, 40.975033], [-89.748906, 40.973907], [-89.447693, 40.973246], [-89.449269, 40.968278], [-89.447979, 40.962974], [-89.448126, 40.959179], [-89.455063, 40.946471], [-89.455163, 40.943136], [-89.453994, 40.939538], [-89.455306, 40.935507], [-89.458861, 40.932978], [-89.464375, 40.926042], [-89.472959, 40.921203], [-89.47233, 40.921206], [-89.475225, 40.912741], [-89.47963, 40.909347], [-89.483496, 40.903184], [-89.488469, 40.899299], [-89.499571, 40.875036], [-89.524973, 40.849236], [-89.525213, 40.842404], [-89.528285, 40.835621], [-89.544958, 40.814981], [-89.550606, 40.812037], [-89.55427, 40.808869], [-89.562394, 40.793637], [-89.563894, 40.784037], [-89.555694, 40.764737], [-89.556094, 40.749437], [-89.550594, 40.738737], [-89.549597, 40.73538], [-89.549697, 40.72978], [-89.546488, 40.720205], [-89.555295, 40.702737], [-89.561196, 40.699137], [-89.5923, 40.684936], [-89.615399, 40.664437], [-89.616035, 40.657571], [-89.611599, 40.654138], [-89.610339, 40.65199], [-89.611459, 40.64791], [-89.619487, 40.637435], [-89.626405, 40.632073], [-89.628742, 40.628689], [-89.637255, 40.622081], [-89.658502, 40.601558], [-89.66007, 40.596454], [-89.65879, 40.589174], [-89.654002, 40.578238], [-89.655602, 40.570438], [-89.658003, 40.567438], [-89.675404, 40.553938], [-89.677896, 40.553062], [-89.68164, 40.552486], [-89.684586, 40.55341], [-89.688845, 40.558512], [-89.691848, 40.560518], [-89.699, 40.561606], [-89.700792, 40.56143], [-89.707817, 40.557238], [-89.718329, 40.55599], [-89.724041, 40.553862], [-89.73217, 40.552966], [-89.741322, 40.550806], [-89.774495, 40.552911], [-89.785911, 40.548707], [-89.812459, 40.541104], [-89.832853, 40.530794], [-89.858624, 40.519968], [-89.872463, 40.513127], [-89.872161, 40.580583], [-89.87422, 40.580648], [-89.874393, 40.581495], [-89.87368, 40.624975], [-89.989018, 40.625835], [-89.985854, 40.719671]]]}, "properties": {"GEOID": "17143", "NAME": "Peoria", "top_species": [{"name": "Bur oak", "volume": 4201152}, {"name": "Black locust", "volume": 2441395}, {"name": "White oak", "volume": 2441091}, {"name": "Sugar maple", "volume": 1559264}, {"name": "Black cherry", "volume": 1458674}], "American basswood": 187329, "American sycamore": 210750, "Black cherry": 1458674, "Black locust": 2441395, "Black walnut": 1209675, "Boxelder": null, "Bur oak": 4201152, "Butternut": null, "Common persimmon": null, "Eastern redcedar": 25086, "Northern red oak": 1247194, "Osage-orange": 1278410, "Red mulberry": 546429, "Shagbark hickory": 1426854, "Sugar maple": 1559264, "White oak": 2441091}}, {"type": "Feature", "geometry": {"type": "Polygon", "coordinates": [[[-88.462207, 39.879092], [-88.463551, 40.223271], [-88.46072, 40.223322], [-88.459957, 40.39885], [-88.346987, 40.398417], [-88.116616, 40.400612], [-88.002848, 40.4005], [-87.990374, 40.399233], [-87.976677, 40.399048], [-87.932387, 40.3994], [-87.929992, 40.313376], [-87.92876, 40.225619], [-87.942103, 40.225482], [-87.939, 40.039816], [-87.937645, 39.879803], [-88.009488, 39.879432], [-88.122326, 39.880227], [-88.236583, 39.879109], [-88.462207, 39.879092]]]}, "properties": {"GEOID": "17019", "NAME": "Champaign", "top_species": [{"name": "Black walnut", "volume": 797998}, {"name": "Osage-orange", "volume": 530160}, {"name": "Shagbark hickory", "volume": 279204}, {"name": "American basswood", "volume": 108556}, {"name": "Bur oak", "volume": 51576}], "American basswood": 108556, "American sycamore": null, "Black cherry": 26521, "Black locust": null, "Black walnut": 797998, "Boxelder": null, "Bur oak": 51576, "Butternut": null, "Common persimmon": null, "Eastern redcedar": null, "Northern red oak": null, "Osage-orange": 530160, "Red mulberry": null, "Shagbark hickory": 279204, "Sugar maple": null, "White oak": null}}, {"type": "Feature", "geometry": {"type": "Polygon", "coordinates": [[[-87.965046, 39.6127], [-87.968777, 39.79235], [-87.937029, 39.792371], [-87.937645, 39.879803], [-87.615161, 39.881579], [-87.617422, 39.868608], [-87.578845, 39.868459], [-87.557533, 39.868784], [-87.581679, 39.882307], [-87.533228, 39.883], [-87.53164, 39.477105], [-87.689172, 39.476756], [-87.687345, 39.487312], [-87.688972, 39.487392], [-87.778601, 39.485969], [-87.90386, 39.481886], [-87.960179, 39.481309], [-87.965046, 39.6127]]]}, "properties": {"GEOID": "17045", "NAME": "Edgar", "top_species": [{"name": "Sugar maple", "volume": 423012}, {"name": "Shagbark hickory", "volume": 79358}, {"name": "Black cherry", "volume": 62787}], "American basswood": null, "American sycamore": null, "Black cherry": 62787, "Black locust": null, "Black walnut": null, "Boxelder": null, "Bur oak": null, "Butternut": null, "Common persimmon": null, "Eastern redcedar": null, "Northern red oak": null, "Osage-orange": null, "Red mulberry": null, "Shagbark hickory": 79358, "Sugar maple": 423012, "White oak": null}}, {"type": "Feature", "geometry": {"type": "Polygon", "coordinates": [[[-89.256717, 39.813118], [-89.253167, 39.818194], [-89.251912, 39.822556], [-89.24924, 39.825317], [-89.246532, 39.826085], [-89.242838, 39.823153], [-89.24031, 39.823327], [-89.23979, 39.821322], [-89.23825, 39.821062], [-89.236337, 39.822157], [-89.237157, 39.81968], [-89.235409, 39.818696], [-89.236356, 39.8177], [-89.234753, 39.81751], [-89.234279, 39.816267], [-89.231535, 39.816306], [-89.234242, 39.815148], [-89.233946, 39.812852], [-89.231382, 39.813518], [-89.228248, 39.813205], [-89.22526, 39.814953], [-89.220175, 39.81291], [-89.212773, 39.813665], [-89.212775, 39.815477], [-89.189244, 39.815456], [-89.189253, 39.817473], [-89.18819, 39.817524], [-89.184555, 39.815448], [-89.179856, 39.815439], [-89.179852, 39.811893], [-89.170305, 39.811924], [-89.169245, 39.809685], [-89.164997, 39.807914], [-89.16075, 39.805353], [-89.160747, 39.804706], [-89.151474, 39.804792], [-89.151463, 39.80125], [-89.141967, 39.801273], [-89.139125, 39.655131], [-89.025691, 39.654637], [-89.023987, 39.52319], [-89.026408, 39.435172], [-89.024904, 39.434771], [-89.025541, 39.418832], [-89.025382, 39.34592], [-89.139934, 39.348895], [-89.530836, 39.348864], [-89.535028, 39.641138], [-89.478473, 39.640842], [-89.478923, 39.683964], [-89.425051, 39.683696], [-89.425171, 39.762022], [-89.420217, 39.76137], [-89.417843, 39.759205], [-89.417191, 39.757576], [-89.418772, 39.757074], [-89.419762, 39.755324], [-89.418527, 39.754192], [-89.419662, 39.75291], [-89.419353, 39.751675], [-89.409475, 39.74353], [-89.398771, 39.742139], [-89.394977, 39.742636], [-89.385874, 39.749975], [-89.386347, 39.751797], [-89.384868, 39.753567], [-89.382975, 39.754377], [-89.380242, 39.753539], [-89.378754, 39.755509], [-89.373918, 39.758646], [-89.372492, 39.758085], [-89.370986, 39.754971], [-89.369843, 39.756329], [-89.367123, 39.757325], [-89.365214, 39.757223], [-89.362605, 39.755799], [-89.360643, 39.760274], [-89.358891, 39.76176], [-89.360034, 39.767517], [-89.357795, 39.770822], [-89.35591, 39.7706], [-89.353958, 39.772107], [-89.353004, 39.771464], [-89.352667, 39.769616], [-89.350023, 39.769639], [-89.344528, 39.766906], [-89.341592, 39.766932], [-89.328701, 39.763542], [-89.327186, 39.764266], [-89.327779, 39.765974], [-89.325709, 39.765997], [-89.325023, 39.767025], [-89.328604, 39.767571], [-89.328762, 39.769337], [-89.322342, 39.771859], [-89.317775, 39.770793], [-89.315854, 39.771939], [-89.314279, 39.771102], [-89.312581, 39.7713], [-89.307843, 39.774361], [-89.303122, 39.775813], [-89.300444, 39.778414], [-89.301435, 39.779767], [-89.299626, 39.782798], [-89.298289, 39.783299], [-89.299715, 39.78454], [-89.296953, 39.789502], [-89.294117, 39.790176], [-89.291906, 39.789779], [-89.291555, 39.790668], [-89.29261, 39.792269], [-89.292104, 39.792754], [-89.288217, 39.792046], [-89.285722, 39.793799], [-89.283393, 39.793853], [-89.282677, 39.79461], [-89.283678, 39.79576], [-89.281774, 39.796607], [-89.281349, 39.798899], [-89.279542, 39.798924], [-89.278778, 39.800094], [-89.276406, 39.799144], [-89.274325, 39.800054], [-89.272091, 39.801125], [-89.270808, 39.803602], [-89.265373, 39.806422], [-89.264588, 39.804278], [-89.260966, 39.805093], [-89.259752, 39.806782], [-89.259973, 39.808002], [-89.257175, 39.809808], [-89.256717, 39.813118]]]}, "properties": {"GEOID": "17021", "NAME": "Christian", "top_species": [{"name": "Black walnut", "volume": 1191588}, {"name": "Black cherry", "volume": 790077}, {"name": "American sycamore", "volume": 292223}, {"name": "Osage-orange", "volume": 180421}, {"name": "Boxelder", "volume": 132769}], "American basswood": null, "American sycamore": 292223, "Black cherry": 790077, "Black locust": null, "Black walnut": 1191588, "Boxelder": 132769, "Bur oak": null, "Butternut": null, "Common persimmon": null, "Eastern redcedar": null, "Northern red oak": null, "Osage-orange": 180421, "Red mulberry": null, "Shagbark hickory": null, "Sugar maple": null, "White oak": null}}, {"type": "Feature", "geometry": {"type": "Polygon", "coordinates": [[[-90.444339, 40.714868], [-90.437652, 41.151463], [-90.323179, 41.151197], [-90.208816, 41.15211], [-90.096311, 41.14988], [-89.984559, 41.149394], [-89.986064, 40.712361], [-90.444339, 40.714868]]]}, "properties": {"GEOID": "17095", "NAME": "Knox", "top_species": [{"name": "Black walnut", "volume": 3436339}, {"name": "Northern red oak", "volume": 2132141}, {"name": "White oak", "volume": 2058198}, {"name": "Black cherry", "volume": 1910670}, {"name": "Osage-orange", "volume": 1363669}], "American basswood": null, "American sycamore": null, "Black cherry": 1910670, "Black locust": null, "Black walnut": 3436339, "Boxelder": 30180, "Bur oak": 771880, "Butternut": null, "Common persimmon": null, "Eastern redcedar": null, "Northern red oak": 2132141, "Osage-orange": 1363669, "Red mulberry": null, "Shagbark hickory": 125202, "Sugar maple": 1087244, "White oak": 2058198}}, {"type": "Feature", "geometry": {"type": "Polygon", "coordinates": [[[-88.628997, 42.495045], [-88.199389, 42.495133], [-88.198245, 42.241559], [-88.199042, 42.236044], [-88.199584, 42.15426], [-88.237067, 42.154288], [-88.247839, 42.153627], [-88.705585, 42.153537], [-88.705748, 42.39631], [-88.707421, 42.493596], [-88.628997, 42.495045]]]}, "properties": {"GEOID": "17111", "NAME": "McHenry", "top_species": [{"name": "Bur oak", "volume": 8230234}, {"name": "Black cherry", "volume": 3349695}, {"name": "Black locust", "volume": 2022832}, {"name": "White oak", "volume": 1978884}, {"name": "Black walnut", "volume": 1622217}], "American basswood": null, "American sycamore": null, "Black cherry": 3349695, "Black locust": 2022832, "Black walnut": 1622217, "Boxelder": 1405465, "Bur oak": 8230234, "Butternut": null, "Common persimmon": null, "Eastern redcedar": null, "Northern red oak": null, "Osage-orange": null, "Red mulberry": null, "Shagbark hickory": 236531, "Sugar maple": null, "White oak": 1978884}}, {"type": "Feature", "geometry": {"type": "Polygon", "coordinates": [[[-90.161326, 42.109721], [-90.162895, 42.116718], [-90.17041, 42.125021], [-90.190452, 42.125779], [-90.197342, 42.128163], [-90.201404, 42.130937], [-90.20536, 42.139079], [-90.206369, 42.1455], [-90.20826, 42.15099], [-90.209479, 42.15268], [-90.216107, 42.15673], [-90.234919, 42.165431], [-90.250129, 42.171469], [-90.26908, 42.1745], [-90.282173, 42.178846], [-90.298442, 42.187576], [-90.317395, 42.193645], [-90.115362, 42.197156], [-89.860794, 42.196673], [-89.860567, 42.198027], [-89.746738, 42.197961], [-89.688486, 42.199112], [-89.685984, 42.112009], [-89.684694, 42.025933], [-89.685397, 42.023886], [-89.686466, 41.944783], [-89.686455, 41.936927], [-89.685366, 41.93034], [-89.826181, 41.930165], [-89.976404, 41.931218], [-90.15198, 41.928917], [-90.1516, 41.931002], [-90.152659, 41.933058], [-90.163847, 41.944934], [-90.164939, 41.948861], [-90.164135, 41.956178], [-90.162141, 41.961293], [-90.158592, 41.967117], [-90.156315, 41.969113], [-90.153828, 41.974121], [-90.148599, 41.978269], [-90.146225, 41.981329], [-90.146033, 41.988139], [-90.140613, 41.995999], [-90.140061, 42.003252], [-90.142306, 42.011839], [-90.144683, 42.016198], [-90.148096, 42.020014], [-90.151579, 42.030633], [-90.158829, 42.037769], [-90.163446, 42.040407], [-90.164485, 42.042105], [-90.165294, 42.050973], [-90.166853, 42.05491], [-90.165555, 42.062638], [-90.168358, 42.075779], [-90.162615, 42.090995], [-90.16112, 42.104404], [-90.161326, 42.109721]]]}, "properties": {"GEOID": "17015", "NAME": "Carroll", "top_species": [{"name": "Black locust", "volume": 3247645}, {"name": "Boxelder", "volume": 3100973}, {"name": "Black walnut", "volume": 1678330}, {"name": "Northern red oak", "volume": 1346521}, {"name": "American basswood", "volume": 1031249}], "American basswood": 1031249, "American sycamore": null, "Black cherry": 363635, "Black locust": 3247645, "Black walnut": 1678330, "Boxelder": 3100973, "Bur oak": null, "Butternut": null, "Common persimmon": null, "Eastern redcedar": null, "Northern red oak": 1346521, "Osage-orange": null, "Red mulberry": null, "Shagbark hickory": 173963, "Sugar maple": null, "White oak": 750939}}, {"type": "Feature", "geometry": {"type": "Polygon", "coordinates": [[[-88.14954, 38.29968], [-88.147752, 38.461703], [-88.147967, 38.46764], [-88.148574, 38.467645], [-88.147803, 38.569037], [-88.02397, 38.570552], [-87.954618, 38.57025], [-87.955909, 38.5695], [-87.954415, 38.568422], [-87.957222, 38.567611], [-87.958497, 38.566322], [-87.957571, 38.565199], [-87.958286, 38.564601], [-87.957026, 38.563806], [-87.958581, 38.563227], [-87.958802, 38.561373], [-87.955554, 38.558568], [-87.953717, 38.55863], [-87.954631, 38.556829], [-87.953599, 38.556242], [-87.953874, 38.555291], [-87.952356, 38.554754], [-87.954627, 38.553087], [-87.952898, 38.55222], [-87.952814, 38.550354], [-87.951607, 38.549125], [-87.952186, 38.547801], [-87.950387, 38.546967], [-87.950953, 38.545581], [-87.952378, 38.545063], [-87.952872, 38.543181], [-87.94688, 38.540551], [-87.946195, 38.54154], [-87.945293, 38.540783], [-87.943737, 38.541008], [-87.943699, 38.539545], [-87.945074, 38.539325], [-87.941315, 38.53842], [-87.942477, 38.536815], [-87.941188, 38.535549], [-87.939407, 38.536196], [-87.93939, 38.534918], [-87.941666, 38.533744], [-87.938486, 38.533109], [-87.938453, 38.529633], [-87.937174, 38.528145], [-87.938993, 38.527241], [-87.941849, 38.528248], [-87.947034, 38.521747], [-87.948112, 38.521403], [-87.949481, 38.522137], [-87.949189, 38.520283], [-87.951725, 38.520627], [-87.953005, 38.519619], [-87.953063, 38.517949], [-87.95452, 38.516507], [-87.953558, 38.515569], [-87.955044, 38.514723], [-87.953966, 38.514288], [-87.95207, 38.51541], [-87.95172, 38.514495], [-87.949419, 38.515068], [-87.948165, 38.514244], [-87.950064, 38.512191], [-87.953392, 38.51077], [-87.952363, 38.508304], [-87.950731, 38.508351], [-87.952474, 38.507314], [-87.949754, 38.507164], [-87.950339, 38.506271], [-87.949754, 38.506047], [-87.948979, 38.508375], [-87.948292, 38.507833], [-87.948469, 38.506143], [-87.947608, 38.505757], [-87.948451, 38.504492], [-87.950976, 38.504366], [-87.951598, 38.503561], [-87.954009, 38.503806], [-87.954271, 38.501703], [-87.953003, 38.500498], [-87.955662, 38.500146], [-87.955801, 38.499257], [-87.954524, 38.497964], [-87.956815, 38.4971], [-87.955819, 38.493996], [-87.953273, 38.492898], [-87.955822, 38.491561], [-87.955734, 38.489683], [-87.953112, 38.488125], [-87.951002, 38.488719], [-87.950667, 38.487716], [-87.952326, 38.486091], [-87.951918, 38.485358], [-87.949006, 38.486274], [-87.949618, 38.485061], [-87.953461, 38.483824], [-87.953607, 38.48268], [-87.951488, 38.480637], [-87.953198, 38.480254], [-87.951892, 38.479361], [-87.947972, 38.478926], [-87.948633, 38.475063], [-87.948295, 38.471079], [-87.945015, 38.472564], [-87.944859, 38.470514], [-87.94687, 38.469967], [-87.947667, 38.468669], [-87.944083, 38.46739], [-87.948275, 38.464574], [-87.948216, 38.463521], [-87.945105, 38.463988], [-87.943742, 38.461359], [-87.941808, 38.462433], [-87.942327, 38.460601], [-87.947457, 38.45841], [-87.945268, 38.456433], [-87.943398, 38.456999], [-87.943321, 38.456255], [-87.948477, 38.45393], [-87.948506, 38.453312], [-87.94609, 38.453175], [-87.945682, 38.452283], [-87.944606, 38.452534], [-87.944023, 38.450406], [-87.942888, 38.449629], [-87.944578, 38.448736], [-87.946758, 38.449124], [-87.945566, 38.447133], [-87.943848, 38.446652], [-87.944604, 38.445805], [-87.948544, 38.445894], [-87.948579, 38.444198], [-87.945222, 38.444853], [-87.944915, 38.442786], [-87.946556, 38.441076], [-87.949023, 38.442098], [-87.947506, 38.438227], [-87.95021, 38.43712], [-87.952634, 38.432047], [-87.951935, 38.430033], [-87.948211, 38.430056], [-87.947512, 38.429438], [-87.951003, 38.425913], [-87.952748, 38.425523], [-87.954223, 38.426451], [-87.955599, 38.425248], [-87.954294, 38.423647], [-87.951902, 38.423964], [-87.950796, 38.423278], [-87.952016, 38.418423], [-87.95382, 38.417667], [-87.955246, 38.419865], [-87.958128, 38.42076], [-87.959786, 38.420073], [-87.961008, 38.417164], [-87.963887, 38.4149], [-87.965924, 38.411237], [-87.970228, 38.410641], [-87.970985, 38.406956], [-87.969848, 38.404416], [-87.970428, 38.402218], [-87.975053, 38.401484], [-87.976012, 38.400614], [-87.974743, 38.397856], [-87.971891, 38.394914], [-87.965859, 38.39533], [-87.964956, 38.391072], [-87.968474, 38.389355], [-87.973069, 38.389353], [-87.976759, 38.384271], [-87.977221, 38.377839], [-87.975942, 38.373354], [-87.973578, 38.370792], [-87.973398, 38.36567], [-87.968443, 38.359969], [-87.967298, 38.353556], [-87.965815, 38.352091], [-87.958047, 38.348291], [-87.957805, 38.344158], [-87.954445, 38.339733], [-87.954125, 38.336208], [-87.957089, 38.332522], [-87.955547, 38.325472], [-87.958015, 38.321008], [-87.95803, 38.319635], [-87.955767, 38.317228], [-87.947582, 38.318667], [-87.946828, 38.317782], [-87.947089, 38.316958], [-87.949094, 38.316889], [-87.946101, 38.315287], [-87.946769, 38.313296], [-87.948512, 38.312861], [-87.946246, 38.310664], [-87.946594, 38.308672], [-87.949528, 38.307001], [-87.954392, 38.308441], [-87.957049, 38.306096], [-87.956393, 38.304548], [-87.952955, 38.30304], [-87.954958, 38.300568], [-87.957259, 38.299672], [-87.95397, 38.296745], [-87.953824, 38.294365], [-87.951994, 38.292946], [-87.951092, 38.290935], [-87.954599, 38.290644], [-87.955914, 38.29187], [-87.958325, 38.290358], [-87.960717, 38.291185], [-87.96164, 38.290487], [-87.960968, 38.289], [-87.966525, 38.286376], [-87.966998, 38.284091], [-87.969511, 38.283694], [-87.970361, 38.285065], [-87.972045, 38.284127], [-87.973819, 38.28461], [-87.97531, 38.281427], [-87.977837, 38.282456], [-87.976413, 38.280442], [-87.976628, 38.278835], [-87.975395, 38.277865], [-87.97766, 38.277489], [-87.97795, 38.276733], [-87.973561, 38.275135], [-87.972848, 38.274218], [-87.975974, 38.273186], [-87.978538, 38.274077], [-87.979255, 38.272979], [-87.97908, 38.270889], [-87.981228, 38.271055], [-87.980968, 38.272727], [-87.984482, 38.274328], [-87.989382, 38.273224], [-87.990228, 38.270571], [-87.9889, 38.268854], [-87.990198, 38.268585], [-87.991318, 38.270197], [-87.991743, 38.269458], [-87.990942, 38.268336], [-87.990812, 38.265413], [-87.992328, 38.262451], [-87.990628, 38.259629], [-88.027677, 38.259894], [-88.027749, 38.255661], [-88.150891, 38.256156], [-88.14954, 38.29968]]]}, "properties": {"GEOID": "17047", "NAME": "Edwards", "top_species": [{"name": "Shagbark hickory", "volume": 495669}, {"name": "White oak", "volume": 335858}, {"name": "Black cherry", "volume": 170938}, {"name": "Northern red oak", "volume": 109235}, {"name": "Red mulberry", "volume": 101606}], "American basswood": null, "American sycamore": null, "Black cherry": 170938, "Black locust": null, "Black walnut": 81504, "Boxelder": 14840, "Bur oak": 52847, "Butternut": null, "Common persimmon": null, "Eastern redcedar": null, "Northern red oak": 109235, "Osage-orange": null, "Red mulberry": 101606, "Shagbark hickory": 495669, "Sugar maple": null, "White oak": 335858}}, {"type": "Feature", "geometry": {"type": "Polygon", "coordinates": [[[-91.013899, 40.895619], [-91.009536, 40.900565], [-91.000142, 40.90733], [-90.985462, 40.912141], [-90.97919, 40.915522], [-90.968995, 40.919127], [-90.965344, 40.921633], [-90.96256, 40.925831], [-90.960462, 40.936356], [-90.952233, 40.954047], [-90.951967, 40.958238], [-90.952715, 40.962087], [-90.958089, 40.976643], [-90.958142, 40.979767], [-90.955201, 40.986805], [-90.949634, 40.995248], [-90.945949, 41.006495], [-90.945054, 41.011917], [-90.945324, 41.019279], [-90.942253, 41.034702], [-90.94232, 41.038472], [-90.94395, 41.045154], [-90.943652, 41.048637], [-90.945999, 41.056336], [-90.945549, 41.06173], [-90.948989, 41.07025], [-90.785194, 41.068749], [-90.786363, 41.018973], [-90.788615, 40.741792], [-90.789636, 40.697413], [-90.789652, 40.63575], [-90.904388, 40.639202], [-90.913894, 40.637748], [-90.961517, 40.637256], [-91.02263, 40.634946], [-91.185295, 40.637803], [-91.154293, 40.653596], [-91.138055, 40.660893], [-91.123928, 40.669152], [-91.12082, 40.672777], [-91.115407, 40.691825], [-91.11194, 40.697018], [-91.110927, 40.703262], [-91.111095, 40.708282], [-91.115735, 40.725168], [-91.110424, 40.745528], [-91.1082, 40.750935], [-91.102486, 40.757076], [-91.098105, 40.763233], [-91.091703, 40.779708], [-91.091246, 40.786724], [-91.092256, 40.792909], [-91.097031, 40.802471], [-91.097649, 40.805575], [-91.096946, 40.811403], [-91.092993, 40.821079], [-91.090072, 40.824638], [-91.077521, 40.833405], [-91.067159, 40.841997], [-91.058749, 40.846309], [-91.05643, 40.848387], [-91.044653, 40.868356], [-91.039097, 40.873565], [-91.027489, 40.879173], [-91.021562, 40.884021], [-91.013899, 40.895619]]]}, "properties": {"GEOID": "17071", "NAME": "Henderson", "top_species": [{"name": "Black locust", "volume": 2987794}, {"name": "White oak", "volume": 744195}, {"name": "Black cherry", "volume": 538380}, {"name": "Black walnut", "volume": 259965}, {"name": "Eastern redcedar", "volume": 216252}], "American basswood": null, "American sycamore": null, "Black cherry": 538380, "Black locust": 2987794, "Black walnut": 259965, "Boxelder": 34276, "Bur oak": null, "Butternut": null, "Common persimmon": null, "Eastern redcedar": 216252, "Northern red oak": null, "Osage-orange": null, "Red mulberry": 25806, "Shagbark hickory": null, "Sugar maple": null, "White oak": 744195}}, {"type": "Feature", "geometry": {"type": "Polygon", "coordinates": [[[-89.65793, 37.855957], [-89.595073, 37.955343], [-89.300513, 37.950784], [-89.150834, 37.950196], [-89.151759, 37.759707], [-89.153617, 37.600237], [-89.210179, 37.599313], [-89.219654, 37.598574], [-89.453202, 37.60009], [-89.451697, 37.599131], [-89.448598, 37.598821], [-89.447899, 37.597984], [-89.449242, 37.594811], [-89.44942, 37.591466], [-89.454758, 37.587369], [-89.453241, 37.579194], [-89.457978, 37.574681], [-89.462493, 37.566631], [-89.467731, 37.563166], [-89.471483, 37.561989], [-89.474243, 37.562091], [-89.478496, 37.563978], [-89.48269, 37.567369], [-89.487582, 37.567103], [-89.493355, 37.569727], [-89.50213, 37.570554], [-89.503223, 37.572446], [-89.500739, 37.575507], [-89.500647, 37.576681], [-89.50325, 37.578156], [-89.510694, 37.57856], [-89.51807, 37.572935], [-89.521564, 37.572156], [-89.520804, 37.581154], [-89.518007, 37.583961], [-89.511936, 37.584564], [-89.494051, 37.580116], [-89.48906, 37.580318], [-89.48434, 37.581415], [-89.479111, 37.584388], [-89.477548, 37.585885], [-89.47603, 37.590226], [-89.476514, 37.595554], [-89.478399, 37.598869], [-89.487793, 37.609167], [-89.497097, 37.616177], [-89.506563, 37.62505], [-89.510526, 37.631754], [-89.515649, 37.636445], [-89.517718, 37.641217], [-89.51586, 37.645555], [-89.516827, 37.656089], [-89.516146, 37.667975], [-89.51204, 37.680985], [-89.512009, 37.685525], [-89.514255, 37.689923], [-89.519233, 37.694744], [-89.52573, 37.698441], [-89.531427, 37.700334], [-89.538652, 37.701054], [-89.566704, 37.707189], [-89.573516, 37.709065], [-89.583316, 37.713261], [-89.586737, 37.716811], [-89.591281, 37.723467], [-89.59169, 37.725444], [-89.593696, 37.727691], [-89.594694, 37.730423], [-89.597481, 37.733477], [-89.608757, 37.739684], [-89.612509, 37.740035], [-89.615744, 37.742725], [-89.615933, 37.748184], [-89.617278, 37.74972], [-89.626332, 37.749046], [-89.63337, 37.745782], [-89.645429, 37.746108], [-89.64953, 37.745496], [-89.660061, 37.74824], [-89.665546, 37.752095], [-89.667993, 37.759484], [-89.66119, 37.775732], [-89.660227, 37.781032], [-89.66038, 37.786296], [-89.669644, 37.799922], [-89.674321, 37.803152], [-89.680865, 37.822501], [-89.678383, 37.823898], [-89.676264, 37.824027], [-89.675871, 37.824835], [-89.672202, 37.825381], [-89.668175, 37.829595], [-89.665464, 37.828282], [-89.664439, 37.829131], [-89.664506, 37.831072], [-89.663229, 37.831499], [-89.66433, 37.831718], [-89.664344, 37.833207], [-89.661823, 37.835057], [-89.662276, 37.837643], [-89.660289, 37.838419], [-89.661044, 37.839945], [-89.659458, 37.840683], [-89.659422, 37.843071], [-89.658374, 37.843594], [-89.659343, 37.844525], [-89.657134, 37.847057], [-89.658166, 37.847591], [-89.657067, 37.849551], [-89.65716, 37.851342], [-89.658333, 37.852393], [-89.65793, 37.855957]]]}, "properties": {"GEOID": "17077", "NAME": "Jackson", "top_species": [{"name": "White oak", "volume": 4739979}, {"name": "Boxelder", "volume": 2120429}, {"name": "American sycamore", "volume": 2103176}, {"name": "Black walnut", "volume": 2029249}, {"name": "Sugar maple", "volume": 1861915}], "American basswood": 7608, "American sycamore": 2103176, "Black cherry": 677119, "Black locust": null, "Black walnut": 2029249, "Boxelder": 2120429, "Bur oak": 49602, "Butternut": null, "Common persimmon": 484663, "Eastern redcedar": 116323, "Northern red oak": 1482641, "Osage-orange": null, "Red mulberry": 499041, "Shagbark hickory": 704653, "Sugar maple": 1861915, "White oak": 4739979}}]}