{"type": "FeatureCollection", "features": [{"type": "Feature", "geometry": {"type": "MultiPolygon", "coordinates": [[[[85.116166, 27.882899], [85.116413, 27.88352], [85.116577, 27.883847], [85.116577, 27.882784], [85.116127, 27.882784], [85.116166, 27.882899]]]]}, "properties": {"projectId": 63069, "layer": "buildings", "taskId": 62, "status": "MAPPED"}}, {"type": "Feature", "geometry": {"type": "MultiPolygon", "coordinates": [[[[85.161244, 27.921398], [85.161004, 27.920576], [85.160644, 27.919502], [85.160522, 27.919253], [85.160522, 27.92162], [85.161294, 27.92162], [85.161244, 27.921398]]]]}, "properties": {"projectId": 63069, "layer": "buildings", "taskId": 164, "status": "MAPPED"}}, {"type": "Feature", "geometry": {"type": "MultiPolygon", "coordinates": [[[[85.171509, 27.97543], [85.171509, 27.974998], [85.171059, 27.974998], [85.171509, 27.97543]]], [[[85.171234, 27.977211], [85.170891, 27.978007], [85.170543, 27.978998], [85.17032, 27.979849], [85.171509, 27.979849], [85.171509, 27.976624], [85.171234, 27.977211]]]]}, "properties": {"projectId": 63069, "layer": "buildings", "taskId": 185, "status": "MAPPED"}}, {"type": "Feature", "geometry": {"type": "MultiPolygon", "coordinates": [[[[85.183064, 28.033601], [85.183669, 28.033813], [85.183586, 28.034793], [85.183503, 28.03673], [85.183537, 28.038046], [85.187988, 28.038046], [85.187988, 28.033198], [85.182495, 28.033198], [85.182495, 28.033364], [85.183064, 28.033601]]]]}, "properties": {"projectId": 63069, "layer": "buildings", "taskId": 241, "status": "MAPPED"}}, {"type": "Feature", "geometry": {"type": "MultiPolygon", "coordinates": [[[[85.110557, 27.850516], [85.109841, 27.850218], [85.10909, 27.849948], [85.108457, 27.849768], [85.107672, 27.8496], [85.106832, 27.849459], [85.105591, 27.849251], [85.105591, 27.853647], [85.111084, 27.853647], [85.111084, 27.850776], [85.110557, 27.850516]]]]}, "properties": {"projectId": 63069, "layer": "buildings", "taskId": 48, "status": "MAPPED"}}, {"type": "Feature", "geometry": {"type": "MultiPolygon", "coordinates": [[[[85.199199, 28.076925], [85.199637, 28.07772], [85.200127, 28.078417], [85.20106, 28.079573], [85.201518, 28.080087], [85.201966, 28.080524], [85.202445, 28.080934], [85.202953, 28.081315], [85.203489, 28.081666], [85.203503, 28.081674], [85.204468, 28.081674], [85.204468, 28.076827], [85.199159, 28.076827], [85.199199, 28.076925]]]]}, "properties": {"projectId": 63069, "layer": "buildings", "taskId": 298, "status": "MAPPED"}}, {"type": "Feature", "geometry": {"type": "MultiPolygon", "coordinates": [[[[85.270826, 28.117567], [85.271334, 28.117948], [85.27187, 28.118299], [85.272431, 28.118618], [85.273014, 28.118904], [85.273606, 28.119313], [85.274184, 28.120295], [85.274289, 28.120429], [85.274297, 28.120439], [85.275879, 28.120439], [85.275879, 28.115594], [85.270386, 28.115594], [85.270386, 28.117191], [85.270826, 28.117567]]]]}, "properties": {"projectId": 63069, "layer": "buildings", "taskId": 392, "status": "MAPPED"}}, {"type": "Feature", "geometry": {"type": "MultiPolygon", "coordinates": [[[[85.304294, 28.149516], [85.305133, 28.150018], [85.305717, 28.150659], [85.306166, 28.151095], [85.306853, 28.151662], [85.307631, 28.152228], [85.308215, 28.152612], [85.308775, 28.152931], [85.308838, 28.152962], [85.308838, 28.149503], [85.304272, 28.149503], [85.304294, 28.149516]]]]}, "properties": {"projectId": 63069, "layer": "buildings", "taskId": 440, "status": "MAPPED"}}, {"type": "Feature", "geometry": {"type": "MultiPolygon", "coordinates": [[[[85.337976, 28.14946], [85.337143, 28.149006], [85.336304, 28.14831], [85.336304, 28.149503], [85.33804, 28.149503], [85.337976, 28.14946]]]]}, "properties": {"projectId": 63069, "layer": "buildings", "taskId": 479, "status": "VALIDATED"}}, {"type": "Feature", "geometry": {"type": "MultiPolygon", "coordinates": [[[[85.066016, 27.84879], [85.067139, 27.84879], [85.067139, 27.845923], [85.066016, 27.84879]]]]}, "properties": {"projectId": 63069, "layer": "buildings", "taskId": 4, "status": "VALIDATED"}}, {"type": "Feature", "geometry": {"type": "MultiPolygon", "coordinates": [[[[85.34502, 28.154112], [85.344571, 28.153675], [85.344091, 28.153266], [85.343513, 28.152838], [85.342342, 28.152053], [85.341797, 28.151742], [85.341797, 28.154347], [85.345223, 28.154347], [85.34502, 28.154112]]]]}, "properties": {"projectId": 63069, "layer": "buildings", "taskId": 491, "status": "VALIDATED"}}, {"type": "Feature", "geometry": {"type": "MultiPolygon", "coordinates": [[[[85.247887, 28.083082], [85.24703, 28.083054], [85.246244, 28.083062], [85.2455, 28.083121], [85.244772, 28.083132], [85.244026, 28.082867], [85.243392, 28.082687], [85.24292, 28.082583], [85.24292, 28.08652], [85.248413, 28.08652], [85.248413, 28.083078], [85.247887, 28.083082]]]]}, "properties": {"projectId": 63069, "layer": "buildings", "taskId": 357, "status": "MAPPED"}}, {"type": "Feature", "geometry": {"type": "MultiPolygon", "coordinates": [[[[85.15498, 27.913999], [85.154378, 27.913747], [85.15376, 27.913531], [85.153424, 27.913432], [85.153017, 27.913311], [85.152125, 27.912941], [85.150748, 27.912455], [85.149939, 27.912216], [85.149536, 27.912121], [85.149536, 27.916767], [85.155029, 27.916767], [85.155029, 27.914023], [85.15498, 27.913999]]]]}, "properties": {"projectId": 63069, "layer": "buildings", "taskId": 141, "status": "MAPPED"}}, {"type": "Feature", "geometry": {"type": "MultiPolygon", "coordinates": [[[[85.131798, 27.867686], [85.131254, 27.867274], [85.13072, 27.866923], [85.130161, 27.866604], [85.12958, 27.866317], [85.128979, 27.866065], [85.128196, 27.8658], [85.127563, 27.865621], [85.127563, 27.868217], [85.132438, 27.868217], [85.131798, 27.867686]]]]}, "properties": {"projectId": 63069, "layer": "buildings", "taskId": 85, "status": "MAPPED"}}, {"type": "Feature", "geometry": {"type": "MultiPolygon", "coordinates": [[[[85.155029, 27.955591], [85.160522, 27.955591], [85.160522, 27.960443], [85.155029, 27.960443], [85.155029, 27.955591]]]]}, "properties": {"projectId": 63069, "layer": "buildings", "taskId": 161, "status": "MAPPED"}}, {"type": "Feature", "geometry": {"type": "MultiPolygon", "coordinates": [[[[85.05814, 27.868899], [85.058794, 27.869004], [85.059454, 27.869071], [85.060118, 27.8691], [85.061032, 27.869074], [85.061646, 27.869022], [85.061646, 27.868217], [85.058407, 27.868217], [85.05814, 27.868899]]]]}, "properties": {"projectId": 63069, "layer": "buildings", "taskId": 3, "status": "VALIDATED"}}, {"type": "Feature", "geometry": {"type": "MultiPolygon", "coordinates": [[[[85.370971, 28.23174], [85.371055, 28.231421], [85.371172, 28.23084], [85.371186, 28.230751], [85.371343, 28.229721], [85.371403, 28.229224], [85.371434, 28.228634], [85.371421, 28.228043], [85.371385, 28.227614], [85.371332, 28.22715], [85.371375, 28.226975], [85.371376, 28.22697], [85.369263, 28.22697], [85.369263, 28.23181], [85.370951, 28.23181], [85.370971, 28.23174]]]]}, "properties": {"projectId": 63069, "layer": "buildings", "taskId": 585, "status": "MAPPED"}}, {"type": "Feature", "geometry": {"type": "MultiPolygon", "coordinates": [[[[85.165768, 27.932915], [85.165541, 27.932204], [85.165366, 27.931327], [85.160522, 27.931327], [85.160522, 27.936181], [85.166016, 27.936181], [85.166016, 27.933401], [85.165768, 27.932915]]]]}, "properties": {"projectId": 63069, "layer": "buildings", "taskId": 167, "status": "MAPPED"}}, {"type": "Feature", "geometry": {"type": "MultiPolygon", "coordinates": [[[[85.281372, 28.105903], [85.286865, 28.105903], [85.286865, 28.110749], [85.281372, 28.110749], [85.281372, 28.105903]]]]}, "properties": {"projectId": 63069, "layer": "buildings", "taskId": 403, "status": "MAPPED"}}, {"type": "Feature", "geometry": {"type": "MultiPolygon", "coordinates": [[[[85.371384, 28.226937], [85.371502, 28.226356], [85.371576, 28.225769], [85.371607, 28.225179], [85.371607, 28.224956], [85.371596, 28.224093], [85.371583, 28.223726], [85.371526, 28.223137], [85.371427, 28.222554], [85.371322, 28.22213], [85.369263, 28.22213], [85.369263, 28.22697], [85.371376, 28.22697], [85.371384, 28.226937]]]]}, "properties": {"projectId": 63069, "layer": "buildings", "taskId": 584, "status": "MAPPED"}}, {"type": "Feature", "geometry": {"type": "MultiPolygon", "coordinates": [[[[85.350936, 28.227532], [85.350948, 28.227882], [85.350916, 28.227955], [85.350714, 28.228518], [85.350554, 28.229091], [85.350436, 28.229673], [85.350362, 28.230259], [85.350347, 28.230442], [85.35034, 28.230557], [85.350097, 28.231009], [85.349871, 28.231464], [85.349832, 28.231541], [85.349808, 28.231593], [85.349704, 28.23181], [85.352783, 28.23181], [85.352783, 28.22697], [85.350929, 28.22697], [85.350936, 28.227532]]]]}, "properties": {"projectId": 63069, "layer": "buildings", "taskId": 522, "status": "MAPPED"}}, {"type": "Feature", "geometry": {"type": "MultiPolygon", "coordinates": [[[[85.193547, 28.053565], [85.194232, 28.054575], [85.19503, 28.05547], [85.196031, 28.056411], [85.196541, 28.05685], [85.197168, 28.057312], [85.197304, 28.057439], [85.198975, 28.057439], [85.198975, 28.052591], [85.193481, 28.052591], [85.193481, 28.053431], [85.193547, 28.053565]]]]}, "properties": {"projectId": 63069, "layer": "buildings", "taskId": 281, "status": "BADIMAGERY"}}, {"type": "Feature", "geometry": {"type": "MultiPolygon", "coordinates": [[[[85.194684, 28.003918], [85.194589, 28.002746], [85.194998, 28.001733], [85.195361, 28.001038], [85.195651, 28.000395], [85.195934, 27.999546], [85.195994, 27.999252], [85.193481, 27.999252], [85.193481, 28.004102], [85.194674, 28.004102], [85.194684, 28.003918]]]]}, "properties": {"projectId": 63069, "layer": "buildings", "taskId": 270, "status": "MAPPED"}}, {"type": "Feature", "geometry": {"type": "MultiPolygon", "coordinates": [[[[85.126339, 27.908354], [85.126249, 27.908447], [85.125724, 27.909062], [85.125203, 27.909816], [85.125005, 27.910188], [85.126339, 27.910188], [85.126339, 27.908354]]]]}, "properties": {"projectId": 63069, "layer": "buildings", "taskId": 631, "status": "MAPPED"}}, {"type": "Feature", "geometry": {"type": "MultiPolygon", "coordinates": [[[[85.336265, 28.148278], [85.335731, 28.147768], [85.335216, 28.14711], [85.334689, 28.146536], [85.333722, 28.145596], [85.333129, 28.14508], [85.33262, 28.144699], [85.33256, 28.14466], [85.330811, 28.14466], [85.330811, 28.149503], [85.336304, 28.149503], [85.336304, 28.14831], [85.336265, 28.148278]]]]}, "properties": {"projectId": 63069, "layer": "buildings", "taskId": 469, "status": "VALIDATED"}}, {"type": "Feature", "geometry": {"type": "MultiPolygon", "coordinates": [[[[85.174971, 27.999252], [85.177002, 27.999252], [85.177002, 27.996595], [85.174971, 27.996595], [85.174971, 27.999252]]]]}, "properties": {"projectId": 63069, "layer": "buildings", "taskId": 654, "status": "MAPPED"}}, {"type": "Feature", "geometry": {"type": "MultiPolygon", "coordinates": [[[[85.172821, 27.996595], [85.172866, 27.996707], [85.173465, 27.997742], [85.174113, 27.998695], [85.174035, 27.999252], [85.174971, 27.999252], [85.174971, 27.996595], [85.172821, 27.996595]]]]}, "properties": {"projectId": 63069, "layer": "buildings", "taskId": 652, "status": "MAPPED"}}, {"type": "Feature", "geometry": {"type": "MultiPolygon", "coordinates": [[[[85.172134, 27.994444], [85.172417, 27.995597], [85.172821, 27.996595], [85.174971, 27.996595], [85.174971, 27.994401], [85.172122, 27.994401], [85.172134, 27.994444]]]]}, "properties": {"projectId": 63069, "layer": "buildings", "taskId": 651, "status": "MAPPED"}}, {"type": "Feature", "geometry": {"type": "MultiPolygon", "coordinates": [[[[85.177002, 27.996595], [85.177002, 27.994401], [85.174971, 27.994401], [85.174971, 27.996595], [85.177002, 27.996595]]]]}, "properties": {"projectId": 63069, "layer": "buildings", "taskId": 653, "status": "MAPPED"}}, {"type": "Feature", "geometry": {"type": "MultiPolygon", "coordinates": [[[[85.319351, 28.135177], [85.31907, 28.134972], [85.314331, 28.134972], [85.314331, 28.139816], [85.319824, 28.139816], [85.319824, 28.135581], [85.319351, 28.135177]]]]}, "properties": {"projectId": 63069, "layer": "buildings", "taskId": 450, "status": "VALIDATED"}}, {"type": "Feature", "geometry": {"type": "MultiPolygon", "coordinates": [[[[85.07199, 27.844076], [85.070709, 27.844223], [85.069933, 27.844357], [85.069799, 27.84438], [85.069026, 27.84455], [85.068369, 27.844717], [85.067497, 27.845008], [85.067426, 27.84519], [85.067139, 27.845923], [85.067139, 27.84879], [85.072632, 27.84879], [85.072632, 27.844035], [85.07199, 27.844076]]]]}, "properties": {"projectId": 63069, "layer": "buildings", "taskId": 10, "status": "VALIDATED"}}, {"type": "Feature", "geometry": {"type": "MultiPolygon", "coordinates": [[[[85.127373, 27.907337], [85.126826, 27.907847], [85.12652, 27.908165], [85.126339, 27.908354], [85.126339, 27.910188], [85.127563, 27.910188], [85.127563, 27.907184], [85.127373, 27.907337]]]]}, "properties": {"projectId": 63069, "layer": "buildings", "taskId": 633, "status": "MAPPED"}}, {"type": "Feature", "geometry": {"type": "MultiPolygon", "coordinates": [[[[85.073793, 27.863692], [85.074888, 27.864147], [85.075636, 27.864415], [85.076268, 27.864596], [85.076913, 27.864739], [85.077859, 27.864882], [85.078125, 27.864912], [85.078125, 27.86336], [85.073046, 27.86336], [85.073793, 27.863692]]]]}, "properties": {"projectId": 63069, "layer": "buildings", "taskId": 19, "status": "VALIDATED"}}, {"type": "Feature", "geometry": {"type": "MultiPolygon", "coordinates": [[[[85.138609, 27.929957], [85.1388, 27.930989], [85.138909, 27.931327], [85.144043, 27.931327], [85.144043, 27.926474], [85.13855, 27.926474], [85.13855, 27.929369], [85.138609, 27.929957]]]]}, "properties": {"projectId": 63069, "layer": "buildings", "taskId": 121, "status": "MAPPED"}}, {"type": "Feature", "geometry": {"type": "MultiPolygon", "coordinates": [[[[85.064114, 27.853647], [85.067139, 27.853647], [85.067139, 27.84879], [85.066016, 27.84879], [85.064908, 27.851618], [85.064114, 27.853647]]]]}, "properties": {"projectId": 63069, "layer": "buildings", "taskId": 5, "status": "VALIDATED"}}, {"type": "Feature", "geometry": {"type": "MultiPolygon", "coordinates": [[[[85.116307, 27.854462], [85.115665, 27.854046], [85.115062, 27.853647], [85.111084, 27.853647], [85.111084, 27.858504], [85.116577, 27.858504], [85.116577, 27.854665], [85.116307, 27.854462]]]]}, "properties": {"projectId": 63069, "layer": "buildings", "taskId": 56, "status": "MAPPED"}}, {"type": "Feature", "geometry": {"type": "MultiPolygon", "coordinates": [[[[85.067139, 27.84879], [85.072632, 27.84879], [85.072632, 27.853647], [85.067139, 27.853647], [85.067139, 27.84879]]]]}, "properties": {"projectId": 63069, "layer": "buildings", "taskId": 11, "status": "VALIDATED"}}, {"type": "Feature", "geometry": {"type": "MultiPolygon", "coordinates": [[[[85.358099, 28.188203], [85.357933, 28.187856], [85.357088, 28.186183], [85.356987, 28.185989], [85.356681, 28.185464], [85.356336, 28.184959], [85.356031, 28.184565], [85.355614, 28.184056], [85.355512, 28.183646], [85.355433, 28.183402], [85.352783, 28.183402], [85.352783, 28.188244], [85.358116, 28.188244], [85.358099, 28.188203]]]]}, "properties": {"projectId": 63069, "layer": "buildings", "taskId": 531, "status": "MAPPED"}}, {"type": "Feature", "geometry": {"type": "MultiPolygon", "coordinates": [[[[85.163269, 27.94346], [85.166016, 27.94346], [85.166016, 27.945886], [85.163269, 27.945886], [85.163269, 27.94346]]]]}, "properties": {"projectId": 63069, "layer": "buildings", "taskId": 642, "status": "MAPPED"}}, {"type": "Feature", "geometry": {"type": "MultiPolygon", "coordinates": [[[[85.160522, 27.94346], [85.163269, 27.94346], [85.163269, 27.945886], [85.160522, 27.945886], [85.160522, 27.94346]]]]}, "properties": {"projectId": 63069, "layer": "buildings", "taskId": 640, "status": "MAPPED"}}, {"type": "Feature", "geometry": {"type": "MultiPolygon", "coordinates": [[[[85.163269, 27.941033], [85.166016, 27.941033], [85.166016, 27.94346], [85.163269, 27.94346], [85.163269, 27.941033]]]]}, "properties": {"projectId": 63069, "layer": "buildings", "taskId": 641, "status": "MAPPED"}}, {"type": "Feature", "geometry": {"type": "MultiPolygon", "coordinates": [[[[85.160522, 27.941033], [85.163269, 27.941033], [85.163269, 27.94346], [85.160522, 27.94346], [85.160522, 27.941033]]]]}, "properties": {"projectId": 63069, "layer": "buildings", "taskId": 639, "status": "MAPPED"}}, {"type": "Feature", "geometry": {"type": "MultiPolygon", "coordinates": [[[[85.201426, 28.02347], [85.200851, 28.022496], [85.200152, 28.02159], [85.199058, 28.0204], [85.198975, 28.020318], [85.198975, 28.0235], [85.20144, 28.0235], [85.201426, 28.02347]]]]}, "properties": {"projectId": 63069, "layer": "buildings", "taskId": 286, "status": "VALIDATED"}}, {"type": "Feature", "geometry": {"type": "MultiPolygon", "coordinates": [[[[85.178375, 27.973785], [85.179749, 27.973785], [85.179749, 27.974998], [85.178375, 27.974998], [85.178375, 27.973785]]]]}, "properties": {"projectId": 63069, "layer": "buildings", "taskId": 646, "status": "MAPPED"}}, {"type": "Feature", "geometry": {"type": "MultiPolygon", "coordinates": [[[[85.178375, 27.972572], [85.179749, 27.972572], [85.179749, 27.973785], [85.178375, 27.973785], [85.178375, 27.972572]]]]}, "properties": {"projectId": 63069, "layer": "buildings", "taskId": 645, "status": "MAPPED"}}, {"type": "Feature", "geometry": {"type": "MultiPolygon", "coordinates": [[[[85.177002, 27.972572], [85.178375, 27.972572], [85.178375, 27.973785], [85.177002, 27.973785], [85.177002, 27.972572]]]]}, "properties": {"projectId": 63069, "layer": "buildings", "taskId": 643, "status": "MAPPED"}}, {"type": "Feature", "geometry": {"type": "MultiPolygon", "coordinates": [[[[85.177002, 27.973785], [85.178375, 27.973785], [85.178375, 27.974998], [85.177002, 27.974998], [85.177002, 27.973785]]]]}, "properties": {"projectId": 63069, "layer": "buildings", "taskId": 644, "status": "MAPPED"}}, {"type": "Feature", "geometry": {"type": "MultiPolygon", "coordinates": [[[[85.137765, 27.878091], [85.137481, 27.877928], [85.137105, 27.877928], [85.137105, 27.879211], [85.13855, 27.879211], [85.13855, 27.878596], [85.137765, 27.878091]]]]}, "properties": {"projectId": 63069, "layer": "buildings", "taskId": 625, "status": "MAPPED"}}, {"type": "Feature", "geometry": {"type": "MultiPolygon", "coordinates": [[[[85.137105, 27.879211], [85.137105, 27.880385], [85.13855, 27.880385], [85.13855, 27.879211], [85.137105, 27.879211]]]]}, "properties": {"projectId": 63069, "layer": "buildings", "taskId": 626, "status": "MAPPED"}}, {"type": "Feature", "geometry": {"type": "MultiPolygon", "coordinates": [[[[85.135772, 27.879211], [85.135772, 27.880385], [85.137105, 27.880385], [85.137105, 27.879211], [85.135772, 27.879211]]]]}, "properties": {"projectId": 63069, "layer": "buildings", "taskId": 624, "status": "MAPPED"}}, {"type": "Feature", "geometry": {"type": "MultiPolygon", "coordinates": [[[[85.137105, 27.877928], [85.135772, 27.877928], [85.135772, 27.879211], [85.137105, 27.879211], [85.137105, 27.877928]]]]}, "properties": {"projectId": 63069, "layer": "buildings", "taskId": 623, "status": "MAPPED"}}, {"type": "Feature", "geometry": {"type": "MultiPolygon", "coordinates": [[[[85.188532, 28.048348], [85.189872, 28.049261], [85.19165, 28.049261], [85.19165, 28.047743], [85.187988, 28.047743], [85.187988, 28.047942], [85.188532, 28.048348]]]]}, "properties": {"projectId": 63069, "layer": "buildings", "taskId": 647, "status": "MAPPED"}}, {"type": "Feature", "geometry": {"type": "MultiPolygon", "coordinates": [[[[85.189872, 28.049261], [85.1916, 28.050438], [85.19165, 28.05048], [85.19165, 28.049261], [85.189872, 28.049261]]]]}, "properties": {"projectId": 63069, "layer": "buildings", "taskId": 648, "status": "MAPPED"}}, {"type": "Feature", "geometry": {"type": "MultiPolygon", "coordinates": [[[[85.193481, 28.049261], [85.193481, 28.047743], [85.19165, 28.047743], [85.19165, 28.049261], [85.193481, 28.049261]]]]}, "properties": {"projectId": 63069, "layer": "buildings", "taskId": 649, "status": "MAPPED"}}, {"type": "Feature", "geometry": {"type": "MultiPolygon", "coordinates": [[[[85.19165, 28.05048], [85.192516, 28.051201], [85.193017, 28.052485], [85.193069, 28.052591], [85.193481, 28.052591], [85.193481, 28.049261], [85.19165, 28.049261], [85.19165, 28.05048]]]]}, "properties": {"projectId": 63069, "layer": "buildings", "taskId": 650, "status": "MAPPED"}}, {"type": "Feature", "geometry": {"type": "MultiPolygon", "coordinates": [[[[85.144745, 27.941087], [85.145304, 27.941406], [85.145885, 27.941692], [85.146487, 27.941944], [85.147106, 27.942161], [85.147739, 27.94234], [85.148256, 27.942478], [85.148395, 27.942515], [85.148857, 27.943187], [85.149536, 27.94405], [85.149536, 27.941034], [85.144667, 27.941034], [85.144745, 27.941087]]]]}, "properties": {"projectId": 63069, "layer": "buildings", "taskId": 137, "status": "MAPPED"}}, {"type": "Feature", "geometry": {"type": "MultiPolygon", "coordinates": [[[[85.231604, 28.076244], [85.231037, 28.075921], [85.230455, 28.075635], [85.229852, 28.075384], [85.229087, 28.075124], [85.228958, 28.075087], [85.228284, 28.074892], [85.227627, 28.07464], [85.22644, 28.074119], [85.22644, 28.076827], [85.231934, 28.076827], [85.231934, 28.076447], [85.231604, 28.076244]]]]}, "properties": {"projectId": 63069, "layer": "buildings", "taskId": 339, "status": "VALIDATED"}}, {"type": "Feature", "geometry": {"type": "MultiPolygon", "coordinates": [[[[85.083652, 27.867469], [85.084406, 27.867887], [85.085087, 27.868217], [85.089111, 27.868217], [85.089111, 27.86336], [85.083618, 27.86336], [85.083618, 27.867447], [85.083652, 27.867469]]]]}, "properties": {"projectId": 63069, "layer": "buildings", "taskId": 29, "status": "VALIDATED"}}, {"type": "Feature", "geometry": {"type": "MultiPolygon", "coordinates": [[[[85.148342, 27.896423], [85.148167, 27.896209], [85.147513, 27.895541], [85.147126, 27.89521], [85.147057, 27.89521], [85.147057, 27.896423], [85.148342, 27.896423]]]]}, "properties": {"projectId": 63069, "layer": "buildings", "taskId": 657, "status": "MAPPED"}}, {"type": "Feature", "geometry": {"type": "MultiPolygon", "coordinates": [[[[85.145809, 27.896423], [85.145809, 27.897349], [85.147057, 27.897349], [85.147057, 27.896423], [85.145809, 27.896423]]]]}, "properties": {"projectId": 63069, "layer": "buildings", "taskId": 656, "status": "BADIMAGERY"}}, {"type": "Feature", "geometry": {"type": "MultiPolygon", "coordinates": [[[[85.147057, 27.89521], [85.145809, 27.89521], [85.145809, 27.896423], [85.147057, 27.896423], [85.147057, 27.89521]]]]}, "properties": {"projectId": 63069, "layer": "buildings", "taskId": 655, "status": "MAPPED"}}, {"type": "Feature", "geometry": {"type": "MultiPolygon", "coordinates": [[[[85.148759, 27.896934], [85.148342, 27.896423], [85.147057, 27.896423], [85.147057, 27.897349], [85.149052, 27.897349], [85.148759, 27.896934]]]]}, "properties": {"projectId": 63069, "layer": "buildings", "taskId": 658, "status": "MAPPED"}}, {"type": "Feature", "geometry": {"type": "MultiPolygon", "coordinates": [[[[85.133057, 27.880385], [85.133057, 27.882784], [85.135772, 27.882784], [85.135772, 27.880385], [85.133057, 27.880385]]]]}, "properties": {"projectId": 63069, "layer": "buildings", "taskId": 620, "status": "MAPPED"}}, {"type": "Feature", "geometry": {"type": "MultiPolygon", "coordinates": [[[[85.135772, 27.880385], [85.135772, 27.882784], [85.13855, 27.882784], [85.13855, 27.880385], [85.135772, 27.880385]]]]}, "properties": {"projectId": 63069, "layer": "buildings", "taskId": 622, "status": "MAPPED"}}, {"type": "Feature", "geometry": {"type": "MultiPolygon", "coordinates": [[[[85.135772, 27.877928], [85.133057, 27.877928], [85.133057, 27.880385], [85.135772, 27.880385], [85.135772, 27.877928]]]]}, "properties": {"projectId": 63069, "layer": "buildings", "taskId": 619, "status": "MAPPED"}}, {"type": "Feature", "geometry": {"type": "MultiPolygon", "coordinates": [[[[85.1846, 28.043669], [85.185038, 28.044465], [85.185412, 28.045014], [85.186473, 28.046422], [85.187046, 28.047084], [85.187494, 28.047521], [85.187753, 28.047743], [85.187988, 28.047743], [85.187988, 28.042895], [85.184286, 28.042895], [85.1846, 28.043669]]]]}, "properties": {"projectId": 63069, "layer": "buildings", "taskId": 243, "status": "MAPPED"}}, {"type": "Feature", "geometry": {"type": "MultiPolygon", "coordinates": [[[[85.105591, 27.868217], [85.111084, 27.868217], [85.111084, 27.873073], [85.105591, 27.873073], [85.105591, 27.868217]]]]}, "properties": {"projectId": 63069, "layer": "buildings", "taskId": 52, "status": "MAPPED"}}, {"type": "Feature", "geometry": {"type": "MultiPolygon", "coordinates": [[[[85.173966, 27.999747], [85.173801, 28.00064], [85.173718, 28.00127], [85.173692, 28.002155], [85.173753, 28.003038], [85.173806, 28.003977], [85.173774, 28.004102], [85.177002, 28.004102], [85.177002, 27.999252], [85.174035, 27.999252], [85.173966, 27.999747]]]]}, "properties": {"projectId": 63069, "layer": "buildings", "taskId": 201, "status": "MAPPED"}}, {"type": "Feature", "geometry": {"type": "MultiPolygon", "coordinates": [[[[85.254268, 28.103599], [85.254969, 28.103761], [85.255669, 28.104321], [85.256339, 28.105246], [85.256904, 28.105903], [85.259399, 28.105903], [85.259399, 28.101058], [85.253906, 28.101058], [85.253906, 28.10352], [85.254268, 28.103599]]]]}, "properties": {"projectId": 63069, "layer": "buildings", "taskId": 371, "status": "VALIDATED"}}, {"type": "Feature", "geometry": {"type": "MultiPolygon", "coordinates": [[[[85.281578, 28.126368], [85.282259, 28.12693], [85.283423, 28.127855], [85.284074, 28.128517], [85.284718, 28.129053], [85.285442, 28.129588], [85.286127, 28.130128], [85.286865, 28.130128], [85.286865, 28.125283], [85.281372, 28.125283], [85.281372, 28.126167], [85.281578, 28.126368]]]]}, "properties": {"projectId": 63069, "layer": "buildings", "taskId": 407, "status": "MAPPED"}}, {"type": "Feature", "geometry": {"type": "MultiPolygon", "coordinates": [[[[85.14388, 27.88225], [85.143402, 27.88184], [85.142781, 27.881381], [85.141553, 27.880564], [85.139526, 27.879224], [85.139159, 27.878988], [85.13855, 27.878596], [85.13855, 27.882784], [85.144043, 27.882784], [85.144043, 27.882416], [85.14388, 27.88225]]]]}, "properties": {"projectId": 63069, "layer": "buildings", "taskId": 111, "status": "MAPPED"}}, {"type": "Feature", "geometry": {"type": "MultiPolygon", "coordinates": [[[[85.256944, 28.10595], [85.257398, 28.106392], [85.258279, 28.107188], [85.259177, 28.108058], [85.259399, 28.108256], [85.259399, 28.105903], [85.256904, 28.105903], [85.256944, 28.10595]]]]}, "properties": {"projectId": 63069, "layer": "buildings", "taskId": 372, "status": "MAPPED"}}, {"type": "Feature", "geometry": {"type": "MultiPolygon", "coordinates": [[[[85.1728, 27.945126], [85.17251, 27.94424], [85.172111, 27.943295], [85.171623, 27.942419], [85.171509, 27.942247], [85.171509, 27.945886], [85.172977, 27.945886], [85.1728, 27.945126]]]]}, "properties": {"projectId": 63069, "layer": "buildings", "taskId": 189, "status": "MAPPED"}}, {"type": "Feature", "geometry": {"type": "MultiPolygon", "coordinates": [[[[85.22106, 28.09295], [85.221566, 28.093448], [85.222045, 28.093857], [85.222808, 28.094406], [85.223622, 28.094918], [85.224516, 28.095641], [85.225253, 28.096212], [85.22644, 28.096212], [85.22644, 28.091366], [85.220947, 28.091366], [85.220947, 28.092827], [85.22106, 28.09295]]]]}, "properties": {"projectId": 63069, "layer": "buildings", "taskId": 337, "status": "VALIDATED"}}, {"type": "Feature", "geometry": {"type": "MultiPolygon", "coordinates": [[[[85.102478, 27.868499], [85.102911, 27.86974], [85.103373, 27.870849], [85.103822, 27.871728], [85.104368, 27.872566], [85.104757, 27.873073], [85.105591, 27.873073], [85.105591, 27.868217], [85.102358, 27.868217], [85.102478, 27.868499]]]]}, "properties": {"projectId": 63069, "layer": "buildings", "taskId": 46, "status": "MAPPED"}}, {"type": "Feature", "geometry": {"type": "MultiPolygon", "coordinates": [[[[85.326529, 28.164495], [85.327176, 28.165037], [85.327685, 28.165418], [85.328221, 28.165769], [85.328926, 28.166439], [85.329612, 28.167445], [85.330218, 28.168149], [85.330666, 28.168586], [85.330811, 28.168709], [85.330811, 28.164033], [85.325769, 28.164033], [85.326529, 28.164495]]]]}, "properties": {"projectId": 63069, "layer": "buildings", "taskId": 467, "status": "MAPPED"}}, {"type": "Feature", "geometry": {"type": "MultiPolygon", "coordinates": [[[[85.145809, 27.892494], [85.144043, 27.892494], [85.144043, 27.89521], [85.145809, 27.89521], [85.145809, 27.892494]]]]}, "properties": {"projectId": 63069, "layer": "buildings", "taskId": 627, "status": "MAPPED"}}, {"type": "Feature", "geometry": {"type": "MultiPolygon", "coordinates": [[[[85.147126, 27.89521], [85.147014, 27.895114], [85.146367, 27.89454], [85.146716, 27.893621], [85.146939, 27.89301], [85.14707, 27.892494], [85.145809, 27.892494], [85.145809, 27.89521], [85.147126, 27.89521]]]]}, "properties": {"projectId": 63069, "layer": "buildings", "taskId": 629, "status": "MAPPED"}}, {"type": "Feature", "geometry": {"type": "MultiPolygon", "coordinates": [[[[85.144043, 27.89521], [85.144043, 27.897349], [85.145809, 27.897349], [85.145809, 27.89521], [85.144043, 27.89521]]]]}, "properties": {"projectId": 63069, "layer": "buildings", "taskId": 628, "status": "MAPPED"}}, {"type": "Feature", "geometry": {"type": "MultiPolygon", "coordinates": [[[[85.152089, 27.955734], [85.152312, 27.956656], [85.152342, 27.95678], [85.152679, 27.957783], [85.153209, 27.958864], [85.153704, 27.959633], [85.154173, 27.960222], [85.15437, 27.960443], [85.155029, 27.960443], [85.155029, 27.955591], [85.152063, 27.955591], [85.152089, 27.955734]]]]}, "properties": {"projectId": 63069, "layer": "buildings", "taskId": 150, "status": "MAPPED"}}, {"type": "Feature", "geometry": {"type": "MultiPolygon", "coordinates": [[[[85.179749, 27.970147], [85.182495, 27.970147], [85.182495, 27.972572], [85.179749, 27.972572], [85.179749, 27.970147]]]]}, "properties": {"projectId": 63069, "layer": "buildings", "taskId": 637, "status": "MAPPED"}}, {"type": "Feature", "geometry": {"type": "MultiPolygon", "coordinates": [[[[85.177002, 27.970147], [85.179749, 27.970147], [85.179749, 27.972572], [85.177002, 27.972572], [85.177002, 27.970147]]]]}, "properties": {"projectId": 63069, "layer": "buildings", "taskId": 635, "status": "MAPPED"}}, {"type": "Feature", "geometry": {"type": "MultiPolygon", "coordinates": [[[[85.179749, 27.972572], [85.182495, 27.972572], [85.182495, 27.974998], [85.179749, 27.974998], [85.179749, 27.972572]]]]}, "properties": {"projectId": 63069, "layer": "buildings", "taskId": 638, "status": "MAPPED"}}, {"type": "Feature", "geometry": {"type": "MultiPolygon", "coordinates": [[[[85.281193, 28.100567], [85.280657, 28.100216], [85.279879, 28.099791], [85.279187, 28.099021], [85.278582, 28.098317], [85.278133, 28.097881], [85.277654, 28.097471], [85.277145, 28.09709], [85.276609, 28.096739], [85.275879, 28.096277], [85.275879, 28.101058], [85.281372, 28.101058], [85.281372, 28.100701], [85.281193, 28.100567]]]]}, "properties": {"projectId": 63069, "layer": "buildings", "taskId": 394, "status": "MAPPED"}}, {"type": "Feature", "geometry": {"type": "MultiPolygon", "coordinates": [[[[85.125005, 27.910188], [85.124636, 27.910883], [85.124265, 27.911913], [85.126339, 27.911913], [85.126339, 27.910188], [85.125005, 27.910188]]]]}, "properties": {"projectId": 63069, "layer": "buildings", "taskId": 632, "status": "MAPPED"}}, {"type": "Feature", "geometry": {"type": "MultiPolygon", "coordinates": [[[[85.249288, 28.101718], [85.250705, 28.102399], [85.251426, 28.102705], [85.252366, 28.103063], [85.252975, 28.103275], [85.25361, 28.103455], [85.253906, 28.10352], [85.253906, 28.101058], [85.248413, 28.101058], [85.248413, 28.101358], [85.249288, 28.101718]]]]}, "properties": {"projectId": 63069, "layer": "buildings", "taskId": 366, "status": "VALIDATED"}}, {"type": "Feature", "geometry": {"type": "MultiPolygon", "coordinates": [[[[85.215019, 28.0474], [85.214392, 28.04673], [85.212921, 28.045365], [85.212431, 28.044945], [85.21175, 28.044446], [85.211335, 28.043574], [85.210998, 28.042895], [85.209961, 28.042895], [85.209961, 28.047743], [85.215285, 28.047743], [85.215019, 28.0474]]]]}, "properties": {"projectId": 63069, "layer": "buildings", "taskId": 312, "status": "MAPPED"}}, {"type": "Feature", "geometry": {"type": "MultiPolygon", "coordinates": [[[[85.191806, 27.979101], [85.192391, 27.978191], [85.19279, 27.977634], [85.193352, 27.976758], [85.193481, 27.976512], [85.193481, 27.974998], [85.187988, 27.974998], [85.187988, 27.979849], [85.191654, 27.979849], [85.191806, 27.979101]]]]}, "properties": {"projectId": 63069, "layer": "buildings", "taskId": 248, "status": "MAPPED"}}, {"type": "Feature", "geometry": {"type": "MultiPolygon", "coordinates": [[[[85.116746, 27.884184], [85.117271, 27.885094], [85.117824, 27.885906], [85.118296, 27.886504], [85.118855, 27.887227], [85.119137, 27.887538], [85.119228, 27.887639], [85.12207, 27.887639], [85.12207, 27.882784], [85.116577, 27.882784], [85.116577, 27.883847], [85.116746, 27.884184]]]]}, "properties": {"projectId": 63069, "layer": "buildings", "taskId": 69, "status": "MAPPED"}}, {"type": "Feature", "geometry": {"type": "MultiPolygon", "coordinates": [[[[85.126339, 27.910188], [85.126339, 27.911913], [85.127563, 27.911913], [85.127563, 27.910188], [85.126339, 27.910188]]]]}, "properties": {"projectId": 63069, "layer": "buildings", "taskId": 634, "status": "MAPPED"}}, {"type": "Feature", "geometry": {"type": "MultiPolygon", "coordinates": [[[[85.089111, 27.858504], [85.094604, 27.858504], [85.094604, 27.86336], [85.089111, 27.86336], [85.089111, 27.858504]]]]}, "properties": {"projectId": 63069, "layer": "buildings", "taskId": 34, "status": "MAPPED"}}, {"type": "Feature", "geometry": {"type": "MultiPolygon", "coordinates": [[[[85.094501, 27.849819], [85.093812, 27.849354], [85.093253, 27.849035], [85.092758, 27.84879], [85.089111, 27.84879], [85.089111, 27.853647], [85.094604, 27.853647], [85.094604, 27.849873], [85.094501, 27.849819]]]]}, "properties": {"projectId": 63069, "layer": "buildings", "taskId": 32, "status": "MAPPED"}}, {"type": "Feature", "geometry": {"type": "MultiPolygon", "coordinates": [[[[85.083618, 27.84879], [85.089111, 27.84879], [85.089111, 27.853647], [85.083618, 27.853647], [85.083618, 27.84879]]]]}, "properties": {"projectId": 63069, "layer": "buildings", "taskId": 26, "status": "MAPPED"}}, {"type": "Feature", "geometry": {"type": "MultiPolygon", "coordinates": [[[[85.083618, 27.853647], [85.089111, 27.853647], [85.089111, 27.858504], [85.083618, 27.858504], [85.083618, 27.853647]]]]}, "properties": {"projectId": 63069, "layer": "buildings", "taskId": 27, "status": "MAPPED"}}, {"type": "Feature", "geometry": {"type": "MultiPolygon", "coordinates": [[[[85.089111, 27.853647], [85.094604, 27.853647], [85.094604, 27.858504], [85.089111, 27.858504], [85.089111, 27.853647]]]]}, "properties": {"projectId": 63069, "layer": "buildings", "taskId": 33, "status": "MAPPED"}}, {"type": "Feature", "geometry": {"type": "MultiPolygon", "coordinates": [[[[85.065568, 27.868102], [85.066222, 27.867804], [85.066839, 27.867489], [85.067139, 27.867318], [85.067139, 27.86336], [85.061646, 27.86336], [85.061646, 27.868217], [85.065278, 27.868217], [85.065568, 27.868102]]]]}, "properties": {"projectId": 63069, "layer": "buildings", "taskId": 8, "status": "VALIDATED"}}, {"type": "Feature", "geometry": {"type": "MultiPolygon", "coordinates": [[[[85.058407, 27.868217], [85.061646, 27.868217], [85.061646, 27.86336], [85.060309, 27.86336], [85.058407, 27.868217]]]]}, "properties": {"projectId": 63069, "layer": "buildings", "taskId": 2, "status": "VALIDATED"}}, {"type": "Feature", "geometry": {"type": "MultiPolygon", "coordinates": [[[[85.067854, 27.86691], [85.069032, 27.86616], [85.069593, 27.865765], [85.069933, 27.865488], [85.070173, 27.865292], [85.070992, 27.864547], [85.071703, 27.863808], [85.072543, 27.86336], [85.067139, 27.86336], [85.067139, 27.867318], [85.067854, 27.86691]]]]}, "properties": {"projectId": 63069, "layer": "buildings", "taskId": 14, "status": "VALIDATED"}}, {"type": "Feature", "geometry": {"type": "MultiPolygon", "coordinates": [[[[85.061646, 27.859947], [85.061646, 27.86336], [85.067139, 27.86336], [85.067139, 27.858504], [85.062211, 27.858504], [85.061646, 27.859947]]]]}, "properties": {"projectId": 63069, "layer": "buildings", "taskId": 7, "status": "VALIDATED"}}, {"type": "Feature", "geometry": {"type": "MultiPolygon", "coordinates": [[[[85.060309, 27.86336], [85.061646, 27.86336], [85.061646, 27.859947], [85.060309, 27.86336]]]]}, "properties": {"projectId": 63069, "layer": "buildings", "taskId": 1, "status": "VALIDATED"}}, {"type": "Feature", "geometry": {"type": "MultiPolygon", "coordinates": [[[[85.072632, 27.863313], [85.072632, 27.858504], [85.067139, 27.858504], [85.067139, 27.86336], [85.072543, 27.86336], [85.072632, 27.863313]]]]}, "properties": {"projectId": 63069, "layer": "buildings", "taskId": 13, "status": "VALIDATED"}}, {"type": "Feature", "geometry": {"type": "MultiPolygon", "coordinates": [[[[85.072772, 27.863238], [85.073046, 27.86336], [85.078125, 27.86336], [85.078125, 27.858504], [85.072632, 27.858504], [85.072632, 27.863313], [85.072772, 27.863238]]]]}, "properties": {"projectId": 63069, "layer": "buildings", "taskId": 18, "status": "VALIDATED"}}, {"type": "Feature", "geometry": {"type": "MultiPolygon", "coordinates": [[[[85.089111, 27.86336], [85.094604, 27.86336], [85.094604, 27.868217], [85.089111, 27.868217], [85.089111, 27.86336]]]]}, "properties": {"projectId": 63069, "layer": "buildings", "taskId": 35, "status": "MAPPED"}}, {"type": "Feature", "geometry": {"type": "MultiPolygon", "coordinates": [[[[85.078125, 27.858504], [85.083618, 27.858504], [85.083618, 27.86336], [85.078125, 27.86336], [85.078125, 27.858504]]]]}, "properties": {"projectId": 63069, "layer": "buildings", "taskId": 23, "status": "VALIDATED"}}, {"type": "Feature", "geometry": {"type": "MultiPolygon", "coordinates": [[[[85.078804, 27.864987], [85.079773, 27.865011], [85.081081, 27.865203], [85.081687, 27.865888], [85.082133, 27.866326], [85.082611, 27.866736], [85.083118, 27.867118], [85.083618, 27.867447], [85.083618, 27.86336], [85.078125, 27.86336], [85.078125, 27.864912], [85.078804, 27.864987]]]]}, "properties": {"projectId": 63069, "layer": "buildings", "taskId": 24, "status": "VALIDATED"}}, {"type": "Feature", "geometry": {"type": "MultiPolygon", "coordinates": [[[[85.063845, 27.854333], [85.062962, 27.856587], [85.062211, 27.858504], [85.067139, 27.858504], [85.067139, 27.853647], [85.064114, 27.853647], [85.063845, 27.854333]]]]}, "properties": {"projectId": 63069, "layer": "buildings", "taskId": 6, "status": "VALIDATED"}}, {"type": "Feature", "geometry": {"type": "MultiPolygon", "coordinates": [[[[85.067139, 27.853647], [85.072632, 27.853647], [85.072632, 27.858504], [85.067139, 27.858504], [85.067139, 27.853647]]]]}, "properties": {"projectId": 63069, "layer": "buildings", "taskId": 12, "status": "VALIDATED"}}, {"type": "Feature", "geometry": {"type": "MultiPolygon", "coordinates": [[[[85.072632, 27.853647], [85.078125, 27.853647], [85.078125, 27.858504], [85.072632, 27.858504], [85.072632, 27.853647]]]]}, "properties": {"projectId": 63069, "layer": "buildings", "taskId": 17, "status": "VALIDATED"}}, {"type": "Feature", "geometry": {"type": "MultiPolygon", "coordinates": [[[[85.077738, 27.844328], [85.077035, 27.84417], [85.076381, 27.844065], [85.075721, 27.843998], [85.074752, 27.843973], [85.07362, 27.84401], [85.072892, 27.844019], [85.072632, 27.844035], [85.072632, 27.84879], [85.078125, 27.84879], [85.078125, 27.844433], [85.077738, 27.844328]]]]}, "properties": {"projectId": 63069, "layer": "buildings", "taskId": 15, "status": "VALIDATED"}}, {"type": "Feature", "geometry": {"type": "MultiPolygon", "coordinates": [[[[85.078125, 27.84879], [85.083618, 27.84879], [85.083618, 27.853647], [85.078125, 27.853647], [85.078125, 27.84879]]]]}, "properties": {"projectId": 63069, "layer": "buildings", "taskId": 21, "status": "VALIDATED"}}, {"type": "Feature", "geometry": {"type": "MultiPolygon", "coordinates": [[[[85.083357, 27.847009], [85.082686, 27.846548], [85.081998, 27.846105], [85.08094, 27.845503], [85.080234, 27.845148], [85.079634, 27.844896], [85.078758, 27.844605], [85.078125, 27.844433], [85.078125, 27.84879], [85.083618, 27.84879], [85.083618, 27.847005], [85.083357, 27.847009]]]]}, "properties": {"projectId": 63069, "layer": "buildings", "taskId": 20, "status": "VALIDATED"}}, {"type": "Feature", "geometry": {"type": "MultiPolygon", "coordinates": [[[[85.078125, 27.853647], [85.083618, 27.853647], [85.083618, 27.858504], [85.078125, 27.858504], [85.078125, 27.853647]]]]}, "properties": {"projectId": 63069, "layer": "buildings", "taskId": 22, "status": "VALIDATED"}}, {"type": "Feature", "geometry": {"type": "MultiPolygon", "coordinates": [[[[85.085221, 27.868282], [85.085917, 27.868579], [85.086535, 27.868795], [85.087168, 27.868976], [85.087813, 27.869119], [85.088514, 27.86923], [85.089111, 27.869301], [85.089111, 27.868217], [85.085087, 27.868217], [85.085221, 27.868282]]]]}, "properties": {"projectId": 63069, "layer": "buildings", "taskId": 30, "status": "VALIDATED"}}, {"type": "Feature", "geometry": {"type": "MultiPolygon", "coordinates": [[[[85.083618, 27.858504], [85.089111, 27.858504], [85.089111, 27.86336], [85.083618, 27.86336], [85.083618, 27.858504]]]]}, "properties": {"projectId": 63069, "layer": "buildings", "taskId": 28, "status": "VALIDATED"}}, {"type": "Feature", "geometry": {"type": "MultiPolygon", "coordinates": [[[[85.088782, 27.847522], [85.087448, 27.847221], [85.086599, 27.847075], [85.085939, 27.847008], [85.085275, 27.846979], [85.084561, 27.846992], [85.083618, 27.847005], [85.083618, 27.84879], [85.089111, 27.84879], [85.089111, 27.847601], [85.088782, 27.847522]]]]}, "properties": {"projectId": 63069, "layer": "buildings", "taskId": 25, "status": "MAPPED"}}, {"type": "Feature", "geometry": {"type": "MultiPolygon", "coordinates": [[[[85.092673, 27.848748], [85.091958, 27.848454], [85.090908, 27.84808], [85.090009, 27.847816], [85.089111, 27.847601], [85.089111, 27.84879], [85.092758, 27.84879], [85.092673, 27.848748]]]]}, "properties": {"projectId": 63069, "layer": "buildings", "taskId": 31, "status": "MAPPED"}}, {"type": "Feature", "geometry": {"type": "MultiPolygon", "coordinates": [[[[85.105113, 27.873536], [85.105591, 27.874084], [85.105591, 27.873073], [85.104757, 27.873073], [85.105113, 27.873536]]]]}, "properties": {"projectId": 63069, "layer": "buildings", "taskId": 47, "status": "MAPPED"}}, {"type": "Feature", "geometry": {"type": "MultiPolygon", "coordinates": [[[[85.111084, 27.878297], [85.111084, 27.877928], [85.110471, 27.877928], [85.111084, 27.878297]]]]}, "properties": {"projectId": 63069, "layer": "buildings", "taskId": 54, "status": "MAPPED"}}, {"type": "Feature", "geometry": {"type": "MultiPolygon", "coordinates": [[[[85.116577, 27.877928], [85.12207, 27.877928], [85.12207, 27.882784], [85.116577, 27.882784], [85.116577, 27.877928]]]]}, "properties": {"projectId": 63069, "layer": "buildings", "taskId": 68, "status": "MAPPED"}}, {"type": "Feature", "geometry": {"type": "MultiPolygon", "coordinates": [[[[85.111084, 27.858504], [85.116577, 27.858504], [85.116577, 27.86336], [85.111084, 27.86336], [85.111084, 27.858504]]]]}, "properties": {"projectId": 63069, "layer": "buildings", "taskId": 57, "status": "MAPPED"}}, {"type": "Feature", "geometry": {"type": "MultiPolygon", "coordinates": [[[[85.121932, 27.86271], [85.121577, 27.861636], [85.121153, 27.860663], [85.12061, 27.859572], [85.120163, 27.858776], [85.119974, 27.858504], [85.116577, 27.858504], [85.116577, 27.86336], [85.12207, 27.86336], [85.12207, 27.86281], [85.121932, 27.86271]]]]}, "properties": {"projectId": 63069, "layer": "buildings", "taskId": 64, "status": "MAPPED"}}, {"type": "Feature", "geometry": {"type": "MultiPolygon", "coordinates": [[[[85.105591, 27.853647], [85.111084, 27.853647], [85.111084, 27.858504], [85.105591, 27.858504], [85.105591, 27.853647]]]]}, "properties": {"projectId": 63069, "layer": "buildings", "taskId": 49, "status": "MAPPED"}}, {"type": "Feature", "geometry": {"type": "MultiPolygon", "coordinates": [[[[85.105591, 27.858504], [85.111084, 27.858504], [85.111084, 27.86336], [85.105591, 27.86336], [85.105591, 27.858504]]]]}, "properties": {"projectId": 63069, "layer": "buildings", "taskId": 50, "status": "MAPPED"}}, {"type": "Feature", "geometry": {"type": "MultiPolygon", "coordinates": [[[[85.100098, 27.853647], [85.105591, 27.853647], [85.105591, 27.858504], [85.100098, 27.858504], [85.100098, 27.853647]]]]}, "properties": {"projectId": 63069, "layer": "buildings", "taskId": 43, "status": "MAPPED"}}, {"type": "Feature", "geometry": {"type": "MultiPolygon", "coordinates": [[[[85.100098, 27.858504], [85.105591, 27.858504], [85.105591, 27.86336], [85.100098, 27.86336], [85.100098, 27.858504]]]]}, "properties": {"projectId": 63069, "layer": "buildings", "taskId": 44, "status": "MAPPED"}}, {"type": "Feature", "geometry": {"type": "MultiPolygon", "coordinates": [[[[85.111084, 27.86336], [85.116577, 27.86336], [85.116577, 27.868217], [85.111084, 27.868217], [85.111084, 27.86336]]]]}, "properties": {"projectId": 63069, "layer": "buildings", "taskId": 58, "status": "MAPPED"}}, {"type": "Feature", "geometry": {"type": "MultiPolygon", "coordinates": [[[[85.099744, 27.849367], [85.098063, 27.849727], [85.095516, 27.850347], [85.094604, 27.849873], [85.094604, 27.853647], [85.100098, 27.853647], [85.100098, 27.849314], [85.099744, 27.849367]]]]}, "properties": {"projectId": 63069, "layer": "buildings", "taskId": 37, "status": "MAPPED"}}, {"type": "Feature", "geometry": {"type": "MultiPolygon", "coordinates": [[[[85.114721, 27.853421], [85.114058, 27.852755], [85.11358, 27.852344], [85.112926, 27.851863], [85.112198, 27.851392], [85.111476, 27.85097], [85.111084, 27.850776], [85.111084, 27.853647], [85.115062, 27.853647], [85.114721, 27.853421]]]]}, "properties": {"projectId": 63069, "layer": "buildings", "taskId": 55, "status": "MAPPED"}}, {"type": "Feature", "geometry": {"type": "MultiPolygon", "coordinates": [[[[85.116577, 27.86336], [85.12207, 27.86336], [85.12207, 27.868217], [85.116577, 27.868217], [85.116577, 27.86336]]]]}, "properties": {"projectId": 63069, "layer": "buildings", "taskId": 65, "status": "MAPPED"}}, {"type": "Feature", "geometry": {"type": "MultiPolygon", "coordinates": [[[[85.105582, 27.849249], [85.104696, 27.849147], [85.103852, 27.849119], [85.102134, 27.849148], [85.101406, 27.849173], [85.100694, 27.849224], [85.100098, 27.849314], [85.100098, 27.853647], [85.105591, 27.853647], [85.105591, 27.849251], [85.105582, 27.849249]]]]}, "properties": {"projectId": 63069, "layer": "buildings", "taskId": 42, "status": "MAPPED"}}, {"type": "Feature", "geometry": {"type": "MultiPolygon", "coordinates": [[[[85.105591, 27.86336], [85.111084, 27.86336], [85.111084, 27.868217], [85.105591, 27.868217], [85.105591, 27.86336]]]]}, "properties": {"projectId": 63069, "layer": "buildings", "taskId": 51, "status": "MAPPED"}}, {"type": "Feature", "geometry": {"type": "MultiPolygon", "coordinates": [[[[85.111084, 27.868217], [85.116577, 27.868217], [85.116577, 27.873073], [85.111084, 27.873073], [85.111084, 27.868217]]]]}, "properties": {"projectId": 63069, "layer": "buildings", "taskId": 59, "status": "MAPPED"}}, {"type": "Feature", "geometry": {"type": "MultiPolygon", "coordinates": [[[[85.116577, 27.868217], [85.12207, 27.868217], [85.12207, 27.873073], [85.116577, 27.873073], [85.116577, 27.868217]]]]}, "properties": {"projectId": 63069, "layer": "buildings", "taskId": 66, "status": "MAPPED"}}, {"type": "Feature", "geometry": {"type": "MultiPolygon", "coordinates": [[[[85.106101, 27.874668], [85.106668, 27.875235], [85.107315, 27.875776], [85.108589, 27.876711], [85.110134, 27.877725], [85.110471, 27.877928], [85.111084, 27.877928], [85.111084, 27.873073], [85.105591, 27.873073], [85.105591, 27.874084], [85.106101, 27.874668]]]]}, "properties": {"projectId": 63069, "layer": "buildings", "taskId": 53, "status": "MAPPED"}}, {"type": "Feature", "geometry": {"type": "MultiPolygon", "coordinates": [[[[85.111084, 27.873073], [85.116577, 27.873073], [85.116577, 27.877928], [85.111084, 27.877928], [85.111084, 27.873073]]]]}, "properties": {"projectId": 63069, "layer": "buildings", "taskId": 60, "status": "MAPPED"}}, {"type": "Feature", "geometry": {"type": "MultiPolygon", "coordinates": [[[[85.116577, 27.873073], [85.12207, 27.873073], [85.12207, 27.877928], [85.116577, 27.877928], [85.116577, 27.873073]]]]}, "properties": {"projectId": 63069, "layer": "buildings", "taskId": 67, "status": "MAPPED"}}, {"type": "Feature", "geometry": {"type": "MultiPolygon", "coordinates": [[[[85.096518, 27.868933], [85.097495, 27.868743], [85.09953, 27.868217], [85.094604, 27.868217], [85.094604, 27.869189], [85.096518, 27.868933]]]]}, "properties": {"projectId": 63069, "layer": "buildings", "taskId": 41, "status": "MAPPED"}}, {"type": "Feature", "geometry": {"type": "MultiPolygon", "coordinates": [[[[85.09007, 27.869414], [85.091016, 27.86947], [85.091889, 27.869447], [85.093988, 27.869271], [85.094604, 27.869189], [85.094604, 27.868217], [85.089111, 27.868217], [85.089111, 27.869301], [85.09007, 27.869414]]]]}, "properties": {"projectId": 63069, "layer": "buildings", "taskId": 36, "status": "MAPPED"}}, {"type": "Feature", "geometry": {"type": "MultiPolygon", "coordinates": [[[[85.119589, 27.888037], [85.120439, 27.888834], [85.121311, 27.889582], [85.12207, 27.890237], [85.12207, 27.887639], [85.119228, 27.887639], [85.119589, 27.888037]]]]}, "properties": {"projectId": 63069, "layer": "buildings", "taskId": 70, "status": "MAPPED"}}, {"type": "Feature", "geometry": {"type": "MultiPolygon", "coordinates": [[[[85.111201, 27.878368], [85.112049, 27.878806], [85.112494, 27.878988], [85.112801, 27.879113], [85.113475, 27.879352], [85.114117, 27.879807], [85.115525, 27.880881], [85.11584, 27.881935], [85.116127, 27.882784], [85.116577, 27.882784], [85.116577, 27.877928], [85.111084, 27.877928], [85.111084, 27.878297], [85.111201, 27.878368]]]]}, "properties": {"projectId": 63069, "layer": "buildings", "taskId": 61, "status": "MAPPED"}}, {"type": "Feature", "geometry": {"type": "MultiPolygon", "coordinates": [[[[85.119658, 27.858048], [85.119137, 27.857393], [85.118986, 27.857204], [85.118298, 27.856336], [85.117739, 27.855691], [85.117292, 27.855253], [85.116814, 27.854843], [85.116577, 27.854665], [85.116577, 27.858504], [85.119974, 27.858504], [85.119658, 27.858048]]]]}, "properties": {"projectId": 63069, "layer": "buildings", "taskId": 63, "status": "MAPPED"}}, {"type": "Feature", "geometry": {"type": "MultiPolygon", "coordinates": [[[[85.094604, 27.858504], [85.100098, 27.858504], [85.100098, 27.86336], [85.094604, 27.86336], [85.094604, 27.858504]]]]}, "properties": {"projectId": 63069, "layer": "buildings", "taskId": 39, "status": "MAPPED"}}, {"type": "Feature", "geometry": {"type": "MultiPolygon", "coordinates": [[[[85.094604, 27.853647], [85.100098, 27.853647], [85.100098, 27.858504], [85.094604, 27.858504], [85.094604, 27.853647]]]]}, "properties": {"projectId": 63069, "layer": "buildings", "taskId": 38, "status": "MAPPED"}}, {"type": "Feature", "geometry": {"type": "MultiPolygon", "coordinates": [[[[85.10212, 27.867661], [85.102358, 27.868217], [85.105591, 27.868217], [85.105591, 27.86336], [85.100098, 27.86336], [85.100098, 27.868078], [85.10212, 27.867661]]]]}, "properties": {"projectId": 63069, "layer": "buildings", "taskId": 45, "status": "MAPPED"}}, {"type": "Feature", "geometry": {"type": "MultiPolygon", "coordinates": [[[[85.099952, 27.868108], [85.100098, 27.868078], [85.100098, 27.86336], [85.094604, 27.86336], [85.094604, 27.868217], [85.09953, 27.868217], [85.099952, 27.868108]]]]}, "properties": {"projectId": 63069, "layer": "buildings", "taskId": 40, "status": "MAPPED"}}, {"type": "Feature", "geometry": {"type": "MultiPolygon", "coordinates": [[[[85.127563, 27.916767], [85.133057, 27.916767], [85.133057, 27.92162], [85.127563, 27.92162], [85.127563, 27.916767]]]]}, "properties": {"projectId": 63069, "layer": "buildings", "taskId": 96, "status": "MAPPED"}}, {"type": "Feature", "geometry": {"type": "MultiPolygon", "coordinates": [[[[85.135455, 27.872464], [85.135215, 27.871857], [85.135199, 27.871815], [85.1347, 27.870816], [85.134017, 27.869804], [85.133413, 27.8691], [85.133057, 27.868764], [85.133057, 27.873073], [85.135656, 27.873073], [85.135455, 27.872464]]]]}, "properties": {"projectId": 63069, "layer": "buildings", "taskId": 98, "status": "MAPPED"}}, {"type": "Feature", "geometry": {"type": "MultiPolygon", "coordinates": [[[[85.133057, 27.882784], [85.13855, 27.882784], [85.13855, 27.887639], [85.133057, 27.887639], [85.133057, 27.882784]]]]}, "properties": {"projectId": 63069, "layer": "buildings", "taskId": 101, "status": "MAPPED"}}, {"type": "Feature", "geometry": {"type": "MultiPolygon", "coordinates": [[[[85.127563, 27.882784], [85.133057, 27.882784], [85.133057, 27.887639], [85.127563, 27.887639], [85.127563, 27.882784]]]]}, "properties": {"projectId": 63069, "layer": "buildings", "taskId": 89, "status": "MAPPED"}}, {"type": "Feature", "geometry": {"type": "MultiPolygon", "coordinates": [[[[85.137042, 27.877676], [85.136055, 27.876878], [85.136043, 27.875597], [85.135962, 27.874586], [85.135838, 27.873845], [85.135669, 27.873114], [85.135656, 27.873073], [85.133057, 27.873073], [85.133057, 27.877928], [85.137481, 27.877928], [85.137042, 27.877676]]]]}, "properties": {"projectId": 63069, "layer": "buildings", "taskId": 99, "status": "MAPPED"}}, {"type": "Feature", "geometry": {"type": "MultiPolygon", "coordinates": [[[[85.122606, 27.863199], [85.12207, 27.86281], [85.12207, 27.86336], [85.122933, 27.86336], [85.122606, 27.863199]]]]}, "properties": {"projectId": 63069, "layer": "buildings", "taskId": 71, "status": "MAPPED"}}, {"type": "Feature", "geometry": {"type": "MultiPolygon", "coordinates": [[[[85.12721, 27.921704], [85.127563, 27.922006], [85.127563, 27.92162], [85.127119, 27.92162], [85.12721, 27.921704]]]]}, "properties": {"projectId": 63069, "layer": "buildings", "taskId": 84, "status": "MAPPED"}}, {"type": "Feature", "geometry": {"type": "MultiPolygon", "coordinates": [[[[85.127059, 27.902324], [85.127507, 27.903435], [85.127563, 27.903537], [85.127563, 27.902204], [85.127029, 27.902204], [85.127059, 27.902324]]]]}, "properties": {"projectId": 63069, "layer": "buildings", "taskId": 80, "status": "MAPPED"}}, {"type": "Feature", "geometry": {"type": "MultiPolygon", "coordinates": [[[[85.127563, 27.911913], [85.133057, 27.911913], [85.133057, 27.916767], [85.127563, 27.916767], [85.127563, 27.911913]]]]}, "properties": {"projectId": 63069, "layer": "buildings", "taskId": 95, "status": "MAPPED"}}, {"type": "Feature", "geometry": {"type": "MultiPolygon", "coordinates": [[[[85.127563, 27.877928], [85.133057, 27.877928], [85.133057, 27.882784], [85.127563, 27.882784], [85.127563, 27.877928]]]]}, "properties": {"projectId": 63069, "layer": "buildings", "taskId": 88, "status": "MAPPED"}}, {"type": "Feature", "geometry": {"type": "MultiPolygon", "coordinates": [[[[85.122282, 27.89042], [85.123734, 27.891547], [85.124446, 27.89203], [85.125155, 27.892425], [85.125254, 27.892494], [85.127563, 27.892494], [85.127563, 27.887639], [85.12207, 27.887639], [85.12207, 27.890237], [85.122282, 27.89042]]]]}, "properties": {"projectId": 63069, "layer": "buildings", "taskId": 77, "status": "MAPPED"}}, {"type": "Feature", "geometry": {"type": "MultiPolygon", "coordinates": [[[[85.126455, 27.865307], [85.126369, 27.865283], [85.125606, 27.864863], [85.125043, 27.864491], [85.124476, 27.864167], [85.123169, 27.863476], [85.122933, 27.86336], [85.12207, 27.86336], [85.12207, 27.868217], [85.127563, 27.868217], [85.127563, 27.865621], [85.126455, 27.865307]]]]}, "properties": {"projectId": 63069, "layer": "buildings", "taskId": 72, "status": "MAPPED"}}, {"type": "Feature", "geometry": {"type": "MultiPolygon", "coordinates": [[[[85.124231, 27.912007], [85.124001, 27.913109], [85.123903, 27.913929], [85.123842, 27.915105], [85.123952, 27.916281], [85.124071, 27.916767], [85.127563, 27.916767], [85.127563, 27.911913], [85.124265, 27.911913], [85.124231, 27.912007]]]]}, "properties": {"projectId": 63069, "layer": "buildings", "taskId": 82, "status": "MAPPED"}}, {"type": "Feature", "geometry": {"type": "MultiPolygon", "coordinates": [[[[85.125676, 27.892789], [85.12557, 27.893886], [85.125549, 27.895112], [85.125632, 27.896145], [85.125819, 27.897168], [85.125864, 27.897349], [85.127563, 27.897349], [85.127563, 27.892494], [85.125254, 27.892494], [85.125676, 27.892789]]]]}, "properties": {"projectId": 63069, "layer": "buildings", "taskId": 78, "status": "MAPPED"}}, {"type": "Feature", "geometry": {"type": "MultiPolygon", "coordinates": [[[[85.12207, 27.868217], [85.127563, 27.868217], [85.127563, 27.873073], [85.12207, 27.873073], [85.12207, 27.868217]]]]}, "properties": {"projectId": 63069, "layer": "buildings", "taskId": 73, "status": "MAPPED"}}, {"type": "Feature", "geometry": {"type": "MultiPolygon", "coordinates": [[[[85.127563, 27.873073], [85.133057, 27.873073], [85.133057, 27.877928], [85.127563, 27.877928], [85.127563, 27.873073]]]]}, "properties": {"projectId": 63069, "layer": "buildings", "taskId": 87, "status": "VALIDATED"}}, {"type": "Feature", "geometry": {"type": "MultiPolygon", "coordinates": [[[[85.126102, 27.898301], [85.126105, 27.898309], [85.12631, 27.898959], [85.126577, 27.899827], [85.12679, 27.901262], [85.127029, 27.902204], [85.127563, 27.902204], [85.127563, 27.897349], [85.125864, 27.897349], [85.126102, 27.898301]]]]}, "properties": {"projectId": 63069, "layer": "buildings", "taskId": 79, "status": "MAPPED"}}, {"type": "Feature", "geometry": {"type": "MultiPolygon", "coordinates": [[[[85.12207, 27.882784], [85.127563, 27.882784], [85.127563, 27.887639], [85.12207, 27.887639], [85.12207, 27.882784]]]]}, "properties": {"projectId": 63069, "layer": "buildings", "taskId": 76, "status": "MAPPED"}}, {"type": "Feature", "geometry": {"type": "MultiPolygon", "coordinates": [[[[85.12207, 27.877928], [85.127563, 27.877928], [85.127563, 27.882784], [85.12207, 27.882784], [85.12207, 27.877928]]]]}, "properties": {"projectId": 63069, "layer": "buildings", "taskId": 75, "status": "MAPPED"}}, {"type": "Feature", "geometry": {"type": "MultiPolygon", "coordinates": [[[[85.127691, 27.922116], [85.128284, 27.922557], [85.128938, 27.922993], [85.129678, 27.923429], [85.130431, 27.92379], [85.131503, 27.924235], [85.132316, 27.924523], [85.133057, 27.924745], [85.133057, 27.92162], [85.127563, 27.92162], [85.127563, 27.922006], [85.127691, 27.922116]]]]}, "properties": {"projectId": 63069, "layer": "buildings", "taskId": 97, "status": "MAPPED"}}, {"type": "Feature", "geometry": {"type": "MultiPolygon", "coordinates": [[[[85.124234, 27.917433], [85.124683, 27.918544], [85.125291, 27.919593], [85.126048, 27.920562], [85.126711, 27.921241], [85.127119, 27.92162], [85.127563, 27.92162], [85.127563, 27.916767], [85.124071, 27.916767], [85.124234, 27.917433]]]]}, "properties": {"projectId": 63069, "layer": "buildings", "taskId": 83, "status": "MAPPED"}}, {"type": "Feature", "geometry": {"type": "MultiPolygon", "coordinates": [[[[85.127944, 27.90423], [85.128408, 27.9049], [85.128968, 27.905978], [85.128385, 27.906572], [85.127865, 27.90694], [85.127719, 27.907058], [85.133057, 27.907058], [85.133057, 27.902204], [85.127563, 27.902204], [85.127563, 27.903537], [85.127944, 27.90423]]]]}, "properties": {"projectId": 63069, "layer": "buildings", "taskId": 93, "status": "MAPPED"}}, {"type": "Feature", "geometry": {"type": "MultiPolygon", "coordinates": [[[[85.127563, 27.892494], [85.133057, 27.892494], [85.133057, 27.897349], [85.127563, 27.897349], [85.127563, 27.892494]]]]}, "properties": {"projectId": 63069, "layer": "buildings", "taskId": 91, "status": "MAPPED"}}, {"type": "Feature", "geometry": {"type": "MultiPolygon", "coordinates": [[[[85.127563, 27.887639], [85.133057, 27.887639], [85.133057, 27.892494], [85.127563, 27.892494], [85.127563, 27.887639]]]]}, "properties": {"projectId": 63069, "layer": "buildings", "taskId": 90, "status": "MAPPED"}}, {"type": "Feature", "geometry": {"type": "MultiPolygon", "coordinates": [[[[85.12207, 27.873073], [85.127563, 27.873073], [85.127563, 27.877928], [85.12207, 27.877928], [85.12207, 27.873073]]]]}, "properties": {"projectId": 63069, "layer": "buildings", "taskId": 74, "status": "MAPPED"}}, {"type": "Feature", "geometry": {"type": "MultiPolygon", "coordinates": [[[[85.133057, 27.892494], [85.13855, 27.892494], [85.13855, 27.897349], [85.133057, 27.897349], [85.133057, 27.892494]]]]}, "properties": {"projectId": 63069, "layer": "buildings", "taskId": 103, "status": "MAPPED"}}, {"type": "Feature", "geometry": {"type": "MultiPolygon", "coordinates": [[[[85.127563, 27.897349], [85.133057, 27.897349], [85.133057, 27.902204], [85.127563, 27.902204], [85.127563, 27.897349]]]]}, "properties": {"projectId": 63069, "layer": "buildings", "taskId": 92, "status": "MAPPED"}}, {"type": "Feature", "geometry": {"type": "MultiPolygon", "coordinates": [[[[85.133057, 27.897349], [85.13855, 27.897349], [85.13855, 27.902204], [85.133057, 27.902204], [85.133057, 27.897349]]]]}, "properties": {"projectId": 63069, "layer": "buildings", "taskId": 104, "status": "MAPPED"}}, {"type": "Feature", "geometry": {"type": "MultiPolygon", "coordinates": [[[[85.133057, 27.902204], [85.13855, 27.902204], [85.13855, 27.907058], [85.133057, 27.907058], [85.133057, 27.902204]]]]}, "properties": {"projectId": 63069, "layer": "buildings", "taskId": 105, "status": "MAPPED"}}, {"type": "Feature", "geometry": {"type": "MultiPolygon", "coordinates": [[[[85.13855, 27.887639], [85.144043, 27.887639], [85.144043, 27.892494], [85.13855, 27.892494], [85.13855, 27.887639]]]]}, "properties": {"projectId": 63069, "layer": "buildings", "taskId": 113, "status": "MAPPED"}}, {"type": "Feature", "geometry": {"type": "MultiPolygon", "coordinates": [[[[85.144043, 27.882416], [85.144043, 27.882784], [85.144403, 27.882784], [85.144043, 27.882416]]]]}, "properties": {"projectId": 63069, "layer": "buildings", "taskId": 124, "status": "MAPPED"}}, {"type": "Feature", "geometry": {"type": "MultiPolygon", "coordinates": [[[[85.146998, 27.887291], [85.14664, 27.886193], [85.146262, 27.885374], [85.145834, 27.884662], [85.145167, 27.883701], [85.144534, 27.882918], [85.144403, 27.882784], [85.144043, 27.882784], [85.144043, 27.887639], [85.147077, 27.887639], [85.146998, 27.887291]]]]}, "properties": {"projectId": 63069, "layer": "buildings", "taskId": 125, "status": "MAPPED"}}, {"type": "Feature", "geometry": {"type": "MultiPolygon", "coordinates": [[[[85.133057, 27.907058], [85.13855, 27.907058], [85.13855, 27.911913], [85.133057, 27.911913], [85.133057, 27.907058]]]]}, "properties": {"projectId": 63069, "layer": "buildings", "taskId": 106, "status": "MAPPED"}}, {"type": "Feature", "geometry": {"type": "MultiPolygon", "coordinates": [[[[85.149051, 27.912006], [85.148998, 27.911993], [85.148936, 27.911913], [85.144043, 27.911913], [85.144043, 27.916767], [85.149536, 27.916767], [85.149536, 27.912121], [85.149051, 27.912006]]]]}, "properties": {"projectId": 63069, "layer": "buildings", "taskId": 131, "status": "MAPPED"}}, {"type": "Feature", "geometry": {"type": "MultiPolygon", "coordinates": [[[[85.133057, 27.916767], [85.13855, 27.916767], [85.13855, 27.92162], [85.133057, 27.92162], [85.133057, 27.916767]]]]}, "properties": {"projectId": 63069, "layer": "buildings", "taskId": 108, "status": "MAPPED"}}, {"type": "Feature", "geometry": {"type": "MultiPolygon", "coordinates": [[[[85.144667, 27.941034], [85.149536, 27.941034], [85.149536, 27.936181], [85.144043, 27.936181], [85.144043, 27.94061], [85.144667, 27.941034]]]]}, "properties": {"projectId": 63069, "layer": "buildings", "taskId": 136, "status": "MAPPED"}}, {"type": "Feature", "geometry": {"type": "MultiPolygon", "coordinates": [[[[85.13855, 27.902204], [85.144043, 27.902204], [85.144043, 27.907058], [85.13855, 27.907058], [85.13855, 27.902204]]]]}, "properties": {"projectId": 63069, "layer": "buildings", "taskId": 116, "status": "MAPPED"}}, {"type": "Feature", "geometry": {"type": "MultiPolygon", "coordinates": [[[[85.148521, 27.911381], [85.148688, 27.910752], [85.1488, 27.910334], [85.149051, 27.909857], [85.149391, 27.909213], [85.149536, 27.908939], [85.149536, 27.907058], [85.144043, 27.907058], [85.144043, 27.911913], [85.148936, 27.911913], [85.148521, 27.911381]]]]}, "properties": {"projectId": 63069, "layer": "buildings", "taskId": 130, "status": "BADIMAGERY"}}, {"type": "Feature", "geometry": {"type": "MultiPolygon", "coordinates": [[[[85.133057, 27.911913], [85.13855, 27.911913], [85.13855, 27.916767], [85.133057, 27.916767], [85.133057, 27.911913]]]]}, "properties": {"projectId": 63069, "layer": "buildings", "taskId": 107, "status": "MAPPED"}}, {"type": "Feature", "geometry": {"type": "MultiPolygon", "coordinates": [[[[85.135829, 27.926546], [85.136681, 27.927196], [85.137386, 27.927673], [85.137945, 27.927993], [85.138533, 27.928409], [85.138538, 27.92925], [85.13855, 27.929369], [85.13855, 27.926474], [85.135744, 27.926474], [85.135829, 27.926546]]]]}, "properties": {"projectId": 63069, "layer": "buildings", "taskId": 110, "status": "MAPPED"}}, {"type": "Feature", "geometry": {"type": "MultiPolygon", "coordinates": [[[[85.150357, 27.907043], [85.150609, 27.906059], [85.15077, 27.905164], [85.15084, 27.904243], [85.150848, 27.903172], [85.150836, 27.902372], [85.150818, 27.902204], [85.149536, 27.902204], [85.149536, 27.907058], [85.150352, 27.907058], [85.150357, 27.907043]]]]}, "properties": {"projectId": 63069, "layer": "buildings", "taskId": 139, "status": "MAPPED"}}, {"type": "Feature", "geometry": {"type": "MultiPolygon", "coordinates": [[[[85.150725, 27.901307], [85.150535, 27.900438], [85.150301, 27.899739], [85.150028, 27.89906], [85.1497, 27.898372], [85.149662, 27.898309], [85.149536, 27.898103], [85.149536, 27.902204], [85.150818, 27.902204], [85.150725, 27.901307]]]]}, "properties": {"projectId": 63069, "layer": "buildings", "taskId": 138, "status": "MAPPED"}}, {"type": "Feature", "geometry": {"type": "MultiPolygon", "coordinates": [[[[85.140532, 27.936222], [85.140676, 27.936588], [85.141155, 27.93753], [85.141839, 27.938542], [85.142443, 27.939246], [85.14289, 27.939683], [85.143425, 27.940138], [85.143807, 27.940431], [85.144013, 27.94059], [85.144043, 27.94061], [85.144043, 27.936181], [85.140516, 27.936181], [85.140532, 27.936222]]]]}, "properties": {"projectId": 63069, "layer": "buildings", "taskId": 123, "status": "MAPPED"}}, {"type": "Feature", "geometry": {"type": "MultiPolygon", "coordinates": [[[[85.144043, 27.902204], [85.149536, 27.902204], [85.149536, 27.907058], [85.144043, 27.907058], [85.144043, 27.902204]]]]}, "properties": {"projectId": 63069, "layer": "buildings", "taskId": 129, "status": "MAPPED"}}, {"type": "Feature", "geometry": {"type": "MultiPolygon", "coordinates": [[[[85.144043, 27.926474], [85.149536, 27.926474], [85.149536, 27.931327], [85.144043, 27.931327], [85.144043, 27.926474]]]]}, "properties": {"projectId": 63069, "layer": "buildings", "taskId": 134, "status": "MAPPED"}}, {"type": "Feature", "geometry": {"type": "MultiPolygon", "coordinates": [[[[85.13855, 27.882784], [85.144043, 27.882784], [85.144043, 27.887639], [85.13855, 27.887639], [85.13855, 27.882784]]]]}, "properties": {"projectId": 63069, "layer": "buildings", "taskId": 112, "status": "MAPPED"}}, {"type": "Feature", "geometry": {"type": "MultiPolygon", "coordinates": [[[[85.147159, 27.892146], [85.147307, 27.89104], [85.14735, 27.889955], [85.147312, 27.889004], [85.147179, 27.88809], [85.147077, 27.887639], [85.144043, 27.887639], [85.144043, 27.892494], [85.14707, 27.892494], [85.147159, 27.892146]]]]}, "properties": {"projectId": 63069, "layer": "buildings", "taskId": 126, "status": "MAPPED"}}, {"type": "Feature", "geometry": {"type": "MultiPolygon", "coordinates": [[[[85.13855, 27.892494], [85.144043, 27.892494], [85.144043, 27.897349], [85.13855, 27.897349], [85.13855, 27.892494]]]]}, "properties": {"projectId": 63069, "layer": "buildings", "taskId": 114, "status": "MAPPED"}}, {"type": "Feature", "geometry": {"type": "MultiPolygon", "coordinates": [[[[85.144043, 27.931327], [85.149536, 27.931327], [85.149536, 27.936181], [85.144043, 27.936181], [85.144043, 27.931327]]]]}, "properties": {"projectId": 63069, "layer": "buildings", "taskId": 135, "status": "MAPPED"}}, {"type": "Feature", "geometry": {"type": "MultiPolygon", "coordinates": [[[[85.13855, 27.92162], [85.144043, 27.92162], [85.144043, 27.926474], [85.13855, 27.926474], [85.13855, 27.92162]]]]}, "properties": {"projectId": 63069, "layer": "buildings", "taskId": 120, "status": "MAPPED"}}, {"type": "Feature", "geometry": {"type": "MultiPolygon", "coordinates": [[[[85.144043, 27.916767], [85.149536, 27.916767], [85.149536, 27.92162], [85.144043, 27.92162], [85.144043, 27.916767]]]]}, "properties": {"projectId": 63069, "layer": "buildings", "taskId": 132, "status": "MAPPED"}}, {"type": "Feature", "geometry": {"type": "MultiPolygon", "coordinates": [[[[85.149231, 27.897603], [85.149052, 27.897349], [85.144043, 27.897349], [85.144043, 27.902204], [85.149536, 27.902204], [85.149536, 27.898103], [85.149231, 27.897603]]]]}, "properties": {"projectId": 63069, "layer": "buildings", "taskId": 128, "status": "MAPPED"}}, {"type": "Feature", "geometry": {"type": "MultiPolygon", "coordinates": [[[[85.13855, 27.916767], [85.144043, 27.916767], [85.144043, 27.92162], [85.13855, 27.92162], [85.13855, 27.916767]]]]}, "properties": {"projectId": 63069, "layer": "buildings", "taskId": 119, "status": "MAPPED"}}, {"type": "Feature", "geometry": {"type": "MultiPolygon", "coordinates": [[[[85.133542, 27.92489], [85.134287, 27.925138], [85.134816, 27.925662], [85.135315, 27.926113], [85.135744, 27.926474], [85.13855, 27.926474], [85.13855, 27.92162], [85.133057, 27.92162], [85.133057, 27.924745], [85.133542, 27.92489]]]]}, "properties": {"projectId": 63069, "layer": "buildings", "taskId": 109, "status": "MAPPED"}}, {"type": "Feature", "geometry": {"type": "MultiPolygon", "coordinates": [[[[85.139166, 27.932123], [85.139677, 27.933175], [85.139961, 27.934333], [85.140243, 27.935486], [85.140516, 27.936181], [85.144043, 27.936181], [85.144043, 27.931327], [85.138909, 27.931327], [85.139166, 27.932123]]]]}, "properties": {"projectId": 63069, "layer": "buildings", "taskId": 122, "status": "MAPPED"}}, {"type": "Feature", "geometry": {"type": "MultiPolygon", "coordinates": [[[[85.13855, 27.897349], [85.144043, 27.897349], [85.144043, 27.902204], [85.13855, 27.902204], [85.13855, 27.897349]]]]}, "properties": {"projectId": 63069, "layer": "buildings", "taskId": 115, "status": "MAPPED"}}, {"type": "Feature", "geometry": {"type": "MultiPolygon", "coordinates": [[[[85.144043, 27.92162], [85.149536, 27.92162], [85.149536, 27.926474], [85.144043, 27.926474], [85.144043, 27.92162]]]]}, "properties": {"projectId": 63069, "layer": "buildings", "taskId": 133, "status": "MAPPED"}}, {"type": "Feature", "geometry": {"type": "MultiPolygon", "coordinates": [[[[85.155029, 27.945886], [85.160522, 27.945886], [85.160522, 27.950739], [85.155029, 27.950739], [85.155029, 27.945886]]]]}, "properties": {"projectId": 63069, "layer": "buildings", "taskId": 159, "status": "MAPPED"}}, {"type": "Feature", "geometry": {"type": "MultiPolygon", "coordinates": [[[[85.154805, 27.96093], [85.155029, 27.961154], [85.155029, 27.960443], [85.15437, 27.960443], [85.154805, 27.96093]]]]}, "properties": {"projectId": 63069, "layer": "buildings", "taskId": 151, "status": "MAPPED"}}, {"type": "Feature", "geometry": {"type": "MultiPolygon", "coordinates": [[[[85.165421, 27.970541], [85.165981, 27.97086], [85.166016, 27.970877], [85.166016, 27.970147], [85.164837, 27.970147], [85.165421, 27.970541]]]]}, "properties": {"projectId": 63069, "layer": "buildings", "taskId": 175, "status": "MAPPED"}}, {"type": "Feature", "geometry": {"type": "MultiPolygon", "coordinates": [[[[85.160258, 27.965543], [85.160522, 27.965898], [85.160522, 27.965295], [85.160085, 27.965295], [85.160258, 27.965543]]]]}, "properties": {"projectId": 63069, "layer": "buildings", "taskId": 163, "status": "MAPPED"}}, {"type": "Feature", "geometry": {"type": "MultiPolygon", "coordinates": [[[[85.162333, 27.926073], [85.161874, 27.925623], [85.16143, 27.925089], [85.161532, 27.924372], [85.161558, 27.923487], [85.161448, 27.922311], [85.161294, 27.92162], [85.160522, 27.92162], [85.160522, 27.926474], [85.162707, 27.926474], [85.162333, 27.926073]]]]}, "properties": {"projectId": 63069, "layer": "buildings", "taskId": 165, "status": "MAPPED"}}, {"type": "Feature", "geometry": {"type": "MultiPolygon", "coordinates": [[[[85.160114, 27.91842], [85.159429, 27.917409], [85.158879, 27.916767], [85.155029, 27.916767], [85.155029, 27.92162], [85.160522, 27.92162], [85.160522, 27.919253], [85.160114, 27.91842]]]]}, "properties": {"projectId": 63069, "layer": "buildings", "taskId": 153, "status": "MAPPED"}}, {"type": "Feature", "geometry": {"type": "MultiPolygon", "coordinates": [[[[85.160522, 27.960443], [85.166016, 27.960443], [85.166016, 27.965295], [85.160522, 27.965295], [85.160522, 27.960443]]]]}, "properties": {"projectId": 63069, "layer": "buildings", "taskId": 173, "status": "MAPPED"}}, {"type": "Feature", "geometry": {"type": "MultiPolygon", "coordinates": [[[[85.149612, 27.944147], [85.149916, 27.945101], [85.150233, 27.945886], [85.155029, 27.945886], [85.155029, 27.941034], [85.149536, 27.941034], [85.149536, 27.94405], [85.149612, 27.944147]]]]}, "properties": {"projectId": 63069, "layer": "buildings", "taskId": 147, "status": "MAPPED"}}, {"type": "Feature", "geometry": {"type": "MultiPolygon", "coordinates": [[[[85.152312, 27.950741], [85.152163, 27.951473], [85.151947, 27.953069], [85.1519, 27.954135], [85.151961, 27.955019], [85.152063, 27.955591], [85.155029, 27.955591], [85.155029, 27.950739], [85.152312, 27.950739], [85.152312, 27.950741]]]]}, "properties": {"projectId": 63069, "layer": "buildings", "taskId": 149, "status": "MAPPED"}}, {"type": "Feature", "geometry": {"type": "MultiPolygon", "coordinates": [[[[85.150365, 27.946212], [85.15093, 27.947335], [85.15131, 27.948131], [85.151764, 27.948933], [85.152298, 27.949841], [85.152312, 27.95021], [85.152329, 27.950658], [85.152318, 27.95071], [85.152312, 27.950739], [85.155029, 27.950739], [85.155029, 27.945886], [85.150233, 27.945886], [85.150365, 27.946212]]]]}, "properties": {"projectId": 63069, "layer": "buildings", "taskId": 148, "status": "MAPPED"}}, {"type": "Feature", "geometry": {"type": "MultiPolygon", "coordinates": [[[[85.155029, 27.950739], [85.160522, 27.950739], [85.160522, 27.955591], [85.155029, 27.955591], [85.155029, 27.950739]]]]}, "properties": {"projectId": 63069, "layer": "buildings", "taskId": 160, "status": "MAPPED"}}, {"type": "Feature", "geometry": {"type": "MultiPolygon", "coordinates": [[[[85.149536, 27.931327], [85.155029, 27.931327], [85.155029, 27.936181], [85.149536, 27.936181], [85.149536, 27.931327]]]]}, "properties": {"projectId": 63069, "layer": "buildings", "taskId": 145, "status": "MAPPED"}}, {"type": "Feature", "geometry": {"type": "MultiPolygon", "coordinates": [[[[85.160978, 27.96651], [85.161623, 27.96729], [85.162065, 27.967776], [85.162774, 27.96848], [85.163756, 27.969348], [85.164626, 27.970005], [85.164837, 27.970147], [85.166016, 27.970147], [85.166016, 27.965295], [85.160522, 27.965295], [85.160522, 27.965898], [85.160978, 27.96651]]]]}, "properties": {"projectId": 63069, "layer": "buildings", "taskId": 174, "status": "MAPPED"}}, {"type": "Feature", "geometry": {"type": "MultiPolygon", "coordinates": [[[[85.160522, 27.955591], [85.166016, 27.955591], [85.166016, 27.960443], [85.160522, 27.960443], [85.160522, 27.955591]]]]}, "properties": {"projectId": 63069, "layer": "buildings", "taskId": 172, "status": "MAPPED"}}, {"type": "Feature", "geometry": {"type": "MultiPolygon", "coordinates": [[[[85.158826, 27.916705], [85.158379, 27.916268], [85.157901, 27.915858], [85.157252, 27.915379], [85.156699, 27.914987], [85.15612, 27.914605], [85.155561, 27.914285], [85.155029, 27.914023], [85.155029, 27.916767], [85.158879, 27.916767], [85.158826, 27.916705]]]]}, "properties": {"projectId": 63069, "layer": "buildings", "taskId": 152, "status": "VALIDATED"}}, {"type": "Feature", "geometry": {"type": "MultiPolygon", "coordinates": [[[[85.155029, 27.936181], [85.160522, 27.936181], [85.160522, 27.941034], [85.155029, 27.941034], [85.155029, 27.936181]]]]}, "properties": {"projectId": 63069, "layer": "buildings", "taskId": 157, "status": "MAPPED"}}, {"type": "Feature", "geometry": {"type": "MultiPolygon", "coordinates": [[[[85.160522, 27.936181], [85.166016, 27.936181], [85.166016, 27.941034], [85.160522, 27.941034], [85.160522, 27.936181]]]]}, "properties": {"projectId": 63069, "layer": "buildings", "taskId": 168, "status": "MAPPED"}}, {"type": "Feature", "geometry": {"type": "MultiPolygon", "coordinates": [[[[85.155369, 27.961494], [85.155847, 27.961904], [85.156355, 27.962285], [85.157105, 27.962761], [85.158052, 27.963287], [85.158698, 27.963608], [85.159231, 27.963934], [85.159696, 27.964727], [85.159732, 27.964788], [85.160085, 27.965295], [85.160522, 27.965295], [85.160522, 27.960443], [85.155029, 27.960443], [85.155029, 27.961154], [85.155369, 27.961494]]]]}, "properties": {"projectId": 63069, "layer": "buildings", "taskId": 162, "status": "MAPPED"}}, {"type": "Feature", "geometry": {"type": "MultiPolygon", "coordinates": [[[[85.149536, 27.92162], [85.155029, 27.92162], [85.155029, 27.926474], [85.149536, 27.926474], [85.149536, 27.92162]]]]}, "properties": {"projectId": 63069, "layer": "buildings", "taskId": 143, "status": "MAPPED"}}, {"type": "Feature", "geometry": {"type": "MultiPolygon", "coordinates": [[[[85.165364, 27.931315], [85.16511, 27.930459], [85.164812, 27.929748], [85.164244, 27.928599], [85.163709, 27.927706], [85.162964, 27.92675], [85.162707, 27.926474], [85.160522, 27.926474], [85.160522, 27.931327], [85.165366, 27.931327], [85.165364, 27.931315]]]]}, "properties": {"projectId": 63069, "layer": "buildings", "taskId": 166, "status": "MAPPED"}}, {"type": "Feature", "geometry": {"type": "MultiPolygon", "coordinates": [[[[85.155029, 27.92162], [85.160522, 27.92162], [85.160522, 27.926474], [85.155029, 27.926474], [85.155029, 27.92162]]]]}, "properties": {"projectId": 63069, "layer": "buildings", "taskId": 154, "status": "MAPPED"}}, {"type": "Feature", "geometry": {"type": "MultiPolygon", "coordinates": [[[[85.160522, 27.945886], [85.166016, 27.945886], [85.166016, 27.950739], [85.160522, 27.950739], [85.160522, 27.945886]]]]}, "properties": {"projectId": 63069, "layer": "buildings", "taskId": 170, "status": "MAPPED"}}, {"type": "Feature", "geometry": {"type": "MultiPolygon", "coordinates": [[[[85.155029, 27.941034], [85.160522, 27.941034], [85.160522, 27.945886], [85.155029, 27.945886], [85.155029, 27.941034]]]]}, "properties": {"projectId": 63069, "layer": "buildings", "taskId": 158, "status": "MAPPED"}}, {"type": "Feature", "geometry": {"type": "MultiPolygon", "coordinates": [[[[85.155029, 27.926474], [85.160522, 27.926474], [85.160522, 27.931327], [85.155029, 27.931327], [85.155029, 27.926474]]]]}, "properties": {"projectId": 63069, "layer": "buildings", "taskId": 155, "status": "MAPPED"}}, {"type": "Feature", "geometry": {"type": "MultiPolygon", "coordinates": [[[[85.149536, 27.916767], [85.155029, 27.916767], [85.155029, 27.92162], [85.149536, 27.92162], [85.149536, 27.916767]]]]}, "properties": {"projectId": 63069, "layer": "buildings", "taskId": 142, "status": "MAPPED"}}, {"type": "Feature", "geometry": {"type": "MultiPolygon", "coordinates": [[[[85.155029, 27.931327], [85.160522, 27.931327], [85.160522, 27.936181], [85.155029, 27.936181], [85.155029, 27.931327]]]]}, "properties": {"projectId": 63069, "layer": "buildings", "taskId": 156, "status": "MAPPED"}}, {"type": "Feature", "geometry": {"type": "MultiPolygon", "coordinates": [[[[85.149536, 27.936181], [85.155029, 27.936181], [85.155029, 27.941034], [85.149536, 27.941034], [85.149536, 27.936181]]]]}, "properties": {"projectId": 63069, "layer": "buildings", "taskId": 146, "status": "MAPPED"}}, {"type": "Feature", "geometry": {"type": "MultiPolygon", "coordinates": [[[[85.160522, 27.950739], [85.166016, 27.950739], [85.166016, 27.955591], [85.160522, 27.955591], [85.160522, 27.950739]]]]}, "properties": {"projectId": 63069, "layer": "buildings", "taskId": 171, "status": "MAPPED"}}, {"type": "Feature", "geometry": {"type": "MultiPolygon", "coordinates": [[[[85.149536, 27.926474], [85.155029, 27.926474], [85.155029, 27.931327], [85.149536, 27.931327], [85.149536, 27.926474]]]]}, "properties": {"projectId": 63069, "layer": "buildings", "taskId": 144, "status": "MAPPED"}}, {"type": "Feature", "geometry": {"type": "MultiPolygon", "coordinates": [[[[85.174523, 28.015193], [85.17493, 28.016361], [85.175151, 28.017075], [85.175426, 28.017738], [85.175827, 28.018651], [85.177002, 28.018651], [85.177002, 28.013801], [85.174039, 28.013801], [85.174523, 28.015193]]]]}, "properties": {"projectId": 63069, "layer": "buildings", "taskId": 204, "status": "MAPPED"}}, {"type": "Feature", "geometry": {"type": "MultiPolygon", "coordinates": [[[[85.171509, 27.979849], [85.177002, 27.979849], [85.177002, 27.9847], [85.171509, 27.9847], [85.171509, 27.979849]]]]}, "properties": {"projectId": 63069, "layer": "buildings", "taskId": 197, "status": "MAPPED"}}, {"type": "Feature", "geometry": {"type": "MultiPolygon", "coordinates": [[[[85.173531, 28.009989], [85.173541, 28.010772], [85.173579, 28.01177], [85.173705, 28.012648], [85.173924, 28.01347], [85.174039, 28.013801], [85.177002, 28.013801], [85.177002, 28.008952], [85.173438, 28.008952], [85.173531, 28.009989]]]]}, "properties": {"projectId": 63069, "layer": "buildings", "taskId": 203, "status": "MAPPED"}}, {"type": "Feature", "geometry": {"type": "MultiPolygon", "coordinates": [[[[85.170082, 27.989611], [85.170357, 27.990708], [85.170806, 27.991819], [85.171363, 27.992794], [85.171509, 27.993003], [85.171509, 27.989551], [85.170073, 27.989551], [85.170082, 27.989611]]]]}, "properties": {"projectId": 63069, "layer": "buildings", "taskId": 188, "status": "MAPPED"}}, {"type": "Feature", "geometry": {"type": "MultiPolygon", "coordinates": [[[[85.171895, 27.993554], [85.172122, 27.994401], [85.177002, 27.994401], [85.177002, 27.989551], [85.171509, 27.989551], [85.171509, 27.993003], [85.171895, 27.993554]]]]}, "properties": {"projectId": 63069, "layer": "buildings", "taskId": 199, "status": "MAPPED"}}, {"type": "Feature", "geometry": {"type": "MultiPolygon", "coordinates": [[[[85.17012, 27.985276], [85.169927, 27.986848], [85.169888, 27.987855], [85.169919, 27.988276], [85.169957, 27.988793], [85.170073, 27.989551], [85.171509, 27.989551], [85.171509, 27.9847], [85.170228, 27.9847], [85.17012, 27.985276]]]]}, "properties": {"projectId": 63069, "layer": "buildings", "taskId": 187, "status": "MAPPED"}}, {"type": "Feature", "geometry": {"type": "MultiPolygon", "coordinates": [[[[85.170292, 27.979956], [85.170144, 27.981056], [85.170096, 27.982277], [85.170121, 27.982943], [85.170132, 27.983222], [85.170258, 27.984539], [85.170228, 27.9847], [85.171509, 27.9847], [85.171509, 27.979849], [85.17032, 27.979849], [85.170292, 27.979956]]]]}, "properties": {"projectId": 63069, "layer": "buildings", "taskId": 186, "status": "MAPPED"}}, {"type": "Feature", "geometry": {"type": "MultiPolygon", "coordinates": [[[[85.166016, 27.960443], [85.171509, 27.960443], [85.171509, 27.965295], [85.166016, 27.965295], [85.166016, 27.960443]]]]}, "properties": {"projectId": 63069, "layer": "buildings", "taskId": 182, "status": "MAPPED"}}, {"type": "Feature", "geometry": {"type": "MultiPolygon", "coordinates": [[[[85.182118, 27.957548], [85.181559, 27.957229], [85.180956, 27.956933], [85.179988, 27.956498], [85.179145, 27.956165], [85.178794, 27.956048], [85.17752, 27.955625], [85.177502, 27.955591], [85.177002, 27.955591], [85.177002, 27.960443], [85.182495, 27.960443], [85.182495, 27.957795], [85.182118, 27.957548]]]]}, "properties": {"projectId": 63069, "layer": "buildings", "taskId": 208, "status": "MAPPED"}}, {"type": "Feature", "geometry": {"type": "MultiPolygon", "coordinates": [[[[85.171509, 27.955591], [85.177002, 27.955591], [85.177002, 27.960443], [85.171509, 27.960443], [85.171509, 27.955591]]]]}, "properties": {"projectId": 63069, "layer": "buildings", "taskId": 192, "status": "MAPPED"}}, {"type": "Feature", "geometry": {"type": "MultiPolygon", "coordinates": [[[[85.171509, 27.960443], [85.177002, 27.960443], [85.177002, 27.965295], [85.171509, 27.965295], [85.171509, 27.960443]]]]}, "properties": {"projectId": 63069, "layer": "buildings", "taskId": 193, "status": "MAPPED"}}, {"type": "Feature", "geometry": {"type": "MultiPolygon", "coordinates": [[[[85.171509, 27.9847], [85.177002, 27.9847], [85.177002, 27.989551], [85.171509, 27.989551], [85.171509, 27.9847]]]]}, "properties": {"projectId": 63069, "layer": "buildings", "taskId": 198, "status": "MAPPED"}}, {"type": "Feature", "geometry": {"type": "MultiPolygon", "coordinates": [[[[85.173704, 27.950361], [85.173084, 27.949846], [85.173072, 27.949195], [85.173163, 27.948313], [85.173153, 27.947175], [85.173041, 27.94616], [85.172977, 27.945886], [85.171509, 27.945886], [85.171509, 27.950739], [85.174101, 27.950739], [85.173704, 27.950361]]]]}, "properties": {"projectId": 63069, "layer": "buildings", "taskId": 190, "status": "MAPPED"}}, {"type": "Feature", "geometry": {"type": "MultiPolygon", "coordinates": [[[[85.171509, 27.965295], [85.177002, 27.965295], [85.177002, 27.970147], [85.171509, 27.970147], [85.171509, 27.965295]]]]}, "properties": {"projectId": 63069, "layer": "buildings", "taskId": 194, "status": "MAPPED"}}, {"type": "Feature", "geometry": {"type": "MultiPolygon", "coordinates": [[[[85.166016, 27.965295], [85.171509, 27.965295], [85.171509, 27.970147], [85.166016, 27.970147], [85.166016, 27.965295]]]]}, "properties": {"projectId": 63069, "layer": "buildings", "taskId": 183, "status": "MAPPED"}}, {"type": "Feature", "geometry": {"type": "MultiPolygon", "coordinates": [[[[85.167988, 27.936024], [85.167598, 27.935455], [85.16663, 27.934181], [85.166101, 27.933567], [85.166016, 27.933401], [85.166016, 27.936181], [85.168074, 27.936181], [85.167988, 27.936024]]]]}, "properties": {"projectId": 63069, "layer": "buildings", "taskId": 176, "status": "MAPPED"}}, {"type": "Feature", "geometry": {"type": "MultiPolygon", "coordinates": [[[[85.166016, 27.955591], [85.171509, 27.955591], [85.171509, 27.960443], [85.166016, 27.960443], [85.166016, 27.955591]]]]}, "properties": {"projectId": 63069, "layer": "buildings", "taskId": 181, "status": "MAPPED"}}, {"type": "Feature", "geometry": {"type": "MultiPolygon", "coordinates": [[[[85.171025, 27.941519], [85.17064, 27.941034], [85.166016, 27.941034], [85.166016, 27.945886], [85.171509, 27.945886], [85.171509, 27.942247], [85.171025, 27.941519]]]]}, "properties": {"projectId": 63069, "layer": "buildings", "taskId": 178, "status": "MAPPED"}}, {"type": "Feature", "geometry": {"type": "MultiPolygon", "coordinates": [[[[85.170319, 27.94063], [85.169468, 27.939613], [85.168808, 27.937717], [85.168425, 27.93682], [85.168074, 27.936181], [85.166016, 27.936181], [85.166016, 27.941034], [85.17064, 27.941034], [85.170319, 27.94063]]]]}, "properties": {"projectId": 63069, "layer": "buildings", "taskId": 177, "status": "MAPPED"}}, {"type": "Feature", "geometry": {"type": "MultiPolygon", "coordinates": [[[[85.176814, 27.954226], [85.176472, 27.953643], [85.17591, 27.952789], [85.175266, 27.95196], [85.174511, 27.951129], [85.174101, 27.950739], [85.171509, 27.950739], [85.171509, 27.955591], [85.177002, 27.955591], [85.177002, 27.954622], [85.176814, 27.954226]]]]}, "properties": {"projectId": 63069, "layer": "buildings", "taskId": 191, "status": "MAPPED"}}, {"type": "Feature", "geometry": {"type": "MultiPolygon", "coordinates": [[[[85.173577, 28.004885], [85.173421, 28.005759], [85.173352, 28.006799], [85.173396, 28.008484], [85.173438, 28.008952], [85.177002, 28.008952], [85.177002, 28.004102], [85.173774, 28.004102], [85.173577, 28.004885]]]]}, "properties": {"projectId": 63069, "layer": "buildings", "taskId": 202, "status": "MAPPED"}}, {"type": "Feature", "geometry": {"type": "MultiPolygon", "coordinates": [[[[85.171573, 27.975491], [85.171654, 27.976314], [85.171509, 27.976624], [85.171509, 27.979849], [85.177002, 27.979849], [85.177002, 27.974998], [85.171509, 27.974998], [85.171509, 27.97543], [85.171573, 27.975491]]]]}, "properties": {"projectId": 63069, "layer": "buildings", "taskId": 196, "status": "MAPPED"}}, {"type": "Feature", "geometry": {"type": "MultiPolygon", "coordinates": [[[[85.166016, 27.950739], [85.171509, 27.950739], [85.171509, 27.955591], [85.166016, 27.955591], [85.166016, 27.950739]]]]}, "properties": {"projectId": 63069, "layer": "buildings", "taskId": 180, "status": "MAPPED"}}, {"type": "Feature", "geometry": {"type": "MultiPolygon", "coordinates": [[[[85.166016, 27.945886], [85.171509, 27.945886], [85.171509, 27.950739], [85.166016, 27.950739], [85.166016, 27.945886]]]]}, "properties": {"projectId": 63069, "layer": "buildings", "taskId": 179, "status": "MAPPED"}}, {"type": "Feature", "geometry": {"type": "MultiPolygon", "coordinates": [[[[85.171509, 27.970147], [85.177002, 27.970147], [85.177002, 27.974998], [85.171509, 27.974998], [85.171509, 27.970147]]]]}, "properties": {"projectId": 63069, "layer": "buildings", "taskId": 195, "status": "MAPPED"}}, {"type": "Feature", "geometry": {"type": "MultiPolygon", "coordinates": [[[[85.166563, 27.971146], [85.167164, 27.971398], [85.167981, 27.971673], [85.168254, 27.97177], [85.168632, 27.971903], [85.169177, 27.972785], [85.169756, 27.973557], [85.170303, 27.974196], [85.170782, 27.974732], [85.171059, 27.974998], [85.171509, 27.974998], [85.171509, 27.970147], [85.166016, 27.970147], [85.166016, 27.970877], [85.166563, 27.971146]]]]}, "properties": {"projectId": 63069, "layer": "buildings", "taskId": 184, "status": "MAPPED"}}, {"type": "Feature", "geometry": {"type": "MultiPolygon", "coordinates": [[[[85.17715, 27.954934], [85.177002, 27.954622], [85.177002, 27.955591], [85.177502, 27.955591], [85.17715, 27.954934]]]]}, "properties": {"projectId": 63069, "layer": "buildings", "taskId": 207, "status": "VALIDATED"}}, {"type": "Feature", "geometry": {"type": "MultiPolygon", "coordinates": [[[[85.182495, 28.013801], [85.187988, 28.013801], [85.187988, 28.018651], [85.182495, 28.018651], [85.182495, 28.013801]]]]}, "properties": {"projectId": 63069, "layer": "buildings", "taskId": 237, "status": "MAPPED"}}, {"type": "Feature", "geometry": {"type": "MultiPolygon", "coordinates": [[[[85.182495, 28.018651], [85.187988, 28.018651], [85.187988, 28.0235], [85.182495, 28.0235], [85.182495, 28.018651]]]]}, "properties": {"projectId": 63069, "layer": "buildings", "taskId": 238, "status": "MAPPED"}}, {"type": "Feature", "geometry": {"type": "MultiPolygon", "coordinates": [[[[85.182495, 28.0235], [85.187988, 28.0235], [85.187988, 28.028349], [85.182495, 28.028349], [85.182495, 28.0235]]]]}, "properties": {"projectId": 63069, "layer": "buildings", "taskId": 239, "status": "MAPPED"}}, {"type": "Feature", "geometry": {"type": "MultiPolygon", "coordinates": [[[[85.177053, 28.028344], [85.177056, 28.028349], [85.182495, 28.028349], [85.182495, 28.0235], [85.177002, 28.0235], [85.177002, 28.028251], [85.177053, 28.028344]]]]}, "properties": {"projectId": 63069, "layer": "buildings", "taskId": 222, "status": "MAPPED"}}, {"type": "Feature", "geometry": {"type": "MultiPolygon", "coordinates": [[[[85.177002, 28.018651], [85.182495, 28.018651], [85.182495, 28.0235], [85.177002, 28.0235], [85.177002, 28.018651]]]]}, "properties": {"projectId": 63069, "layer": "buildings", "taskId": 221, "status": "MAPPED"}}, {"type": "Feature", "geometry": {"type": "MultiPolygon", "coordinates": [[[[85.177002, 28.013801], [85.182495, 28.013801], [85.182495, 28.018651], [85.177002, 28.018651], [85.177002, 28.013801]]]]}, "properties": {"projectId": 63069, "layer": "buildings", "taskId": 220, "status": "MAPPED"}}, {"type": "Feature", "geometry": {"type": "MultiPolygon", "coordinates": [[[[85.177002, 28.008952], [85.182495, 28.008952], [85.182495, 28.013801], [85.177002, 28.013801], [85.177002, 28.008952]]]]}, "properties": {"projectId": 63069, "layer": "buildings", "taskId": 219, "status": "MAPPED"}}, {"type": "Feature", "geometry": {"type": "MultiPolygon", "coordinates": [[[[85.177002, 27.989551], [85.182495, 27.989551], [85.182495, 27.994401], [85.177002, 27.994401], [85.177002, 27.989551]]]]}, "properties": {"projectId": 63069, "layer": "buildings", "taskId": 215, "status": "MAPPED"}}, {"type": "Feature", "geometry": {"type": "MultiPolygon", "coordinates": [[[[85.182462, 28.03335], [85.182495, 28.033364], [85.182495, 28.033198], [85.182153, 28.033198], [85.182462, 28.03335]]]]}, "properties": {"projectId": 63069, "layer": "buildings", "taskId": 224, "status": "MAPPED"}}, {"type": "Feature", "geometry": {"type": "MultiPolygon", "coordinates": [[[[85.177002, 27.960443], [85.182495, 27.960443], [85.182495, 27.965295], [85.177002, 27.965295], [85.177002, 27.960443]]]]}, "properties": {"projectId": 63069, "layer": "buildings", "taskId": 209, "status": "MAPPED"}}, {"type": "Feature", "geometry": {"type": "MultiPolygon", "coordinates": [[[[85.177002, 27.999252], [85.182495, 27.999252], [85.182495, 28.004102], [85.177002, 28.004102], [85.177002, 27.999252]]]]}, "properties": {"projectId": 63069, "layer": "buildings", "taskId": 217, "status": "MAPPED"}}, {"type": "Feature", "geometry": {"type": "MultiPolygon", "coordinates": [[[[85.193361, 27.967386], [85.192764, 27.966364], [85.192006, 27.965395], [85.191908, 27.965295], [85.187988, 27.965295], [85.187988, 27.970147], [85.193481, 27.970147], [85.193481, 27.967645], [85.193361, 27.967386]]]]}, "properties": {"projectId": 63069, "layer": "buildings", "taskId": 246, "status": "MAPPED"}}, {"type": "Feature", "geometry": {"type": "MultiPolygon", "coordinates": [[[[85.182495, 27.965295], [85.187988, 27.965295], [85.187988, 27.970147], [85.182495, 27.970147], [85.182495, 27.965295]]]]}, "properties": {"projectId": 63069, "layer": "buildings", "taskId": 227, "status": "MAPPED"}}, {"type": "Feature", "geometry": {"type": "MultiPolygon", "coordinates": [[[[85.177002, 27.965295], [85.182495, 27.965295], [85.182495, 27.970147], [85.177002, 27.970147], [85.177002, 27.965295]]]]}, "properties": {"projectId": 63069, "layer": "buildings", "taskId": 210, "status": "MAPPED"}}, {"type": "Feature", "geometry": {"type": "MultiPolygon", "coordinates": [[[[85.182495, 27.994401], [85.187988, 27.994401], [85.187988, 27.999252], [85.182495, 27.999252], [85.182495, 27.994401]]]]}, "properties": {"projectId": 63069, "layer": "buildings", "taskId": 233, "status": "MAPPED"}}, {"type": "Feature", "geometry": {"type": "MultiPolygon", "coordinates": [[[[85.182495, 27.979849], [85.187988, 27.979849], [85.187988, 27.9847], [85.182495, 27.9847], [85.182495, 27.979849]]]]}, "properties": {"projectId": 63069, "layer": "buildings", "taskId": 230, "status": "MAPPED"}}, {"type": "Feature", "geometry": {"type": "MultiPolygon", "coordinates": [[[[85.177468, 28.028947], [85.178386, 28.030133], [85.179023, 28.030847], [85.179681, 28.03149], [85.180277, 28.032012], [85.180785, 28.032393], [85.18132, 28.032744], [85.18188, 28.033064], [85.182153, 28.033198], [85.182495, 28.033198], [85.182495, 28.028349], [85.177056, 28.028349], [85.177468, 28.028947]]]]}, "properties": {"projectId": 63069, "layer": "buildings", "taskId": 223, "status": "MAPPED"}}, {"type": "Feature", "geometry": {"type": "MultiPolygon", "coordinates": [[[[85.177002, 28.004102], [85.182495, 28.004102], [85.182495, 28.008952], [85.177002, 28.008952], [85.177002, 28.004102]]]]}, "properties": {"projectId": 63069, "layer": "buildings", "taskId": 218, "status": "MAPPED"}}, {"type": "Feature", "geometry": {"type": "MultiPolygon", "coordinates": [[[[85.191352, 27.964727], [85.190797, 27.964257], [85.189927, 27.963592], [85.189214, 27.96311], [85.188655, 27.962791], [85.188073, 27.962505], [85.187988, 27.962471], [85.187988, 27.965295], [85.191908, 27.965295], [85.191352, 27.964727]]]]}, "properties": {"projectId": 63069, "layer": "buildings", "taskId": 245, "status": "MAPPED"}}, {"type": "Feature", "geometry": {"type": "MultiPolygon", "coordinates": [[[[85.182495, 27.970147], [85.187988, 27.970147], [85.187988, 27.974998], [85.182495, 27.974998], [85.182495, 27.970147]]]]}, "properties": {"projectId": 63069, "layer": "buildings", "taskId": 228, "status": "MAPPED"}}, {"type": "Feature", "geometry": {"type": "MultiPolygon", "coordinates": [[[[85.185006, 27.960126], [85.184458, 27.959506], [85.183828, 27.958873], [85.183161, 27.95828], [85.182653, 27.957899], [85.182495, 27.957795], [85.182495, 27.960443], [85.185253, 27.960443], [85.185006, 27.960126]]]]}, "properties": {"projectId": 63069, "layer": "buildings", "taskId": 225, "status": "MAPPED"}}, {"type": "Feature", "geometry": {"type": "MultiPolygon", "coordinates": [[[[85.177002, 27.9847], [85.182495, 27.9847], [85.182495, 27.989551], [85.177002, 27.989551], [85.177002, 27.9847]]]]}, "properties": {"projectId": 63069, "layer": "buildings", "taskId": 214, "status": "MAPPED"}}, {"type": "Feature", "geometry": {"type": "MultiPolygon", "coordinates": [[[[85.177002, 27.974998], [85.182495, 27.974998], [85.182495, 27.979849], [85.177002, 27.979849], [85.177002, 27.974998]]]]}, "properties": {"projectId": 63069, "layer": "buildings", "taskId": 212, "status": "MAPPED"}}, {"type": "Feature", "geometry": {"type": "MultiPolygon", "coordinates": [[[[85.182495, 27.999252], [85.187988, 27.999252], [85.187988, 28.004102], [85.182495, 28.004102], [85.182495, 27.999252]]]]}, "properties": {"projectId": 63069, "layer": "buildings", "taskId": 234, "status": "MAPPED"}}, {"type": "Feature", "geometry": {"type": "MultiPolygon", "coordinates": [[[[85.177002, 27.994401], [85.182495, 27.994401], [85.182495, 27.999252], [85.177002, 27.999252], [85.177002, 27.994401]]]]}, "properties": {"projectId": 63069, "layer": "buildings", "taskId": 216, "status": "MAPPED"}}, {"type": "Feature", "geometry": {"type": "MultiPolygon", "coordinates": [[[[85.182495, 27.989551], [85.187988, 27.989551], [85.187988, 27.994401], [85.182495, 27.994401], [85.182495, 27.989551]]]]}, "properties": {"projectId": 63069, "layer": "buildings", "taskId": 232, "status": "MAPPED"}}, {"type": "Feature", "geometry": {"type": "MultiPolygon", "coordinates": [[[[85.182495, 27.9847], [85.187988, 27.9847], [85.187988, 27.989551], [85.182495, 27.989551], [85.182495, 27.9847]]]]}, "properties": {"projectId": 63069, "layer": "buildings", "taskId": 231, "status": "MAPPED"}}, {"type": "Feature", "geometry": {"type": "MultiPolygon", "coordinates": [[[[85.177002, 27.979849], [85.182495, 27.979849], [85.182495, 27.9847], [85.177002, 27.9847], [85.177002, 27.979849]]]]}, "properties": {"projectId": 63069, "layer": "buildings", "taskId": 213, "status": "MAPPED"}}, {"type": "Feature", "geometry": {"type": "MultiPolygon", "coordinates": [[[[85.182495, 27.974998], [85.187988, 27.974998], [85.187988, 27.979849], [85.182495, 27.979849], [85.182495, 27.974998]]]]}, "properties": {"projectId": 63069, "layer": "buildings", "taskId": 229, "status": "MAPPED"}}, {"type": "Feature", "geometry": {"type": "MultiPolygon", "coordinates": [[[[85.183565, 28.039146], [85.183637, 28.039929], [85.183879, 28.041488], [85.18415, 28.042559], [85.184286, 28.042895], [85.187988, 28.042895], [85.187988, 28.038046], [85.183537, 28.038046], [85.183565, 28.039146]]]]}, "properties": {"projectId": 63069, "layer": "buildings", "taskId": 242, "status": "MAPPED"}}, {"type": "Feature", "geometry": {"type": "MultiPolygon", "coordinates": [[[[85.182495, 28.028349], [85.187988, 28.028349], [85.187988, 28.033198], [85.182495, 28.033198], [85.182495, 28.028349]]]]}, "properties": {"projectId": 63069, "layer": "buildings", "taskId": 240, "status": "MAPPED"}}, {"type": "Feature", "geometry": {"type": "MultiPolygon", "coordinates": [[[[85.187988, 28.013801], [85.193481, 28.013801], [85.193481, 28.018651], [85.187988, 28.018651], [85.187988, 28.013801]]]]}, "properties": {"projectId": 63069, "layer": "buildings", "taskId": 256, "status": "MAPPED"}}, {"type": "Feature", "geometry": {"type": "MultiPolygon", "coordinates": [[[[85.193481, 28.028349], [85.198975, 28.028349], [85.198975, 28.033198], [85.193481, 28.033198], [85.193481, 28.028349]]]]}, "properties": {"projectId": 63069, "layer": "buildings", "taskId": 276, "status": "MAPPED"}}, {"type": "Feature", "geometry": {"type": "MultiPolygon", "coordinates": [[[[85.187988, 28.008952], [85.193481, 28.008952], [85.193481, 28.013801], [85.187988, 28.013801], [85.187988, 28.008952]]]]}, "properties": {"projectId": 63069, "layer": "buildings", "taskId": 255, "status": "MAPPED"}}, {"type": "Feature", "geometry": {"type": "MultiPolygon", "coordinates": [[[[85.19578, 28.01301], [85.195358, 28.012399], [85.194492, 28.011267], [85.193884, 28.009672], [85.193839, 28.00903], [85.193836, 28.008952], [85.193481, 28.008952], [85.193481, 28.013801], [85.196215, 28.013801], [85.19578, 28.01301]]]]}, "properties": {"projectId": 63069, "layer": "buildings", "taskId": 272, "status": "MAPPED"}}, {"type": "Feature", "geometry": {"type": "MultiPolygon", "coordinates": [[[[85.19855, 28.019899], [85.198072, 28.019489], [85.197315, 28.018735], [85.197307, 28.018651], [85.193481, 28.018651], [85.193481, 28.0235], [85.198975, 28.0235], [85.198975, 28.020318], [85.19855, 28.019899]]]]}, "properties": {"projectId": 63069, "layer": "buildings", "taskId": 274, "status": "MAPPED"}}, {"type": "Feature", "geometry": {"type": "MultiPolygon", "coordinates": [[[[85.187988, 28.004102], [85.193481, 28.004102], [85.193481, 28.008952], [85.187988, 28.008952], [85.187988, 28.004102]]]]}, "properties": {"projectId": 63069, "layer": "buildings", "taskId": 254, "status": "MAPPED"}}, {"type": "Feature", "geometry": {"type": "MultiPolygon", "coordinates": [[[[85.193799, 28.008022], [85.19404, 28.007371], [85.194385, 28.006258], [85.194621, 28.005096], [85.194674, 28.004102], [85.193481, 28.004102], [85.193481, 28.008952], [85.193836, 28.008952], [85.193799, 28.008022]]]]}, "properties": {"projectId": 63069, "layer": "buildings", "taskId": 271, "status": "MAPPED"}}, {"type": "Feature", "geometry": {"type": "MultiPolygon", "coordinates": [[[[85.193481, 28.0235], [85.198975, 28.0235], [85.198975, 28.028349], [85.193481, 28.028349], [85.193481, 28.0235]]]]}, "properties": {"projectId": 63069, "layer": "buildings", "taskId": 275, "status": "MAPPED"}}, {"type": "Feature", "geometry": {"type": "MultiPolygon", "coordinates": [[[[85.19617, 27.998385], [85.196237, 27.997299], [85.19621, 27.99639], [85.196102, 27.995417], [85.195852, 27.994401], [85.193481, 27.994401], [85.193481, 27.999252], [85.195994, 27.999252], [85.19617, 27.998385]]]]}, "properties": {"projectId": 63069, "layer": "buildings", "taskId": 269, "status": "MAPPED"}}, {"type": "Feature", "geometry": {"type": "MultiPolygon", "coordinates": [[[[85.193481, 28.053431], [85.193481, 28.052591], [85.193069, 28.052591], [85.193481, 28.053431]]]]}, "properties": {"projectId": 63069, "layer": "buildings", "taskId": 264, "status": "MAPPED"}}, {"type": "Feature", "geometry": {"type": "MultiPolygon", "coordinates": [[[[85.195819, 27.994265], [85.195369, 27.993154], [85.194857, 27.992244], [85.194384, 27.991543], [85.193701, 27.990689], [85.193481, 27.990428], [85.193481, 27.994401], [85.195852, 27.994401], [85.195819, 27.994265]]]]}, "properties": {"projectId": 63069, "layer": "buildings", "taskId": 268, "status": "MAPPED"}}, {"type": "Feature", "geometry": {"type": "MultiPolygon", "coordinates": [[[[85.187988, 28.033198], [85.193481, 28.033198], [85.193481, 28.038046], [85.187988, 28.038046], [85.187988, 28.033198]]]]}, "properties": {"projectId": 63069, "layer": "buildings", "taskId": 260, "status": "MAPPED"}}, {"type": "Feature", "geometry": {"type": "MultiPolygon", "coordinates": [[[[85.193481, 28.038046], [85.198975, 28.038046], [85.198975, 28.042895], [85.193481, 28.042895], [85.193481, 28.038046]]]]}, "properties": {"projectId": 63069, "layer": "buildings", "taskId": 278, "status": "MAPPED"}}, {"type": "Feature", "geometry": {"type": "MultiPolygon", "coordinates": [[[[85.193481, 28.042895], [85.198975, 28.042895], [85.198975, 28.047743], [85.193481, 28.047743], [85.193481, 28.042895]]]]}, "properties": {"projectId": 63069, "layer": "buildings", "taskId": 279, "status": "MAPPED"}}, {"type": "Feature", "geometry": {"type": "MultiPolygon", "coordinates": [[[[85.193481, 28.047743], [85.198975, 28.047743], [85.198975, 28.052591], [85.193481, 28.052591], [85.193481, 28.047743]]]]}, "properties": {"projectId": 63069, "layer": "buildings", "taskId": 280, "status": "MAPPED"}}, {"type": "Feature", "geometry": {"type": "MultiPolygon", "coordinates": [[[[85.187988, 28.038046], [85.193481, 28.038046], [85.193481, 28.042895], [85.187988, 28.042895], [85.187988, 28.038046]]]]}, "properties": {"projectId": 63069, "layer": "buildings", "taskId": 261, "status": "MAPPED"}}, {"type": "Feature", "geometry": {"type": "MultiPolygon", "coordinates": [[[[85.187988, 27.970147], [85.193481, 27.970147], [85.193481, 27.974998], [85.187988, 27.974998], [85.187988, 27.970147]]]]}, "properties": {"projectId": 63069, "layer": "buildings", "taskId": 247, "status": "MAPPED"}}, {"type": "Feature", "geometry": {"type": "MultiPolygon", "coordinates": [[[[85.187988, 27.994401], [85.193481, 27.994401], [85.193481, 27.999252], [85.187988, 27.999252], [85.187988, 27.994401]]]]}, "properties": {"projectId": 63069, "layer": "buildings", "taskId": 252, "status": "MAPPED"}}, {"type": "Feature", "geometry": {"type": "MultiPolygon", "coordinates": [[[[85.187988, 27.999252], [85.193481, 27.999252], [85.193481, 28.004102], [85.187988, 28.004102], [85.187988, 27.999252]]]]}, "properties": {"projectId": 63069, "layer": "buildings", "taskId": 253, "status": "MAPPED"}}, {"type": "Feature", "geometry": {"type": "MultiPolygon", "coordinates": [[[[85.193023, 27.989885], [85.192987, 27.989551], [85.187988, 27.989551], [85.187988, 27.994401], [85.193481, 27.994401], [85.193481, 27.990428], [85.193023, 27.989885]]]]}, "properties": {"projectId": 63069, "layer": "buildings", "taskId": 251, "status": "MAPPED"}}, {"type": "Feature", "geometry": {"type": "MultiPolygon", "coordinates": [[[[85.193481, 28.033198], [85.198975, 28.033198], [85.198975, 28.038046], [85.193481, 28.038046], [85.193481, 28.033198]]]]}, "properties": {"projectId": 63069, "layer": "buildings", "taskId": 277, "status": "MAPPED"}}, {"type": "Feature", "geometry": {"type": "MultiPolygon", "coordinates": [[[[85.192903, 27.98876], [85.192621, 27.987607], [85.192171, 27.986497], [85.191733, 27.985702], [85.191359, 27.985153], [85.191034, 27.9847], [85.187988, 27.9847], [85.187988, 27.989551], [85.192987, 27.989551], [85.192903, 27.98876]]]]}, "properties": {"projectId": 63069, "layer": "buildings", "taskId": 250, "status": "MAPPED"}}, {"type": "Feature", "geometry": {"type": "MultiPolygon", "coordinates": [[[[85.190823, 27.984406], [85.190605, 27.983186], [85.191053, 27.98174], [85.191443, 27.980615], [85.191632, 27.979957], [85.191654, 27.979849], [85.187988, 27.979849], [85.187988, 27.9847], [85.191034, 27.9847], [85.190823, 27.984406]]]]}, "properties": {"projectId": 63069, "layer": "buildings", "taskId": 249, "status": "MAPPED"}}, {"type": "Feature", "geometry": {"type": "MultiPolygon", "coordinates": [[[[85.187988, 28.042895], [85.193481, 28.042895], [85.193481, 28.047743], [85.187988, 28.047743], [85.187988, 28.042895]]]]}, "properties": {"projectId": 63069, "layer": "buildings", "taskId": 262, "status": "MAPPED"}}, {"type": "Feature", "geometry": {"type": "MultiPolygon", "coordinates": [[[[85.187988, 28.028349], [85.193481, 28.028349], [85.193481, 28.033198], [85.187988, 28.033198], [85.187988, 28.028349]]]]}, "properties": {"projectId": 63069, "layer": "buildings", "taskId": 259, "status": "MAPPED"}}, {"type": "Feature", "geometry": {"type": "MultiPolygon", "coordinates": [[[[85.194283, 27.974627], [85.194519, 27.973466], [85.194603, 27.972279], [85.194591, 27.97177], [85.194576, 27.971126], [85.194411, 27.970147], [85.193481, 27.970147], [85.193481, 27.974998], [85.19415, 27.974998], [85.194283, 27.974627]]]]}, "properties": {"projectId": 63069, "layer": "buildings", "taskId": 266, "status": "VALIDATED"}}, {"type": "Feature", "geometry": {"type": "MultiPolygon", "coordinates": [[[[85.194379, 27.969959], [85.194125, 27.969103], [85.193887, 27.96852], [85.193481, 27.967645], [85.193481, 27.970147], [85.194411, 27.970147], [85.194379, 27.969959]]]]}, "properties": {"projectId": 63069, "layer": "buildings", "taskId": 265, "status": "VALIDATED"}}, {"type": "Feature", "geometry": {"type": "MultiPolygon", "coordinates": [[[[85.193879, 27.975751], [85.19415, 27.974998], [85.193481, 27.974998], [85.193481, 27.976512], [85.193879, 27.975751]]]]}, "properties": {"projectId": 63069, "layer": "buildings", "taskId": 267, "status": "VALIDATED"}}, {"type": "Feature", "geometry": {"type": "MultiPolygon", "coordinates": [[[[85.209961, 28.052591], [85.215454, 28.052591], [85.215454, 28.057439], [85.209961, 28.057439], [85.209961, 28.052591]]]]}, "properties": {"projectId": 63069, "layer": "buildings", "taskId": 314, "status": "MAPPED"}}, {"type": "Feature", "geometry": {"type": "MultiPolygon", "coordinates": [[[[85.204906, 28.082395], [85.205973, 28.082831], [85.207227, 28.083271], [85.208245, 28.083878], [85.209465, 28.084789], [85.209961, 28.085275], [85.209961, 28.081674], [85.204468, 28.081674], [85.204468, 28.082185], [85.204906, 28.082395]]]]}, "properties": {"projectId": 63069, "layer": "buildings", "taskId": 310, "status": "MAPPED"}}, {"type": "Feature", "geometry": {"type": "MultiPolygon", "coordinates": [[[[85.210817, 28.042529], [85.210322, 28.04176], [85.209961, 28.041318], [85.209961, 28.042895], [85.210998, 28.042895], [85.210817, 28.042529]]]]}, "properties": {"projectId": 63069, "layer": "buildings", "taskId": 311, "status": "MAPPED"}}, {"type": "Feature", "geometry": {"type": "MultiPolygon", "coordinates": [[[[85.198975, 28.052591], [85.204468, 28.052591], [85.204468, 28.057439], [85.198975, 28.057439], [85.198975, 28.052591]]]]}, "properties": {"projectId": 63069, "layer": "buildings", "taskId": 293, "status": "MAPPED"}}, {"type": "Feature", "geometry": {"type": "MultiPolygon", "coordinates": [[[[85.199159, 28.076827], [85.204468, 28.076827], [85.204468, 28.07198], [85.198975, 28.07198], [85.198975, 28.076372], [85.199159, 28.076827]]]]}, "properties": {"projectId": 63069, "layer": "buildings", "taskId": 297, "status": "MAPPED"}}, {"type": "Feature", "geometry": {"type": "MultiPolygon", "coordinates": [[[[85.204049, 28.081985], [85.204468, 28.082185], [85.204468, 28.081674], [85.203503, 28.081674], [85.204049, 28.081985]]]]}, "properties": {"projectId": 63069, "layer": "buildings", "taskId": 299, "status": "MAPPED"}}, {"type": "Feature", "geometry": {"type": "MultiPolygon", "coordinates": [[[[85.204468, 28.057439], [85.209961, 28.057439], [85.209961, 28.062286], [85.204468, 28.062286], [85.204468, 28.057439]]]]}, "properties": {"projectId": 63069, "layer": "buildings", "taskId": 305, "status": "MAPPED"}}, {"type": "Feature", "geometry": {"type": "MultiPolygon", "coordinates": [[[[85.198975, 28.067133], [85.204468, 28.067133], [85.204468, 28.07198], [85.198975, 28.07198], [85.198975, 28.067133]]]]}, "properties": {"projectId": 63069, "layer": "buildings", "taskId": 296, "status": "MAPPED"}}, {"type": "Feature", "geometry": {"type": "MultiPolygon", "coordinates": [[[[85.209961, 28.067133], [85.215454, 28.067133], [85.215454, 28.07198], [85.209961, 28.07198], [85.209961, 28.067133]]]]}, "properties": {"projectId": 63069, "layer": "buildings", "taskId": 317, "status": "MAPPED"}}, {"type": "Feature", "geometry": {"type": "MultiPolygon", "coordinates": [[[[85.209961, 28.062286], [85.215454, 28.062286], [85.215454, 28.067133], [85.209961, 28.067133], [85.209961, 28.062286]]]]}, "properties": {"projectId": 63069, "layer": "buildings", "taskId": 316, "status": "MAPPED"}}, {"type": "Feature", "geometry": {"type": "MultiPolygon", "coordinates": [[[[85.204468, 28.067133], [85.209961, 28.067133], [85.209961, 28.07198], [85.204468, 28.07198], [85.204468, 28.067133]]]]}, "properties": {"projectId": 63069, "layer": "buildings", "taskId": 307, "status": "MAPPED"}}, {"type": "Feature", "geometry": {"type": "MultiPolygon", "coordinates": [[[[85.204468, 28.07198], [85.209961, 28.07198], [85.209961, 28.076827], [85.204468, 28.076827], [85.204468, 28.07198]]]]}, "properties": {"projectId": 63069, "layer": "buildings", "taskId": 308, "status": "MAPPED"}}, {"type": "Feature", "geometry": {"type": "MultiPolygon", "coordinates": [[[[85.204468, 28.076827], [85.209961, 28.076827], [85.209961, 28.081674], [85.204468, 28.081674], [85.204468, 28.076827]]]]}, "properties": {"projectId": 63069, "layer": "buildings", "taskId": 309, "status": "MAPPED"}}, {"type": "Feature", "geometry": {"type": "MultiPolygon", "coordinates": [[[[85.198975, 28.062286], [85.204468, 28.062286], [85.204468, 28.067133], [85.198975, 28.067133], [85.198975, 28.062286]]]]}, "properties": {"projectId": 63069, "layer": "buildings", "taskId": 295, "status": "MAPPED"}}, {"type": "Feature", "geometry": {"type": "MultiPolygon", "coordinates": [[[[85.196152, 28.062705], [85.195666, 28.063803], [85.195371, 28.064802], [85.195177, 28.065759], [85.195059, 28.066787], [85.195062, 28.067133], [85.198975, 28.067133], [85.198975, 28.062286], [85.196404, 28.062286], [85.196152, 28.062705]]]]}, "properties": {"projectId": 63069, "layer": "buildings", "taskId": 283, "status": "MAPPED"}}, {"type": "Feature", "geometry": {"type": "MultiPolygon", "coordinates": [[[[85.204468, 28.062286], [85.209961, 28.062286], [85.209961, 28.067133], [85.204468, 28.067133], [85.204468, 28.062286]]]]}, "properties": {"projectId": 63069, "layer": "buildings", "taskId": 306, "status": "MAPPED"}}, {"type": "Feature", "geometry": {"type": "MultiPolygon", "coordinates": [[[[85.196272, 28.072062], [85.1968, 28.07294], [85.197559, 28.073909], [85.198405, 28.074781], [85.198749, 28.075815], [85.198975, 28.076372], [85.198975, 28.07198], [85.196231, 28.07198], [85.196272, 28.072062]]]]}, "properties": {"projectId": 63069, "layer": "buildings", "taskId": 285, "status": "MAPPED"}}, {"type": "Feature", "geometry": {"type": "MultiPolygon", "coordinates": [[[[85.204468, 28.042895], [85.209961, 28.042895], [85.209961, 28.047743], [85.204468, 28.047743], [85.204468, 28.042895]]]]}, "properties": {"projectId": 63069, "layer": "buildings", "taskId": 302, "status": "MAPPED"}}, {"type": "Feature", "geometry": {"type": "MultiPolygon", "coordinates": [[[[85.209759, 28.04107], [85.208521, 28.039762], [85.207083, 28.038424], [85.206624, 28.038046], [85.204468, 28.038046], [85.204468, 28.042895], [85.209961, 28.042895], [85.209961, 28.041318], [85.209759, 28.04107]]]]}, "properties": {"projectId": 63069, "layer": "buildings", "taskId": 301, "status": "MAPPED"}}, {"type": "Feature", "geometry": {"type": "MultiPolygon", "coordinates": [[[[85.204375, 28.032914], [85.204415, 28.031897], [85.204304, 28.030722], [85.204021, 28.029569], [85.203688, 28.028694], [85.20353, 28.028349], [85.198975, 28.028349], [85.198975, 28.033198], [85.20434, 28.033198], [85.204375, 28.032914]]]]}, "properties": {"projectId": 63069, "layer": "buildings", "taskId": 288, "status": "MAPPED"}}, {"type": "Feature", "geometry": {"type": "MultiPolygon", "coordinates": [[[[85.195068, 28.067843], [85.195156, 28.06874], [85.19534, 28.069735], [85.195595, 28.070592], [85.195901, 28.071318], [85.196231, 28.07198], [85.198975, 28.07198], [85.198975, 28.067133], [85.195062, 28.067133], [85.195068, 28.067843]]]]}, "properties": {"projectId": 63069, "layer": "buildings", "taskId": 284, "status": "MAPPED"}}, {"type": "Feature", "geometry": {"type": "MultiPolygon", "coordinates": [[[[85.198975, 28.057439], [85.204468, 28.057439], [85.204468, 28.062286], [85.198975, 28.062286], [85.198975, 28.057439]]]]}, "properties": {"projectId": 63069, "layer": "buildings", "taskId": 294, "status": "MAPPED"}}, {"type": "Feature", "geometry": {"type": "MultiPolygon", "coordinates": [[[[85.204468, 28.052591], [85.209961, 28.052591], [85.209961, 28.057439], [85.204468, 28.057439], [85.204468, 28.052591]]]]}, "properties": {"projectId": 63069, "layer": "buildings", "taskId": 304, "status": "MAPPED"}}, {"type": "Feature", "geometry": {"type": "MultiPolygon", "coordinates": [[[[85.204468, 28.047743], [85.209961, 28.047743], [85.209961, 28.052591], [85.204468, 28.052591], [85.204468, 28.047743]]]]}, "properties": {"projectId": 63069, "layer": "buildings", "taskId": 303, "status": "MAPPED"}}, {"type": "Feature", "geometry": {"type": "MultiPolygon", "coordinates": [[[[85.215439, 28.047941], [85.215285, 28.047743], [85.209961, 28.047743], [85.209961, 28.052591], [85.215454, 28.052591], [85.215454, 28.047962], [85.215439, 28.047941]]]]}, "properties": {"projectId": 63069, "layer": "buildings", "taskId": 313, "status": "MAPPED"}}, {"type": "Feature", "geometry": {"type": "MultiPolygon", "coordinates": [[[[85.198975, 28.042895], [85.204468, 28.042895], [85.204468, 28.047743], [85.198975, 28.047743], [85.198975, 28.042895]]]]}, "properties": {"projectId": 63069, "layer": "buildings", "taskId": 291, "status": "BADIMAGERY"}}, {"type": "Feature", "geometry": {"type": "MultiPolygon", "coordinates": [[[[85.198975, 28.047743], [85.204468, 28.047743], [85.204468, 28.052591], [85.198975, 28.052591], [85.198975, 28.047743]]]]}, "properties": {"projectId": 63069, "layer": "buildings", "taskId": 292, "status": "MAPPED"}}, {"type": "Feature", "geometry": {"type": "MultiPolygon", "coordinates": [[[[85.205517, 28.037134], [85.204976, 28.036726], [85.204468, 28.036394], [85.204468, 28.038046], [85.206624, 28.038046], [85.205517, 28.037134]]]]}, "properties": {"projectId": 63069, "layer": "buildings", "taskId": 300, "status": "VALIDATED"}}, {"type": "Feature", "geometry": {"type": "MultiPolygon", "coordinates": [[[[85.198975, 28.038046], [85.204468, 28.038046], [85.204468, 28.042895], [85.198975, 28.042895], [85.198975, 28.038046]]]]}, "properties": {"projectId": 63069, "layer": "buildings", "taskId": 290, "status": "VALIDATED"}}, {"type": "Feature", "geometry": {"type": "MultiPolygon", "coordinates": [[[[85.203204, 28.027637], [85.20242, 28.025599], [85.20144, 28.0235], [85.198975, 28.0235], [85.198975, 28.028349], [85.20353, 28.028349], [85.203204, 28.027637]]]]}, "properties": {"projectId": 63069, "layer": "buildings", "taskId": 287, "status": "VALIDATED"}}, {"type": "Feature", "geometry": {"type": "MultiPolygon", "coordinates": [[[[85.215454, 28.081674], [85.220947, 28.081674], [85.220947, 28.08652], [85.215454, 28.08652], [85.215454, 28.081674]]]]}, "properties": {"projectId": 63069, "layer": "buildings", "taskId": 329, "status": "MAPPED"}}, {"type": "Feature", "geometry": {"type": "MultiPolygon", "coordinates": [[[[85.216754, 28.090076], [85.217333, 28.090326], [85.219514, 28.091215], [85.219643, 28.091366], [85.220947, 28.091366], [85.220947, 28.08652], [85.215454, 28.08652], [85.215454, 28.08945], [85.216754, 28.090076]]]]}, "properties": {"projectId": 63069, "layer": "buildings", "taskId": 330, "status": "MAPPED"}}, {"type": "Feature", "geometry": {"type": "MultiPolygon", "coordinates": [[[[85.225702, 28.09656], [85.22644, 28.097062], [85.22644, 28.096212], [85.225253, 28.096212], [85.225702, 28.09656]]]]}, "properties": {"projectId": 63069, "layer": "buildings", "taskId": 338, "status": "MAPPED"}}, {"type": "Feature", "geometry": {"type": "MultiPolygon", "coordinates": [[[[85.218172, 28.062201], [85.218475, 28.061085], [85.21863, 28.06021], [85.218698, 28.059151], [85.218661, 28.057717], [85.218645, 28.057439], [85.215454, 28.057439], [85.215454, 28.062286], [85.218156, 28.062286], [85.218172, 28.062201]]]]}, "properties": {"projectId": 63069, "layer": "buildings", "taskId": 324, "status": "MAPPED"}}, {"type": "Feature", "geometry": {"type": "MultiPolygon", "coordinates": [[[[85.218108, 28.052423], [85.217658, 28.051313], [85.21722, 28.050517], [85.216749, 28.049833], [85.216369, 28.049257], [85.215454, 28.047962], [85.215454, 28.052591], [85.218149, 28.052591], [85.218108, 28.052423]]]]}, "properties": {"projectId": 63069, "layer": "buildings", "taskId": 322, "status": "MAPPED"}}, {"type": "Feature", "geometry": {"type": "MultiPolygon", "coordinates": [[[[85.237427, 28.081571], [85.237427, 28.081674], [85.237578, 28.081674], [85.237427, 28.081571]]]]}, "properties": {"projectId": 63069, "layer": "buildings", "taskId": 351, "status": "MAPPED"}}, {"type": "Feature", "geometry": {"type": "MultiPolygon", "coordinates": [[[[85.21857, 28.056107], [85.218498, 28.054506], [85.218391, 28.053575], [85.218149, 28.052591], [85.215454, 28.052591], [85.215454, 28.057439], [85.218645, 28.057439], [85.21857, 28.056107]]]]}, "properties": {"projectId": 63069, "layer": "buildings", "taskId": 323, "status": "MAPPED"}}, {"type": "Feature", "geometry": {"type": "MultiPolygon", "coordinates": [[[[85.220182, 28.091995], [85.220947, 28.092827], [85.220947, 28.091366], [85.219643, 28.091366], [85.220182, 28.091995]]]]}, "properties": {"projectId": 63069, "layer": "buildings", "taskId": 331, "status": "MAPPED"}}, {"type": "Feature", "geometry": {"type": "MultiPolygon", "coordinates": [[[[85.220947, 28.081674], [85.22644, 28.081674], [85.22644, 28.08652], [85.220947, 28.08652], [85.220947, 28.081674]]]]}, "properties": {"projectId": 63069, "layer": "buildings", "taskId": 335, "status": "MAPPED"}}, {"type": "Feature", "geometry": {"type": "MultiPolygon", "coordinates": [[[[85.22644, 28.08652], [85.231934, 28.08652], [85.231934, 28.091366], [85.22644, 28.091366], [85.22644, 28.08652]]]]}, "properties": {"projectId": 63069, "layer": "buildings", "taskId": 342, "status": "MAPPED"}}, {"type": "Feature", "geometry": {"type": "MultiPolygon", "coordinates": [[[[85.215454, 28.076827], [85.220947, 28.076827], [85.220947, 28.081674], [85.215454, 28.081674], [85.215454, 28.076827]]]]}, "properties": {"projectId": 63069, "layer": "buildings", "taskId": 328, "status": "MAPPED"}}, {"type": "Feature", "geometry": {"type": "MultiPolygon", "coordinates": [[[[85.242745, 28.082545], [85.24209, 28.08244], [85.241371, 28.08237], [85.240083, 28.082291], [85.238967, 28.082139], [85.237786, 28.081815], [85.237578, 28.081674], [85.237427, 28.081674], [85.237427, 28.08652], [85.24292, 28.08652], [85.24292, 28.082583], [85.242745, 28.082545]]]]}, "properties": {"projectId": 63069, "layer": "buildings", "taskId": 352, "status": "MAPPED"}}, {"type": "Feature", "geometry": {"type": "MultiPolygon", "coordinates": [[[[85.231934, 28.081674], [85.237427, 28.081674], [85.237427, 28.08652], [85.231934, 28.08652], [85.231934, 28.081674]]]]}, "properties": {"projectId": 63069, "layer": "buildings", "taskId": 347, "status": "MAPPED"}}, {"type": "Feature", "geometry": {"type": "MultiPolygon", "coordinates": [[[[85.236721, 28.081092], [85.235815, 28.079896], [85.235126, 28.079034], [85.234381, 28.078287], [85.233531, 28.077551], [85.232872, 28.077045], [85.23254, 28.076827], [85.231934, 28.076827], [85.231934, 28.081674], [85.237427, 28.081674], [85.237427, 28.081571], [85.236721, 28.081092]]]]}, "properties": {"projectId": 63069, "layer": "buildings", "taskId": 346, "status": "MAPPED"}}, {"type": "Feature", "geometry": {"type": "MultiPolygon", "coordinates": [[[[85.22644, 28.076827], [85.231934, 28.076827], [85.231934, 28.081674], [85.22644, 28.081674], [85.22644, 28.076827]]]]}, "properties": {"projectId": 63069, "layer": "buildings", "taskId": 340, "status": "MAPPED"}}, {"type": "Feature", "geometry": {"type": "MultiPolygon", "coordinates": [[[[85.215454, 28.07198], [85.220947, 28.07198], [85.220947, 28.076827], [85.215454, 28.076827], [85.215454, 28.07198]]]]}, "properties": {"projectId": 63069, "layer": "buildings", "taskId": 327, "status": "MAPPED"}}, {"type": "Feature", "geometry": {"type": "MultiPolygon", "coordinates": [[[[85.225724, 28.073804], [85.223967, 28.072109], [85.223816, 28.07198], [85.220947, 28.07198], [85.220947, 28.076827], [85.22644, 28.076827], [85.22644, 28.074119], [85.225724, 28.073804]]]]}, "properties": {"projectId": 63069, "layer": "buildings", "taskId": 333, "status": "MAPPED"}}, {"type": "Feature", "geometry": {"type": "MultiPolygon", "coordinates": [[[[85.209961, 28.076827], [85.215454, 28.076827], [85.215454, 28.081674], [85.209961, 28.081674], [85.209961, 28.076827]]]]}, "properties": {"projectId": 63069, "layer": "buildings", "taskId": 319, "status": "MAPPED"}}, {"type": "Feature", "geometry": {"type": "MultiPolygon", "coordinates": [[[[85.209961, 28.07198], [85.215454, 28.07198], [85.215454, 28.076827], [85.209961, 28.076827], [85.209961, 28.07198]]]]}, "properties": {"projectId": 63069, "layer": "buildings", "taskId": 318, "status": "MAPPED"}}, {"type": "Feature", "geometry": {"type": "MultiPolygon", "coordinates": [[[[85.22644, 28.081674], [85.231934, 28.081674], [85.231934, 28.08652], [85.22644, 28.08652], [85.22644, 28.081674]]]]}, "properties": {"projectId": 63069, "layer": "buildings", "taskId": 341, "status": "MAPPED"}}, {"type": "Feature", "geometry": {"type": "MultiPolygon", "coordinates": [[[[85.226446, 28.097066], [85.227006, 28.097385], [85.227677, 28.09771], [85.228958, 28.09826], [85.229057, 28.098302], [85.22989, 28.098604], [85.230628, 28.098809], [85.231934, 28.099112], [85.231934, 28.096212], [85.22644, 28.096212], [85.22644, 28.097062], [85.226446, 28.097066]]]]}, "properties": {"projectId": 63069, "layer": "buildings", "taskId": 344, "status": "MAPPED"}}, {"type": "Feature", "geometry": {"type": "MultiPolygon", "coordinates": [[[[85.232376, 28.099214], [85.233965, 28.099699], [85.234904, 28.099924], [85.235818, 28.100056], [85.237427, 28.100251], [85.237427, 28.096212], [85.231934, 28.096212], [85.231934, 28.099112], [85.232376, 28.099214]]]]}, "properties": {"projectId": 63069, "layer": "buildings", "taskId": 350, "status": "MAPPED"}}, {"type": "Feature", "geometry": {"type": "MultiPolygon", "coordinates": [[[[85.22644, 28.091366], [85.231934, 28.091366], [85.231934, 28.096212], [85.22644, 28.096212], [85.22644, 28.091366]]]]}, "properties": {"projectId": 63069, "layer": "buildings", "taskId": 343, "status": "MAPPED"}}, {"type": "Feature", "geometry": {"type": "MultiPolygon", "coordinates": [[[[85.231934, 28.091366], [85.237427, 28.091366], [85.237427, 28.096212], [85.231934, 28.096212], [85.231934, 28.091366]]]]}, "properties": {"projectId": 63069, "layer": "buildings", "taskId": 349, "status": "MAPPED"}}, {"type": "Feature", "geometry": {"type": "MultiPolygon", "coordinates": [[[[85.231934, 28.08652], [85.237427, 28.08652], [85.237427, 28.091366], [85.231934, 28.091366], [85.231934, 28.08652]]]]}, "properties": {"projectId": 63069, "layer": "buildings", "taskId": 348, "status": "MAPPED"}}, {"type": "Feature", "geometry": {"type": "MultiPolygon", "coordinates": [[[[85.220947, 28.08652], [85.22644, 28.08652], [85.22644, 28.091366], [85.220947, 28.091366], [85.220947, 28.08652]]]]}, "properties": {"projectId": 63069, "layer": "buildings", "taskId": 336, "status": "MAPPED"}}, {"type": "Feature", "geometry": {"type": "MultiPolygon", "coordinates": [[[[85.216991, 28.06641], [85.217235, 28.065747], [85.217719, 28.064298], [85.217947, 28.063428], [85.218156, 28.062286], [85.215454, 28.062286], [85.215454, 28.067133], [85.217213, 28.067133], [85.216991, 28.06641]]]]}, "properties": {"projectId": 63069, "layer": "buildings", "taskId": 325, "status": "MAPPED"}}, {"type": "Feature", "geometry": {"type": "MultiPolygon", "coordinates": [[[[85.23235, 28.076702], [85.231934, 28.076447], [85.231934, 28.076827], [85.23254, 28.076827], [85.23235, 28.076702]]]]}, "properties": {"projectId": 63069, "layer": "buildings", "taskId": 345, "status": "VALIDATED"}}, {"type": "Feature", "geometry": {"type": "MultiPolygon", "coordinates": [[[[85.223232, 28.07148], [85.220947, 28.069773], [85.220947, 28.07198], [85.223816, 28.07198], [85.223232, 28.07148]]]]}, "properties": {"projectId": 63069, "layer": "buildings", "taskId": 332, "status": "VALIDATED"}}, {"type": "Feature", "geometry": {"type": "MultiPolygon", "coordinates": [[[[85.220921, 28.069754], [85.220402, 28.069401], [85.218531, 28.068217], [85.217679, 28.067743], [85.21722, 28.067157], [85.217213, 28.067133], [85.215454, 28.067133], [85.215454, 28.07198], [85.220947, 28.07198], [85.220947, 28.069773], [85.220921, 28.069754]]]]}, "properties": {"projectId": 63069, "layer": "buildings", "taskId": 326, "status": "VALIDATED"}}, {"type": "Feature", "geometry": {"type": "MultiPolygon", "coordinates": [[[[85.264123, 28.111752], [85.264723, 28.112449], [85.264893, 28.112612], [85.264893, 28.110749], [85.263328, 28.110749], [85.264123, 28.111752]]]]}, "properties": {"projectId": 63069, "layer": "buildings", "taskId": 379, "status": "MAPPED"}}, {"type": "Feature", "geometry": {"type": "MultiPolygon", "coordinates": [[[[85.264451, 28.087264], [85.263527, 28.086955], [85.261905, 28.08652], [85.259399, 28.08652], [85.259399, 28.091366], [85.264893, 28.091366], [85.264893, 28.087441], [85.264451, 28.087264]]]]}, "properties": {"projectId": 63069, "layer": "buildings", "taskId": 374, "status": "MAPPED"}}, {"type": "Feature", "geometry": {"type": "MultiPolygon", "coordinates": [[[[85.253174, 28.083748], [85.251276, 28.083315], [85.250417, 28.083168], [85.249756, 28.083102], [85.248965, 28.083073], [85.248413, 28.083078], [85.248413, 28.08652], [85.253906, 28.08652], [85.253906, 28.083946], [85.253174, 28.083748]]]]}, "properties": {"projectId": 63069, "layer": "buildings", "taskId": 362, "status": "MAPPED"}}, {"type": "Feature", "geometry": {"type": "MultiPolygon", "coordinates": [[[[85.237427, 28.08652], [85.24292, 28.08652], [85.24292, 28.091366], [85.237427, 28.091366], [85.237427, 28.08652]]]]}, "properties": {"projectId": 63069, "layer": "buildings", "taskId": 353, "status": "MAPPED"}}, {"type": "Feature", "geometry": {"type": "MultiPolygon", "coordinates": [[[[85.240503, 28.101174], [85.241385, 28.101303], [85.242361, 28.101394], [85.24292, 28.101417], [85.24292, 28.101058], [85.239978, 28.101058], [85.240503, 28.101174]]]]}, "properties": {"projectId": 63069, "layer": "buildings", "taskId": 356, "status": "MAPPED"}}, {"type": "Feature", "geometry": {"type": "MultiPolygon", "coordinates": [[[[85.243255, 28.10143], [85.244537, 28.101416], [85.245579, 28.101341], [85.247415, 28.101127], [85.248186, 28.101264], [85.248413, 28.101358], [85.248413, 28.101058], [85.24292, 28.101058], [85.24292, 28.101417], [85.243255, 28.10143]]]]}, "properties": {"projectId": 63069, "layer": "buildings", "taskId": 361, "status": "MAPPED"}}, {"type": "Feature", "geometry": {"type": "MultiPolygon", "coordinates": [[[[85.265245, 28.112951], [85.265795, 28.113428], [85.26647, 28.113948], [85.267006, 28.114299], [85.267567, 28.114618], [85.268402, 28.115028], [85.268965, 28.115594], [85.270386, 28.115594], [85.270386, 28.110749], [85.264893, 28.110749], [85.264893, 28.112612], [85.265245, 28.112951]]]]}, "properties": {"projectId": 63069, "layer": "buildings", "taskId": 385, "status": "MAPPED"}}, {"type": "Feature", "geometry": {"type": "MultiPolygon", "coordinates": [[[[85.269004, 28.115633], [85.26969, 28.11649], [85.270346, 28.117157], [85.270386, 28.117191], [85.270386, 28.115594], [85.268965, 28.115594], [85.269004, 28.115633]]]]}, "properties": {"projectId": 63069, "layer": "buildings", "taskId": 386, "status": "MAPPED"}}, {"type": "Feature", "geometry": {"type": "MultiPolygon", "coordinates": [[[[85.253906, 28.08652], [85.259399, 28.08652], [85.259399, 28.091366], [85.253906, 28.091366], [85.253906, 28.08652]]]]}, "properties": {"projectId": 63069, "layer": "buildings", "taskId": 368, "status": "MAPPED"}}, {"type": "Feature", "geometry": {"type": "MultiPolygon", "coordinates": [[[[85.269969, 28.091168], [85.269484, 28.090593], [85.268974, 28.090018], [85.268526, 28.089581], [85.268047, 28.089171], [85.267538, 28.08879], [85.267002, 28.088439], [85.266442, 28.08812], [85.265615, 28.087731], [85.264893, 28.087441], [85.264893, 28.091366], [85.270205, 28.091366], [85.269969, 28.091168]]]]}, "properties": {"projectId": 63069, "layer": "buildings", "taskId": 380, "status": "MAPPED"}}, {"type": "Feature", "geometry": {"type": "MultiPolygon", "coordinates": [[[[85.275649, 28.096131], [85.274908, 28.095565], [85.274148, 28.095085], [85.272868, 28.094287], [85.272163, 28.093308], [85.271364, 28.092414], [85.27064, 28.091731], [85.270386, 28.091518], [85.270386, 28.096212], [85.275777, 28.096212], [85.275649, 28.096131]]]]}, "properties": {"projectId": 63069, "layer": "buildings", "taskId": 387, "status": "MAPPED"}}, {"type": "Feature", "geometry": {"type": "MultiPolygon", "coordinates": [[[[85.248413, 28.08652], [85.253906, 28.08652], [85.253906, 28.091366], [85.248413, 28.091366], [85.248413, 28.08652]]]]}, "properties": {"projectId": 63069, "layer": "buildings", "taskId": 363, "status": "MAPPED"}}, {"type": "Feature", "geometry": {"type": "MultiPolygon", "coordinates": [[[[85.24292, 28.08652], [85.248413, 28.08652], [85.248413, 28.091366], [85.24292, 28.091366], [85.24292, 28.08652]]]]}, "properties": {"projectId": 63069, "layer": "buildings", "taskId": 358, "status": "MAPPED"}}, {"type": "Feature", "geometry": {"type": "MultiPolygon", "coordinates": [[[[85.264893, 28.105903], [85.270386, 28.105903], [85.270386, 28.110749], [85.264893, 28.110749], [85.264893, 28.105903]]]]}, "properties": {"projectId": 63069, "layer": "buildings", "taskId": 384, "status": "MAPPED"}}, {"type": "Feature", "geometry": {"type": "MultiPolygon", "coordinates": [[[[85.259399, 28.101058], [85.264893, 28.101058], [85.264893, 28.105903], [85.259399, 28.105903], [85.259399, 28.101058]]]]}, "properties": {"projectId": 63069, "layer": "buildings", "taskId": 377, "status": "MAPPED"}}, {"type": "Feature", "geometry": {"type": "MultiPolygon", "coordinates": [[[[85.237427, 28.091366], [85.24292, 28.091366], [85.24292, 28.096212], [85.237427, 28.096212], [85.237427, 28.091366]]]]}, "properties": {"projectId": 63069, "layer": "buildings", "taskId": 354, "status": "MAPPED"}}, {"type": "Feature", "geometry": {"type": "MultiPolygon", "coordinates": [[[[85.253906, 28.096212], [85.259399, 28.096212], [85.259399, 28.101058], [85.253906, 28.101058], [85.253906, 28.096212]]]]}, "properties": {"projectId": 63069, "layer": "buildings", "taskId": 370, "status": "MAPPED"}}, {"type": "Feature", "geometry": {"type": "MultiPolygon", "coordinates": [[[[85.253906, 28.091366], [85.259399, 28.091366], [85.259399, 28.096212], [85.253906, 28.096212], [85.253906, 28.091366]]]]}, "properties": {"projectId": 63069, "layer": "buildings", "taskId": 369, "status": "MAPPED"}}, {"type": "Feature", "geometry": {"type": "MultiPolygon", "coordinates": [[[[85.264893, 28.101058], [85.270386, 28.101058], [85.270386, 28.105903], [85.264893, 28.105903], [85.264893, 28.101058]]]]}, "properties": {"projectId": 63069, "layer": "buildings", "taskId": 383, "status": "MAPPED"}}, {"type": "Feature", "geometry": {"type": "MultiPolygon", "coordinates": [[[[85.259399, 28.096212], [85.264893, 28.096212], [85.264893, 28.101058], [85.259399, 28.101058], [85.259399, 28.096212]]]]}, "properties": {"projectId": 63069, "layer": "buildings", "taskId": 376, "status": "MAPPED"}}, {"type": "Feature", "geometry": {"type": "MultiPolygon", "coordinates": [[[[85.264893, 28.096212], [85.270386, 28.096212], [85.270386, 28.101058], [85.264893, 28.101058], [85.264893, 28.096212]]]]}, "properties": {"projectId": 63069, "layer": "buildings", "taskId": 382, "status": "MAPPED"}}, {"type": "Feature", "geometry": {"type": "MultiPolygon", "coordinates": [[[[85.270205, 28.091366], [85.264893, 28.091366], [85.264893, 28.096212], [85.270386, 28.096212], [85.270386, 28.091518], [85.270205, 28.091366]]]]}, "properties": {"projectId": 63069, "layer": "buildings", "taskId": 381, "status": "MAPPED"}}, {"type": "Feature", "geometry": {"type": "MultiPolygon", "coordinates": [[[[85.259959, 28.108755], [85.260695, 28.109322], [85.261713, 28.109962], [85.262562, 28.110399], [85.263325, 28.110745], [85.263328, 28.110749], [85.264893, 28.110749], [85.264893, 28.105903], [85.259399, 28.105903], [85.259399, 28.108256], [85.259959, 28.108755]]]]}, "properties": {"projectId": 63069, "layer": "buildings", "taskId": 378, "status": "MAPPED"}}, {"type": "Feature", "geometry": {"type": "MultiPolygon", "coordinates": [[[[85.248413, 28.091366], [85.253906, 28.091366], [85.253906, 28.096212], [85.248413, 28.096212], [85.248413, 28.091366]]]]}, "properties": {"projectId": 63069, "layer": "buildings", "taskId": 364, "status": "MAPPED"}}, {"type": "Feature", "geometry": {"type": "MultiPolygon", "coordinates": [[[[85.259399, 28.091366], [85.264893, 28.091366], [85.264893, 28.096212], [85.259399, 28.096212], [85.259399, 28.091366]]]]}, "properties": {"projectId": 63069, "layer": "buildings", "taskId": 375, "status": "MAPPED"}}, {"type": "Feature", "geometry": {"type": "MultiPolygon", "coordinates": [[[[85.24292, 28.091366], [85.248413, 28.091366], [85.248413, 28.096212], [85.24292, 28.096212], [85.24292, 28.091366]]]]}, "properties": {"projectId": 63069, "layer": "buildings", "taskId": 359, "status": "VALIDATED"}}, {"type": "Feature", "geometry": {"type": "MultiPolygon", "coordinates": [[[[85.248413, 28.096212], [85.253906, 28.096212], [85.253906, 28.101058], [85.248413, 28.101058], [85.248413, 28.096212]]]]}, "properties": {"projectId": 63069, "layer": "buildings", "taskId": 365, "status": "VALIDATED"}}, {"type": "Feature", "geometry": {"type": "MultiPolygon", "coordinates": [[[[85.24292, 28.096212], [85.248413, 28.096212], [85.248413, 28.101058], [85.24292, 28.101058], [85.24292, 28.096212]]]]}, "properties": {"projectId": 63069, "layer": "buildings", "taskId": 360, "status": "VALIDATED"}}, {"type": "Feature", "geometry": {"type": "MultiPolygon", "coordinates": [[[[85.237828, 28.1003], [85.238602, 28.100636], [85.239222, 28.100852], [85.239856, 28.101031], [85.239978, 28.101058], [85.24292, 28.101058], [85.24292, 28.096212], [85.237427, 28.096212], [85.237427, 28.100251], [85.237828, 28.1003]]]]}, "properties": {"projectId": 63069, "layer": "buildings", "taskId": 355, "status": "VALIDATED"}}, {"type": "Feature", "geometry": {"type": "MultiPolygon", "coordinates": [[[[85.292358, 28.120439], [85.297852, 28.120439], [85.297852, 28.125283], [85.292358, 28.125283], [85.292358, 28.120439]]]]}, "properties": {"projectId": 63069, "layer": "buildings", "taskId": 420, "status": "MAPPED"}}, {"type": "Feature", "geometry": {"type": "MultiPolygon", "coordinates": [[[[85.292358, 28.125283], [85.297852, 28.125283], [85.297852, 28.130128], [85.292358, 28.130128], [85.292358, 28.125283]]]]}, "properties": {"projectId": 63069, "layer": "buildings", "taskId": 421, "status": "MAPPED"}}, {"type": "Feature", "geometry": {"type": "MultiPolygon", "coordinates": [[[[85.286865, 28.110749], [85.292358, 28.110749], [85.292358, 28.115594], [85.286865, 28.115594], [85.286865, 28.110749]]]]}, "properties": {"projectId": 63069, "layer": "buildings", "taskId": 411, "status": "MAPPED"}}, {"type": "Feature", "geometry": {"type": "MultiPolygon", "coordinates": [[[[85.28619, 28.130178], [85.286841, 28.130838], [85.286865, 28.130858], [85.286865, 28.130128], [85.286127, 28.130128], [85.28619, 28.130178]]]]}, "properties": {"projectId": 63069, "layer": "buildings", "taskId": 408, "status": "MAPPED"}}, {"type": "Feature", "geometry": {"type": "MultiPolygon", "coordinates": [[[[85.280672, 28.125489], [85.28113, 28.125931], [85.281372, 28.126167], [85.281372, 28.125283], [85.280296, 28.125283], [85.280672, 28.125489]]]]}, "properties": {"projectId": 63069, "layer": "buildings", "taskId": 400, "status": "MAPPED"}}, {"type": "Feature", "geometry": {"type": "MultiPolygon", "coordinates": [[[[85.291518, 28.135575], [85.291957, 28.13637], [85.292358, 28.136949], [85.292358, 28.134972], [85.291272, 28.134972], [85.291518, 28.135575]]]]}, "properties": {"projectId": 63069, "layer": "buildings", "taskId": 416, "status": "MAPPED"}}, {"type": "Feature", "geometry": {"type": "MultiPolygon", "coordinates": [[[[85.270386, 28.110749], [85.275879, 28.110749], [85.275879, 28.115594], [85.270386, 28.115594], [85.270386, 28.110749]]]]}, "properties": {"projectId": 63069, "layer": "buildings", "taskId": 391, "status": "MAPPED"}}, {"type": "Feature", "geometry": {"type": "MultiPolygon", "coordinates": [[[[85.274944, 28.121264], [85.275592, 28.121953], [85.275879, 28.122233], [85.275879, 28.120439], [85.274297, 28.120439], [85.274944, 28.121264]]]]}, "properties": {"projectId": 63069, "layer": "buildings", "taskId": 393, "status": "MAPPED"}}, {"type": "Feature", "geometry": {"type": "MultiPolygon", "coordinates": [[[[85.286865, 28.115594], [85.292358, 28.115594], [85.292358, 28.120439], [85.286865, 28.120439], [85.286865, 28.115594]]]]}, "properties": {"projectId": 63069, "layer": "buildings", "taskId": 412, "status": "MAPPED"}}, {"type": "Feature", "geometry": {"type": "MultiPolygon", "coordinates": [[[[85.292079, 28.110411], [85.29139, 28.110109], [85.290919, 28.109521], [85.290446, 28.108888], [85.289796, 28.107952], [85.289312, 28.107388], [85.289191, 28.107248], [85.288742, 28.106811], [85.288263, 28.106402], [85.287748, 28.106016], [85.287586, 28.105903], [85.286865, 28.105903], [85.286865, 28.110749], [85.292358, 28.110749], [85.292358, 28.110548], [85.292079, 28.110411]]]]}, "properties": {"projectId": 63069, "layer": "buildings", "taskId": 410, "status": "MAPPED"}}, {"type": "Feature", "geometry": {"type": "MultiPolygon", "coordinates": [[[[85.281372, 28.110749], [85.286865, 28.110749], [85.286865, 28.115594], [85.281372, 28.115594], [85.281372, 28.110749]]]]}, "properties": {"projectId": 63069, "layer": "buildings", "taskId": 404, "status": "MAPPED"}}, {"type": "Feature", "geometry": {"type": "MultiPolygon", "coordinates": [[[[85.275879, 28.105903], [85.281372, 28.105903], [85.281372, 28.110749], [85.275879, 28.110749], [85.275879, 28.105903]]]]}, "properties": {"projectId": 63069, "layer": "buildings", "taskId": 396, "status": "MAPPED"}}, {"type": "Feature", "geometry": {"type": "MultiPolygon", "coordinates": [[[[85.275777, 28.096212], [85.270386, 28.096212], [85.270386, 28.101058], [85.275879, 28.101058], [85.275879, 28.096277], [85.275777, 28.096212]]]]}, "properties": {"projectId": 63069, "layer": "buildings", "taskId": 388, "status": "MAPPED"}}, {"type": "Feature", "geometry": {"type": "MultiPolygon", "coordinates": [[[[85.270386, 28.101058], [85.275879, 28.101058], [85.275879, 28.105903], [85.270386, 28.105903], [85.270386, 28.101058]]]]}, "properties": {"projectId": 63069, "layer": "buildings", "taskId": 389, "status": "MAPPED"}}, {"type": "Feature", "geometry": {"type": "MultiPolygon", "coordinates": [[[[85.275879, 28.110749], [85.281372, 28.110749], [85.281372, 28.115594], [85.275879, 28.115594], [85.275879, 28.110749]]]]}, "properties": {"projectId": 63069, "layer": "buildings", "taskId": 397, "status": "MAPPED"}}, {"type": "Feature", "geometry": {"type": "MultiPolygon", "coordinates": [[[[85.281372, 28.115594], [85.286865, 28.115594], [85.286865, 28.120439], [85.281372, 28.120439], [85.281372, 28.115594]]]]}, "properties": {"projectId": 63069, "layer": "buildings", "taskId": 405, "status": "MAPPED"}}, {"type": "Feature", "geometry": {"type": "MultiPolygon", "coordinates": [[[[85.287453, 28.13135], [85.288484, 28.13212], [85.289142, 28.132559], [85.289312, 28.132652], [85.28995, 28.133001], [85.29082, 28.133555], [85.291066, 28.134465], [85.291272, 28.134972], [85.292358, 28.134972], [85.292358, 28.130128], [85.286865, 28.130128], [85.286865, 28.130858], [85.287453, 28.13135]]]]}, "properties": {"projectId": 63069, "layer": "buildings", "taskId": 415, "status": "MAPPED"}}, {"type": "Feature", "geometry": {"type": "MultiPolygon", "coordinates": [[[[85.292358, 28.130128], [85.297852, 28.130128], [85.297852, 28.134972], [85.292358, 28.134972], [85.292358, 28.130128]]]]}, "properties": {"projectId": 63069, "layer": "buildings", "taskId": 422, "status": "MAPPED"}}, {"type": "Feature", "geometry": {"type": "MultiPolygon", "coordinates": [[[[85.286865, 28.125283], [85.292358, 28.125283], [85.292358, 28.130128], [85.286865, 28.130128], [85.286865, 28.125283]]]]}, "properties": {"projectId": 63069, "layer": "buildings", "taskId": 414, "status": "MAPPED"}}, {"type": "Feature", "geometry": {"type": "MultiPolygon", "coordinates": [[[[85.286865, 28.120439], [85.292358, 28.120439], [85.292358, 28.125283], [85.286865, 28.125283], [85.286865, 28.120439]]]]}, "properties": {"projectId": 63069, "layer": "buildings", "taskId": 413, "status": "MAPPED"}}, {"type": "Feature", "geometry": {"type": "MultiPolygon", "coordinates": [[[[85.281372, 28.120439], [85.286865, 28.120439], [85.286865, 28.125283], [85.281372, 28.125283], [85.281372, 28.120439]]]]}, "properties": {"projectId": 63069, "layer": "buildings", "taskId": 406, "status": "MAPPED"}}, {"type": "Feature", "geometry": {"type": "MultiPolygon", "coordinates": [[[[85.27604, 28.12239], [85.276769, 28.122986], [85.278291, 28.124067], [85.278863, 28.12444], [85.279954, 28.125096], [85.280296, 28.125283], [85.281372, 28.125283], [85.281372, 28.120439], [85.275879, 28.120439], [85.275879, 28.122233], [85.27604, 28.12239]]]]}, "properties": {"projectId": 63069, "layer": "buildings", "taskId": 399, "status": "MAPPED"}}, {"type": "Feature", "geometry": {"type": "MultiPolygon", "coordinates": [[[[85.275879, 28.115594], [85.281372, 28.115594], [85.281372, 28.120439], [85.275879, 28.120439], [85.275879, 28.115594]]]]}, "properties": {"projectId": 63069, "layer": "buildings", "taskId": 398, "status": "MAPPED"}}, {"type": "Feature", "geometry": {"type": "MultiPolygon", "coordinates": [[[[85.275879, 28.101058], [85.281372, 28.101058], [85.281372, 28.105903], [85.275879, 28.105903], [85.275879, 28.101058]]]]}, "properties": {"projectId": 63069, "layer": "buildings", "taskId": 395, "status": "MAPPED"}}, {"type": "Feature", "geometry": {"type": "MultiPolygon", "coordinates": [[[[85.270386, 28.105903], [85.275879, 28.105903], [85.275879, 28.110749], [85.270386, 28.110749], [85.270386, 28.105903]]]]}, "properties": {"projectId": 63069, "layer": "buildings", "taskId": 390, "status": "MAPPED"}}, {"type": "Feature", "geometry": {"type": "MultiPolygon", "coordinates": [[[[85.297743, 28.114755], [85.297263, 28.114345], [85.296553, 28.113818], [85.295818, 28.113068], [85.29537, 28.112631], [85.294797, 28.112149], [85.29392, 28.111484], [85.293223, 28.111016], [85.292753, 28.110749], [85.292358, 28.110749], [85.292358, 28.115594], [85.297852, 28.115594], [85.297852, 28.11486], [85.297743, 28.114755]]]]}, "properties": {"projectId": 63069, "layer": "buildings", "taskId": 418, "status": "MAPPED"}}, {"type": "Feature", "geometry": {"type": "MultiPolygon", "coordinates": [[[[85.292358, 28.115594], [85.297852, 28.115594], [85.297852, 28.120439], [85.292358, 28.120439], [85.292358, 28.115594]]]]}, "properties": {"projectId": 63069, "layer": "buildings", "taskId": 419, "status": "VALIDATED"}}, {"type": "Feature", "geometry": {"type": "MultiPolygon", "coordinates": [[[[85.292662, 28.110697], [85.292358, 28.110548], [85.292358, 28.110749], [85.292753, 28.110749], [85.292662, 28.110697]]]]}, "properties": {"projectId": 63069, "layer": "buildings", "taskId": 417, "status": "VALIDATED"}}, {"type": "Feature", "geometry": {"type": "MultiPolygon", "coordinates": [[[[85.286865, 28.105401], [85.286865, 28.105903], [85.287586, 28.105903], [85.286865, 28.105401]]]]}, "properties": {"projectId": 63069, "layer": "buildings", "taskId": 409, "status": "VALIDATED"}}, {"type": "Feature", "geometry": {"type": "MultiPolygon", "coordinates": [[[[85.281701, 28.100948], [85.281372, 28.100701], [85.281372, 28.101058], [85.28183, 28.101058], [85.281701, 28.100948]]]]}, "properties": {"projectId": 63069, "layer": "buildings", "taskId": 401, "status": "VALIDATED"}}, {"type": "Feature", "geometry": {"type": "MultiPolygon", "coordinates": [[[[85.325261, 28.140549], [85.324288, 28.139999], [85.324019, 28.139816], [85.319824, 28.139816], [85.319824, 28.14466], [85.325317, 28.14466], [85.325317, 28.140586], [85.325261, 28.140549]]]]}, "properties": {"projectId": 63069, "layer": "buildings", "taskId": 457, "status": "MAPPED"}}, {"type": "Feature", "geometry": {"type": "MultiPolygon", "coordinates": [[[[85.297852, 28.125283], [85.303345, 28.125283], [85.303345, 28.130128], [85.297852, 28.130128], [85.297852, 28.125283]]]]}, "properties": {"projectId": 63069, "layer": "buildings", "taskId": 428, "status": "MAPPED"}}, {"type": "Feature", "geometry": {"type": "MultiPolygon", "coordinates": [[[[85.312129, 28.129657], [85.311352, 28.128481], [85.310864, 28.127842], [85.310417, 28.127186], [85.310157, 28.126436], [85.30979, 28.125586], [85.309613, 28.125283], [85.308838, 28.125283], [85.308838, 28.130128], [85.3124, 28.130128], [85.312129, 28.129657]]]]}, "properties": {"projectId": 63069, "layer": "buildings", "taskId": 442, "status": "MAPPED"}}, {"type": "Feature", "geometry": {"type": "MultiPolygon", "coordinates": [[[[85.303345, 28.134972], [85.308838, 28.134972], [85.308838, 28.139816], [85.303345, 28.139816], [85.303345, 28.134972]]]]}, "properties": {"projectId": 63069, "layer": "buildings", "taskId": 437, "status": "MAPPED"}}, {"type": "Feature", "geometry": {"type": "MultiPolygon", "coordinates": [[[[85.303345, 28.139816], [85.308838, 28.139816], [85.308838, 28.14466], [85.303345, 28.14466], [85.303345, 28.139816]]]]}, "properties": {"projectId": 63069, "layer": "buildings", "taskId": 438, "status": "MAPPED"}}, {"type": "Feature", "geometry": {"type": "MultiPolygon", "coordinates": [[[[85.308838, 28.139816], [85.314331, 28.139816], [85.314331, 28.14466], [85.308838, 28.14466], [85.308838, 28.139816]]]]}, "properties": {"projectId": 63069, "layer": "buildings", "taskId": 445, "status": "MAPPED"}}, {"type": "Feature", "geometry": {"type": "MultiPolygon", "coordinates": [[[[85.314331, 28.139816], [85.319824, 28.139816], [85.319824, 28.14466], [85.314331, 28.14466], [85.314331, 28.139816]]]]}, "properties": {"projectId": 63069, "layer": "buildings", "taskId": 451, "status": "MAPPED"}}, {"type": "Feature", "geometry": {"type": "MultiPolygon", "coordinates": [[[[85.303345, 28.130128], [85.308838, 28.130128], [85.308838, 28.134972], [85.303345, 28.134972], [85.303345, 28.130128]]]]}, "properties": {"projectId": 63069, "layer": "buildings", "taskId": 436, "status": "MAPPED"}}, {"type": "Feature", "geometry": {"type": "MultiPolygon", "coordinates": [[[[85.297852, 28.130128], [85.303345, 28.130128], [85.303345, 28.134972], [85.297852, 28.134972], [85.297852, 28.130128]]]]}, "properties": {"projectId": 63069, "layer": "buildings", "taskId": 429, "status": "MAPPED"}}, {"type": "Feature", "geometry": {"type": "MultiPolygon", "coordinates": [[[[85.311841, 28.154426], [85.312525, 28.154864], [85.313275, 28.155288], [85.314288, 28.155821], [85.314331, 28.155853], [85.314331, 28.154347], [85.311732, 28.154347], [85.311841, 28.154426]]]]}, "properties": {"projectId": 63069, "layer": "buildings", "taskId": 448, "status": "MAPPED"}}, {"type": "Feature", "geometry": {"type": "MultiPolygon", "coordinates": [[[[85.319824, 28.159191], [85.319824, 28.15919], [85.319823, 28.15919], [85.319824, 28.159191]]]]}, "properties": {"projectId": 63069, "layer": "buildings", "taskId": 455, "status": "MAPPED"}}, {"type": "Feature", "geometry": {"type": "MultiPolygon", "coordinates": [[[[85.314331, 28.14466], [85.319824, 28.14466], [85.319824, 28.149503], [85.314331, 28.149503], [85.314331, 28.14466]]]]}, "properties": {"projectId": 63069, "layer": "buildings", "taskId": 452, "status": "MAPPED"}}, {"type": "Feature", "geometry": {"type": "MultiPolygon", "coordinates": [[[[85.308838, 28.134972], [85.314331, 28.134972], [85.314331, 28.139816], [85.308838, 28.139816], [85.308838, 28.134972]]]]}, "properties": {"projectId": 63069, "layer": "buildings", "taskId": 444, "status": "MAPPED"}}, {"type": "Feature", "geometry": {"type": "MultiPolygon", "coordinates": [[[[85.313875, 28.132654], [85.313274, 28.131774], [85.312881, 28.130963], [85.3124, 28.130128], [85.308838, 28.130128], [85.308838, 28.134972], [85.314331, 28.134972], [85.314331, 28.132749], [85.313875, 28.132654]]]]}, "properties": {"projectId": 63069, "layer": "buildings", "taskId": 443, "status": "MAPPED"}}, {"type": "Feature", "geometry": {"type": "MultiPolygon", "coordinates": [[[[85.303345, 28.125283], [85.308838, 28.125283], [85.308838, 28.130128], [85.303345, 28.130128], [85.303345, 28.125283]]]]}, "properties": {"projectId": 63069, "layer": "buildings", "taskId": 435, "status": "MAPPED"}}, {"type": "Feature", "geometry": {"type": "MultiPolygon", "coordinates": [[[[85.315512, 28.156744], [85.316288, 28.157274], [85.317033, 28.157685], [85.318867, 28.158565], [85.319674, 28.159042], [85.319823, 28.15919], [85.319824, 28.15919], [85.319824, 28.154347], [85.314331, 28.154347], [85.314331, 28.155853], [85.315512, 28.156744]]]]}, "properties": {"projectId": 63069, "layer": "buildings", "taskId": 454, "status": "MAPPED"}}, {"type": "Feature", "geometry": {"type": "MultiPolygon", "coordinates": [[[[85.298992, 28.145654], [85.300267, 28.146795], [85.301106, 28.147437], [85.302485, 28.148351], [85.303345, 28.14894], [85.303345, 28.14466], [85.297976, 28.14466], [85.298992, 28.145654]]]]}, "properties": {"projectId": 63069, "layer": "buildings", "taskId": 432, "status": "MAPPED"}}, {"type": "Feature", "geometry": {"type": "MultiPolygon", "coordinates": [[[[85.295059, 28.140199], [85.295798, 28.141685], [85.296287, 28.142511], [85.296956, 28.143471], [85.297385, 28.144023], [85.297852, 28.144534], [85.297852, 28.139816], [85.294849, 28.139816], [85.295059, 28.140199]]]]}, "properties": {"projectId": 63069, "layer": "buildings", "taskId": 424, "status": "MAPPED"}}, {"type": "Feature", "geometry": {"type": "MultiPolygon", "coordinates": [[[[85.292389, 28.136994], [85.292961, 28.137724], [85.293478, 28.138311], [85.293926, 28.138747], [85.294593, 28.139351], [85.294849, 28.139816], [85.297852, 28.139816], [85.297852, 28.134972], [85.292358, 28.134972], [85.292358, 28.136949], [85.292389, 28.136994]]]]}, "properties": {"projectId": 63069, "layer": "buildings", "taskId": 423, "status": "MAPPED"}}, {"type": "Feature", "geometry": {"type": "MultiPolygon", "coordinates": [[[[85.309179, 28.124538], [85.308838, 28.124104], [85.308838, 28.125283], [85.309613, 28.125283], [85.309179, 28.124538]]]]}, "properties": {"projectId": 63069, "layer": "buildings", "taskId": 441, "status": "VALIDATED"}}, {"type": "Feature", "geometry": {"type": "MultiPolygon", "coordinates": [[[[85.318675, 28.134684], [85.317848, 28.134149], [85.317186, 28.133767], [85.316603, 28.133482], [85.316, 28.133231], [85.31538, 28.133015], [85.314745, 28.132836], [85.314331, 28.132749], [85.314331, 28.134972], [85.31907, 28.134972], [85.318675, 28.134684]]]]}, "properties": {"projectId": 63069, "layer": "buildings", "taskId": 449, "status": "VALIDATED"}}, {"type": "Feature", "geometry": {"type": "MultiPolygon", "coordinates": [[[[85.32361, 28.139537], [85.322874, 28.139004], [85.322114, 28.138517], [85.321736, 28.13802], [85.321248, 28.137222], [85.320487, 28.136254], [85.319831, 28.135587], [85.319824, 28.135581], [85.319824, 28.139816], [85.324019, 28.139816], [85.32361, 28.139537]]]]}, "properties": {"projectId": 63069, "layer": "buildings", "taskId": 456, "status": "VALIDATED"}}, {"type": "Feature", "geometry": {"type": "MultiPolygon", "coordinates": [[[[85.314331, 28.149503], [85.319824, 28.149503], [85.319824, 28.154347], [85.314331, 28.154347], [85.314331, 28.149503]]]]}, "properties": {"projectId": 63069, "layer": "buildings", "taskId": 453, "status": "MAPPED"}}, {"type": "Feature", "geometry": {"type": "MultiPolygon", "coordinates": [[[[85.309359, 28.153216], [85.31, 28.153482], [85.311168, 28.153939], [85.311732, 28.154347], [85.314331, 28.154347], [85.314331, 28.149503], [85.308838, 28.149503], [85.308838, 28.152962], [85.309359, 28.153216]]]]}, "properties": {"projectId": 63069, "layer": "buildings", "taskId": 447, "status": "MAPPED"}}, {"type": "Feature", "geometry": {"type": "MultiPolygon", "coordinates": [[[[85.308838, 28.14466], [85.314331, 28.14466], [85.314331, 28.149503], [85.308838, 28.149503], [85.308838, 28.14466]]]]}, "properties": {"projectId": 63069, "layer": "buildings", "taskId": 446, "status": "MAPPED"}}, {"type": "Feature", "geometry": {"type": "MultiPolygon", "coordinates": [[[[85.303473, 28.149028], [85.304272, 28.149503], [85.308838, 28.149503], [85.308838, 28.14466], [85.303345, 28.14466], [85.303345, 28.14894], [85.303473, 28.149028]]]]}, "properties": {"projectId": 63069, "layer": "buildings", "taskId": 439, "status": "MAPPED"}}, {"type": "Feature", "geometry": {"type": "MultiPolygon", "coordinates": [[[[85.297894, 28.14458], [85.297976, 28.14466], [85.303345, 28.14466], [85.303345, 28.139816], [85.297852, 28.139816], [85.297852, 28.144534], [85.297894, 28.14458]]]]}, "properties": {"projectId": 63069, "layer": "buildings", "taskId": 431, "status": "MAPPED"}}, {"type": "Feature", "geometry": {"type": "MultiPolygon", "coordinates": [[[[85.297852, 28.134972], [85.303345, 28.134972], [85.303345, 28.139816], [85.297852, 28.139816], [85.297852, 28.134972]]]]}, "properties": {"projectId": 63069, "layer": "buildings", "taskId": 430, "status": "MAPPED"}}, {"type": "Feature", "geometry": {"type": "MultiPolygon", "coordinates": [[[[85.297852, 28.120439], [85.303345, 28.120439], [85.303345, 28.125283], [85.297852, 28.125283], [85.297852, 28.120439]]]]}, "properties": {"projectId": 63069, "layer": "buildings", "taskId": 427, "status": "VALIDATED"}}, {"type": "Feature", "geometry": {"type": "MultiPolygon", "coordinates": [[[[85.298371, 28.11536], [85.297852, 28.11486], [85.297852, 28.115594], [85.298715, 28.115594], [85.298371, 28.11536]]]]}, "properties": {"projectId": 63069, "layer": "buildings", "taskId": 425, "status": "VALIDATED"}}, {"type": "Feature", "geometry": {"type": "MultiPolygon", "coordinates": [[[[85.340432, 28.198057], [85.340519, 28.198245], [85.341457, 28.200202], [85.341637, 28.200556], [85.341797, 28.20083], [85.341797, 28.197927], [85.340377, 28.197927], [85.340432, 28.198057]]]]}, "properties": {"projectId": 63069, "layer": "buildings", "taskId": 490, "status": "MAPPED"}}, {"type": "Feature", "geometry": {"type": "MultiPolygon", "coordinates": [[[[85.331006, 28.168875], [85.336304, 28.168875], [85.336304, 28.164033], [85.330811, 28.164033], [85.330811, 28.168709], [85.331006, 28.168875]]]]}, "properties": {"projectId": 63069, "layer": "buildings", "taskId": 473, "status": "MAPPED"}}, {"type": "Feature", "geometry": {"type": "MultiPolygon", "coordinates": [[[[85.319824, 28.14466], [85.325317, 28.14466], [85.325317, 28.149503], [85.319824, 28.149503], [85.319824, 28.14466]]]]}, "properties": {"projectId": 63069, "layer": "buildings", "taskId": 458, "status": "MAPPED"}}, {"type": "Feature", "geometry": {"type": "MultiPolygon", "coordinates": [[[[85.330811, 28.154347], [85.336304, 28.154347], [85.336304, 28.15919], [85.330811, 28.15919], [85.330811, 28.154347]]]]}, "properties": {"projectId": 63069, "layer": "buildings", "taskId": 471, "status": "MAPPED"}}, {"type": "Feature", "geometry": {"type": "MultiPolygon", "coordinates": [[[[85.330811, 28.15919], [85.336304, 28.15919], [85.336304, 28.164033], [85.330811, 28.164033], [85.330811, 28.15919]]]]}, "properties": {"projectId": 63069, "layer": "buildings", "taskId": 472, "status": "MAPPED"}}, {"type": "Feature", "geometry": {"type": "MultiPolygon", "coordinates": [[[[85.333026, 28.183822], [85.333252, 28.184378], [85.333435, 28.184759], [85.334069, 28.186001], [85.335017, 28.187922], [85.335153, 28.188186], [85.335187, 28.188244], [85.336304, 28.188244], [85.336304, 28.183402], [85.332889, 28.183402], [85.333026, 28.183822]]]]}, "properties": {"projectId": 63069, "layer": "buildings", "taskId": 477, "status": "MAPPED"}}, {"type": "Feature", "geometry": {"type": "MultiPolygon", "coordinates": [[[[85.335459, 28.18871], [85.335804, 28.189216], [85.335992, 28.189465], [85.336027, 28.189508], [85.33613, 28.189915], [85.336304, 28.190449], [85.336304, 28.188244], [85.335187, 28.188244], [85.335459, 28.18871]]]]}, "properties": {"projectId": 63069, "layer": "buildings", "taskId": 478, "status": "MAPPED"}}, {"type": "Feature", "geometry": {"type": "MultiPolygon", "coordinates": [[[[85.325317, 28.154347], [85.330811, 28.154347], [85.330811, 28.15919], [85.325317, 28.15919], [85.325317, 28.154347]]]]}, "properties": {"projectId": 63069, "layer": "buildings", "taskId": 465, "status": "MAPPED"}}, {"type": "Feature", "geometry": {"type": "MultiPolygon", "coordinates": [[[[85.319824, 28.149503], [85.325317, 28.149503], [85.325317, 28.154347], [85.319824, 28.154347], [85.319824, 28.149503]]]]}, "properties": {"projectId": 63069, "layer": "buildings", "taskId": 459, "status": "MAPPED"}}, {"type": "Feature", "geometry": {"type": "MultiPolygon", "coordinates": [[[[85.336315, 28.190483], [85.336541, 28.191038], [85.336808, 28.19158], [85.337114, 28.192104], [85.337458, 28.19261], [85.337801, 28.193049], [85.337831, 28.193085], [85.341797, 28.193085], [85.341797, 28.188244], [85.336304, 28.188244], [85.336304, 28.190449], [85.336315, 28.190483]]]]}, "properties": {"projectId": 63069, "layer": "buildings", "taskId": 488, "status": "MAPPED"}}, {"type": "Feature", "geometry": {"type": "MultiPolygon", "coordinates": [[[[85.325317, 28.14466], [85.330811, 28.14466], [85.330811, 28.149503], [85.325317, 28.149503], [85.325317, 28.14466]]]]}, "properties": {"projectId": 63069, "layer": "buildings", "taskId": 463, "status": "MAPPED"}}, {"type": "Feature", "geometry": {"type": "MultiPolygon", "coordinates": [[[[85.336304, 28.183402], [85.341797, 28.183402], [85.341797, 28.188244], [85.336304, 28.188244], [85.336304, 28.183402]]]]}, "properties": {"projectId": 63069, "layer": "buildings", "taskId": 487, "status": "MAPPED"}}, {"type": "Feature", "geometry": {"type": "MultiPolygon", "coordinates": [[[[85.325317, 28.149503], [85.330811, 28.149503], [85.330811, 28.154347], [85.325317, 28.154347], [85.325317, 28.149503]]]]}, "properties": {"projectId": 63069, "layer": "buildings", "taskId": 464, "status": "MAPPED"}}, {"type": "Feature", "geometry": {"type": "MultiPolygon", "coordinates": [[[[85.332557, 28.179727], [85.332555, 28.179829], [85.332531, 28.180861], [85.33253, 28.180915], [85.332543, 28.181506], [85.332599, 28.182094], [85.332699, 28.182678], [85.332841, 28.183255], [85.332889, 28.183402], [85.336304, 28.183402], [85.336304, 28.17856], [85.332598, 28.17856], [85.332557, 28.179727]]]]}, "properties": {"projectId": 63069, "layer": "buildings", "taskId": 476, "status": "MAPPED"}}, {"type": "Feature", "geometry": {"type": "MultiPolygon", "coordinates": [[[[85.336304, 28.17856], [85.341797, 28.17856], [85.341797, 28.183402], [85.336304, 28.183402], [85.336304, 28.17856]]]]}, "properties": {"projectId": 63069, "layer": "buildings", "taskId": 486, "status": "MAPPED"}}, {"type": "Feature", "geometry": {"type": "MultiPolygon", "coordinates": [[[[85.332697, 28.173868], [85.332641, 28.174173], [85.332566, 28.17476], [85.332536, 28.17535], [85.332535, 28.175573], [85.332556, 28.17727], [85.332561, 28.17747], [85.3326, 28.17851], [85.332598, 28.17856], [85.336304, 28.17856], [85.336304, 28.173718], [85.332676, 28.173718], [85.332697, 28.173868]]]]}, "properties": {"projectId": 63069, "layer": "buildings", "taskId": 475, "status": "MAPPED"}}, {"type": "Feature", "geometry": {"type": "MultiPolygon", "coordinates": [[[[85.320422, 28.159784], [85.321432, 28.16065], [85.322451, 28.161666], [85.323102, 28.16224], [85.323736, 28.162705], [85.325317, 28.163742], [85.325317, 28.15919], [85.319824, 28.15919], [85.319824, 28.159191], [85.320422, 28.159784]]]]}, "properties": {"projectId": 63069, "layer": "buildings", "taskId": 461, "status": "MAPPED"}}, {"type": "Feature", "geometry": {"type": "MultiPolygon", "coordinates": [[[[85.325647, 28.163959], [85.325769, 28.164033], [85.330811, 28.164033], [85.330811, 28.15919], [85.325317, 28.15919], [85.325317, 28.163742], [85.325647, 28.163959]]]]}, "properties": {"projectId": 63069, "layer": "buildings", "taskId": 466, "status": "MAPPED"}}, {"type": "Feature", "geometry": {"type": "MultiPolygon", "coordinates": [[[[85.330811, 28.149503], [85.336304, 28.149503], [85.336304, 28.154347], [85.330811, 28.154347], [85.330811, 28.149503]]]]}, "properties": {"projectId": 63069, "layer": "buildings", "taskId": 470, "status": "VALIDATED"}}, {"type": "Feature", "geometry": {"type": "MultiPolygon", "coordinates": [[[[85.336304, 28.154347], [85.341797, 28.154347], [85.341797, 28.15919], [85.336304, 28.15919], [85.336304, 28.154347]]]]}, "properties": {"projectId": 63069, "layer": "buildings", "taskId": 481, "status": "VALIDATED"}}, {"type": "Feature", "geometry": {"type": "MultiPolygon", "coordinates": [[[[85.341379, 28.151504], [85.339912, 28.150806], [85.338679, 28.149932], [85.33804, 28.149503], [85.336304, 28.149503], [85.336304, 28.154347], [85.341797, 28.154347], [85.341797, 28.151742], [85.341379, 28.151504]]]]}, "properties": {"projectId": 63069, "layer": "buildings", "taskId": 480, "status": "VALIDATED"}}, {"type": "Feature", "geometry": {"type": "MultiPolygon", "coordinates": [[[[85.336304, 28.173718], [85.341797, 28.173718], [85.341797, 28.17856], [85.336304, 28.17856], [85.336304, 28.173718]]]]}, "properties": {"projectId": 63069, "layer": "buildings", "taskId": 485, "status": "MAPPED"}}, {"type": "Feature", "geometry": {"type": "MultiPolygon", "coordinates": [[[[85.336304, 28.15919], [85.341797, 28.15919], [85.341797, 28.164033], [85.336304, 28.164033], [85.336304, 28.15919]]]]}, "properties": {"projectId": 63069, "layer": "buildings", "taskId": 482, "status": "MAPPED"}}, {"type": "Feature", "geometry": {"type": "MultiPolygon", "coordinates": [[[[85.336304, 28.168875], [85.341797, 28.168875], [85.341797, 28.173718], [85.336304, 28.173718], [85.336304, 28.168875]]]]}, "properties": {"projectId": 63069, "layer": "buildings", "taskId": 484, "status": "MAPPED"}}, {"type": "Feature", "geometry": {"type": "MultiPolygon", "coordinates": [[[[85.331148, 28.168996], [85.332264, 28.16988], [85.332478, 28.170035], [85.332513, 28.170246], [85.332474, 28.1714], [85.33247, 28.171544], [85.332483, 28.172134], [85.332539, 28.172723], [85.332545, 28.172764], [85.332676, 28.173718], [85.336304, 28.173718], [85.336304, 28.168875], [85.331006, 28.168875], [85.331148, 28.168996]]]]}, "properties": {"projectId": 63069, "layer": "buildings", "taskId": 474, "status": "MAPPED"}}, {"type": "Feature", "geometry": {"type": "MultiPolygon", "coordinates": [[[[85.336304, 28.164033], [85.341797, 28.164033], [85.341797, 28.168875], [85.336304, 28.168875], [85.336304, 28.164033]]]]}, "properties": {"projectId": 63069, "layer": "buildings", "taskId": 483, "status": "MAPPED"}}, {"type": "Feature", "geometry": {"type": "MultiPolygon", "coordinates": [[[[85.329988, 28.143303], [85.327977, 28.142399], [85.327225, 28.141858], [85.325897, 28.140965], [85.325317, 28.140586], [85.325317, 28.14466], [85.330811, 28.14466], [85.330811, 28.14369], [85.329988, 28.143303]]]]}, "properties": {"projectId": 63069, "layer": "buildings", "taskId": 462, "status": "MAPPED"}}, {"type": "Feature", "geometry": {"type": "MultiPolygon", "coordinates": [[[[85.332083, 28.144349], [85.33128, 28.14391], [85.330811, 28.14369], [85.330811, 28.14466], [85.33256, 28.14466], [85.332083, 28.144349]]]]}, "properties": {"projectId": 63069, "layer": "buildings", "taskId": 468, "status": "VALIDATED"}}, {"type": "Feature", "geometry": {"type": "MultiPolygon", "coordinates": [[[[85.341943, 28.20108], [85.342287, 28.201586], [85.342668, 28.202071], [85.342774, 28.202189], [85.342825, 28.202485], [85.342889, 28.202768], [85.34729, 28.202768], [85.34729, 28.197927], [85.341797, 28.197927], [85.341797, 28.20083], [85.341943, 28.20108]]]]}, "properties": {"projectId": 63069, "layer": "buildings", "taskId": 501, "status": "MAPPED"}}, {"type": "Feature", "geometry": {"type": "MultiPolygon", "coordinates": [[[[85.341797, 28.193085], [85.34729, 28.193085], [85.34729, 28.197927], [85.341797, 28.197927], [85.341797, 28.193085]]]]}, "properties": {"projectId": 63069, "layer": "buildings", "taskId": 500, "status": "MAPPED"}}, {"type": "Feature", "geometry": {"type": "MultiPolygon", "coordinates": [[[[85.34729, 28.202768], [85.352783, 28.202768], [85.352783, 28.207609], [85.34729, 28.207609], [85.34729, 28.202768]]]]}, "properties": {"projectId": 63069, "layer": "buildings", "taskId": 517, "status": "MAPPED"}}, {"type": "Feature", "geometry": {"type": "MultiPolygon", "coordinates": [[[[85.349551, 28.23213], [85.349333, 28.232628], [85.349239, 28.232884], [85.34909, 28.233127], [85.348806, 28.233662], [85.348563, 28.234211], [85.348417, 28.234605], [85.348327, 28.234867], [85.348271, 28.235035], [85.348111, 28.235608], [85.347993, 28.23619], [85.347935, 28.236649], [85.352783, 28.236649], [85.352783, 28.23181], [85.349704, 28.23181], [85.349551, 28.23213]]]]}, "properties": {"projectId": 63069, "layer": "buildings", "taskId": 523, "status": "MAPPED"}}, {"type": "Feature", "geometry": {"type": "MultiPolygon", "coordinates": [[[[85.347441, 28.222369], [85.347454, 28.222385], [85.347729, 28.222697], [85.348255, 28.223268], [85.348367, 28.223474], [85.348669, 28.223992], [85.349014, 28.224498], [85.349395, 28.224983], [85.349481, 28.225084], [85.350338, 28.226072], [85.350667, 28.226432], [85.350925, 28.226683], [85.350929, 28.22697], [85.352783, 28.22697], [85.352783, 28.22213], [85.34729, 28.22213], [85.34729, 28.222189], [85.347441, 28.222369]]]]}, "properties": {"projectId": 63069, "layer": "buildings", "taskId": 521, "status": "MAPPED"}}, {"type": "Feature", "geometry": {"type": "MultiPolygon", "coordinates": [[[[85.344913, 28.217724], [85.345072, 28.218316], [85.345108, 28.218446], [85.345292, 28.219013], [85.345519, 28.219569], [85.345785, 28.22011], [85.346092, 28.220634], [85.346436, 28.22114], [85.346804, 28.221609], [85.347241, 28.22213], [85.34729, 28.22213], [85.34729, 28.21729], [85.344809, 28.21729], [85.344913, 28.217724]]]]}, "properties": {"projectId": 63069, "layer": "buildings", "taskId": 505, "status": "MAPPED"}}, {"type": "Feature", "geometry": {"type": "MultiPolygon", "coordinates": [[[[85.34729, 28.168875], [85.352783, 28.168875], [85.352783, 28.173718], [85.34729, 28.173718], [85.34729, 28.168875]]]]}, "properties": {"projectId": 63069, "layer": "buildings", "taskId": 510, "status": "MAPPED"}}, {"type": "Feature", "geometry": {"type": "MultiPolygon", "coordinates": [[[[85.352763, 28.164033], [85.34729, 28.164033], [85.34729, 28.168875], [85.352783, 28.168875], [85.352783, 28.164113], [85.352763, 28.164033]]]]}, "properties": {"projectId": 63069, "layer": "buildings", "taskId": 509, "status": "MAPPED"}}, {"type": "Feature", "geometry": {"type": "MultiPolygon", "coordinates": [[[[85.341797, 28.164033], [85.34729, 28.164033], [85.34729, 28.168875], [85.341797, 28.168875], [85.341797, 28.164033]]]]}, "properties": {"projectId": 63069, "layer": "buildings", "taskId": 494, "status": "MAPPED"}}, {"type": "Feature", "geometry": {"type": "MultiPolygon", "coordinates": [[[[85.34432, 28.212588], [85.34448, 28.213257], [85.344571, 28.213605], [85.344576, 28.213621], [85.344567, 28.213698], [85.344537, 28.214211], [85.344523, 28.214786], [85.344521, 28.214863], [85.344534, 28.215454], [85.34459, 28.216042], [85.344646, 28.216399], [85.344762, 28.217049], [85.344806, 28.217276], [85.344809, 28.21729], [85.34729, 28.21729], [85.34729, 28.212449], [85.344289, 28.212449], [85.34432, 28.212588]]]]}, "properties": {"projectId": 63069, "layer": "buildings", "taskId": 504, "status": "MAPPED"}}, {"type": "Feature", "geometry": {"type": "MultiPolygon", "coordinates": [[[[85.344175, 28.207757], [85.344123, 28.208041], [85.344049, 28.208627], [85.344018, 28.209217], [85.344031, 28.209808], [85.344038, 28.209915], [85.344083, 28.210538], [85.344108, 28.211085], [85.344113, 28.211187], [85.344169, 28.211775], [85.344269, 28.212359], [85.344289, 28.212449], [85.34729, 28.212449], [85.34729, 28.207609], [85.344205, 28.207609], [85.344175, 28.207757]]]]}, "properties": {"projectId": 63069, "layer": "buildings", "taskId": 503, "status": "MAPPED"}}, {"type": "Feature", "geometry": {"type": "MultiPolygon", "coordinates": [[[[85.34729, 28.222189], [85.34729, 28.22213], [85.347241, 28.22213], [85.34729, 28.222189]]]]}, "properties": {"projectId": 63069, "layer": "buildings", "taskId": 506, "status": "MAPPED"}}, {"type": "Feature", "geometry": {"type": "MultiPolygon", "coordinates": [[[[85.342894, 28.202789], [85.343213, 28.204068], [85.343297, 28.204727], [85.343302, 28.20477], [85.343402, 28.205354], [85.343544, 28.205931], [85.343729, 28.206498], [85.343955, 28.207054], [85.344212, 28.207574], [85.344205, 28.207609], [85.34729, 28.207609], [85.34729, 28.202768], [85.342889, 28.202768], [85.342894, 28.202789]]]]}, "properties": {"projectId": 63069, "layer": "buildings", "taskId": 502, "status": "MAPPED"}}, {"type": "Feature", "geometry": {"type": "MultiPolygon", "coordinates": [[[[85.34729, 28.212449], [85.352783, 28.212449], [85.352783, 28.21729], [85.34729, 28.21729], [85.34729, 28.212449]]]]}, "properties": {"projectId": 63069, "layer": "buildings", "taskId": 519, "status": "MAPPED"}}, {"type": "Feature", "geometry": {"type": "MultiPolygon", "coordinates": [[[[85.34729, 28.207609], [85.352783, 28.207609], [85.352783, 28.212449], [85.34729, 28.212449], [85.34729, 28.207609]]]]}, "properties": {"projectId": 63069, "layer": "buildings", "taskId": 518, "status": "MAPPED"}}, {"type": "Feature", "geometry": {"type": "MultiPolygon", "coordinates": [[[[85.341797, 28.188244], [85.34729, 28.188244], [85.34729, 28.193085], [85.341797, 28.193085], [85.341797, 28.188244]]]]}, "properties": {"projectId": 63069, "layer": "buildings", "taskId": 499, "status": "MAPPED"}}, {"type": "Feature", "geometry": {"type": "MultiPolygon", "coordinates": [[[[85.34729, 28.188244], [85.352783, 28.188244], [85.352783, 28.193085], [85.34729, 28.193085], [85.34729, 28.188244]]]]}, "properties": {"projectId": 63069, "layer": "buildings", "taskId": 514, "status": "BADIMAGERY"}}, {"type": "Feature", "geometry": {"type": "MultiPolygon", "coordinates": [[[[85.34729, 28.197927], [85.352783, 28.197927], [85.352783, 28.202768], [85.34729, 28.202768], [85.34729, 28.197927]]]]}, "properties": {"projectId": 63069, "layer": "buildings", "taskId": 516, "status": "MAPPED"}}, {"type": "Feature", "geometry": {"type": "MultiPolygon", "coordinates": [[[[85.341797, 28.183402], [85.34729, 28.183402], [85.34729, 28.188244], [85.341797, 28.188244], [85.341797, 28.183402]]]]}, "properties": {"projectId": 63069, "layer": "buildings", "taskId": 498, "status": "MAPPED"}}, {"type": "Feature", "geometry": {"type": "MultiPolygon", "coordinates": [[[[85.34729, 28.183402], [85.352783, 28.183402], [85.352783, 28.188244], [85.34729, 28.188244], [85.34729, 28.183402]]]]}, "properties": {"projectId": 63069, "layer": "buildings", "taskId": 513, "status": "BADIMAGERY"}}, {"type": "Feature", "geometry": {"type": "MultiPolygon", "coordinates": [[[[85.341797, 28.17856], [85.34729, 28.17856], [85.34729, 28.183402], [85.341797, 28.183402], [85.341797, 28.17856]]]]}, "properties": {"projectId": 63069, "layer": "buildings", "taskId": 497, "status": "MAPPED"}}, {"type": "Feature", "geometry": {"type": "MultiPolygon", "coordinates": [[[[85.346907, 28.156794], [85.346709, 28.156501], [85.346245, 28.155703], [85.345626, 28.154815], [85.345223, 28.154347], [85.341797, 28.154347], [85.341797, 28.15919], [85.34729, 28.15919], [85.34729, 28.156999], [85.346907, 28.156794]]]]}, "properties": {"projectId": 63069, "layer": "buildings", "taskId": 492, "status": "VALIDATED"}}, {"type": "Feature", "geometry": {"type": "MultiPolygon", "coordinates": [[[[85.349897, 28.158933], [85.349448, 28.158496], [85.348968, 28.158087], [85.348459, 28.157706], [85.347922, 28.157355], [85.347403, 28.157059], [85.34729, 28.156999], [85.34729, 28.15919], [85.350134, 28.15919], [85.349897, 28.158933]]]]}, "properties": {"projectId": 63069, "layer": "buildings", "taskId": 507, "status": "VALIDATED"}}, {"type": "Feature", "geometry": {"type": "MultiPolygon", "coordinates": [[[[85.34729, 28.17856], [85.352783, 28.17856], [85.352783, 28.183402], [85.34729, 28.183402], [85.34729, 28.17856]]]]}, "properties": {"projectId": 63069, "layer": "buildings", "taskId": 512, "status": "MAPPED"}}, {"type": "Feature", "geometry": {"type": "MultiPolygon", "coordinates": [[[[85.341797, 28.168875], [85.34729, 28.168875], [85.34729, 28.173718], [85.341797, 28.173718], [85.341797, 28.168875]]]]}, "properties": {"projectId": 63069, "layer": "buildings", "taskId": 495, "status": "MAPPED"}}, {"type": "Feature", "geometry": {"type": "MultiPolygon", "coordinates": [[[[85.34729, 28.193085], [85.352783, 28.193085], [85.352783, 28.197927], [85.34729, 28.197927], [85.34729, 28.193085]]]]}, "properties": {"projectId": 63069, "layer": "buildings", "taskId": 515, "status": "VALIDATED"}}, {"type": "Feature", "geometry": {"type": "MultiPolygon", "coordinates": [[[[85.341797, 28.173718], [85.34729, 28.173718], [85.34729, 28.17856], [85.341797, 28.17856], [85.341797, 28.173718]]]]}, "properties": {"projectId": 63069, "layer": "buildings", "taskId": 496, "status": "VALIDATED"}}, {"type": "Feature", "geometry": {"type": "MultiPolygon", "coordinates": [[[[85.34729, 28.173718], [85.352783, 28.173718], [85.352783, 28.17856], [85.34729, 28.17856], [85.34729, 28.173718]]]]}, "properties": {"projectId": 63069, "layer": "buildings", "taskId": 511, "status": "VALIDATED"}}, {"type": "Feature", "geometry": {"type": "MultiPolygon", "coordinates": [[[[85.35302, 28.250998], [85.353279, 28.251167], [85.358276, 28.251167], [85.358276, 28.246328], [85.352783, 28.246328], [85.352783, 28.250821], [85.35302, 28.250998]]]]}, "properties": {"projectId": 63069, "layer": "buildings", "taskId": 544, "status": "MAPPED"}}, {"type": "Feature", "geometry": {"type": "MultiPolygon", "coordinates": [[[[85.355009, 28.256158], [85.355072, 28.256561], [85.355117, 28.256822], [85.355313, 28.257851], [85.355329, 28.258007], [85.355412, 28.258507], [85.355531, 28.259108], [85.355548, 28.259192], [85.35569, 28.259769], [85.355875, 28.260336], [85.356082, 28.260844], [85.358276, 28.260844], [85.358276, 28.256006], [85.354985, 28.256006], [85.355009, 28.256158]]]]}, "properties": {"projectId": 63069, "layer": "buildings", "taskId": 546, "status": "MAPPED"}}, {"type": "Feature", "geometry": {"type": "MultiPolygon", "coordinates": [[[[85.347919, 28.236776], [85.347914, 28.23684], [85.347887, 28.237169], [85.347861, 28.237695], [85.347861, 28.237919], [85.347866, 28.238357], [85.347879, 28.238724], [85.347936, 28.239313], [85.348006, 28.23975], [85.348026, 28.239854], [85.348017, 28.240282], [85.348016, 28.240323], [85.348016, 28.240393], [85.348012, 28.240925], [85.348011, 28.241038], [85.34799, 28.241489], [85.352783, 28.241489], [85.352783, 28.236649], [85.347935, 28.236649], [85.347919, 28.236776]]]]}, "properties": {"projectId": 63069, "layer": "buildings", "taskId": 524, "status": "MAPPED"}}, {"type": "Feature", "geometry": {"type": "MultiPolygon", "coordinates": [[[[85.352783, 28.236649], [85.358276, 28.236649], [85.358276, 28.241489], [85.352783, 28.241489], [85.352783, 28.236649]]]]}, "properties": {"projectId": 63069, "layer": "buildings", "taskId": 542, "status": "MAPPED"}}, {"type": "Feature", "geometry": {"type": "MultiPolygon", "coordinates": [[[[85.352783, 28.22213], [85.358276, 28.22213], [85.358276, 28.22697], [85.352783, 28.22697], [85.352783, 28.22213]]]]}, "properties": {"projectId": 63069, "layer": "buildings", "taskId": 539, "status": "MAPPED"}}, {"type": "Feature", "geometry": {"type": "MultiPolygon", "coordinates": [[[[85.352783, 28.22697], [85.358276, 28.22697], [85.358276, 28.23181], [85.352783, 28.23181], [85.352783, 28.22697]]]]}, "properties": {"projectId": 63069, "layer": "buildings", "taskId": 540, "status": "MAPPED"}}, {"type": "Feature", "geometry": {"type": "MultiPolygon", "coordinates": [[[[85.352783, 28.23181], [85.358276, 28.23181], [85.358276, 28.236649], [85.352783, 28.236649], [85.352783, 28.23181]]]]}, "properties": {"projectId": 63069, "layer": "buildings", "taskId": 541, "status": "MAPPED"}}, {"type": "Feature", "geometry": {"type": "MultiPolygon", "coordinates": [[[[85.352783, 28.21729], [85.358276, 28.21729], [85.358276, 28.22213], [85.352783, 28.22213], [85.352783, 28.21729]]]]}, "properties": {"projectId": 63069, "layer": "buildings", "taskId": 538, "status": "MAPPED"}}, {"type": "Feature", "geometry": {"type": "MultiPolygon", "coordinates": [[[[85.358276, 28.202768], [85.36377, 28.202768], [85.36377, 28.207609], [85.358276, 28.207609], [85.358276, 28.202768]]]]}, "properties": {"projectId": 63069, "layer": "buildings", "taskId": 551, "status": "MAPPED"}}, {"type": "Feature", "geometry": {"type": "MultiPolygon", "coordinates": [[[[85.362593, 28.197518], [85.362408, 28.196951], [85.362277, 28.196615], [85.36192, 28.195757], [85.361825, 28.195536], [85.361781, 28.19544], [85.361489, 28.194812], [85.361266, 28.194368], [85.36117, 28.194193], [85.360767, 28.193484], [85.360557, 28.193134], [85.360524, 28.193085], [85.358276, 28.193085], [85.358276, 28.197927], [85.362694, 28.197927], [85.362593, 28.197518]]]]}, "properties": {"projectId": 63069, "layer": "buildings", "taskId": 549, "status": "MAPPED"}}, {"type": "Feature", "geometry": {"type": "MultiPolygon", "coordinates": [[[[85.358276, 28.207609], [85.36377, 28.207609], [85.36377, 28.212449], [85.358276, 28.212449], [85.358276, 28.207609]]]]}, "properties": {"projectId": 63069, "layer": "buildings", "taskId": 552, "status": "MAPPED"}}, {"type": "Feature", "geometry": {"type": "MultiPolygon", "coordinates": [[[[85.358276, 28.212449], [85.36377, 28.212449], [85.36377, 28.21729], [85.358276, 28.21729], [85.358276, 28.212449]]]]}, "properties": {"projectId": 63069, "layer": "buildings", "taskId": 553, "status": "MAPPED"}}, {"type": "Feature", "geometry": {"type": "MultiPolygon", "coordinates": [[[[85.355328, 28.183079], [85.355101, 28.182524], [85.354835, 28.181982], [85.354528, 28.181458], [85.354184, 28.180952], [85.353803, 28.180468], [85.353697, 28.180343], [85.353264, 28.179847], [85.352954, 28.179219], [85.352969, 28.17878], [85.352973, 28.178623], [85.352972, 28.17856], [85.352783, 28.17856], [85.352783, 28.183402], [85.355433, 28.183402], [85.355328, 28.183079]]]]}, "properties": {"projectId": 63069, "layer": "buildings", "taskId": 530, "status": "MAPPED"}}, {"type": "Feature", "geometry": {"type": "MultiPolygon", "coordinates": [[[[85.358247, 28.188554], [85.358116, 28.188244], [85.352783, 28.188244], [85.352783, 28.193085], [85.358276, 28.193085], [85.358276, 28.188627], [85.358247, 28.188554]]]]}, "properties": {"projectId": 63069, "layer": "buildings", "taskId": 532, "status": "MAPPED"}}, {"type": "Feature", "geometry": {"type": "MultiPolygon", "coordinates": [[[[85.352783, 28.202768], [85.358276, 28.202768], [85.358276, 28.207609], [85.352783, 28.207609], [85.352783, 28.202768]]]]}, "properties": {"projectId": 63069, "layer": "buildings", "taskId": 535, "status": "MAPPED"}}, {"type": "Feature", "geometry": {"type": "MultiPolygon", "coordinates": [[[[85.352783, 28.207609], [85.358276, 28.207609], [85.358276, 28.212449], [85.352783, 28.212449], [85.352783, 28.207609]]]]}, "properties": {"projectId": 63069, "layer": "buildings", "taskId": 536, "status": "MAPPED"}}, {"type": "Feature", "geometry": {"type": "MultiPolygon", "coordinates": [[[[85.352783, 28.212449], [85.358276, 28.212449], [85.358276, 28.21729], [85.352783, 28.21729], [85.352783, 28.212449]]]]}, "properties": {"projectId": 63069, "layer": "buildings", "taskId": 537, "status": "MAPPED"}}, {"type": "Feature", "geometry": {"type": "MultiPolygon", "coordinates": [[[[85.352783, 28.193085], [85.358276, 28.193085], [85.358276, 28.197927], [85.352783, 28.197927], [85.352783, 28.193085]]]]}, "properties": {"projectId": 63069, "layer": "buildings", "taskId": 533, "status": "VALIDATED"}}, {"type": "Feature", "geometry": {"type": "MultiPolygon", "coordinates": [[[[85.352783, 28.197927], [85.358276, 28.197927], [85.358276, 28.202768], [85.352783, 28.202768], [85.352783, 28.197927]]]]}, "properties": {"projectId": 63069, "layer": "buildings", "taskId": 534, "status": "VALIDATED"}}, {"type": "Feature", "geometry": {"type": "MultiPolygon", "coordinates": [[[[85.363698, 28.201345], [85.363482, 28.20102], [85.363223, 28.200647], [85.363222, 28.200641], [85.36292, 28.19943], [85.362857, 28.198859], [85.362835, 28.198679], [85.362736, 28.198095], [85.362694, 28.197927], [85.358276, 28.197927], [85.358276, 28.202768], [85.36377, 28.202768], [85.36377, 28.201469], [85.363698, 28.201345]]]]}, "properties": {"projectId": 63069, "layer": "buildings", "taskId": 550, "status": "VALIDATED"}}, {"type": "Feature", "geometry": {"type": "MultiPolygon", "coordinates": [[[[85.356102, 28.260892], [85.356191, 28.261083], [85.356413, 28.261547], [85.356591, 28.261896], [85.356898, 28.262421], [85.357242, 28.262926], [85.357314, 28.263018], [85.357623, 28.263411], [85.358039, 28.263873], [85.358276, 28.264105], [85.358276, 28.260844], [85.356082, 28.260844], [85.356102, 28.260892]]]]}, "properties": {"projectId": 63069, "layer": "buildings", "taskId": 547, "status": "VALIDATED"}}, {"type": "Feature", "geometry": {"type": "MultiPolygon", "coordinates": [[[[85.360213, 28.192628], [85.359832, 28.192143], [85.359607, 28.191894], [85.359397, 28.191457], [85.358276, 28.188627], [85.358276, 28.193085], [85.360524, 28.193085], [85.360213, 28.192628]]]]}, "properties": {"projectId": 63069, "layer": "buildings", "taskId": 548, "status": "VALIDATED"}}, {"type": "Feature", "geometry": {"type": "MultiPolygon", "coordinates": [[[[85.352968, 28.1782], [85.352922, 28.17697], [85.352915, 28.176406], [85.352936, 28.176318], [85.352951, 28.176257], [85.353069, 28.175676], [85.353143, 28.175089], [85.353174, 28.174499], [85.353161, 28.173909], [85.353145, 28.173718], [85.352783, 28.173718], [85.352783, 28.17856], [85.352972, 28.17856], [85.352968, 28.1782]]]]}, "properties": {"projectId": 63069, "layer": "buildings", "taskId": 529, "status": "VALIDATED"}}, {"type": "Feature", "geometry": {"type": "MultiPolygon", "coordinates": [[[[85.352831, 28.16866], [85.352802, 28.168456], [85.3528, 28.168449], [85.352802, 28.168442], [85.352912, 28.16789], [85.352987, 28.167304], [85.353018, 28.166714], [85.353018, 28.166491], [85.35301, 28.165888], [85.352997, 28.165521], [85.352941, 28.164932], [85.352841, 28.164348], [85.352783, 28.164113], [85.352783, 28.168875], [85.352852, 28.168875], [85.352831, 28.16866]]]]}, "properties": {"projectId": 63069, "layer": "buildings", "taskId": 527, "status": "VALIDATED"}}, {"type": "Feature", "geometry": {"type": "MultiPolygon", "coordinates": [[[[85.353127, 28.173499], [85.352985, 28.172216], [85.352963, 28.172037], [85.352958, 28.171996], [85.352855, 28.17125], [85.352897, 28.169983], [85.3529, 28.169839], [85.352888, 28.169249], [85.352852, 28.168875], [85.352783, 28.168875], [85.352783, 28.173718], [85.353145, 28.173718], [85.353127, 28.173499]]]]}, "properties": {"projectId": 63069, "layer": "buildings", "taskId": 528, "status": "VALIDATED"}}, {"type": "Feature", "geometry": {"type": "MultiPolygon", "coordinates": [[[[85.36377, 28.241489], [85.369263, 28.241489], [85.369263, 28.246328], [85.36377, 28.246328], [85.36377, 28.241489]]]]}, "properties": {"projectId": 63069, "layer": "buildings", "taskId": 574, "status": "MAPPED"}}, {"type": "Feature", "geometry": {"type": "MultiPolygon", "coordinates": [[[[85.358276, 28.241489], [85.36377, 28.241489], [85.36377, 28.246328], [85.358276, 28.246328], [85.358276, 28.241489]]]]}, "properties": {"projectId": 63069, "layer": "buildings", "taskId": 559, "status": "MAPPED"}}, {"type": "Feature", "geometry": {"type": "MultiPolygon", "coordinates": [[[[85.363975, 28.269038], [85.36432, 28.269544], [85.364701, 28.270028], [85.365117, 28.27049], [85.365148, 28.27052], [85.369263, 28.27052], [85.369263, 28.265682], [85.36377, 28.265682], [85.36377, 28.268689], [85.363975, 28.269038]]]]}, "properties": {"projectId": 63069, "layer": "buildings", "taskId": 579, "status": "BADIMAGERY"}}, {"type": "Feature", "geometry": {"type": "MultiPolygon", "coordinates": [[[[85.358276, 28.256006], [85.36377, 28.256006], [85.36377, 28.260844], [85.358276, 28.260844], [85.358276, 28.256006]]]]}, "properties": {"projectId": 63069, "layer": "buildings", "taskId": 562, "status": "MAPPED"}}, {"type": "Feature", "geometry": {"type": "MultiPolygon", "coordinates": [[[[85.358276, 28.251167], [85.36377, 28.251167], [85.36377, 28.256006], [85.358276, 28.256006], [85.358276, 28.251167]]]]}, "properties": {"projectId": 63069, "layer": "buildings", "taskId": 561, "status": "MAPPED"}}, {"type": "Feature", "geometry": {"type": "MultiPolygon", "coordinates": [[[[85.358276, 28.246328], [85.36377, 28.246328], [85.36377, 28.251167], [85.358276, 28.251167], [85.358276, 28.246328]]]]}, "properties": {"projectId": 63069, "layer": "buildings", "taskId": 560, "status": "MAPPED"}}, {"type": "Feature", "geometry": {"type": "MultiPolygon", "coordinates": [[[[85.369112, 28.21751], [85.368954, 28.217301], [85.368945, 28.21729], [85.36377, 28.21729], [85.36377, 28.22213], [85.369263, 28.22213], [85.369263, 28.217732], [85.369112, 28.21751]]]]}, "properties": {"projectId": 63069, "layer": "buildings", "taskId": 569, "status": "MAPPED"}}, {"type": "Feature", "geometry": {"type": "MultiPolygon", "coordinates": [[[[85.371284, 28.221977], [85.371154, 28.221564], [85.370849, 28.220676], [85.370794, 28.220522], [85.370567, 28.219966], [85.3703, 28.219425], [85.370076, 28.219032], [85.369538, 28.218147], [85.369456, 28.218016], [85.369263, 28.217732], [85.369263, 28.22213], [85.371322, 28.22213], [85.371284, 28.221977]]]]}, "properties": {"projectId": 63069, "layer": "buildings", "taskId": 583, "status": "MAPPED"}}, {"type": "Feature", "geometry": {"type": "MultiPolygon", "coordinates": [[[[85.358276, 28.21729], [85.36377, 28.21729], [85.36377, 28.22213], [85.358276, 28.22213], [85.358276, 28.21729]]]]}, "properties": {"projectId": 63069, "layer": "buildings", "taskId": 554, "status": "MAPPED"}}, {"type": "Feature", "geometry": {"type": "MultiPolygon", "coordinates": [[[[85.369157, 28.239069], [85.369007, 28.238967], [85.368562, 28.238667], [85.368572, 28.23864], [85.368575, 28.238629], [85.368602, 28.238575], [85.368761, 28.238307], [85.368814, 28.238216], [85.369023, 28.237831], [85.369263, 28.237361], [85.369263, 28.236649], [85.36377, 28.236649], [85.36377, 28.241489], [85.369263, 28.241489], [85.369263, 28.239148], [85.369157, 28.239069]]]]}, "properties": {"projectId": 63069, "layer": "buildings", "taskId": 573, "status": "MAPPED"}}, {"type": "Feature", "geometry": {"type": "MultiPolygon", "coordinates": [[[[85.358276, 28.236649], [85.36377, 28.236649], [85.36377, 28.241489], [85.358276, 28.241489], [85.358276, 28.236649]]]]}, "properties": {"projectId": 63069, "layer": "buildings", "taskId": 558, "status": "MAPPED"}}, {"type": "Feature", "geometry": {"type": "MultiPolygon", "coordinates": [[[[85.36377, 28.22213], [85.369263, 28.22213], [85.369263, 28.22697], [85.36377, 28.22697], [85.36377, 28.22213]]]]}, "properties": {"projectId": 63069, "layer": "buildings", "taskId": 570, "status": "MAPPED"}}, {"type": "Feature", "geometry": {"type": "MultiPolygon", "coordinates": [[[[85.358276, 28.22213], [85.36377, 28.22213], [85.36377, 28.22697], [85.358276, 28.22697], [85.358276, 28.22213]]]]}, "properties": {"projectId": 63069, "layer": "buildings", "taskId": 555, "status": "MAPPED"}}, {"type": "Feature", "geometry": {"type": "MultiPolygon", "coordinates": [[[[85.358276, 28.22697], [85.36377, 28.22697], [85.36377, 28.23181], [85.358276, 28.23181], [85.358276, 28.22697]]]]}, "properties": {"projectId": 63069, "layer": "buildings", "taskId": 556, "status": "MAPPED"}}, {"type": "Feature", "geometry": {"type": "MultiPolygon", "coordinates": [[[[85.358276, 28.23181], [85.36377, 28.23181], [85.36377, 28.236649], [85.358276, 28.236649], [85.358276, 28.23181]]]]}, "properties": {"projectId": 63069, "layer": "buildings", "taskId": 557, "status": "MAPPED"}}, {"type": "Feature", "geometry": {"type": "MultiPolygon", "coordinates": [[[[85.36377, 28.23181], [85.369263, 28.23181], [85.369263, 28.236649], [85.36377, 28.236649], [85.36377, 28.23181]]]]}, "properties": {"projectId": 63069, "layer": "buildings", "taskId": 572, "status": "MAPPED"}}, {"type": "Feature", "geometry": {"type": "MultiPolygon", "coordinates": [[[[85.36377, 28.22697], [85.369263, 28.22697], [85.369263, 28.23181], [85.36377, 28.23181], [85.36377, 28.22697]]]]}, "properties": {"projectId": 63069, "layer": "buildings", "taskId": 571, "status": "MAPPED"}}, {"type": "Feature", "geometry": {"type": "MultiPolygon", "coordinates": [[[[85.36377, 28.246328], [85.369263, 28.246328], [85.369263, 28.251167], [85.36377, 28.251167], [85.36377, 28.246328]]]]}, "properties": {"projectId": 63069, "layer": "buildings", "taskId": 575, "status": "MAPPED"}}, {"type": "Feature", "geometry": {"type": "MultiPolygon", "coordinates": [[[[85.364974, 28.207306], [85.365005, 28.206716], [85.365005, 28.206493], [85.364994, 28.20565], [85.364981, 28.205283], [85.364925, 28.204694], [85.364825, 28.20411], [85.364682, 28.203533], [85.364498, 28.202966], [85.364417, 28.202768], [85.36377, 28.202768], [85.36377, 28.207609], [85.364936, 28.207609], [85.364974, 28.207306]]]]}, "properties": {"projectId": 63069, "layer": "buildings", "taskId": 566, "status": "MAPPED"}}, {"type": "Feature", "geometry": {"type": "MultiPolygon", "coordinates": [[[[85.365022, 28.212376], [85.364902, 28.211477], [85.364902, 28.211476], [85.364803, 28.210892], [85.36466, 28.210315], [85.364639, 28.210244], [85.364485, 28.209722], [85.364635, 28.209104], [85.364638, 28.209089], [85.36465, 28.209039], [85.364794, 28.208424], [85.3649, 28.207893], [85.364936, 28.207609], [85.36377, 28.207609], [85.36377, 28.212449], [85.365029, 28.212449], [85.365022, 28.212376]]]]}, "properties": {"projectId": 63069, "layer": "buildings", "taskId": 567, "status": "MAPPED"}}, {"type": "Feature", "geometry": {"type": "MultiPolygon", "coordinates": [[[[85.368665, 28.21693], [85.368442, 28.216655], [85.368026, 28.216193], [85.367577, 28.215757], [85.367208, 28.215437], [85.366333, 28.214718], [85.366222, 28.214628], [85.366116, 28.214545], [85.366031, 28.214399], [85.365687, 28.213894], [85.365671, 28.213873], [85.365081, 28.213071], [85.365078, 28.212964], [85.365029, 28.212449], [85.36377, 28.212449], [85.36377, 28.21729], [85.368945, 28.21729], [85.368665, 28.21693]]]]}, "properties": {"projectId": 63069, "layer": "buildings", "taskId": 568, "status": "MAPPED"}}, {"type": "Feature", "geometry": {"type": "MultiPolygon", "coordinates": [[[[85.366787, 28.275384], [85.36667, 28.275965], [85.366595, 28.276552], [85.366565, 28.277142], [85.366577, 28.277732], [85.366626, 28.278256], [85.366664, 28.278563], [85.366672, 28.278627], [85.366772, 28.279211], [85.366915, 28.279788], [85.367048, 28.280196], [85.369263, 28.280196], [85.369263, 28.275358], [85.366794, 28.275358], [85.366787, 28.275384]]]]}, "properties": {"projectId": 63069, "layer": "buildings", "taskId": 581, "status": "VALIDATED"}}, {"type": "Feature", "geometry": {"type": "MultiPolygon", "coordinates": [[[[85.365566, 28.270926], [85.365569, 28.270929], [85.366291, 28.271585], [85.366769, 28.271992], [85.367015, 28.272176], [85.367053, 28.272254], [85.36707, 28.272284], [85.367321, 28.272746], [85.367467, 28.272994], [85.367369, 28.273603], [85.367025, 28.274581], [85.366948, 28.27481], [85.366794, 28.275358], [85.369263, 28.275358], [85.369263, 28.27052], [85.365148, 28.27052], [85.365566, 28.270926]]]]}, "properties": {"projectId": 63069, "layer": "buildings", "taskId": 580, "status": "VALIDATED"}}, {"type": "Feature", "geometry": {"type": "MultiPolygon", "coordinates": [[[[85.36377, 28.251167], [85.369263, 28.251167], [85.369263, 28.256006], [85.36377, 28.256006], [85.36377, 28.251167]]]]}, "properties": {"projectId": 63069, "layer": "buildings", "taskId": 576, "status": "MAPPED"}}, {"type": "Feature", "geometry": {"type": "MultiPolygon", "coordinates": [[[[85.36377, 28.260844], [85.369263, 28.260844], [85.369263, 28.265682], [85.36377, 28.265682], [85.36377, 28.260844]]]]}, "properties": {"projectId": 63069, "layer": "buildings", "taskId": 578, "status": "VALIDATED"}}, {"type": "Feature", "geometry": {"type": "MultiPolygon", "coordinates": [[[[85.36377, 28.256006], [85.369263, 28.256006], [85.369263, 28.260844], [85.36377, 28.260844], [85.36377, 28.256006]]]]}, "properties": {"projectId": 63069, "layer": "buildings", "taskId": 577, "status": "VALIDATED"}}, {"type": "Feature", "geometry": {"type": "MultiPolygon", "coordinates": [[[[85.364271, 28.202411], [85.364004, 28.20187], [85.36377, 28.201469], [85.36377, 28.202768], [85.364417, 28.202768], [85.364271, 28.202411]]]]}, "properties": {"projectId": 63069, "layer": "buildings", "taskId": 565, "status": "VALIDATED"}}, {"type": "Feature", "geometry": {"type": "MultiPolygon", "coordinates": [[[[85.380349, 28.286986], [85.380977, 28.286785], [85.381588, 28.286549], [85.38218, 28.286277], [85.382751, 28.285972], [85.383299, 28.285635], [85.38382, 28.285266], [85.384109, 28.285033], [85.380249, 28.285033], [85.380249, 28.287011], [85.380349, 28.286986]]]]}, "properties": {"projectId": 63069, "layer": "buildings", "taskId": 613, "status": "BADIMAGERY"}}, {"type": "Feature", "geometry": {"type": "MultiPolygon", "coordinates": [[[[85.369263, 28.251167], [85.374756, 28.251167], [85.374756, 28.256006], [85.369263, 28.256006], [85.369263, 28.251167]]]]}, "properties": {"projectId": 63069, "layer": "buildings", "taskId": 590, "status": "MAPPED"}}, {"type": "Feature", "geometry": {"type": "MultiPolygon", "coordinates": [[[[85.374755, 28.247312], [85.37457, 28.246745], [85.374399, 28.246328], [85.369263, 28.246328], [85.369263, 28.251167], [85.374756, 28.251167], [85.374756, 28.247316], [85.374755, 28.247312]]]]}, "properties": {"projectId": 63069, "layer": "buildings", "taskId": 589, "status": "MAPPED"}}, {"type": "Feature", "geometry": {"type": "MultiPolygon", "coordinates": [[[[85.374343, 28.24619], [85.374076, 28.245648], [85.37377, 28.245124], [85.373575, 28.244829], [85.372881, 28.243822], [85.372813, 28.243726], [85.372664, 28.243429], [85.372552, 28.243212], [85.372547, 28.243204], [85.37204, 28.242263], [85.371738, 28.241748], [85.371562, 28.241489], [85.369263, 28.241489], [85.369263, 28.246328], [85.374399, 28.246328], [85.374343, 28.24619]]]]}, "properties": {"projectId": 63069, "layer": "buildings", "taskId": 588, "status": "MAPPED"}}, {"type": "Feature", "geometry": {"type": "MultiPolygon", "coordinates": [[[[85.371394, 28.241242], [85.371012, 28.240757], [85.370596, 28.240296], [85.370147, 28.23986], [85.369667, 28.23945], [85.369263, 28.239148], [85.369263, 28.241489], [85.371562, 28.241489], [85.371394, 28.241242]]], [[[85.369325, 28.237239], [85.369399, 28.237089], [85.369576, 28.236701], [85.369598, 28.236649], [85.369263, 28.236649], [85.369263, 28.237361], [85.369325, 28.237239]]]]}, "properties": {"projectId": 63069, "layer": "buildings", "taskId": 587, "status": "MAPPED"}}, {"type": "Feature", "geometry": {"type": "MultiPolygon", "coordinates": [[[[85.369892, 28.235958], [85.369958, 28.235797], [85.37016, 28.235234], [85.370321, 28.234661], [85.37038, 28.234391], [85.370541, 28.233609], [85.370598, 28.233297], [85.370659, 28.232817], [85.370672, 28.232777], [85.370749, 28.232524], [85.370951, 28.23181], [85.369263, 28.23181], [85.369263, 28.236649], [85.369598, 28.236649], [85.369892, 28.235958]]]]}, "properties": {"projectId": 63069, "layer": "buildings", "taskId": 586, "status": "MAPPED"}}, {"type": "Feature", "geometry": {"type": "MultiPolygon", "coordinates": [[[[85.369448, 28.28426], [85.369897, 28.284697], [85.370292, 28.285033], [85.374756, 28.285033], [85.374756, 28.280196], [85.369263, 28.280196], [85.369263, 28.284055], [85.369448, 28.28426]]]]}, "properties": {"projectId": 63069, "layer": "buildings", "taskId": 596, "status": "VALIDATED"}}, {"type": "Feature", "geometry": {"type": "MultiPolygon", "coordinates": [[[[85.374756, 28.280196], [85.380249, 28.280196], [85.380249, 28.285033], [85.374756, 28.285033], [85.374756, 28.280196]]]]}, "properties": {"projectId": 63069, "layer": "buildings", "taskId": 605, "status": "VALIDATED"}}, {"type": "Feature", "geometry": {"type": "MultiPolygon", "coordinates": [[[[85.384313, 28.284868], [85.384776, 28.284443], [85.385206, 28.283991], [85.385601, 28.283516], [85.385742, 28.283321], [85.385742, 28.280196], [85.380249, 28.280196], [85.380249, 28.285033], [85.384109, 28.285033], [85.384313, 28.284868]]]]}, "properties": {"projectId": 63069, "layer": "buildings", "taskId": 612, "status": "VALIDATED"}}, {"type": "Feature", "geometry": {"type": "MultiPolygon", "coordinates": [[[[85.386035, 28.265158], [85.385742, 28.264724], [85.385742, 28.265682], [85.386342, 28.265682], [85.386035, 28.265158]]]]}, "properties": {"projectId": 63069, "layer": "buildings", "taskId": 614, "status": "VALIDATED"}}, {"type": "Feature", "geometry": {"type": "MultiPolygon", "coordinates": [[[[85.374756, 28.275358], [85.380249, 28.275358], [85.380249, 28.280196], [85.374756, 28.280196], [85.374756, 28.275358]]]]}, "properties": {"projectId": 63069, "layer": "buildings", "taskId": 604, "status": "VALIDATED"}}, {"type": "Feature", "geometry": {"type": "MultiPolygon", "coordinates": [[[[85.380249, 28.275358], [85.385742, 28.275358], [85.385742, 28.280196], [85.380249, 28.280196], [85.380249, 28.275358]]]]}, "properties": {"projectId": 63069, "layer": "buildings", "taskId": 611, "status": "VALIDATED"}}, {"type": "Feature", "geometry": {"type": "MultiPolygon", "coordinates": [[[[85.369263, 28.275358], [85.374756, 28.275358], [85.374756, 28.280196], [85.369263, 28.280196], [85.369263, 28.275358]]]]}, "properties": {"projectId": 63069, "layer": "buildings", "taskId": 595, "status": "VALIDATED"}}, {"type": "Feature", "geometry": {"type": "MultiPolygon", "coordinates": [[[[85.369263, 28.27052], [85.374756, 28.27052], [85.374756, 28.275358], [85.369263, 28.275358], [85.369263, 28.27052]]]]}, "properties": {"projectId": 63069, "layer": "buildings", "taskId": 594, "status": "VALIDATED"}}, {"type": "Feature", "geometry": {"type": "MultiPolygon", "coordinates": [[[[85.380249, 28.265682], [85.385742, 28.265682], [85.385742, 28.27052], [85.380249, 28.27052], [85.380249, 28.265682]]]]}, "properties": {"projectId": 63069, "layer": "buildings", "taskId": 609, "status": "VALIDATED"}}, {"type": "Feature", "geometry": {"type": "MultiPolygon", "coordinates": [[[[85.385729, 28.264705], [85.385722, 28.264696], [85.385718, 28.264686], [85.385604, 28.26442], [85.385463, 28.264124], [85.385004, 28.263201], [85.384878, 28.262957], [85.384571, 28.262432], [85.384227, 28.261927], [85.383845, 28.261442], [85.383429, 28.260981], [85.383294, 28.260844], [85.380249, 28.260844], [85.380249, 28.265682], [85.385742, 28.265682], [85.385742, 28.264724], [85.385729, 28.264705]]]]}, "properties": {"projectId": 63069, "layer": "buildings", "taskId": 608, "status": "VALIDATED"}}, {"type": "Feature", "geometry": {"type": "MultiPolygon", "coordinates": [[[[85.380249, 28.27052], [85.385742, 28.27052], [85.385742, 28.275358], [85.380249, 28.275358], [85.380249, 28.27052]]]]}, "properties": {"projectId": 63069, "layer": "buildings", "taskId": 610, "status": "VALIDATED"}}, {"type": "Feature", "geometry": {"type": "MultiPolygon", "coordinates": [[[[85.374756, 28.27052], [85.380249, 28.27052], [85.380249, 28.275358], [85.374756, 28.275358], [85.374756, 28.27052]]]]}, "properties": {"projectId": 63069, "layer": "buildings", "taskId": 603, "status": "VALIDATED"}}, {"type": "Feature", "geometry": {"type": "MultiPolygon", "coordinates": [[[[85.369263, 28.265682], [85.374756, 28.265682], [85.374756, 28.27052], [85.369263, 28.27052], [85.369263, 28.265682]]]]}, "properties": {"projectId": 63069, "layer": "buildings", "taskId": 593, "status": "VALIDATED"}}, {"type": "Feature", "geometry": {"type": "MultiPolygon", "coordinates": [[[[85.374756, 28.265682], [85.380249, 28.265682], [85.380249, 28.27052], [85.374756, 28.27052], [85.374756, 28.265682]]]]}, "properties": {"projectId": 63069, "layer": "buildings", "taskId": 602, "status": "VALIDATED"}}, {"type": "Feature", "geometry": {"type": "MultiPolygon", "coordinates": [[[[85.369263, 28.260844], [85.374756, 28.260844], [85.374756, 28.265682], [85.369263, 28.265682], [85.369263, 28.260844]]]]}, "properties": {"projectId": 63069, "layer": "buildings", "taskId": 592, "status": "VALIDATED"}}, {"type": "Feature", "geometry": {"type": "MultiPolygon", "coordinates": [[[[85.374756, 28.260844], [85.380249, 28.260844], [85.380249, 28.265682], [85.374756, 28.265682], [85.374756, 28.260844]]]]}, "properties": {"projectId": 63069, "layer": "buildings", "taskId": 601, "status": "VALIDATED"}}, {"type": "Feature", "geometry": {"type": "MultiPolygon", "coordinates": [[[[85.37992, 28.256212], [85.379861, 28.256158], [85.379695, 28.256006], [85.374756, 28.256006], [85.374756, 28.260844], [85.380249, 28.260844], [85.380249, 28.256533], [85.37992, 28.256212]]]]}, "properties": {"projectId": 63069, "layer": "buildings", "taskId": 600, "status": "VALIDATED"}}, {"type": "Feature", "geometry": {"type": "MultiPolygon", "coordinates": [[[[85.383253, 28.260803], [85.382745, 28.260302], [85.382471, 28.260044], [85.382381, 28.259964], [85.382298, 28.259708], [85.382071, 28.259153], [85.381804, 28.258612], [85.381497, 28.258087], [85.381153, 28.257582], [85.380772, 28.257097], [85.380355, 28.256636], [85.380249, 28.256533], [85.380249, 28.260844], [85.383294, 28.260844], [85.383253, 28.260803]]]]}, "properties": {"projectId": 63069, "layer": "buildings", "taskId": 607, "status": "VALIDATED"}}, {"type": "Feature", "geometry": {"type": "MultiPolygon", "coordinates": [[[[85.369263, 28.256006], [85.374756, 28.256006], [85.374756, 28.260844], [85.369263, 28.260844], [85.369263, 28.256006]]]]}, "properties": {"projectId": 63069, "layer": "buildings", "taskId": 591, "status": "VALIDATED"}}, {"type": "Feature", "geometry": {"type": "MultiPolygon", "coordinates": [[[[85.375077, 28.25105], [85.375108, 28.25046], [85.375098, 28.24993], [85.375057, 28.249122], [85.375054, 28.249061], [85.374997, 28.248473], [85.374897, 28.247889], [85.374756, 28.247316], [85.374756, 28.251167], [85.375062, 28.251167], [85.375077, 28.25105]]]]}, "properties": {"projectId": 63069, "layer": "buildings", "taskId": 598, "status": "VALIDATED"}}, {"type": "Feature", "geometry": {"type": "MultiPolygon", "coordinates": [[[[85.385961, 28.283019], [85.386284, 28.282502], [85.386567, 28.281967], [85.38681, 28.281417], [85.387012, 28.280854], [85.387172, 28.280281], [85.38719, 28.280196], [85.385742, 28.280196], [85.385742, 28.283321], [85.385961, 28.283019]]]]}, "properties": {"projectId": 63069, "layer": "buildings", "taskId": 618, "status": "VALIDATED"}}, {"type": "Feature", "geometry": {"type": "MultiPolygon", "coordinates": [[[[85.387724, 28.275076], [85.387794, 28.274516], [85.387816, 28.27419], [85.38788, 28.272856], [85.387889, 28.272592], [85.387888, 28.272319], [85.387865, 28.271096], [85.387852, 28.27078], [85.387827, 28.27052], [85.385742, 28.27052], [85.385742, 28.275358], [85.387679, 28.275358], [85.387724, 28.275076]]]]}, "properties": {"projectId": 63069, "layer": "buildings", "taskId": 616, "status": "VALIDATED"}}, {"type": "Feature", "geometry": {"type": "MultiPolygon", "coordinates": [[[[85.387796, 28.270191], [85.387696, 28.269607], [85.387553, 28.26903], [85.387532, 28.268957], [85.387123, 28.267581], [85.38696, 28.267087], [85.386862, 28.266834], [85.386738, 28.266526], [85.386609, 28.266224], [85.386342, 28.265682], [85.385742, 28.265682], [85.385742, 28.27052], [85.387827, 28.27052], [85.387796, 28.270191]]]]}, "properties": {"projectId": 63069, "layer": "buildings", "taskId": 615, "status": "VALIDATED"}}, {"type": "Feature", "geometry": {"type": "MultiPolygon", "coordinates": [[[[85.387266, 28.279835], [85.387278, 28.27977], [85.387302, 28.279634], [85.387376, 28.279047], [85.387407, 28.278458], [85.387394, 28.277867], [85.387346, 28.277348], [85.387345, 28.277341], [85.387347, 28.277333], [85.387432, 28.27689], [85.387437, 28.276863], [85.387679, 28.275358], [85.385742, 28.275358], [85.385742, 28.280196], [85.38719, 28.280196], [85.387266, 28.279835]]]]}, "properties": {"projectId": 63069, "layer": "buildings", "taskId": 617, "status": "VALIDATED"}}, {"type": "Feature", "geometry": {"type": "MultiPolygon", "coordinates": [[[[85.204427, 28.036367], [85.203885, 28.036037], [85.204006, 28.035308], [85.20419, 28.034399], [85.20434, 28.033198], [85.198975, 28.033198], [85.198975, 28.038046], [85.204468, 28.038046], [85.204468, 28.036394], [85.204427, 28.036367]]]]}, "properties": {"projectId": 63069, "layer": "buildings", "taskId": 289, "status": "MAPPED"}}, {"type": "Feature", "geometry": {"type": "MultiPolygon", "coordinates": [[[[85.375079, 28.287229], [85.375736, 28.287333], [85.376399, 28.287398], [85.377065, 28.287426], [85.377732, 28.287414], [85.378397, 28.287364], [85.379056, 28.287276], [85.379708, 28.287149], [85.380249, 28.287011], [85.380249, 28.285033], [85.374756, 28.285033], [85.374756, 28.287158], [85.375079, 28.287229]]]]}, "properties": {"projectId": 63069, "layer": "buildings", "taskId": 606, "status": "VALIDATED"}}, {"type": "Feature", "geometry": {"type": "MultiPolygon", "coordinates": [[[[85.182495, 28.004102], [85.187988, 28.004102], [85.187988, 28.008952], [85.182495, 28.008952], [85.182495, 28.004102]]]]}, "properties": {"projectId": 63069, "layer": "buildings", "taskId": 235, "status": "MAPPED"}}, {"type": "Feature", "geometry": {"type": "MultiPolygon", "coordinates": [[[[85.209961, 28.057439], [85.215454, 28.057439], [85.215454, 28.062286], [85.209961, 28.062286], [85.209961, 28.057439]]]]}, "properties": {"projectId": 63069, "layer": "buildings", "taskId": 315, "status": "MAPPED"}}, {"type": "Feature", "geometry": {"type": "MultiPolygon", "coordinates": [[[[85.370378, 28.285106], [85.370888, 28.285487], [85.371425, 28.285837], [85.371987, 28.286156], [85.372571, 28.286441], [85.373175, 28.286692], [85.373796, 28.286908], [85.374432, 28.287087], [85.374756, 28.287158], [85.374756, 28.285033], [85.370292, 28.285033], [85.370378, 28.285106]]]]}, "properties": {"projectId": 63069, "layer": "buildings", "taskId": 597, "status": "VALIDATED"}}, {"type": "Feature", "geometry": {"type": "MultiPolygon", "coordinates": [[[[85.187973, 28.047931], [85.187988, 28.047942], [85.187988, 28.047743], [85.187753, 28.047743], [85.187973, 28.047931]]]]}, "properties": {"projectId": 63069, "layer": "buildings", "taskId": 244, "status": "MAPPED"}}, {"type": "Feature", "geometry": {"type": "MultiPolygon", "coordinates": [[[[85.34729, 28.21729], [85.352783, 28.21729], [85.352783, 28.22213], [85.34729, 28.22213], [85.34729, 28.21729]]]]}, "properties": {"projectId": 63069, "layer": "buildings", "taskId": 520, "status": "MAPPED"}}, {"type": "Feature", "geometry": {"type": "MultiPolygon", "coordinates": [[[[85.210352, 28.085658], [85.210794, 28.086103], [85.211208, 28.08652], [85.215454, 28.08652], [85.215454, 28.081674], [85.209961, 28.081674], [85.209961, 28.085275], [85.210352, 28.085658]]]]}, "properties": {"projectId": 63069, "layer": "buildings", "taskId": 320, "status": "MAPPED"}}, {"type": "Feature", "geometry": {"type": "MultiPolygon", "coordinates": [[[[85.13855, 27.911913], [85.144043, 27.911913], [85.144043, 27.916767], [85.13855, 27.916767], [85.13855, 27.911913]]]]}, "properties": {"projectId": 63069, "layer": "buildings", "taskId": 118, "status": "MAPPED"}}, {"type": "Feature", "geometry": {"type": "MultiPolygon", "coordinates": [[[[85.182495, 28.008952], [85.187988, 28.008952], [85.187988, 28.013801], [85.182495, 28.013801], [85.182495, 28.008952]]]]}, "properties": {"projectId": 63069, "layer": "buildings", "taskId": 236, "status": "MAPPED"}}, {"type": "Feature", "geometry": {"type": "MultiPolygon", "coordinates": [[[[85.19808, 28.058163], [85.197865, 28.059246], [85.197736, 28.06025], [85.197249, 28.06102], [85.196669, 28.061845], [85.196404, 28.062286], [85.198975, 28.062286], [85.198975, 28.057439], [85.197304, 28.057439], [85.19808, 28.058163]]]]}, "properties": {"projectId": 63069, "layer": "buildings", "taskId": 282, "status": "MAPPED"}}, {"type": "Feature", "geometry": {"type": "MultiPolygon", "coordinates": [[[[85.3671, 28.280355], [85.367326, 28.28091], [85.367593, 28.281451], [85.367663, 28.281574], [85.367732, 28.281743], [85.367921, 28.282125], [85.367999, 28.282284], [85.368306, 28.282809], [85.368651, 28.283314], [85.369032, 28.283799], [85.369263, 28.284055], [85.369263, 28.280196], [85.367048, 28.280196], [85.3671, 28.280355]]]]}, "properties": {"projectId": 63069, "layer": "buildings", "taskId": 582, "status": "VALIDATED"}}, {"type": "Feature", "geometry": {"type": "MultiPolygon", "coordinates": [[[[85.37958, 28.255901], [85.379566, 28.255889], [85.379086, 28.25548], [85.378576, 28.255099], [85.378451, 28.255013], [85.378423, 28.254994], [85.378402, 28.25497], [85.377952, 28.254534], [85.377676, 28.254292], [85.377558, 28.254192], [85.377535, 28.254163], [85.37729, 28.253859], [85.376874, 28.253398], [85.376424, 28.252961], [85.375944, 28.252552], [85.375434, 28.252171], [85.374966, 28.251866], [85.374962, 28.251842], [85.375003, 28.251637], [85.375062, 28.251167], [85.374756, 28.251167], [85.374756, 28.256006], [85.379695, 28.256006], [85.37958, 28.255901]]]]}, "properties": {"projectId": 63069, "layer": "buildings", "taskId": 599, "status": "MAPPED"}}, {"type": "Feature", "geometry": {"type": "MultiPolygon", "coordinates": [[[[85.127563, 27.907184], [85.127563, 27.911913], [85.133057, 27.911913], [85.133057, 27.907058], [85.127719, 27.907058], [85.127563, 27.907184]]]]}, "properties": {"projectId": 63069, "layer": "buildings", "taskId": 94, "status": "MAPPED"}}, {"type": "Feature", "geometry": {"type": "MultiPolygon", "coordinates": [[[[85.187988, 28.018651], [85.193481, 28.018651], [85.193481, 28.0235], [85.187988, 28.0235], [85.187988, 28.018651]]]]}, "properties": {"projectId": 63069, "layer": "buildings", "taskId": 257, "status": "MAPPED"}}, {"type": "Feature", "geometry": {"type": "MultiPolygon", "coordinates": [[[[85.284943, 28.104063], [85.284405, 28.10355], [85.283956, 28.103114], [85.283193, 28.102425], [85.282629, 28.101794], [85.282181, 28.101357], [85.28183, 28.101058], [85.281372, 28.101058], [85.281372, 28.105903], [85.286865, 28.105903], [85.286865, 28.105401], [85.284943, 28.104063]]]]}, "properties": {"projectId": 63069, "layer": "buildings", "taskId": 402, "status": "VALIDATED"}}, {"type": "Feature", "geometry": {"type": "MultiPolygon", "coordinates": [[[[85.187988, 28.0235], [85.193481, 28.0235], [85.193481, 28.028349], [85.187988, 28.028349], [85.187988, 28.0235]]]]}, "properties": {"projectId": 63069, "layer": "buildings", "taskId": 258, "status": "MAPPED"}}, {"type": "Feature", "geometry": {"type": "MultiPolygon", "coordinates": [[[[85.197226, 28.017836], [85.197132, 28.01701], [85.196912, 28.015831], [85.196667, 28.014916], [85.196218, 28.013806], [85.196215, 28.013801], [85.193481, 28.013801], [85.193481, 28.018651], [85.197307, 28.018651], [85.197226, 28.017836]]]]}, "properties": {"projectId": 63069, "layer": "buildings", "taskId": 273, "status": "MAPPED"}}, {"type": "Feature", "geometry": {"type": "MultiPolygon", "coordinates": [[[[85.352783, 28.241489], [85.358276, 28.241489], [85.358276, 28.246328], [85.352783, 28.246328], [85.352783, 28.241489]]]]}, "properties": {"projectId": 63069, "layer": "buildings", "taskId": 543, "status": "MAPPED"}}, {"type": "Feature", "geometry": {"type": "MultiPolygon", "coordinates": [[[[85.133057, 27.887639], [85.13855, 27.887639], [85.13855, 27.892494], [85.133057, 27.892494], [85.133057, 27.887639]]]]}, "properties": {"projectId": 63069, "layer": "buildings", "taskId": 102, "status": "MAPPED"}}, {"type": "Feature", "geometry": {"type": "MultiPolygon", "coordinates": [[[[85.34797, 28.241902], [85.347962, 28.242159], [85.347975, 28.24275], [85.348031, 28.243338], [85.348131, 28.243922], [85.348273, 28.244499], [85.348452, 28.245048], [85.34866, 28.245621], [85.348667, 28.24564], [85.348893, 28.246195], [85.348959, 28.246328], [85.352783, 28.246328], [85.352783, 28.241489], [85.34799, 28.241489], [85.34797, 28.241902]]]]}, "properties": {"projectId": 63069, "layer": "buildings", "taskId": 525, "status": "MAPPED"}}, {"type": "Feature", "geometry": {"type": "MultiPolygon", "coordinates": [[[[85.34916, 28.246736], [85.349466, 28.247261], [85.349811, 28.247766], [85.34988, 28.24786], [85.35029, 28.248404], [85.350601, 28.248795], [85.351017, 28.249257], [85.351452, 28.249681], [85.352016, 28.250196], [85.35203, 28.250208], [85.352511, 28.250618], [85.352783, 28.250821], [85.352783, 28.246328], [85.348959, 28.246328], [85.34916, 28.246736]]]]}, "properties": {"projectId": 63069, "layer": "buildings", "taskId": 526, "status": "MAPPED"}}, {"type": "Feature", "geometry": {"type": "MultiPolygon", "coordinates": [[[[85.353557, 28.251349], [85.354032, 28.251621], [85.354435, 28.251839], [85.354438, 28.252073], [85.354451, 28.25244], [85.354504, 28.253002], [85.354607, 28.253795], [85.354611, 28.253822], [85.35471, 28.254406], [85.354853, 28.254982], [85.354853, 28.254983], [85.35488, 28.255255], [85.354911, 28.255518], [85.354937, 28.255699], [85.354985, 28.256006], [85.358276, 28.256006], [85.358276, 28.251167], [85.353279, 28.251167], [85.353557, 28.251349]]]]}, "properties": {"projectId": 63069, "layer": "buildings", "taskId": 545, "status": "MAPPED"}}, {"type": "Feature", "geometry": {"type": "MultiPolygon", "coordinates": [[[[85.358414, 28.26424], [85.358837, 28.264633], [85.358912, 28.264702], [85.359392, 28.265112], [85.359902, 28.265492], [85.360193, 28.265682], [85.36377, 28.265682], [85.36377, 28.260844], [85.358276, 28.260844], [85.358276, 28.264105], [85.358414, 28.26424]]]]}, "properties": {"projectId": 63069, "layer": "buildings", "taskId": 563, "status": "VALIDATED"}}, {"type": "Feature", "geometry": {"type": "MultiPolygon", "coordinates": [[[[85.319824, 28.154347], [85.325317, 28.154347], [85.325317, 28.15919], [85.319824, 28.15919], [85.319824, 28.154347]]]]}, "properties": {"projectId": 63069, "layer": "buildings", "taskId": 460, "status": "MAPPED"}}, {"type": "Feature", "geometry": {"type": "MultiPolygon", "coordinates": [[[[85.187179, 27.96215], [85.186102, 27.961633], [85.185532, 27.9608], [85.185253, 27.960443], [85.182495, 27.960443], [85.182495, 27.965295], [85.187988, 27.965295], [85.187988, 27.962471], [85.187179, 27.96215]]]]}, "properties": {"projectId": 63069, "layer": "buildings", "taskId": 226, "status": "BADIMAGERY"}}, {"type": "Feature", "geometry": {"type": "MultiPolygon", "coordinates": [[[[85.352699, 28.163772], [85.352514, 28.163204], [85.352299, 28.162674], [85.351912, 28.161806], [85.351901, 28.16178], [85.351634, 28.161239], [85.351328, 28.160715], [85.350984, 28.160209], [85.350603, 28.159724], [85.35047, 28.159569], [85.350179, 28.159239], [85.350134, 28.15919], [85.34729, 28.15919], [85.34729, 28.164033], [85.352763, 28.164033], [85.352699, 28.163772]]]]}, "properties": {"projectId": 63069, "layer": "buildings", "taskId": 508, "status": "MAPPED"}}, {"type": "Feature", "geometry": {"type": "MultiPolygon", "coordinates": [[[[85.305113, 28.120431], [85.30511, 28.120429], [85.303606, 28.119156], [85.303345, 28.118958], [85.303345, 28.120439], [85.305121, 28.120439], [85.305113, 28.120431]]]]}, "properties": {"projectId": 63069, "layer": "buildings", "taskId": 433, "status": "VALIDATED"}}, {"type": "Feature", "geometry": {"type": "MultiPolygon", "coordinates": [[[[85.341797, 28.15919], [85.34729, 28.15919], [85.34729, 28.164033], [85.341797, 28.164033], [85.341797, 28.15919]]]]}, "properties": {"projectId": 63069, "layer": "buildings", "taskId": 493, "status": "MAPPED"}}, {"type": "Feature", "geometry": {"type": "MultiPolygon", "coordinates": [[[[85.175882, 28.018776], [85.175627, 28.019755], [85.175454, 28.020698], [85.175384, 28.021692], [85.175403, 28.023161], [85.175438, 28.0235], [85.177002, 28.0235], [85.177002, 28.018651], [85.175827, 28.018651], [85.175882, 28.018776]]]]}, "properties": {"projectId": 63069, "layer": "buildings", "taskId": 205, "status": "MAPPED"}}, {"type": "Feature", "geometry": {"type": "MultiPolygon", "coordinates": [[[[85.338461, 28.193844], [85.338928, 28.194413], [85.339166, 28.194885], [85.340283, 28.197706], [85.340377, 28.197927], [85.341797, 28.197927], [85.341797, 28.193085], [85.337831, 28.193085], [85.338461, 28.193844]]]]}, "properties": {"projectId": 63069, "layer": "buildings", "taskId": 489, "status": "MAPPED"}}, {"type": "Feature", "geometry": {"type": "MultiPolygon", "coordinates": [[[[85.175514, 28.024225], [85.175777, 28.025325], [85.176238, 28.026668], [85.176615, 28.027548], [85.177002, 28.028251], [85.177002, 28.0235], [85.175438, 28.0235], [85.175514, 28.024225]]]]}, "properties": {"projectId": 63069, "layer": "buildings", "taskId": 206, "status": "MAPPED"}}, {"type": "Feature", "geometry": {"type": "MultiPolygon", "coordinates": [[[[85.308419, 28.12357], [85.307702, 28.122848], [85.30671, 28.121961], [85.306, 28.121277], [85.305121, 28.120439], [85.303345, 28.120439], [85.303345, 28.125283], [85.308838, 28.125283], [85.308838, 28.124104], [85.308419, 28.12357]]]]}, "properties": {"projectId": 63069, "layer": "buildings", "taskId": 434, "status": "VALIDATED"}}, {"type": "Feature", "geometry": {"type": "MultiPolygon", "coordinates": [[[[85.302995, 28.118692], [85.302459, 28.118341], [85.301899, 28.118022], [85.301303, 28.117715], [85.300779, 28.117201], [85.300303, 28.116794], [85.299597, 28.116228], [85.299086, 28.115846], [85.298715, 28.115594], [85.297852, 28.115594], [85.297852, 28.120439], [85.303345, 28.120439], [85.303345, 28.118958], [85.302995, 28.118692]]]]}, "properties": {"projectId": 63069, "layer": "buildings", "taskId": 426, "status": "VALIDATED"}}, {"type": "Feature", "geometry": {"type": "MultiPolygon", "coordinates": [[[[85.13855, 27.907058], [85.144043, 27.907058], [85.144043, 27.911913], [85.13855, 27.911913], [85.13855, 27.907058]]]]}, "properties": {"projectId": 63069, "layer": "buildings", "taskId": 117, "status": "MAPPED"}}, {"type": "Feature", "geometry": {"type": "MultiPolygon", "coordinates": [[[[85.149957, 27.908145], [85.149978, 27.908087], [85.150352, 27.907058], [85.149536, 27.907058], [85.149536, 27.908939], [85.149957, 27.908145]]]]}, "properties": {"projectId": 63069, "layer": "buildings", "taskId": 140, "status": "VALIDATED"}}, {"type": "Feature", "geometry": {"type": "MultiPolygon", "coordinates": [[[[85.258382, 28.085571], [85.255993, 28.084581], [85.255022, 28.084249], [85.253906, 28.083946], [85.253906, 28.08652], [85.259399, 28.08652], [85.259399, 28.086051], [85.258382, 28.085571]]]]}, "properties": {"projectId": 63069, "layer": "buildings", "taskId": 367, "status": "MAPPED"}}, {"type": "Feature", "geometry": {"type": "MultiPolygon", "coordinates": [[[[85.261648, 28.086451], [85.260932, 28.086291], [85.260172, 28.086174], [85.259499, 28.086098], [85.259399, 28.086051], [85.259399, 28.08652], [85.261905, 28.08652], [85.261648, 28.086451]]]]}, "properties": {"projectId": 63069, "layer": "buildings", "taskId": 373, "status": "MAPPED"}}, {"type": "Feature", "geometry": {"type": "MultiPolygon", "coordinates": [[[[85.220947, 28.076827], [85.22644, 28.076827], [85.22644, 28.081674], [85.220947, 28.081674], [85.220947, 28.076827]]]]}, "properties": {"projectId": 63069, "layer": "buildings", "taskId": 334, "status": "MAPPED"}}, {"type": "Feature", "geometry": {"type": "MultiPolygon", "coordinates": [[[[85.360439, 28.265843], [85.361, 28.266161], [85.361584, 28.266447], [85.362188, 28.266698], [85.362809, 28.266913], [85.362921, 28.266946], [85.362925, 28.266957], [85.363125, 28.267449], [85.363151, 28.267513], [85.363418, 28.268054], [85.363438, 28.268091], [85.363689, 28.268551], [85.36377, 28.268689], [85.36377, 28.265682], [85.360193, 28.265682], [85.360439, 28.265843]]]]}, "properties": {"projectId": 63069, "layer": "buildings", "taskId": 564, "status": "VALIDATED"}}, {"type": "Feature", "geometry": {"type": "MultiPolygon", "coordinates": [[[[85.072632, 27.84879], [85.078125, 27.84879], [85.078125, 27.853647], [85.072632, 27.853647], [85.072632, 27.84879]]]]}, "properties": {"projectId": 63069, "layer": "buildings", "taskId": 16, "status": "VALIDATED"}}, {"type": "Feature", "geometry": {"type": "MultiPolygon", "coordinates": [[[[85.211434, 28.086748], [85.212183, 28.087402], [85.213196, 28.088173], [85.213899, 28.088647], [85.214646, 28.089061], [85.215454, 28.08945], [85.215454, 28.08652], [85.211208, 28.08652], [85.211434, 28.086748]]]]}, "properties": {"projectId": 63069, "layer": "buildings", "taskId": 321, "status": "MAPPED"}}, {"type": "Feature", "geometry": {"type": "MultiPolygon", "coordinates": [[[[85.132765, 27.868488], [85.132438, 27.868217], [85.127563, 27.868217], [85.127563, 27.873073], [85.133057, 27.873073], [85.133057, 27.868764], [85.132765, 27.868488]]]]}, "properties": {"projectId": 63069, "layer": "buildings", "taskId": 86, "status": "MAPPED"}}, {"type": "Feature", "geometry": {"type": "MultiPolygon", "coordinates": [[[[85.062171, 27.868978], [85.06291, 27.868883], [85.063559, 27.868758], [85.064198, 27.868596], [85.064824, 27.868397], [85.065278, 27.868217], [85.061646, 27.868217], [85.061646, 27.869022], [85.062171, 27.868978]]]]}, "properties": {"projectId": 63069, "layer": "buildings", "taskId": 9, "status": "VALIDATED"}}, {"type": "Feature", "geometry": {"type": "MultiPolygon", "coordinates": [[[[85.193547, 28.053565], [85.194232, 28.054575], [85.19503, 28.05547], [85.196031, 28.056411], [85.196541, 28.05685], [85.197168, 28.057312], [85.19808, 28.058163], [85.197865, 28.059246], [85.197736, 28.06025], [85.197249, 28.06102], [85.196669, 28.061845], [85.196404, 28.062286], [85.198975, 28.062286], [85.198975, 28.052591], [85.193069, 28.052591], [85.193547, 28.053565]]]]}, "properties": {"projectId": 63102, "layer": "roads", "taskId": 88, "status": "MAPPED"}}, {"type": "Feature", "geometry": {"type": "MultiPolygon", "coordinates": [[[[85.177053, 28.028344], [85.177468, 28.028947], [85.178386, 28.030133], [85.179023, 28.030847], [85.179681, 28.03149], [85.180277, 28.032012], [85.180785, 28.032393], [85.18132, 28.032744], [85.18188, 28.033064], [85.182153, 28.033198], [85.187988, 28.033198], [85.187988, 28.0235], [85.177002, 28.0235], [85.177002, 28.028251], [85.177053, 28.028344]]]]}, "properties": {"projectId": 63102, "layer": "roads", "taskId": 75, "status": "MAPPED"}}, {"type": "Feature", "geometry": {"type": "MultiPolygon", "coordinates": [[[[85.140532, 27.936222], [85.140676, 27.936588], [85.141155, 27.93753], [85.141839, 27.938542], [85.142443, 27.939246], [85.14289, 27.939683], [85.143425, 27.940138], [85.143807, 27.940431], [85.144013, 27.94059], [85.144043, 27.94061], [85.144043, 27.936181], [85.140516, 27.936181], [85.140532, 27.936222]]]]}, "properties": {"projectId": 63102, "layer": "roads", "taskId": 39, "status": "MAPPED"}}, {"type": "Feature", "geometry": {"type": "MultiPolygon", "coordinates": [[[[85.347919, 28.236776], [85.347914, 28.23684], [85.347887, 28.237169], [85.347861, 28.237695], [85.347861, 28.237919], [85.347866, 28.238357], [85.347879, 28.238724], [85.347936, 28.239313], [85.348006, 28.23975], [85.348026, 28.239854], [85.348017, 28.240282], [85.348016, 28.240323], [85.348016, 28.240393], [85.348012, 28.240925], [85.348011, 28.241038], [85.34797, 28.241902], [85.347962, 28.242159], [85.347975, 28.24275], [85.348031, 28.243338], [85.348131, 28.243922], [85.348273, 28.244499], [85.348452, 28.245048], [85.34866, 28.245621], [85.348667, 28.24564], [85.348893, 28.246195], [85.348959, 28.246328], [85.352783, 28.246328], [85.352783, 28.236649], [85.347935, 28.236649], [85.347919, 28.236776]]]]}, "properties": {"projectId": 63102, "layer": "roads", "taskId": 166, "status": "MAPPED"}}, {"type": "Feature", "geometry": {"type": "MultiPolygon", "coordinates": [[[[85.15498, 27.913999], [85.154378, 27.913747], [85.15376, 27.913531], [85.153424, 27.913432], [85.153017, 27.913311], [85.152125, 27.912941], [85.150748, 27.912455], [85.149939, 27.912216], [85.149051, 27.912006], [85.148998, 27.911993], [85.148521, 27.911381], [85.148688, 27.910752], [85.1488, 27.910334], [85.149051, 27.909857], [85.149391, 27.909213], [85.149957, 27.908145], [85.149978, 27.908087], [85.150352, 27.907058], [85.144043, 27.907058], [85.144043, 27.916767], [85.155029, 27.916767], [85.155029, 27.914023], [85.15498, 27.913999]]]]}, "properties": {"projectId": 63102, "layer": "roads", "taskId": 43, "status": "MAPPED"}}, {"type": "Feature", "geometry": {"type": "MultiPolygon", "coordinates": [[[[85.1846, 28.043669], [85.185038, 28.044465], [85.185412, 28.045014], [85.186473, 28.046422], [85.187046, 28.047084], [85.187494, 28.047521], [85.187973, 28.047931], [85.187988, 28.047942], [85.187988, 28.042895], [85.184286, 28.042895], [85.1846, 28.043669]]]]}, "properties": {"projectId": 63102, "layer": "roads", "taskId": 77, "status": "MAPPED"}}, {"type": "Feature", "geometry": {"type": "MultiPolygon", "coordinates": [[[[85.149536, 27.926474], [85.155029, 27.926474], [85.155029, 27.931327], [85.149536, 27.931327], [85.149536, 27.926474]]]]}, "properties": {"projectId": 63102, "layer": "roads", "taskId": 200, "status": "MAPPED"}}, {"type": "Feature", "geometry": {"type": "MultiPolygon", "coordinates": [[[[85.144043, 27.926474], [85.149536, 27.926474], [85.149536, 27.931327], [85.144043, 27.931327], [85.144043, 27.926474]]]]}, "properties": {"projectId": 63102, "layer": "roads", "taskId": 198, "status": "MAPPED"}}, {"type": "Feature", "geometry": {"type": "MultiPolygon", "coordinates": [[[[85.149536, 27.931327], [85.155029, 27.931327], [85.155029, 27.936181], [85.149536, 27.936181], [85.149536, 27.931327]]]]}, "properties": {"projectId": 63102, "layer": "roads", "taskId": 201, "status": "MAPPED"}}, {"type": "Feature", "geometry": {"type": "MultiPolygon", "coordinates": [[[[85.144043, 27.931327], [85.149536, 27.931327], [85.149536, 27.936181], [85.144043, 27.936181], [85.144043, 27.931327]]]]}, "properties": {"projectId": 63102, "layer": "roads", "taskId": 199, "status": "VALIDATED"}}, {"type": "Feature", "geometry": {"type": "MultiPolygon", "coordinates": [[[[85.265245, 28.112951], [85.265795, 28.113428], [85.26647, 28.113948], [85.267006, 28.114299], [85.267567, 28.114618], [85.268402, 28.115028], [85.269004, 28.115633], [85.26969, 28.11649], [85.270346, 28.117157], [85.270826, 28.117567], [85.271334, 28.117948], [85.27187, 28.118299], [85.272431, 28.118618], [85.273014, 28.118904], [85.273606, 28.119313], [85.274184, 28.120295], [85.274289, 28.120429], [85.274297, 28.120439], [85.275879, 28.120439], [85.275879, 28.110749], [85.264893, 28.110749], [85.264893, 28.112612], [85.265245, 28.112951]]]]}, "properties": {"projectId": 63102, "layer": "roads", "taskId": 124, "status": "VALIDATED"}}, {"type": "Feature", "geometry": {"type": "MultiPolygon", "coordinates": [[[[85.349897, 28.158933], [85.349448, 28.158496], [85.348968, 28.158087], [85.348459, 28.157706], [85.347922, 28.157355], [85.347403, 28.157059], [85.346907, 28.156794], [85.346709, 28.156501], [85.346245, 28.155703], [85.345626, 28.154815], [85.34502, 28.154112], [85.344571, 28.153675], [85.344091, 28.153266], [85.343513, 28.152838], [85.342342, 28.152053], [85.341797, 28.151742], [85.341797, 28.15919], [85.350134, 28.15919], [85.349897, 28.158933]]]]}, "properties": {"projectId": 63102, "layer": "roads", "taskId": 157, "status": "MAPPED"}}, {"type": "Feature", "geometry": {"type": "MultiPolygon", "coordinates": [[[[85.131798, 27.867686], [85.131254, 27.867274], [85.13072, 27.866923], [85.130161, 27.866604], [85.12958, 27.866317], [85.128979, 27.866065], [85.128196, 27.8658], [85.126455, 27.865307], [85.126369, 27.865283], [85.125606, 27.864863], [85.125043, 27.864491], [85.124476, 27.864167], [85.123169, 27.863476], [85.122606, 27.863199], [85.12207, 27.86281], [85.12207, 27.868217], [85.132438, 27.868217], [85.131798, 27.867686]]]]}, "properties": {"projectId": 63102, "layer": "roads", "taskId": 25, "status": "MAPPED"}}, {"type": "Feature", "geometry": {"type": "MultiPolygon", "coordinates": [[[[85.187179, 27.96215], [85.186102, 27.961633], [85.185532, 27.9608], [85.185006, 27.960126], [85.184458, 27.959506], [85.183828, 27.958873], [85.183161, 27.95828], [85.182653, 27.957899], [85.182118, 27.957548], [85.181559, 27.957229], [85.180956, 27.956933], [85.179988, 27.956498], [85.179145, 27.956165], [85.178794, 27.956048], [85.17752, 27.955625], [85.177502, 27.955591], [85.177002, 27.955591], [85.177002, 27.965295], [85.187988, 27.965295], [85.187988, 27.962471], [85.187179, 27.96215]]]]}, "properties": {"projectId": 63102, "layer": "roads", "taskId": 68, "status": "MAPPED"}}, {"type": "Feature", "geometry": {"type": "MultiPolygon", "coordinates": [[[[85.352783, 28.207609], [85.36377, 28.207609], [85.36377, 28.21729], [85.352783, 28.21729], [85.352783, 28.207609]]]]}, "properties": {"projectId": 63102, "layer": "roads", "taskId": 173, "status": "MAPPED"}}, {"type": "Feature", "geometry": {"type": "MultiPolygon", "coordinates": [[[[85.254268, 28.103599], [85.254969, 28.103761], [85.255669, 28.104321], [85.256339, 28.105246], [85.256944, 28.10595], [85.257398, 28.106392], [85.258279, 28.107188], [85.259177, 28.108058], [85.259959, 28.108755], [85.260695, 28.109322], [85.261713, 28.109962], [85.262562, 28.110399], [85.263325, 28.110745], [85.263328, 28.110749], [85.264893, 28.110749], [85.264893, 28.101058], [85.253906, 28.101058], [85.253906, 28.10352], [85.254268, 28.103599]]]]}, "properties": {"projectId": 63102, "layer": "roads", "taskId": 119, "status": "VALIDATED"}}, {"type": "Feature", "geometry": {"type": "MultiPolygon", "coordinates": [[[[85.368665, 28.21693], [85.368442, 28.216655], [85.368026, 28.216193], [85.367577, 28.215757], [85.367208, 28.215437], [85.366333, 28.214718], [85.366222, 28.214628], [85.366116, 28.214545], [85.366031, 28.214399], [85.365687, 28.213894], [85.365671, 28.213873], [85.365081, 28.213071], [85.365078, 28.212964], [85.365022, 28.212376], [85.364902, 28.211477], [85.364902, 28.211476], [85.364803, 28.210892], [85.36466, 28.210315], [85.364639, 28.210244], [85.364485, 28.209722], [85.364635, 28.209104], [85.364638, 28.209089], [85.36465, 28.209039], [85.364794, 28.208424], [85.3649, 28.207893], [85.364936, 28.207609], [85.36377, 28.207609], [85.36377, 28.21729], [85.368945, 28.21729], [85.368665, 28.21693]]]]}, "properties": {"projectId": 63102, "layer": "roads", "taskId": 181, "status": "MAPPED"}}, {"type": "Feature", "geometry": {"type": "MultiPolygon", "coordinates": [[[[85.09007, 27.869414], [85.091016, 27.86947], [85.091889, 27.869447], [85.093988, 27.869271], [85.096518, 27.868933], [85.097495, 27.868743], [85.09953, 27.868217], [85.089111, 27.868217], [85.089111, 27.869301], [85.09007, 27.869414]]]]}, "properties": {"projectId": 63102, "layer": "roads", "taskId": 15, "status": "MAPPED"}}, {"type": "Feature", "geometry": {"type": "MultiPolygon", "coordinates": [[[[85.231604, 28.076244], [85.231037, 28.075921], [85.230455, 28.075635], [85.229852, 28.075384], [85.229087, 28.075124], [85.228958, 28.075087], [85.228284, 28.074892], [85.227627, 28.07464], [85.225724, 28.073804], [85.223967, 28.072109], [85.223816, 28.07198], [85.220947, 28.07198], [85.220947, 28.081674], [85.231934, 28.081674], [85.231934, 28.076447], [85.231604, 28.076244]]]]}, "properties": {"projectId": 63102, "layer": "roads", "taskId": 107, "status": "MAPPED"}}, {"type": "Feature", "geometry": {"type": "MultiPolygon", "coordinates": [[[[85.22106, 28.09295], [85.221566, 28.093448], [85.222045, 28.093857], [85.222808, 28.094406], [85.223622, 28.094918], [85.224516, 28.095641], [85.225702, 28.09656], [85.226446, 28.097066], [85.227006, 28.097385], [85.227677, 28.09771], [85.228958, 28.09826], [85.229057, 28.098302], [85.22989, 28.098604], [85.230628, 28.098809], [85.231934, 28.099112], [85.231934, 28.091366], [85.220947, 28.091366], [85.220947, 28.092827], [85.22106, 28.09295]]]]}, "properties": {"projectId": 63102, "layer": "roads", "taskId": 109, "status": "MAPPED"}}, {"type": "Feature", "geometry": {"type": "MultiPolygon", "coordinates": [[[[85.194283, 27.974627], [85.194519, 27.973466], [85.194603, 27.972279], [85.194591, 27.97177], [85.194576, 27.971126], [85.194379, 27.969959], [85.194125, 27.969103], [85.193887, 27.96852], [85.193361, 27.967386], [85.192764, 27.966364], [85.192006, 27.965395], [85.191908, 27.965295], [85.187988, 27.965295], [85.187988, 27.974998], [85.19415, 27.974998], [85.194283, 27.974627]]]]}, "properties": {"projectId": 63102, "layer": "roads", "taskId": 79, "status": "MAPPED"}}, {"type": "Feature", "geometry": {"type": "MultiPolygon", "coordinates": [[[[85.35302, 28.250998], [85.353557, 28.251349], [85.354032, 28.251621], [85.354435, 28.251839], [85.354438, 28.252073], [85.354451, 28.25244], [85.354504, 28.253002], [85.354607, 28.253795], [85.354611, 28.253822], [85.35471, 28.254406], [85.354853, 28.254982], [85.354853, 28.254983], [85.35488, 28.255255], [85.354911, 28.255518], [85.354937, 28.255699], [85.354985, 28.256006], [85.36377, 28.256006], [85.36377, 28.246328], [85.352783, 28.246328], [85.352783, 28.250821], [85.35302, 28.250998]]]]}, "properties": {"projectId": 63102, "layer": "roads", "taskId": 177, "status": "MAPPED"}}, {"type": "Feature", "geometry": {"type": "MultiPolygon", "coordinates": [[[[85.363698, 28.201345], [85.363482, 28.20102], [85.363223, 28.200647], [85.363222, 28.200641], [85.36292, 28.19943], [85.362857, 28.198859], [85.362835, 28.198679], [85.362736, 28.198095], [85.362694, 28.197927], [85.352783, 28.197927], [85.352783, 28.207609], [85.36377, 28.207609], [85.36377, 28.201469], [85.363698, 28.201345]]]]}, "properties": {"projectId": 63102, "layer": "roads", "taskId": 172, "status": "MAPPED"}}, {"type": "Feature", "geometry": {"type": "MultiPolygon", "coordinates": [[[[85.122282, 27.89042], [85.123734, 27.891547], [85.124446, 27.89203], [85.125155, 27.892425], [85.125676, 27.892789], [85.12557, 27.893886], [85.125549, 27.895112], [85.125632, 27.896145], [85.125819, 27.897168], [85.125864, 27.897349], [85.133057, 27.897349], [85.133057, 27.887639], [85.12207, 27.887639], [85.12207, 27.890237], [85.122282, 27.89042]]]]}, "properties": {"projectId": 63102, "layer": "roads", "taskId": 28, "status": "MAPPED"}}, {"type": "Feature", "geometry": {"type": "MultiPolygon", "coordinates": [[[[85.111201, 27.878368], [85.112049, 27.878806], [85.112494, 27.878988], [85.112801, 27.879113], [85.113475, 27.879352], [85.114117, 27.879807], [85.115525, 27.880881], [85.11584, 27.881935], [85.116166, 27.882899], [85.116413, 27.88352], [85.116746, 27.884184], [85.117271, 27.885094], [85.117824, 27.885906], [85.118296, 27.886504], [85.118855, 27.887227], [85.119137, 27.887538], [85.119228, 27.887639], [85.12207, 27.887639], [85.12207, 27.877928], [85.111084, 27.877928], [85.111084, 27.878297], [85.111201, 27.878368]]]]}, "properties": {"projectId": 63102, "layer": "roads", "taskId": 23, "status": "MAPPED"}}, {"type": "Feature", "geometry": {"type": "MultiPolygon", "coordinates": [[[[85.063845, 27.854333], [85.062962, 27.856587], [85.062211, 27.858504], [85.067139, 27.858504], [85.067139, 27.84879], [85.066016, 27.84879], [85.064908, 27.851618], [85.063845, 27.854333]]]]}, "properties": {"projectId": 63102, "layer": "roads", "taskId": 2, "status": "MAPPED"}}, {"type": "Feature", "geometry": {"type": "MultiPolygon", "coordinates": [[[[85.066016, 27.84879], [85.067139, 27.84879], [85.067139, 27.845923], [85.066016, 27.84879]]]]}, "properties": {"projectId": 63102, "layer": "roads", "taskId": 1, "status": "MAPPED"}}, {"type": "Feature", "geometry": {"type": "MultiPolygon", "coordinates": [[[[85.102478, 27.868499], [85.102911, 27.86974], [85.103373, 27.870849], [85.103822, 27.871728], [85.104368, 27.872566], [85.105113, 27.873536], [85.106101, 27.874668], [85.106668, 27.875235], [85.107315, 27.875776], [85.108589, 27.876711], [85.110134, 27.877725], [85.110471, 27.877928], [85.111084, 27.877928], [85.111084, 27.868217], [85.102358, 27.868217], [85.102478, 27.868499]]]]}, "properties": {"projectId": 63102, "layer": "roads", "taskId": 18, "status": "MAPPED"}}, {"type": "Feature", "geometry": {"type": "MultiPolygon", "coordinates": [[[[85.05814, 27.868899], [85.058794, 27.869004], [85.059454, 27.869071], [85.060118, 27.8691], [85.061032, 27.869074], [85.062171, 27.868978], [85.06291, 27.868883], [85.063559, 27.868758], [85.064198, 27.868596], [85.064824, 27.868397], [85.065278, 27.868217], [85.058407, 27.868217], [85.05814, 27.868899]]]]}, "properties": {"projectId": 63102, "layer": "roads", "taskId": 4, "status": "MAPPED"}}, {"type": "Feature", "geometry": {"type": "MultiPolygon", "coordinates": [[[[85.067139, 27.84879], [85.078125, 27.84879], [85.078125, 27.858504], [85.067139, 27.858504], [85.067139, 27.84879]]]]}, "properties": {"projectId": 63102, "layer": "roads", "taskId": 6, "status": "MAPPED"}}, {"type": "Feature", "geometry": {"type": "MultiPolygon", "coordinates": [[[[85.058407, 27.868217], [85.065278, 27.868217], [85.065568, 27.868102], [85.066222, 27.867804], [85.066839, 27.867489], [85.067139, 27.867318], [85.067139, 27.858504], [85.062211, 27.858504], [85.058407, 27.868217]]]]}, "properties": {"projectId": 63102, "layer": "roads", "taskId": 3, "status": "MAPPED"}}, {"type": "Feature", "geometry": {"type": "MultiPolygon", "coordinates": [[[[85.119589, 27.888037], [85.120439, 27.888834], [85.121311, 27.889582], [85.12207, 27.890237], [85.12207, 27.887639], [85.119228, 27.887639], [85.119589, 27.888037]]]]}, "properties": {"projectId": 63102, "layer": "roads", "taskId": 24, "status": "MAPPED"}}, {"type": "Feature", "geometry": {"type": "MultiPolygon", "coordinates": [[[[85.092673, 27.848748], [85.091958, 27.848454], [85.090908, 27.84808], [85.090009, 27.847816], [85.089111, 27.847601], [85.089111, 27.84879], [85.092758, 27.84879], [85.092673, 27.848748]]]]}, "properties": {"projectId": 63102, "layer": "roads", "taskId": 12, "status": "VALIDATED"}}, {"type": "Feature", "geometry": {"type": "MultiPolygon", "coordinates": [[[[85.111084, 27.878297], [85.111084, 27.877928], [85.110471, 27.877928], [85.111084, 27.878297]]]]}, "properties": {"projectId": 63102, "layer": "roads", "taskId": 19, "status": "MAPPED"}}, {"type": "Feature", "geometry": {"type": "MultiPolygon", "coordinates": [[[[85.067854, 27.86691], [85.069032, 27.86616], [85.069593, 27.865765], [85.069933, 27.865488], [85.070173, 27.865292], [85.070992, 27.864547], [85.071703, 27.863808], [85.072772, 27.863238], [85.073793, 27.863692], [85.074888, 27.864147], [85.075636, 27.864415], [85.076268, 27.864596], [85.076913, 27.864739], [85.077859, 27.864882], [85.078125, 27.864912], [85.078125, 27.858504], [85.067139, 27.858504], [85.067139, 27.867318], [85.067854, 27.86691]]]]}, "properties": {"projectId": 63102, "layer": "roads", "taskId": 7, "status": "MAPPED"}}, {"type": "Feature", "geometry": {"type": "MultiPolygon", "coordinates": [[[[85.10212, 27.867661], [85.102358, 27.868217], [85.111084, 27.868217], [85.111084, 27.858504], [85.100098, 27.858504], [85.100098, 27.868078], [85.10212, 27.867661]]]]}, "properties": {"projectId": 63102, "layer": "roads", "taskId": 17, "status": "MAPPED"}}, {"type": "Feature", "geometry": {"type": "MultiPolygon", "coordinates": [[[[85.088782, 27.847522], [85.087448, 27.847221], [85.086599, 27.847075], [85.085939, 27.847008], [85.085275, 27.846979], [85.084561, 27.846992], [85.083357, 27.847009], [85.082686, 27.846548], [85.081998, 27.846105], [85.08094, 27.845503], [85.080234, 27.845148], [85.079634, 27.844896], [85.078758, 27.844605], [85.078125, 27.844433], [85.078125, 27.84879], [85.089111, 27.84879], [85.089111, 27.847601], [85.088782, 27.847522]]]]}, "properties": {"projectId": 63102, "layer": "roads", "taskId": 8, "status": "MAPPED"}}, {"type": "Feature", "geometry": {"type": "MultiPolygon", "coordinates": [[[[85.121932, 27.86271], [85.121577, 27.861636], [85.121153, 27.860663], [85.12061, 27.859572], [85.120163, 27.858776], [85.119974, 27.858504], [85.111084, 27.858504], [85.111084, 27.868217], [85.12207, 27.868217], [85.12207, 27.86281], [85.121932, 27.86271]]]]}, "properties": {"projectId": 63102, "layer": "roads", "taskId": 21, "status": "MAPPED"}}, {"type": "Feature", "geometry": {"type": "MultiPolygon", "coordinates": [[[[85.119658, 27.858048], [85.119137, 27.857393], [85.118986, 27.857204], [85.118298, 27.856336], [85.117739, 27.855691], [85.117292, 27.855253], [85.116814, 27.854843], [85.116307, 27.854462], [85.115665, 27.854046], [85.114721, 27.853421], [85.114058, 27.852755], [85.11358, 27.852344], [85.112926, 27.851863], [85.112198, 27.851392], [85.111476, 27.85097], [85.111084, 27.850776], [85.111084, 27.858504], [85.119974, 27.858504], [85.119658, 27.858048]]]]}, "properties": {"projectId": 63102, "layer": "roads", "taskId": 20, "status": "MAPPED"}}, {"type": "Feature", "geometry": {"type": "MultiPolygon", "coordinates": [[[[85.078125, 27.84879], [85.089111, 27.84879], [85.089111, 27.858504], [85.078125, 27.858504], [85.078125, 27.84879]]]]}, "properties": {"projectId": 63102, "layer": "roads", "taskId": 9, "status": "MAPPED"}}, {"type": "Feature", "geometry": {"type": "MultiPolygon", "coordinates": [[[[85.078804, 27.864987], [85.079773, 27.865011], [85.081081, 27.865203], [85.081687, 27.865888], [85.082133, 27.866326], [85.082611, 27.866736], [85.083118, 27.867118], [85.083652, 27.867469], [85.084406, 27.867887], [85.085087, 27.868217], [85.089111, 27.868217], [85.089111, 27.858504], [85.078125, 27.858504], [85.078125, 27.864912], [85.078804, 27.864987]]]]}, "properties": {"projectId": 63102, "layer": "roads", "taskId": 10, "status": "MAPPED"}}, {"type": "Feature", "geometry": {"type": "MultiPolygon", "coordinates": [[[[85.099744, 27.849367], [85.098063, 27.849727], [85.095516, 27.850347], [85.094501, 27.849819], [85.093812, 27.849354], [85.093253, 27.849035], [85.092758, 27.84879], [85.089111, 27.84879], [85.089111, 27.858504], [85.100098, 27.858504], [85.100098, 27.849314], [85.099744, 27.849367]]]]}, "properties": {"projectId": 63102, "layer": "roads", "taskId": 13, "status": "MAPPED"}}, {"type": "Feature", "geometry": {"type": "MultiPolygon", "coordinates": [[[[85.110557, 27.850516], [85.109841, 27.850218], [85.10909, 27.849948], [85.108457, 27.849768], [85.107672, 27.8496], [85.106832, 27.849459], [85.105582, 27.849249], [85.104696, 27.849147], [85.103852, 27.849119], [85.102134, 27.849148], [85.101406, 27.849173], [85.100694, 27.849224], [85.100098, 27.849314], [85.100098, 27.858504], [85.111084, 27.858504], [85.111084, 27.850776], [85.110557, 27.850516]]]]}, "properties": {"projectId": 63102, "layer": "roads", "taskId": 16, "status": "MAPPED"}}, {"type": "Feature", "geometry": {"type": "MultiPolygon", "coordinates": [[[[85.12207, 27.877928], [85.133057, 27.877928], [85.133057, 27.887639], [85.12207, 27.887639], [85.12207, 27.877928]]]]}, "properties": {"projectId": 63102, "layer": "roads", "taskId": 27, "status": "MAPPED"}}, {"type": "Feature", "geometry": {"type": "MultiPolygon", "coordinates": [[[[85.111084, 27.868217], [85.12207, 27.868217], [85.12207, 27.877928], [85.111084, 27.877928], [85.111084, 27.868217]]]]}, "properties": {"projectId": 63102, "layer": "roads", "taskId": 22, "status": "MAPPED"}}, {"type": "Feature", "geometry": {"type": "MultiPolygon", "coordinates": [[[[85.132765, 27.868488], [85.132438, 27.868217], [85.12207, 27.868217], [85.12207, 27.877928], [85.133057, 27.877928], [85.133057, 27.868764], [85.132765, 27.868488]]]]}, "properties": {"projectId": 63102, "layer": "roads", "taskId": 26, "status": "MAPPED"}}, {"type": "Feature", "geometry": {"type": "MultiPolygon", "coordinates": [[[[85.099952, 27.868108], [85.100098, 27.868078], [85.100098, 27.858504], [85.089111, 27.858504], [85.089111, 27.868217], [85.09953, 27.868217], [85.099952, 27.868108]]]]}, "properties": {"projectId": 63102, "layer": "roads", "taskId": 14, "status": "MAPPED"}}, {"type": "Feature", "geometry": {"type": "MultiPolygon", "coordinates": [[[[85.146998, 27.887291], [85.14664, 27.886193], [85.146262, 27.885374], [85.145834, 27.884662], [85.145167, 27.883701], [85.144534, 27.882918], [85.144043, 27.882416], [85.144043, 27.887639], [85.147077, 27.887639], [85.146998, 27.887291]]]]}, "properties": {"projectId": 63102, "layer": "roads", "taskId": 40, "status": "MAPPED"}}, {"type": "Feature", "geometry": {"type": "MultiPolygon", "coordinates": [[[[85.165768, 27.932915], [85.165541, 27.932204], [85.165364, 27.931315], [85.16511, 27.930459], [85.164812, 27.929748], [85.164244, 27.928599], [85.163709, 27.927706], [85.162964, 27.92675], [85.162707, 27.926474], [85.155029, 27.926474], [85.155029, 27.936181], [85.166016, 27.936181], [85.166016, 27.933401], [85.165768, 27.932915]]]]}, "properties": {"projectId": 63102, "layer": "roads", "taskId": 51, "status": "MAPPED"}}, {"type": "Feature", "geometry": {"type": "MultiPolygon", "coordinates": [[[[85.158826, 27.916705], [85.158379, 27.916268], [85.157901, 27.915858], [85.157252, 27.915379], [85.156699, 27.914987], [85.15612, 27.914605], [85.155561, 27.914285], [85.155029, 27.914023], [85.155029, 27.916767], [85.158879, 27.916767], [85.158826, 27.916705]]]]}, "properties": {"projectId": 63102, "layer": "roads", "taskId": 49, "status": "MAPPED"}}, {"type": "Feature", "geometry": {"type": "MultiPolygon", "coordinates": [[[[85.137042, 27.877676], [85.136055, 27.876878], [85.136043, 27.875597], [85.135962, 27.874586], [85.135838, 27.873845], [85.135669, 27.873114], [85.135455, 27.872464], [85.135215, 27.871857], [85.135199, 27.871815], [85.1347, 27.870816], [85.134017, 27.869804], [85.133413, 27.8691], [85.133057, 27.868764], [85.133057, 27.877928], [85.137481, 27.877928], [85.137042, 27.877676]]]]}, "properties": {"projectId": 63102, "layer": "roads", "taskId": 32, "status": "MAPPED"}}, {"type": "Feature", "geometry": {"type": "MultiPolygon", "coordinates": [[[[85.150365, 27.946212], [85.15093, 27.947335], [85.15131, 27.948131], [85.151764, 27.948933], [85.152298, 27.949841], [85.152312, 27.95021], [85.152329, 27.950658], [85.152318, 27.95071], [85.152312, 27.950741], [85.152163, 27.951473], [85.151947, 27.953069], [85.1519, 27.954135], [85.151961, 27.955019], [85.152063, 27.955591], [85.155029, 27.955591], [85.155029, 27.945886], [85.150233, 27.945886], [85.150365, 27.946212]]]]}, "properties": {"projectId": 63102, "layer": "roads", "taskId": 47, "status": "MAPPED"}}, {"type": "Feature", "geometry": {"type": "MultiPolygon", "coordinates": [[[[85.152089, 27.955734], [85.152312, 27.956656], [85.152342, 27.95678], [85.152679, 27.957783], [85.153209, 27.958864], [85.153704, 27.959633], [85.154173, 27.960222], [85.154805, 27.96093], [85.155029, 27.961154], [85.155029, 27.955591], [85.152063, 27.955591], [85.152089, 27.955734]]]]}, "properties": {"projectId": 63102, "layer": "roads", "taskId": 48, "status": "MAPPED"}}, {"type": "Feature", "geometry": {"type": "MultiPolygon", "coordinates": [[[[85.144745, 27.941087], [85.145304, 27.941406], [85.145885, 27.941692], [85.146487, 27.941944], [85.147106, 27.942161], [85.147739, 27.94234], [85.148256, 27.942478], [85.148395, 27.942515], [85.148857, 27.943187], [85.149612, 27.944147], [85.149916, 27.945101], [85.150233, 27.945886], [85.155029, 27.945886], [85.155029, 27.936181], [85.144043, 27.936181], [85.144043, 27.94061], [85.144745, 27.941087]]]]}, "properties": {"projectId": 63102, "layer": "roads", "taskId": 46, "status": "MAPPED"}}, {"type": "Feature", "geometry": {"type": "MultiPolygon", "coordinates": [[[[85.135829, 27.926546], [85.136681, 27.927196], [85.137386, 27.927673], [85.137945, 27.927993], [85.138533, 27.928409], [85.138538, 27.92925], [85.138609, 27.929957], [85.1388, 27.930989], [85.139166, 27.932123], [85.139677, 27.933175], [85.139961, 27.934333], [85.140243, 27.935486], [85.140516, 27.936181], [85.144043, 27.936181], [85.144043, 27.926474], [85.135744, 27.926474], [85.135829, 27.926546]]]]}, "properties": {"projectId": 63102, "layer": "roads", "taskId": 38, "status": "MAPPED"}}, {"type": "Feature", "geometry": {"type": "MultiPolygon", "coordinates": [[[[85.148759, 27.896934], [85.148167, 27.896209], [85.147513, 27.895541], [85.147014, 27.895114], [85.146367, 27.89454], [85.146716, 27.893621], [85.146939, 27.89301], [85.147159, 27.892146], [85.147307, 27.89104], [85.14735, 27.889955], [85.147312, 27.889004], [85.147179, 27.88809], [85.147077, 27.887639], [85.144043, 27.887639], [85.144043, 27.897349], [85.149052, 27.897349], [85.148759, 27.896934]]]]}, "properties": {"projectId": 63102, "layer": "roads", "taskId": 41, "status": "MAPPED"}}, {"type": "Feature", "geometry": {"type": "MultiPolygon", "coordinates": [[[[85.155029, 27.936181], [85.166016, 27.936181], [85.166016, 27.945886], [85.155029, 27.945886], [85.155029, 27.936181]]]]}, "properties": {"projectId": 63102, "layer": "roads", "taskId": 52, "status": "MAPPED"}}, {"type": "Feature", "geometry": {"type": "MultiPolygon", "coordinates": [[[[85.124234, 27.917433], [85.124683, 27.918544], [85.125291, 27.919593], [85.126048, 27.920562], [85.126711, 27.921241], [85.12721, 27.921704], [85.127691, 27.922116], [85.128284, 27.922557], [85.128938, 27.922993], [85.129678, 27.923429], [85.130431, 27.92379], [85.131503, 27.924235], [85.132316, 27.924523], [85.133057, 27.924745], [85.133057, 27.916767], [85.124071, 27.916767], [85.124234, 27.917433]]]]}, "properties": {"projectId": 63102, "layer": "roads", "taskId": 31, "status": "MAPPED"}}, {"type": "Feature", "geometry": {"type": "MultiPolygon", "coordinates": [[[[85.133057, 27.887639], [85.144043, 27.887639], [85.144043, 27.897349], [85.133057, 27.897349], [85.133057, 27.887639]]]]}, "properties": {"projectId": 63102, "layer": "roads", "taskId": 34, "status": "MAPPED"}}, {"type": "Feature", "geometry": {"type": "MultiPolygon", "coordinates": [[[[85.144043, 27.916767], [85.155029, 27.916767], [85.155029, 27.926474], [85.144043, 27.926474], [85.144043, 27.916767]]]]}, "properties": {"projectId": 63102, "layer": "roads", "taskId": 44, "status": "MAPPED"}}, {"type": "Feature", "geometry": {"type": "MultiPolygon", "coordinates": [[[[85.133057, 27.907058], [85.144043, 27.907058], [85.144043, 27.916767], [85.133057, 27.916767], [85.133057, 27.907058]]]]}, "properties": {"projectId": 63102, "layer": "roads", "taskId": 36, "status": "MAPPED"}}, {"type": "Feature", "geometry": {"type": "MultiPolygon", "coordinates": [[[[85.133057, 27.897349], [85.144043, 27.897349], [85.144043, 27.907058], [85.133057, 27.907058], [85.133057, 27.897349]]]]}, "properties": {"projectId": 63102, "layer": "roads", "taskId": 35, "status": "MAPPED"}}, {"type": "Feature", "geometry": {"type": "MultiPolygon", "coordinates": [[[[85.162333, 27.926073], [85.161874, 27.925623], [85.16143, 27.925089], [85.161532, 27.924372], [85.161558, 27.923487], [85.161448, 27.922311], [85.161244, 27.921398], [85.161004, 27.920576], [85.160644, 27.919502], [85.160114, 27.91842], [85.159429, 27.917409], [85.158879, 27.916767], [85.155029, 27.916767], [85.155029, 27.926474], [85.162707, 27.926474], [85.162333, 27.926073]]]]}, "properties": {"projectId": 63102, "layer": "roads", "taskId": 50, "status": "MAPPED"}}, {"type": "Feature", "geometry": {"type": "MultiPolygon", "coordinates": [[[[85.127373, 27.907337], [85.126826, 27.907847], [85.12652, 27.908165], [85.126249, 27.908447], [85.125724, 27.909062], [85.125203, 27.909816], [85.124636, 27.910883], [85.124231, 27.912007], [85.124001, 27.913109], [85.123903, 27.913929], [85.123842, 27.915105], [85.123952, 27.916281], [85.124071, 27.916767], [85.133057, 27.916767], [85.133057, 27.907058], [85.127719, 27.907058], [85.127373, 27.907337]]]]}, "properties": {"projectId": 63102, "layer": "roads", "taskId": 30, "status": "MAPPED"}}, {"type": "Feature", "geometry": {"type": "MultiPolygon", "coordinates": [[[[85.150357, 27.907043], [85.150609, 27.906059], [85.15077, 27.905164], [85.15084, 27.904243], [85.150848, 27.903172], [85.150836, 27.902372], [85.150725, 27.901307], [85.150535, 27.900438], [85.150301, 27.899739], [85.150028, 27.89906], [85.1497, 27.898372], [85.149662, 27.898309], [85.149231, 27.897603], [85.149052, 27.897349], [85.144043, 27.897349], [85.144043, 27.907058], [85.150352, 27.907058], [85.150357, 27.907043]]]]}, "properties": {"projectId": 63102, "layer": "roads", "taskId": 42, "status": "MAPPED"}}, {"type": "Feature", "geometry": {"type": "MultiPolygon", "coordinates": [[[[85.126102, 27.898301], [85.126105, 27.898309], [85.12631, 27.898959], [85.126577, 27.899827], [85.12679, 27.901262], [85.127059, 27.902324], [85.127507, 27.903435], [85.127944, 27.90423], [85.128408, 27.9049], [85.128968, 27.905978], [85.128385, 27.906572], [85.127865, 27.90694], [85.127719, 27.907058], [85.133057, 27.907058], [85.133057, 27.897349], [85.125864, 27.897349], [85.126102, 27.898301]]]]}, "properties": {"projectId": 63102, "layer": "roads", "taskId": 29, "status": "MAPPED"}}, {"type": "Feature", "geometry": {"type": "MultiPolygon", "coordinates": [[[[85.133542, 27.92489], [85.134287, 27.925138], [85.134816, 27.925662], [85.135315, 27.926113], [85.135744, 27.926474], [85.144043, 27.926474], [85.144043, 27.916767], [85.133057, 27.916767], [85.133057, 27.924745], [85.133542, 27.92489]]]]}, "properties": {"projectId": 63102, "layer": "roads", "taskId": 37, "status": "MAPPED"}}, {"type": "Feature", "geometry": {"type": "MultiPolygon", "coordinates": [[[[85.166016, 27.955591], [85.177002, 27.955591], [85.177002, 27.965295], [85.166016, 27.965295], [85.166016, 27.955591]]]]}, "properties": {"projectId": 63102, "layer": "roads", "taskId": 59, "status": "MAPPED"}}, {"type": "Feature", "geometry": {"type": "MultiPolygon", "coordinates": [[[[85.182462, 28.03335], [85.183064, 28.033601], [85.183669, 28.033813], [85.183586, 28.034793], [85.183503, 28.03673], [85.183565, 28.039146], [85.183637, 28.039929], [85.183879, 28.041488], [85.18415, 28.042559], [85.184286, 28.042895], [85.187988, 28.042895], [85.187988, 28.033198], [85.182153, 28.033198], [85.182462, 28.03335]]]]}, "properties": {"projectId": 63102, "layer": "roads", "taskId": 76, "status": "MAPPED"}}, {"type": "Feature", "geometry": {"type": "MultiPolygon", "coordinates": [[[[85.177002, 28.004102], [85.187988, 28.004102], [85.187988, 28.013801], [85.177002, 28.013801], [85.177002, 28.004102]]]]}, "properties": {"projectId": 63102, "layer": "roads", "taskId": 73, "status": "MAPPED"}}, {"type": "Feature", "geometry": {"type": "MultiPolygon", "coordinates": [[[[85.173577, 28.004885], [85.173421, 28.005759], [85.173352, 28.006799], [85.173396, 28.008484], [85.173531, 28.009989], [85.173541, 28.010772], [85.173579, 28.01177], [85.173705, 28.012648], [85.173924, 28.01347], [85.174039, 28.013801], [85.177002, 28.013801], [85.177002, 28.004102], [85.173774, 28.004102], [85.173577, 28.004885]]]]}, "properties": {"projectId": 63102, "layer": "roads", "taskId": 64, "status": "MAPPED"}}, {"type": "Feature", "geometry": {"type": "MultiPolygon", "coordinates": [[[[85.167988, 27.936024], [85.167598, 27.935455], [85.16663, 27.934181], [85.166101, 27.933567], [85.166016, 27.933401], [85.166016, 27.936181], [85.168074, 27.936181], [85.167988, 27.936024]]]]}, "properties": {"projectId": 63102, "layer": "roads", "taskId": 56, "status": "MAPPED"}}, {"type": "Feature", "geometry": {"type": "MultiPolygon", "coordinates": [[[[85.174523, 28.015193], [85.17493, 28.016361], [85.175151, 28.017075], [85.175426, 28.017738], [85.175882, 28.018776], [85.175627, 28.019755], [85.175454, 28.020698], [85.175384, 28.021692], [85.175403, 28.023161], [85.175438, 28.0235], [85.177002, 28.0235], [85.177002, 28.013801], [85.174039, 28.013801], [85.174523, 28.015193]]]]}, "properties": {"projectId": 63102, "layer": "roads", "taskId": 65, "status": "MAPPED"}}, {"type": "Feature", "geometry": {"type": "MultiPolygon", "coordinates": [[[[85.175514, 28.024225], [85.175777, 28.025325], [85.176238, 28.026668], [85.176615, 28.027548], [85.177002, 28.028251], [85.177002, 28.0235], [85.175438, 28.0235], [85.175514, 28.024225]]]]}, "properties": {"projectId": 63102, "layer": "roads", "taskId": 66, "status": "MAPPED"}}, {"type": "Feature", "geometry": {"type": "MultiPolygon", "coordinates": [[[[85.177002, 28.013801], [85.187988, 28.013801], [85.187988, 28.0235], [85.177002, 28.0235], [85.177002, 28.013801]]]]}, "properties": {"projectId": 63102, "layer": "roads", "taskId": 74, "status": "MAPPED"}}, {"type": "Feature", "geometry": {"type": "MultiPolygon", "coordinates": [[[[85.1728, 27.945126], [85.17251, 27.94424], [85.172111, 27.943295], [85.171623, 27.942419], [85.171025, 27.941519], [85.170319, 27.94063], [85.169468, 27.939613], [85.168808, 27.937717], [85.168425, 27.93682], [85.168074, 27.936181], [85.166016, 27.936181], [85.166016, 27.945886], [85.172977, 27.945886], [85.1728, 27.945126]]]]}, "properties": {"projectId": 63102, "layer": "roads", "taskId": 57, "status": "MAPPED"}}, {"type": "Feature", "geometry": {"type": "MultiPolygon", "coordinates": [[[[85.191352, 27.964727], [85.190797, 27.964257], [85.189927, 27.963592], [85.189214, 27.96311], [85.188655, 27.962791], [85.188073, 27.962505], [85.187988, 27.962471], [85.187988, 27.965295], [85.191908, 27.965295], [85.191352, 27.964727]]]]}, "properties": {"projectId": 63102, "layer": "roads", "taskId": 78, "status": "MAPPED"}}, {"type": "Feature", "geometry": {"type": "MultiPolygon", "coordinates": [[[[85.17715, 27.954934], [85.177002, 27.954622], [85.177002, 27.955591], [85.177502, 27.955591], [85.17715, 27.954934]]]]}, "properties": {"projectId": 63102, "layer": "roads", "taskId": 67, "status": "MAPPED"}}, {"type": "Feature", "geometry": {"type": "MultiPolygon", "coordinates": [[[[85.166563, 27.971146], [85.167164, 27.971398], [85.167981, 27.971673], [85.168254, 27.97177], [85.168632, 27.971903], [85.169177, 27.972785], [85.169756, 27.973557], [85.170303, 27.974196], [85.170782, 27.974732], [85.171059, 27.974998], [85.177002, 27.974998], [85.177002, 27.965295], [85.166016, 27.965295], [85.166016, 27.970877], [85.166563, 27.971146]]]]}, "properties": {"projectId": 63102, "layer": "roads", "taskId": 60, "status": "MAPPED"}}, {"type": "Feature", "geometry": {"type": "MultiPolygon", "coordinates": [[[[85.17012, 27.985276], [85.169927, 27.986848], [85.169888, 27.987855], [85.169919, 27.988276], [85.169957, 27.988793], [85.170082, 27.989611], [85.170357, 27.990708], [85.170806, 27.991819], [85.171363, 27.992794], [85.171895, 27.993554], [85.172122, 27.994401], [85.177002, 27.994401], [85.177002, 27.9847], [85.170228, 27.9847], [85.17012, 27.985276]]]]}, "properties": {"projectId": 63102, "layer": "roads", "taskId": 62, "status": "MAPPED"}}, {"type": "Feature", "geometry": {"type": "MultiPolygon", "coordinates": [[[[85.155369, 27.961494], [85.155847, 27.961904], [85.156355, 27.962285], [85.157105, 27.962761], [85.158052, 27.963287], [85.158698, 27.963608], [85.159231, 27.963934], [85.159696, 27.964727], [85.159732, 27.964788], [85.160085, 27.965295], [85.166016, 27.965295], [85.166016, 27.955591], [85.155029, 27.955591], [85.155029, 27.961154], [85.155369, 27.961494]]]]}, "properties": {"projectId": 63102, "layer": "roads", "taskId": 54, "status": "MAPPED"}}, {"type": "Feature", "geometry": {"type": "MultiPolygon", "coordinates": [[[[85.155029, 27.945886], [85.166016, 27.945886], [85.166016, 27.955591], [85.155029, 27.955591], [85.155029, 27.945886]]]]}, "properties": {"projectId": 63102, "layer": "roads", "taskId": 53, "status": "MAPPED"}}, {"type": "Feature", "geometry": {"type": "MultiPolygon", "coordinates": [[[[85.171573, 27.975491], [85.171654, 27.976314], [85.171234, 27.977211], [85.170891, 27.978007], [85.170543, 27.978998], [85.170292, 27.979956], [85.170144, 27.981056], [85.170096, 27.982277], [85.170121, 27.982943], [85.170132, 27.983222], [85.170258, 27.984539], [85.170228, 27.9847], [85.177002, 27.9847], [85.177002, 27.974998], [85.171059, 27.974998], [85.171573, 27.975491]]]]}, "properties": {"projectId": 63102, "layer": "roads", "taskId": 61, "status": "MAPPED"}}, {"type": "Feature", "geometry": {"type": "MultiPolygon", "coordinates": [[[[85.172134, 27.994444], [85.172417, 27.995597], [85.172866, 27.996707], [85.173465, 27.997742], [85.174113, 27.998695], [85.173966, 27.999747], [85.173801, 28.00064], [85.173718, 28.00127], [85.173692, 28.002155], [85.173753, 28.003038], [85.173806, 28.003977], [85.173774, 28.004102], [85.177002, 28.004102], [85.177002, 27.994401], [85.172122, 27.994401], [85.172134, 27.994444]]]]}, "properties": {"projectId": 63102, "layer": "roads", "taskId": 63, "status": "MAPPED"}}, {"type": "Feature", "geometry": {"type": "MultiPolygon", "coordinates": [[[[85.176814, 27.954226], [85.176472, 27.953643], [85.17591, 27.952789], [85.175266, 27.95196], [85.174511, 27.951129], [85.173704, 27.950361], [85.173084, 27.949846], [85.173072, 27.949195], [85.173163, 27.948313], [85.173153, 27.947175], [85.173041, 27.94616], [85.172977, 27.945886], [85.166016, 27.945886], [85.166016, 27.955591], [85.177002, 27.955591], [85.177002, 27.954622], [85.176814, 27.954226]]]]}, "properties": {"projectId": 63102, "layer": "roads", "taskId": 58, "status": "MAPPED"}}, {"type": "Feature", "geometry": {"type": "MultiPolygon", "coordinates": [[[[85.177002, 27.994401], [85.187988, 27.994401], [85.187988, 28.004102], [85.177002, 28.004102], [85.177002, 27.994401]]]]}, "properties": {"projectId": 63102, "layer": "roads", "taskId": 72, "status": "MAPPED"}}, {"type": "Feature", "geometry": {"type": "MultiPolygon", "coordinates": [[[[85.177002, 27.9847], [85.187988, 27.9847], [85.187988, 27.994401], [85.177002, 27.994401], [85.177002, 27.9847]]]]}, "properties": {"projectId": 63102, "layer": "roads", "taskId": 71, "status": "MAPPED"}}, {"type": "Feature", "geometry": {"type": "MultiPolygon", "coordinates": [[[[85.160258, 27.965543], [85.160978, 27.96651], [85.161623, 27.96729], [85.162065, 27.967776], [85.162774, 27.96848], [85.163756, 27.969348], [85.164626, 27.970005], [85.165421, 27.970541], [85.165981, 27.97086], [85.166016, 27.970877], [85.166016, 27.965295], [85.160085, 27.965295], [85.160258, 27.965543]]]]}, "properties": {"projectId": 63102, "layer": "roads", "taskId": 55, "status": "MAPPED"}}, {"type": "Feature", "geometry": {"type": "MultiPolygon", "coordinates": [[[[85.177002, 27.965295], [85.187988, 27.965295], [85.187988, 27.974998], [85.177002, 27.974998], [85.177002, 27.965295]]]]}, "properties": {"projectId": 63102, "layer": "roads", "taskId": 69, "status": "MAPPED"}}, {"type": "Feature", "geometry": {"type": "MultiPolygon", "coordinates": [[[[85.177002, 27.974998], [85.187988, 27.974998], [85.187988, 27.9847], [85.177002, 27.9847], [85.177002, 27.974998]]]]}, "properties": {"projectId": 63102, "layer": "roads", "taskId": 70, "status": "MAPPED"}}, {"type": "Feature", "geometry": {"type": "MultiPolygon", "coordinates": [[[[85.198975, 28.062286], [85.209961, 28.062286], [85.209961, 28.07198], [85.198975, 28.07198], [85.198975, 28.062286]]]]}, "properties": {"projectId": 63102, "layer": "roads", "taskId": 96, "status": "MAPPED"}}, {"type": "Feature", "geometry": {"type": "MultiPolygon", "coordinates": [[[[85.223232, 28.07148], [85.220947, 28.069773], [85.220947, 28.07198], [85.223816, 28.07198], [85.223232, 28.07148]]]]}, "properties": {"projectId": 63102, "layer": "roads", "taskId": 106, "status": "MAPPED"}}, {"type": "Feature", "geometry": {"type": "MultiPolygon", "coordinates": [[[[85.19578, 28.01301], [85.195358, 28.012399], [85.194492, 28.011267], [85.193884, 28.009672], [85.193839, 28.00903], [85.193799, 28.008022], [85.19404, 28.007371], [85.194385, 28.006258], [85.194621, 28.005096], [85.194674, 28.004102], [85.187988, 28.004102], [85.187988, 28.013801], [85.196215, 28.013801], [85.19578, 28.01301]]]]}, "properties": {"projectId": 63102, "layer": "roads", "taskId": 83, "status": "MAPPED"}}, {"type": "Feature", "geometry": {"type": "MultiPolygon", "coordinates": [[[[85.218172, 28.062201], [85.218475, 28.061085], [85.21863, 28.06021], [85.218698, 28.059151], [85.218661, 28.057717], [85.21857, 28.056107], [85.218498, 28.054506], [85.218391, 28.053575], [85.218149, 28.052591], [85.209961, 28.052591], [85.209961, 28.062286], [85.218156, 28.062286], [85.218172, 28.062201]]]]}, "properties": {"projectId": 63102, "layer": "roads", "taskId": 101, "status": "MAPPED"}}, {"type": "Feature", "geometry": {"type": "MultiPolygon", "coordinates": [[[[85.19855, 28.019899], [85.198072, 28.019489], [85.197315, 28.018735], [85.197226, 28.017836], [85.197132, 28.01701], [85.196912, 28.015831], [85.196667, 28.014916], [85.196218, 28.013806], [85.196215, 28.013801], [85.187988, 28.013801], [85.187988, 28.0235], [85.198975, 28.0235], [85.198975, 28.020318], [85.19855, 28.019899]]]]}, "properties": {"projectId": 63102, "layer": "roads", "taskId": 84, "status": "MAPPED"}}, {"type": "Feature", "geometry": {"type": "MultiPolygon", "coordinates": [[[[85.201426, 28.02347], [85.200851, 28.022496], [85.200152, 28.02159], [85.199058, 28.0204], [85.198975, 28.020318], [85.198975, 28.0235], [85.20144, 28.0235], [85.201426, 28.02347]]]]}, "properties": {"projectId": 63102, "layer": "roads", "taskId": 91, "status": "MAPPED"}}, {"type": "Feature", "geometry": {"type": "MultiPolygon", "coordinates": [[[[85.187988, 28.0235], [85.198975, 28.0235], [85.198975, 28.033198], [85.187988, 28.033198], [85.187988, 28.0235]]]]}, "properties": {"projectId": 63102, "layer": "roads", "taskId": 85, "status": "MAPPED"}}, {"type": "Feature", "geometry": {"type": "MultiPolygon", "coordinates": [[[[85.187988, 28.033198], [85.198975, 28.033198], [85.198975, 28.042895], [85.187988, 28.042895], [85.187988, 28.033198]]]]}, "properties": {"projectId": 63102, "layer": "roads", "taskId": 86, "status": "MAPPED"}}, {"type": "Feature", "geometry": {"type": "MultiPolygon", "coordinates": [[[[85.204375, 28.032914], [85.204415, 28.031897], [85.204304, 28.030722], [85.204021, 28.029569], [85.203688, 28.028694], [85.203204, 28.027637], [85.20242, 28.025599], [85.20144, 28.0235], [85.198975, 28.0235], [85.198975, 28.033198], [85.20434, 28.033198], [85.204375, 28.032914]]]]}, "properties": {"projectId": 63102, "layer": "roads", "taskId": 92, "status": "MAPPED"}}, {"type": "Feature", "geometry": {"type": "MultiPolygon", "coordinates": [[[[85.209759, 28.04107], [85.208521, 28.039762], [85.207083, 28.038424], [85.205517, 28.037134], [85.204976, 28.036726], [85.204427, 28.036367], [85.203885, 28.036037], [85.204006, 28.035308], [85.20419, 28.034399], [85.20434, 28.033198], [85.198975, 28.033198], [85.198975, 28.042895], [85.209961, 28.042895], [85.209961, 28.041318], [85.209759, 28.04107]]]]}, "properties": {"projectId": 63102, "layer": "roads", "taskId": 93, "status": "MAPPED"}}, {"type": "Feature", "geometry": {"type": "MultiPolygon", "coordinates": [[[[85.188532, 28.048348], [85.1916, 28.050438], [85.192516, 28.051201], [85.193017, 28.052485], [85.193069, 28.052591], [85.198975, 28.052591], [85.198975, 28.042895], [85.187988, 28.042895], [85.187988, 28.047942], [85.188532, 28.048348]]]]}, "properties": {"projectId": 63102, "layer": "roads", "taskId": 87, "status": "MAPPED"}}, {"type": "Feature", "geometry": {"type": "MultiPolygon", "coordinates": [[[[85.198975, 28.042895], [85.209961, 28.042895], [85.209961, 28.052591], [85.198975, 28.052591], [85.198975, 28.042895]]]]}, "properties": {"projectId": 63102, "layer": "roads", "taskId": 94, "status": "MAPPED"}}, {"type": "Feature", "geometry": {"type": "MultiPolygon", "coordinates": [[[[85.218108, 28.052423], [85.217658, 28.051313], [85.21722, 28.050517], [85.216749, 28.049833], [85.216369, 28.049257], [85.215439, 28.047941], [85.215019, 28.0474], [85.214392, 28.04673], [85.212921, 28.045365], [85.212431, 28.044945], [85.21175, 28.044446], [85.211335, 28.043574], [85.210998, 28.042895], [85.209961, 28.042895], [85.209961, 28.052591], [85.218149, 28.052591], [85.218108, 28.052423]]]]}, "properties": {"projectId": 63102, "layer": "roads", "taskId": 100, "status": "MAPPED"}}, {"type": "Feature", "geometry": {"type": "MultiPolygon", "coordinates": [[[[85.210817, 28.042529], [85.210322, 28.04176], [85.209961, 28.041318], [85.209961, 28.042895], [85.210998, 28.042895], [85.210817, 28.042529]]]]}, "properties": {"projectId": 63102, "layer": "roads", "taskId": 99, "status": "MAPPED"}}, {"type": "Feature", "geometry": {"type": "MultiPolygon", "coordinates": [[[[85.198975, 28.052591], [85.209961, 28.052591], [85.209961, 28.062286], [85.198975, 28.062286], [85.198975, 28.052591]]]]}, "properties": {"projectId": 63102, "layer": "roads", "taskId": 95, "status": "MAPPED"}}, {"type": "Feature", "geometry": {"type": "MultiPolygon", "coordinates": [[[[85.190823, 27.984406], [85.190605, 27.983186], [85.191053, 27.98174], [85.191443, 27.980615], [85.191632, 27.979957], [85.191806, 27.979101], [85.192391, 27.978191], [85.19279, 27.977634], [85.193352, 27.976758], [85.193879, 27.975751], [85.19415, 27.974998], [85.187988, 27.974998], [85.187988, 27.9847], [85.191034, 27.9847], [85.190823, 27.984406]]]]}, "properties": {"projectId": 63102, "layer": "roads", "taskId": 80, "status": "MAPPED"}}, {"type": "Feature", "geometry": {"type": "MultiPolygon", "coordinates": [[[[85.194684, 28.003918], [85.194589, 28.002746], [85.194998, 28.001733], [85.195361, 28.001038], [85.195651, 28.000395], [85.195934, 27.999546], [85.19617, 27.998385], [85.196237, 27.997299], [85.19621, 27.99639], [85.196102, 27.995417], [85.195852, 27.994401], [85.187988, 27.994401], [85.187988, 28.004102], [85.194674, 28.004102], [85.194684, 28.003918]]]]}, "properties": {"projectId": 63102, "layer": "roads", "taskId": 82, "status": "MAPPED"}}, {"type": "Feature", "geometry": {"type": "MultiPolygon", "coordinates": [[[[85.199199, 28.076925], [85.199637, 28.07772], [85.200127, 28.078417], [85.20106, 28.079573], [85.201518, 28.080087], [85.201966, 28.080524], [85.202445, 28.080934], [85.202953, 28.081315], [85.203489, 28.081666], [85.203503, 28.081674], [85.209961, 28.081674], [85.209961, 28.07198], [85.198975, 28.07198], [85.198975, 28.076372], [85.199199, 28.076925]]]]}, "properties": {"projectId": 63102, "layer": "roads", "taskId": 97, "status": "MAPPED"}}, {"type": "Feature", "geometry": {"type": "MultiPolygon", "coordinates": [[[[85.220182, 28.091995], [85.220947, 28.092827], [85.220947, 28.091366], [85.219643, 28.091366], [85.220182, 28.091995]]]]}, "properties": {"projectId": 63102, "layer": "roads", "taskId": 105, "status": "MAPPED"}}, {"type": "Feature", "geometry": {"type": "MultiPolygon", "coordinates": [[[[85.210352, 28.085658], [85.210794, 28.086103], [85.211434, 28.086748], [85.212183, 28.087402], [85.213196, 28.088173], [85.213899, 28.088647], [85.214646, 28.089061], [85.216754, 28.090076], [85.217333, 28.090326], [85.219514, 28.091215], [85.219643, 28.091366], [85.220947, 28.091366], [85.220947, 28.081674], [85.209961, 28.081674], [85.209961, 28.085275], [85.210352, 28.085658]]]]}, "properties": {"projectId": 63102, "layer": "roads", "taskId": 104, "status": "MAPPED"}}, {"type": "Feature", "geometry": {"type": "MultiPolygon", "coordinates": [[[[85.204049, 28.081985], [85.204906, 28.082395], [85.205973, 28.082831], [85.207227, 28.083271], [85.208245, 28.083878], [85.209465, 28.084789], [85.209961, 28.085275], [85.209961, 28.081674], [85.203503, 28.081674], [85.204049, 28.081985]]]]}, "properties": {"projectId": 63102, "layer": "roads", "taskId": 98, "status": "MAPPED"}}, {"type": "Feature", "geometry": {"type": "MultiPolygon", "coordinates": [[[[85.195819, 27.994265], [85.195369, 27.993154], [85.194857, 27.992244], [85.194384, 27.991543], [85.193701, 27.990689], [85.193023, 27.989885], [85.192903, 27.98876], [85.192621, 27.987607], [85.192171, 27.986497], [85.191733, 27.985702], [85.191359, 27.985153], [85.191034, 27.9847], [85.187988, 27.9847], [85.187988, 27.994401], [85.195852, 27.994401], [85.195819, 27.994265]]]]}, "properties": {"projectId": 63102, "layer": "roads", "taskId": 81, "status": "MAPPED"}}, {"type": "Feature", "geometry": {"type": "MultiPolygon", "coordinates": [[[[85.209961, 28.07198], [85.220947, 28.07198], [85.220947, 28.081674], [85.209961, 28.081674], [85.209961, 28.07198]]]]}, "properties": {"projectId": 63102, "layer": "roads", "taskId": 103, "status": "MAPPED"}}, {"type": "Feature", "geometry": {"type": "MultiPolygon", "coordinates": [[[[85.253906, 28.091366], [85.264893, 28.091366], [85.264893, 28.101058], [85.253906, 28.101058], [85.253906, 28.091366]]]]}, "properties": {"projectId": 63102, "layer": "roads", "taskId": 118, "status": "MAPPED"}}, {"type": "Feature", "geometry": {"type": "MultiPolygon", "coordinates": [[[[85.284943, 28.104063], [85.284405, 28.10355], [85.283956, 28.103114], [85.283193, 28.102425], [85.282629, 28.101794], [85.282181, 28.101357], [85.28183, 28.101058], [85.275879, 28.101058], [85.275879, 28.110749], [85.286865, 28.110749], [85.286865, 28.105401], [85.284943, 28.104063]]]]}, "properties": {"projectId": 63102, "layer": "roads", "taskId": 127, "status": "BADIMAGERY"}}, {"type": "Feature", "geometry": {"type": "MultiPolygon", "coordinates": [[[[85.297743, 28.114755], [85.297263, 28.114345], [85.296553, 28.113818], [85.295818, 28.113068], [85.29537, 28.112631], [85.294797, 28.112149], [85.29392, 28.111484], [85.293223, 28.111016], [85.292753, 28.110749], [85.286865, 28.110749], [85.286865, 28.120439], [85.297852, 28.120439], [85.297852, 28.11486], [85.297743, 28.114755]]]]}, "properties": {"projectId": 63102, "layer": "roads", "taskId": 132, "status": "MAPPED"}}, {"type": "Feature", "geometry": {"type": "MultiPolygon", "coordinates": [[[[85.292662, 28.110697], [85.292079, 28.110411], [85.29139, 28.110109], [85.290919, 28.109521], [85.290446, 28.108888], [85.289796, 28.107952], [85.289312, 28.107388], [85.289191, 28.107248], [85.288742, 28.106811], [85.288263, 28.106402], [85.287748, 28.106016], [85.286865, 28.105401], [85.286865, 28.110749], [85.292753, 28.110749], [85.292662, 28.110697]]]]}, "properties": {"projectId": 63102, "layer": "roads", "taskId": 131, "status": "MAPPED"}}, {"type": "Feature", "geometry": {"type": "MultiPolygon", "coordinates": [[[[85.264123, 28.111752], [85.264723, 28.112449], [85.264893, 28.112612], [85.264893, 28.110749], [85.263328, 28.110749], [85.264123, 28.111752]]]]}, "properties": {"projectId": 63102, "layer": "roads", "taskId": 120, "status": "MAPPED"}}, {"type": "Feature", "geometry": {"type": "MultiPolygon", "coordinates": [[[[85.236721, 28.081092], [85.235815, 28.079896], [85.235126, 28.079034], [85.234381, 28.078287], [85.233531, 28.077551], [85.232872, 28.077045], [85.23235, 28.076702], [85.231934, 28.076447], [85.231934, 28.081674], [85.237578, 28.081674], [85.236721, 28.081092]]]]}, "properties": {"projectId": 63102, "layer": "roads", "taskId": 110, "status": "MAPPED"}}, {"type": "Feature", "geometry": {"type": "MultiPolygon", "coordinates": [[[[85.274944, 28.121264], [85.275592, 28.121953], [85.275879, 28.122233], [85.275879, 28.120439], [85.274297, 28.120439], [85.274944, 28.121264]]]]}, "properties": {"projectId": 63102, "layer": "roads", "taskId": 125, "status": "MAPPED"}}, {"type": "Feature", "geometry": {"type": "MultiPolygon", "coordinates": [[[[85.281701, 28.100948], [85.281193, 28.100567], [85.280657, 28.100216], [85.279879, 28.099791], [85.279187, 28.099021], [85.278582, 28.098317], [85.278133, 28.097881], [85.277654, 28.097471], [85.277145, 28.09709], [85.276609, 28.096739], [85.275879, 28.096277], [85.275879, 28.101058], [85.28183, 28.101058], [85.281701, 28.100948]]]]}, "properties": {"projectId": 63102, "layer": "roads", "taskId": 126, "status": "MAPPED"}}, {"type": "Feature", "geometry": {"type": "MultiPolygon", "coordinates": [[[[85.269969, 28.091168], [85.269484, 28.090593], [85.268974, 28.090018], [85.268526, 28.089581], [85.268047, 28.089171], [85.267538, 28.08879], [85.267002, 28.088439], [85.266442, 28.08812], [85.265615, 28.087731], [85.264893, 28.087441], [85.264893, 28.091366], [85.270205, 28.091366], [85.269969, 28.091168]]]]}, "properties": {"projectId": 63102, "layer": "roads", "taskId": 121, "status": "MAPPED"}}, {"type": "Feature", "geometry": {"type": "MultiPolygon", "coordinates": [[[[85.264451, 28.087264], [85.263527, 28.086955], [85.261648, 28.086451], [85.260932, 28.086291], [85.260172, 28.086174], [85.259499, 28.086098], [85.258382, 28.085571], [85.255993, 28.084581], [85.255022, 28.084249], [85.253906, 28.083946], [85.253906, 28.091366], [85.264893, 28.091366], [85.264893, 28.087441], [85.264451, 28.087264]]]]}, "properties": {"projectId": 63102, "layer": "roads", "taskId": 117, "status": "MAPPED"}}, {"type": "Feature", "geometry": {"type": "MultiPolygon", "coordinates": [[[[85.28619, 28.130178], [85.286841, 28.130838], [85.286865, 28.130858], [85.286865, 28.130128], [85.286127, 28.130128], [85.28619, 28.130178]]]]}, "properties": {"projectId": 63102, "layer": "roads", "taskId": 130, "status": "MAPPED"}}, {"type": "Feature", "geometry": {"type": "MultiPolygon", "coordinates": [[[[85.240503, 28.101174], [85.241385, 28.101303], [85.242361, 28.101394], [85.24292, 28.101417], [85.24292, 28.101058], [85.239978, 28.101058], [85.240503, 28.101174]]]]}, "properties": {"projectId": 63102, "layer": "roads", "taskId": 113, "status": "MAPPED"}}, {"type": "Feature", "geometry": {"type": "MultiPolygon", "coordinates": [[[[85.242745, 28.082545], [85.24209, 28.08244], [85.241371, 28.08237], [85.240083, 28.082291], [85.238967, 28.082139], [85.237786, 28.081815], [85.237578, 28.081674], [85.231934, 28.081674], [85.231934, 28.091366], [85.24292, 28.091366], [85.24292, 28.082583], [85.242745, 28.082545]]]]}, "properties": {"projectId": 63102, "layer": "roads", "taskId": 111, "status": "MAPPED"}}, {"type": "Feature", "geometry": {"type": "MultiPolygon", "coordinates": [[[[85.286865, 28.120439], [85.297852, 28.120439], [85.297852, 28.130128], [85.286865, 28.130128], [85.286865, 28.120439]]]]}, "properties": {"projectId": 63102, "layer": "roads", "taskId": 133, "status": "MAPPED"}}, {"type": "Feature", "geometry": {"type": "MultiPolygon", "coordinates": [[[[85.232376, 28.099214], [85.233965, 28.099699], [85.234904, 28.099924], [85.235818, 28.100056], [85.237828, 28.1003], [85.238602, 28.100636], [85.239222, 28.100852], [85.239856, 28.101031], [85.239978, 28.101058], [85.24292, 28.101058], [85.24292, 28.091366], [85.231934, 28.091366], [85.231934, 28.099112], [85.232376, 28.099214]]]]}, "properties": {"projectId": 63102, "layer": "roads", "taskId": 112, "status": "MAPPED"}}, {"type": "Feature", "geometry": {"type": "MultiPolygon", "coordinates": [[[[85.220947, 28.081674], [85.231934, 28.081674], [85.231934, 28.091366], [85.220947, 28.091366], [85.220947, 28.081674]]]]}, "properties": {"projectId": 63102, "layer": "roads", "taskId": 108, "status": "MAPPED"}}, {"type": "Feature", "geometry": {"type": "MultiPolygon", "coordinates": [[[[85.264893, 28.101058], [85.275879, 28.101058], [85.275879, 28.110749], [85.264893, 28.110749], [85.264893, 28.101058]]]]}, "properties": {"projectId": 63102, "layer": "roads", "taskId": 123, "status": "VALIDATED"}}, {"type": "Feature", "geometry": {"type": "MultiPolygon", "coordinates": [[[[85.275649, 28.096131], [85.274908, 28.095565], [85.274148, 28.095085], [85.272868, 28.094287], [85.272163, 28.093308], [85.271364, 28.092414], [85.27064, 28.091731], [85.270205, 28.091366], [85.264893, 28.091366], [85.264893, 28.101058], [85.275879, 28.101058], [85.275879, 28.096277], [85.275649, 28.096131]]]]}, "properties": {"projectId": 63102, "layer": "roads", "taskId": 122, "status": "VALIDATED"}}, {"type": "Feature", "geometry": {"type": "MultiPolygon", "coordinates": [[[[85.243255, 28.10143], [85.244537, 28.101416], [85.245579, 28.101341], [85.247415, 28.101127], [85.248186, 28.101264], [85.249288, 28.101718], [85.250705, 28.102399], [85.251426, 28.102705], [85.252366, 28.103063], [85.252975, 28.103275], [85.25361, 28.103455], [85.253906, 28.10352], [85.253906, 28.101058], [85.24292, 28.101058], [85.24292, 28.101417], [85.243255, 28.10143]]]]}, "properties": {"projectId": 63102, "layer": "roads", "taskId": 116, "status": "VALIDATED"}}, {"type": "Feature", "geometry": {"type": "MultiPolygon", "coordinates": [[[[85.24292, 28.091366], [85.253906, 28.091366], [85.253906, 28.101058], [85.24292, 28.101058], [85.24292, 28.091366]]]]}, "properties": {"projectId": 63102, "layer": "roads", "taskId": 115, "status": "VALIDATED"}}, {"type": "Feature", "geometry": {"type": "MultiPolygon", "coordinates": [[[[85.275879, 28.110749], [85.286865, 28.110749], [85.286865, 28.120439], [85.275879, 28.120439], [85.275879, 28.110749]]]]}, "properties": {"projectId": 63102, "layer": "roads", "taskId": 128, "status": "VALIDATED"}}, {"type": "Feature", "geometry": {"type": "MultiPolygon", "coordinates": [[[[85.27604, 28.12239], [85.276769, 28.122986], [85.278291, 28.124067], [85.278863, 28.12444], [85.279954, 28.125096], [85.280672, 28.125489], [85.28113, 28.125931], [85.281578, 28.126368], [85.282259, 28.12693], [85.283423, 28.127855], [85.284074, 28.128517], [85.284718, 28.129053], [85.285442, 28.129588], [85.286127, 28.130128], [85.286865, 28.130128], [85.286865, 28.120439], [85.275879, 28.120439], [85.275879, 28.122233], [85.27604, 28.12239]]]]}, "properties": {"projectId": 63102, "layer": "roads", "taskId": 129, "status": "VALIDATED"}}, {"type": "Feature", "geometry": {"type": "MultiPolygon", "coordinates": [[[[85.337976, 28.14946], [85.337143, 28.149006], [85.336265, 28.148278], [85.335731, 28.147768], [85.335216, 28.14711], [85.334689, 28.146536], [85.333722, 28.145596], [85.333129, 28.14508], [85.33262, 28.144699], [85.332083, 28.144349], [85.33128, 28.14391], [85.330811, 28.14369], [85.330811, 28.149503], [85.33804, 28.149503], [85.337976, 28.14946]]]]}, "properties": {"projectId": 63102, "layer": "roads", "taskId": 150, "status": "MAPPED"}}, {"type": "Feature", "geometry": {"type": "MultiPolygon", "coordinates": [[[[85.308838, 28.139816], [85.319824, 28.139816], [85.319824, 28.149503], [85.308838, 28.149503], [85.308838, 28.139816]]]]}, "properties": {"projectId": 63102, "layer": "roads", "taskId": 143, "status": "MAPPED"}}, {"type": "Feature", "geometry": {"type": "MultiPolygon", "coordinates": [[[[85.340432, 28.198057], [85.340519, 28.198245], [85.341457, 28.200202], [85.341637, 28.200556], [85.341797, 28.20083], [85.341797, 28.197927], [85.340377, 28.197927], [85.340432, 28.198057]]]]}, "properties": {"projectId": 63102, "layer": "roads", "taskId": 156, "status": "MAPPED"}}, {"type": "Feature", "geometry": {"type": "MultiPolygon", "coordinates": [[[[85.335459, 28.18871], [85.335804, 28.189216], [85.335992, 28.189465], [85.336027, 28.189508], [85.33613, 28.189915], [85.336315, 28.190483], [85.336541, 28.191038], [85.336808, 28.19158], [85.337114, 28.192104], [85.337458, 28.19261], [85.337801, 28.193049], [85.338461, 28.193844], [85.338928, 28.194413], [85.339166, 28.194885], [85.340283, 28.197706], [85.340377, 28.197927], [85.341797, 28.197927], [85.341797, 28.188244], [85.335187, 28.188244], [85.335459, 28.18871]]]]}, "properties": {"projectId": 63102, "layer": "roads", "taskId": 155, "status": "MAPPED"}}, {"type": "Feature", "geometry": {"type": "MultiPolygon", "coordinates": [[[[85.331148, 28.168996], [85.332264, 28.16988], [85.332478, 28.170035], [85.332513, 28.170246], [85.332474, 28.1714], [85.33247, 28.171544], [85.332483, 28.172134], [85.332539, 28.172723], [85.332545, 28.172764], [85.332697, 28.173868], [85.332641, 28.174173], [85.332566, 28.17476], [85.332536, 28.17535], [85.332535, 28.175573], [85.332556, 28.17727], [85.332561, 28.17747], [85.3326, 28.17851], [85.332598, 28.17856], [85.341797, 28.17856], [85.341797, 28.168875], [85.331006, 28.168875], [85.331148, 28.168996]]]]}, "properties": {"projectId": 63102, "layer": "roads", "taskId": 153, "status": "MAPPED"}}, {"type": "Feature", "geometry": {"type": "MultiPolygon", "coordinates": [[[[85.352699, 28.163772], [85.352514, 28.163204], [85.352299, 28.162674], [85.351912, 28.161806], [85.351901, 28.16178], [85.351634, 28.161239], [85.351328, 28.160715], [85.350984, 28.160209], [85.350603, 28.159724], [85.35047, 28.159569], [85.350179, 28.159239], [85.350134, 28.15919], [85.341797, 28.15919], [85.341797, 28.168875], [85.352783, 28.168875], [85.352783, 28.164113], [85.352699, 28.163772]]]]}, "properties": {"projectId": 63102, "layer": "roads", "taskId": 158, "status": "MAPPED"}}, {"type": "Feature", "geometry": {"type": "MultiPolygon", "coordinates": [[[[85.331006, 28.168875], [85.341797, 28.168875], [85.341797, 28.15919], [85.330811, 28.15919], [85.330811, 28.168709], [85.331006, 28.168875]]]]}, "properties": {"projectId": 63102, "layer": "roads", "taskId": 152, "status": "MAPPED"}}, {"type": "Feature", "geometry": {"type": "MultiPolygon", "coordinates": [[[[85.320422, 28.159784], [85.321432, 28.16065], [85.322451, 28.161666], [85.323102, 28.16224], [85.323736, 28.162705], [85.325647, 28.163959], [85.326529, 28.164495], [85.327176, 28.165037], [85.327685, 28.165418], [85.328221, 28.165769], [85.328926, 28.166439], [85.329612, 28.167445], [85.330218, 28.168149], [85.330666, 28.168586], [85.330811, 28.168709], [85.330811, 28.15919], [85.319824, 28.15919], [85.319824, 28.159191], [85.320422, 28.159784]]]]}, "properties": {"projectId": 63102, "layer": "roads", "taskId": 149, "status": "MAPPED"}}, {"type": "Feature", "geometry": {"type": "MultiPolygon", "coordinates": [[[[85.329988, 28.143303], [85.327977, 28.142399], [85.327225, 28.141858], [85.325897, 28.140965], [85.325261, 28.140549], [85.324288, 28.139999], [85.324019, 28.139816], [85.319824, 28.139816], [85.319824, 28.149503], [85.330811, 28.149503], [85.330811, 28.14369], [85.329988, 28.143303]]]]}, "properties": {"projectId": 63102, "layer": "roads", "taskId": 147, "status": "MAPPED"}}, {"type": "Feature", "geometry": {"type": "MultiPolygon", "coordinates": [[[[85.309359, 28.153216], [85.31, 28.153482], [85.311168, 28.153939], [85.311841, 28.154426], [85.312525, 28.154864], [85.313275, 28.155288], [85.314288, 28.155821], [85.315512, 28.156744], [85.316288, 28.157274], [85.317033, 28.157685], [85.318867, 28.158565], [85.319674, 28.159042], [85.319823, 28.15919], [85.319824, 28.15919], [85.319824, 28.149503], [85.308838, 28.149503], [85.308838, 28.152962], [85.309359, 28.153216]]]]}, "properties": {"projectId": 63102, "layer": "roads", "taskId": 144, "status": "MAPPED"}}, {"type": "Feature", "geometry": {"type": "MultiPolygon", "coordinates": [[[[85.32361, 28.139537], [85.322874, 28.139004], [85.322114, 28.138517], [85.321736, 28.13802], [85.321248, 28.137222], [85.320487, 28.136254], [85.319831, 28.135587], [85.319824, 28.135581], [85.319824, 28.139816], [85.324019, 28.139816], [85.32361, 28.139537]]]]}, "properties": {"projectId": 63102, "layer": "roads", "taskId": 146, "status": "MAPPED"}}, {"type": "Feature", "geometry": {"type": "MultiPolygon", "coordinates": [[[[85.297894, 28.14458], [85.298992, 28.145654], [85.300267, 28.146795], [85.301106, 28.147437], [85.302485, 28.148351], [85.303473, 28.149028], [85.304272, 28.149503], [85.308838, 28.149503], [85.308838, 28.139816], [85.297852, 28.139816], [85.297852, 28.144534], [85.297894, 28.14458]]]]}, "properties": {"projectId": 63102, "layer": "roads", "taskId": 139, "status": "MAPPED"}}, {"type": "Feature", "geometry": {"type": "MultiPolygon", "coordinates": [[[[85.304294, 28.149516], [85.305133, 28.150018], [85.305717, 28.150659], [85.306166, 28.151095], [85.306853, 28.151662], [85.307631, 28.152228], [85.308215, 28.152612], [85.308775, 28.152931], [85.308838, 28.152962], [85.308838, 28.149503], [85.304272, 28.149503], [85.304294, 28.149516]]]]}, "properties": {"projectId": 63102, "layer": "roads", "taskId": 140, "status": "MAPPED"}}, {"type": "Feature", "geometry": {"type": "MultiPolygon", "coordinates": [[[[85.287453, 28.13135], [85.288484, 28.13212], [85.289142, 28.132559], [85.289312, 28.132652], [85.28995, 28.133001], [85.29082, 28.133555], [85.291066, 28.134465], [85.291518, 28.135575], [85.291957, 28.13637], [85.292389, 28.136994], [85.292961, 28.137724], [85.293478, 28.138311], [85.293926, 28.138747], [85.294593, 28.139351], [85.294849, 28.139816], [85.297852, 28.139816], [85.297852, 28.130128], [85.286865, 28.130128], [85.286865, 28.130858], [85.287453, 28.13135]]]]}, "properties": {"projectId": 63102, "layer": "roads", "taskId": 134, "status": "MAPPED"}}, {"type": "Feature", "geometry": {"type": "MultiPolygon", "coordinates": [[[[85.319351, 28.135177], [85.318675, 28.134684], [85.317848, 28.134149], [85.317186, 28.133767], [85.316603, 28.133482], [85.316, 28.133231], [85.31538, 28.133015], [85.314745, 28.132836], [85.313875, 28.132654], [85.313274, 28.131774], [85.312881, 28.130963], [85.3124, 28.130128], [85.308838, 28.130128], [85.308838, 28.139816], [85.319824, 28.139816], [85.319824, 28.135581], [85.319351, 28.135177]]]]}, "properties": {"projectId": 63102, "layer": "roads", "taskId": 142, "status": "MAPPED"}}, {"type": "Feature", "geometry": {"type": "MultiPolygon", "coordinates": [[[[85.295059, 28.140199], [85.295798, 28.141685], [85.296287, 28.142511], [85.296956, 28.143471], [85.297385, 28.144023], [85.297852, 28.144534], [85.297852, 28.139816], [85.294849, 28.139816], [85.295059, 28.140199]]]]}, "properties": {"projectId": 63102, "layer": "roads", "taskId": 135, "status": "MAPPED"}}, {"type": "Feature", "geometry": {"type": "MultiPolygon", "coordinates": [[[[85.297852, 28.130128], [85.308838, 28.130128], [85.308838, 28.139816], [85.297852, 28.139816], [85.297852, 28.130128]]]]}, "properties": {"projectId": 63102, "layer": "roads", "taskId": 138, "status": "MAPPED"}}, {"type": "Feature", "geometry": {"type": "MultiPolygon", "coordinates": [[[[85.305113, 28.120431], [85.30511, 28.120429], [85.303606, 28.119156], [85.302995, 28.118692], [85.302459, 28.118341], [85.301899, 28.118022], [85.301303, 28.117715], [85.300779, 28.117201], [85.300303, 28.116794], [85.299597, 28.116228], [85.299086, 28.115846], [85.298371, 28.11536], [85.297852, 28.11486], [85.297852, 28.120439], [85.305121, 28.120439], [85.305113, 28.120431]]]]}, "properties": {"projectId": 63102, "layer": "roads", "taskId": 136, "status": "MAPPED"}}, {"type": "Feature", "geometry": {"type": "MultiPolygon", "coordinates": [[[[85.319824, 28.159191], [85.319824, 28.15919], [85.319823, 28.15919], [85.319824, 28.159191]]]]}, "properties": {"projectId": 63102, "layer": "roads", "taskId": 145, "status": "MAPPED"}}, {"type": "Feature", "geometry": {"type": "MultiPolygon", "coordinates": [[[[85.341379, 28.151504], [85.339912, 28.150806], [85.338679, 28.149932], [85.33804, 28.149503], [85.330811, 28.149503], [85.330811, 28.15919], [85.341797, 28.15919], [85.341797, 28.151742], [85.341379, 28.151504]]]]}, "properties": {"projectId": 63102, "layer": "roads", "taskId": 151, "status": "MAPPED"}}, {"type": "Feature", "geometry": {"type": "MultiPolygon", "coordinates": [[[[85.352783, 28.236649], [85.36377, 28.236649], [85.36377, 28.246328], [85.352783, 28.246328], [85.352783, 28.236649]]]]}, "properties": {"projectId": 63102, "layer": "roads", "taskId": 176, "status": "MAPPED"}}, {"type": "Feature", "geometry": {"type": "MultiPolygon", "coordinates": [[[[85.352783, 28.22697], [85.36377, 28.22697], [85.36377, 28.236649], [85.352783, 28.236649], [85.352783, 28.22697]]]]}, "properties": {"projectId": 63102, "layer": "roads", "taskId": 175, "status": "MAPPED"}}, {"type": "Feature", "geometry": {"type": "MultiPolygon", "coordinates": [[[[85.352783, 28.21729], [85.36377, 28.21729], [85.36377, 28.22697], [85.352783, 28.22697], [85.352783, 28.21729]]]]}, "properties": {"projectId": 63102, "layer": "roads", "taskId": 174, "status": "MAPPED"}}, {"type": "Feature", "geometry": {"type": "MultiPolygon", "coordinates": [[[[85.34916, 28.246736], [85.349466, 28.247261], [85.349811, 28.247766], [85.34988, 28.24786], [85.35029, 28.248404], [85.350601, 28.248795], [85.351017, 28.249257], [85.351452, 28.249681], [85.352016, 28.250196], [85.35203, 28.250208], [85.352511, 28.250618], [85.352783, 28.250821], [85.352783, 28.246328], [85.348959, 28.246328], [85.34916, 28.246736]]]]}, "properties": {"projectId": 63102, "layer": "roads", "taskId": 167, "status": "MAPPED"}}, {"type": "Feature", "geometry": {"type": "MultiPolygon", "coordinates": [[[[85.360439, 28.265843], [85.361, 28.266161], [85.361584, 28.266447], [85.362188, 28.266698], [85.362809, 28.266913], [85.362921, 28.266946], [85.362925, 28.266957], [85.363125, 28.267449], [85.363151, 28.267513], [85.363418, 28.268054], [85.363438, 28.268091], [85.363689, 28.268551], [85.36377, 28.268689], [85.36377, 28.265682], [85.360193, 28.265682], [85.360439, 28.265843]]]]}, "properties": {"projectId": 63102, "layer": "roads", "taskId": 179, "status": "MAPPED"}}, {"type": "Feature", "geometry": {"type": "MultiPolygon", "coordinates": [[[[85.341797, 28.17856], [85.352783, 28.17856], [85.352783, 28.188244], [85.341797, 28.188244], [85.341797, 28.17856]]]]}, "properties": {"projectId": 63102, "layer": "roads", "taskId": 160, "status": "MAPPED"}}, {"type": "Feature", "geometry": {"type": "MultiPolygon", "coordinates": [[[[85.350936, 28.227532], [85.350948, 28.227882], [85.350916, 28.227955], [85.350714, 28.228518], [85.350554, 28.229091], [85.350436, 28.229673], [85.350362, 28.230259], [85.350347, 28.230442], [85.35034, 28.230557], [85.350097, 28.231009], [85.349871, 28.231464], [85.349832, 28.231541], [85.349808, 28.231593], [85.349551, 28.23213], [85.349333, 28.232628], [85.349239, 28.232884], [85.34909, 28.233127], [85.348806, 28.233662], [85.348563, 28.234211], [85.348417, 28.234605], [85.348327, 28.234867], [85.348271, 28.235035], [85.348111, 28.235608], [85.347993, 28.23619], [85.347935, 28.236649], [85.352783, 28.236649], [85.352783, 28.22697], [85.350929, 28.22697], [85.350936, 28.227532]]]]}, "properties": {"projectId": 63102, "layer": "roads", "taskId": 165, "status": "MAPPED"}}, {"type": "Feature", "geometry": {"type": "MultiPolygon", "coordinates": [[[[85.344913, 28.217724], [85.345072, 28.218316], [85.345108, 28.218446], [85.345292, 28.219013], [85.345519, 28.219569], [85.345785, 28.22011], [85.346092, 28.220634], [85.346436, 28.22114], [85.346804, 28.221609], [85.347441, 28.222369], [85.347454, 28.222385], [85.347729, 28.222697], [85.348255, 28.223268], [85.348367, 28.223474], [85.348669, 28.223992], [85.349014, 28.224498], [85.349395, 28.224983], [85.349481, 28.225084], [85.350338, 28.226072], [85.350667, 28.226432], [85.350925, 28.226683], [85.350929, 28.22697], [85.352783, 28.22697], [85.352783, 28.21729], [85.344809, 28.21729], [85.344913, 28.217724]]]]}, "properties": {"projectId": 63102, "layer": "roads", "taskId": 164, "status": "MAPPED"}}, {"type": "Feature", "geometry": {"type": "MultiPolygon", "coordinates": [[[[85.341943, 28.20108], [85.342287, 28.201586], [85.342668, 28.202071], [85.342774, 28.202189], [85.342825, 28.202485], [85.342894, 28.202789], [85.343213, 28.204068], [85.343297, 28.204727], [85.343302, 28.20477], [85.343402, 28.205354], [85.343544, 28.205931], [85.343729, 28.206498], [85.343955, 28.207054], [85.344212, 28.207574], [85.344205, 28.207609], [85.352783, 28.207609], [85.352783, 28.197927], [85.341797, 28.197927], [85.341797, 28.20083], [85.341943, 28.20108]]]]}, "properties": {"projectId": 63102, "layer": "roads", "taskId": 162, "status": "MAPPED"}}, {"type": "Feature", "geometry": {"type": "MultiPolygon", "coordinates": [[[[85.344175, 28.207757], [85.344123, 28.208041], [85.344049, 28.208627], [85.344018, 28.209217], [85.344031, 28.209808], [85.344038, 28.209915], [85.344083, 28.210538], [85.344108, 28.211085], [85.344113, 28.211187], [85.344169, 28.211775], [85.344269, 28.212359], [85.34432, 28.212588], [85.34448, 28.213257], [85.344571, 28.213605], [85.344576, 28.213621], [85.344567, 28.213698], [85.344537, 28.214211], [85.344523, 28.214786], [85.344521, 28.214863], [85.344534, 28.215454], [85.34459, 28.216042], [85.344646, 28.216399], [85.344762, 28.217049], [85.344806, 28.217276], [85.344809, 28.21729], [85.352783, 28.21729], [85.352783, 28.207609], [85.344205, 28.207609], [85.344175, 28.207757]]]]}, "properties": {"projectId": 63102, "layer": "roads", "taskId": 163, "status": "MAPPED"}}, {"type": "Feature", "geometry": {"type": "MultiPolygon", "coordinates": [[[[85.358099, 28.188203], [85.357933, 28.187856], [85.357088, 28.186183], [85.356987, 28.185989], [85.356681, 28.185464], [85.356336, 28.184959], [85.356031, 28.184565], [85.355614, 28.184056], [85.355512, 28.183646], [85.355328, 28.183079], [85.355101, 28.182524], [85.354835, 28.181982], [85.354528, 28.181458], [85.354184, 28.180952], [85.353803, 28.180468], [85.353697, 28.180343], [85.353264, 28.179847], [85.352954, 28.179219], [85.352969, 28.17878], [85.352973, 28.178623], [85.352972, 28.17856], [85.352783, 28.17856], [85.352783, 28.188244], [85.358116, 28.188244], [85.358099, 28.188203]]]]}, "properties": {"projectId": 63102, "layer": "roads", "taskId": 170, "status": "MAPPED"}}, {"type": "Feature", "geometry": {"type": "MultiPolygon", "coordinates": [[[[85.355009, 28.256158], [85.355072, 28.256561], [85.355117, 28.256822], [85.355313, 28.257851], [85.355329, 28.258007], [85.355412, 28.258507], [85.355531, 28.259108], [85.355548, 28.259192], [85.35569, 28.259769], [85.355875, 28.260336], [85.356102, 28.260892], [85.356191, 28.261083], [85.356413, 28.261547], [85.356591, 28.261896], [85.356898, 28.262421], [85.357242, 28.262926], [85.357314, 28.263018], [85.357623, 28.263411], [85.358039, 28.263873], [85.358414, 28.26424], [85.358837, 28.264633], [85.358912, 28.264702], [85.359392, 28.265112], [85.359902, 28.265492], [85.360193, 28.265682], [85.36377, 28.265682], [85.36377, 28.256006], [85.354985, 28.256006], [85.355009, 28.256158]]]]}, "properties": {"projectId": 63102, "layer": "roads", "taskId": 178, "status": "MAPPED"}}, {"type": "Feature", "geometry": {"type": "MultiPolygon", "coordinates": [[[[85.362593, 28.197518], [85.362408, 28.196951], [85.362277, 28.196615], [85.36192, 28.195757], [85.361825, 28.195536], [85.361781, 28.19544], [85.361489, 28.194812], [85.361266, 28.194368], [85.36117, 28.194193], [85.360767, 28.193484], [85.360557, 28.193134], [85.360213, 28.192628], [85.359832, 28.192143], [85.359607, 28.191894], [85.359397, 28.191457], [85.358247, 28.188554], [85.358116, 28.188244], [85.352783, 28.188244], [85.352783, 28.197927], [85.362694, 28.197927], [85.362593, 28.197518]]]]}, "properties": {"projectId": 63102, "layer": "roads", "taskId": 171, "status": "MAPPED"}}, {"type": "Feature", "geometry": {"type": "MultiPolygon", "coordinates": [[[[85.341797, 28.188244], [85.352783, 28.188244], [85.352783, 28.197927], [85.341797, 28.197927], [85.341797, 28.188244]]]]}, "properties": {"projectId": 63102, "layer": "roads", "taskId": 161, "status": "MAPPED"}}, {"type": "Feature", "geometry": {"type": "MultiPolygon", "coordinates": [[[[85.341797, 28.168875], [85.352783, 28.168875], [85.352783, 28.17856], [85.341797, 28.17856], [85.341797, 28.168875]]]]}, "properties": {"projectId": 63102, "layer": "roads", "taskId": 159, "status": "MAPPED"}}, {"type": "Feature", "geometry": {"type": "MultiPolygon", "coordinates": [[[[85.352968, 28.1782], [85.352922, 28.17697], [85.352915, 28.176406], [85.352936, 28.176318], [85.352951, 28.176257], [85.353069, 28.175676], [85.353143, 28.175089], [85.353174, 28.174499], [85.353161, 28.173909], [85.353127, 28.173499], [85.352985, 28.172216], [85.352963, 28.172037], [85.352958, 28.171996], [85.352855, 28.17125], [85.352897, 28.169983], [85.3529, 28.169839], [85.352888, 28.169249], [85.352852, 28.168875], [85.352783, 28.168875], [85.352783, 28.17856], [85.352972, 28.17856], [85.352968, 28.1782]]]]}, "properties": {"projectId": 63102, "layer": "roads", "taskId": 169, "status": "MAPPED"}}, {"type": "Feature", "geometry": {"type": "MultiPolygon", "coordinates": [[[[85.352831, 28.16866], [85.352802, 28.168456], [85.3528, 28.168449], [85.352802, 28.168442], [85.352912, 28.16789], [85.352987, 28.167304], [85.353018, 28.166714], [85.353018, 28.166491], [85.35301, 28.165888], [85.352997, 28.165521], [85.352941, 28.164932], [85.352841, 28.164348], [85.352783, 28.164113], [85.352783, 28.168875], [85.352852, 28.168875], [85.352831, 28.16866]]]]}, "properties": {"projectId": 63102, "layer": "roads", "taskId": 168, "status": "MAPPED"}}, {"type": "Feature", "geometry": {"type": "MultiPolygon", "coordinates": [[[[85.371384, 28.226937], [85.371502, 28.226356], [85.371576, 28.225769], [85.371607, 28.225179], [85.371607, 28.224956], [85.371596, 28.224093], [85.371583, 28.223726], [85.371526, 28.223137], [85.371427, 28.222554], [85.371284, 28.221977], [85.371154, 28.221564], [85.370849, 28.220676], [85.370794, 28.220522], [85.370567, 28.219966], [85.3703, 28.219425], [85.370076, 28.219032], [85.369538, 28.218147], [85.369456, 28.218016], [85.369112, 28.21751], [85.368954, 28.217301], [85.368945, 28.21729], [85.36377, 28.21729], [85.36377, 28.22697], [85.371376, 28.22697], [85.371384, 28.226937]]]]}, "properties": {"projectId": 63102, "layer": "roads", "taskId": 182, "status": "MAPPED"}}, {"type": "Feature", "geometry": {"type": "MultiPolygon", "coordinates": [[[[85.374756, 28.265682], [85.385742, 28.265682], [85.385742, 28.275358], [85.374756, 28.275358], [85.374756, 28.265682]]]]}, "properties": {"projectId": 63102, "layer": "roads", "taskId": 192, "status": "MAPPED"}}, {"type": "Feature", "geometry": {"type": "MultiPolygon", "coordinates": [[[[85.36377, 28.256006], [85.374756, 28.256006], [85.374756, 28.265682], [85.36377, 28.265682], [85.36377, 28.256006]]]]}, "properties": {"projectId": 63102, "layer": "roads", "taskId": 186, "status": "MAPPED"}}, {"type": "Feature", "geometry": {"type": "MultiPolygon", "coordinates": [[[[85.385729, 28.264705], [85.385722, 28.264696], [85.385718, 28.264686], [85.385604, 28.26442], [85.385463, 28.264124], [85.385004, 28.263201], [85.384878, 28.262957], [85.384571, 28.262432], [85.384227, 28.261927], [85.383845, 28.261442], [85.383429, 28.260981], [85.383253, 28.260803], [85.382745, 28.260302], [85.382471, 28.260044], [85.382381, 28.259964], [85.382298, 28.259708], [85.382071, 28.259153], [85.381804, 28.258612], [85.381497, 28.258087], [85.381153, 28.257582], [85.380772, 28.257097], [85.380355, 28.256636], [85.37992, 28.256212], [85.379861, 28.256158], [85.379695, 28.256006], [85.374756, 28.256006], [85.374756, 28.265682], [85.385742, 28.265682], [85.385742, 28.264724], [85.385729, 28.264705]]]]}, "properties": {"projectId": 63102, "layer": "roads", "taskId": 191, "status": "MAPPED"}}, {"type": "Feature", "geometry": {"type": "MultiPolygon", "coordinates": [[[[85.364974, 28.207306], [85.365005, 28.206716], [85.365005, 28.206493], [85.364994, 28.20565], [85.364981, 28.205283], [85.364925, 28.204694], [85.364825, 28.20411], [85.364682, 28.203533], [85.364498, 28.202966], [85.364271, 28.202411], [85.364004, 28.20187], [85.36377, 28.201469], [85.36377, 28.207609], [85.364936, 28.207609], [85.364974, 28.207306]]]]}, "properties": {"projectId": 63102, "layer": "roads", "taskId": 180, "status": "MAPPED"}}, {"type": "Feature", "geometry": {"type": "MultiPolygon", "coordinates": [[[[85.369892, 28.235958], [85.369958, 28.235797], [85.37016, 28.235234], [85.370321, 28.234661], [85.37038, 28.234391], [85.370541, 28.233609], [85.370598, 28.233297], [85.370659, 28.232817], [85.370672, 28.232777], [85.370749, 28.232524], [85.370971, 28.23174], [85.371055, 28.231421], [85.371172, 28.23084], [85.371186, 28.230751], [85.371343, 28.229721], [85.371403, 28.229224], [85.371434, 28.228634], [85.371421, 28.228043], [85.371385, 28.227614], [85.371332, 28.22715], [85.371375, 28.226975], [85.371376, 28.22697], [85.36377, 28.22697], [85.36377, 28.236649], [85.369598, 28.236649], [85.369892, 28.235958]]]]}, "properties": {"projectId": 63102, "layer": "roads", "taskId": 183, "status": "MAPPED"}}, {"type": "Feature", "geometry": {"type": "MultiPolygon", "coordinates": [[[[85.374343, 28.24619], [85.374076, 28.245648], [85.37377, 28.245124], [85.373575, 28.244829], [85.372881, 28.243822], [85.372813, 28.243726], [85.372664, 28.243429], [85.372552, 28.243212], [85.372547, 28.243204], [85.37204, 28.242263], [85.371738, 28.241748], [85.371394, 28.241242], [85.371012, 28.240757], [85.370596, 28.240296], [85.370147, 28.23986], [85.369667, 28.23945], [85.369157, 28.239069], [85.369007, 28.238967], [85.368562, 28.238667], [85.368572, 28.23864], [85.368575, 28.238629], [85.368602, 28.238575], [85.368761, 28.238307], [85.368814, 28.238216], [85.369023, 28.237831], [85.369325, 28.237239], [85.369399, 28.237089], [85.369576, 28.236701], [85.369598, 28.236649], [85.36377, 28.236649], [85.36377, 28.246328], [85.374399, 28.246328], [85.374343, 28.24619]]]]}, "properties": {"projectId": 63102, "layer": "roads", "taskId": 184, "status": "MAPPED"}}, {"type": "Feature", "geometry": {"type": "MultiPolygon", "coordinates": [[[[85.37958, 28.255901], [85.379566, 28.255889], [85.379086, 28.25548], [85.378576, 28.255099], [85.378451, 28.255013], [85.378423, 28.254994], [85.378402, 28.25497], [85.377952, 28.254534], [85.377676, 28.254292], [85.377558, 28.254192], [85.377535, 28.254163], [85.37729, 28.253859], [85.376874, 28.253398], [85.376424, 28.252961], [85.375944, 28.252552], [85.375434, 28.252171], [85.374966, 28.251866], [85.374962, 28.251842], [85.375003, 28.251637], [85.375077, 28.25105], [85.375108, 28.25046], [85.375098, 28.24993], [85.375057, 28.249122], [85.375054, 28.249061], [85.374997, 28.248473], [85.374897, 28.247889], [85.374756, 28.247316], [85.374756, 28.256006], [85.379695, 28.256006], [85.37958, 28.255901]]]]}, "properties": {"projectId": 63102, "layer": "roads", "taskId": 190, "status": "MAPPED"}}, {"type": "Feature", "geometry": {"type": "MultiPolygon", "coordinates": [[[[85.384313, 28.284868], [85.384776, 28.284443], [85.385206, 28.283991], [85.385601, 28.283516], [85.385742, 28.283321], [85.385742, 28.275358], [85.374756, 28.275358], [85.374756, 28.285033], [85.384109, 28.285033], [85.384313, 28.284868]]]]}, "properties": {"projectId": 63102, "layer": "roads", "taskId": 193, "status": "MAPPED"}}, {"type": "Feature", "geometry": {"type": "MultiPolygon", "coordinates": [[[[85.366787, 28.275384], [85.36667, 28.275965], [85.366595, 28.276552], [85.366565, 28.277142], [85.366577, 28.277732], [85.366626, 28.278256], [85.366664, 28.278563], [85.366672, 28.278627], [85.366772, 28.279211], [85.366915, 28.279788], [85.3671, 28.280355], [85.367326, 28.28091], [85.367593, 28.281451], [85.367663, 28.281574], [85.367732, 28.281743], [85.367921, 28.282125], [85.367999, 28.282284], [85.368306, 28.282809], [85.368651, 28.283314], [85.369032, 28.283799], [85.369448, 28.28426], [85.369897, 28.284697], [85.370292, 28.285033], [85.374756, 28.285033], [85.374756, 28.275358], [85.366794, 28.275358], [85.366787, 28.275384]]]]}, "properties": {"projectId": 63102, "layer": "roads", "taskId": 188, "status": "MAPPED"}}, {"type": "Feature", "geometry": {"type": "MultiPolygon", "coordinates": [[[[85.363975, 28.269038], [85.36432, 28.269544], [85.364701, 28.270028], [85.365117, 28.27049], [85.365566, 28.270926], [85.365569, 28.270929], [85.366291, 28.271585], [85.366769, 28.271992], [85.367015, 28.272176], [85.367053, 28.272254], [85.36707, 28.272284], [85.367321, 28.272746], [85.367467, 28.272994], [85.367369, 28.273603], [85.367025, 28.274581], [85.366948, 28.27481], [85.366794, 28.275358], [85.374756, 28.275358], [85.374756, 28.265682], [85.36377, 28.265682], [85.36377, 28.268689], [85.363975, 28.269038]]]]}, "properties": {"projectId": 63102, "layer": "roads", "taskId": 187, "status": "MAPPED"}}, {"type": "Feature", "geometry": {"type": "MultiPolygon", "coordinates": [[[[85.385961, 28.283019], [85.386284, 28.282502], [85.386567, 28.281967], [85.38681, 28.281417], [85.387012, 28.280854], [85.387172, 28.280281], [85.387266, 28.279835], [85.387278, 28.27977], [85.387302, 28.279634], [85.387376, 28.279047], [85.387407, 28.278458], [85.387394, 28.277867], [85.387346, 28.277348], [85.387345, 28.277341], [85.387347, 28.277333], [85.387432, 28.27689], [85.387437, 28.276863], [85.387679, 28.275358], [85.385742, 28.275358], [85.385742, 28.283321], [85.385961, 28.283019]]]]}, "properties": {"projectId": 63102, "layer": "roads", "taskId": 197, "status": "VALIDATED"}}, {"type": "Feature", "geometry": {"type": "MultiPolygon", "coordinates": [[[[85.387724, 28.275076], [85.387794, 28.274516], [85.387816, 28.27419], [85.38788, 28.272856], [85.387889, 28.272592], [85.387888, 28.272319], [85.387865, 28.271096], [85.387852, 28.27078], [85.387796, 28.270191], [85.387696, 28.269607], [85.387553, 28.26903], [85.387532, 28.268957], [85.387123, 28.267581], [85.38696, 28.267087], [85.386862, 28.266834], [85.386738, 28.266526], [85.386609, 28.266224], [85.386342, 28.265682], [85.385742, 28.265682], [85.385742, 28.275358], [85.387679, 28.275358], [85.387724, 28.275076]]]]}, "properties": {"projectId": 63102, "layer": "roads", "taskId": 196, "status": "VALIDATED"}}, {"type": "Feature", "geometry": {"type": "MultiPolygon", "coordinates": [[[[85.386035, 28.265158], [85.385742, 28.264724], [85.385742, 28.265682], [85.386342, 28.265682], [85.386035, 28.265158]]]]}, "properties": {"projectId": 63102, "layer": "roads", "taskId": 195, "status": "VALIDATED"}}, {"type": "Feature", "geometry": {"type": "MultiPolygon", "coordinates": [[[[85.374755, 28.247312], [85.37457, 28.246745], [85.374399, 28.246328], [85.36377, 28.246328], [85.36377, 28.256006], [85.374756, 28.256006], [85.374756, 28.247316], [85.374755, 28.247312]]]]}, "properties": {"projectId": 63102, "layer": "roads", "taskId": 185, "status": "MAPPED"}}, {"type": "Feature", "geometry": {"type": "MultiPolygon", "coordinates": [[[[85.319824, 28.149503], [85.330811, 28.149503], [85.330811, 28.15919], [85.319824, 28.15919], [85.319824, 28.149503]]]]}, "properties": {"projectId": 63102, "layer": "roads", "taskId": 148, "status": "MAPPED"}}, {"type": "Feature", "geometry": {"type": "MultiPolygon", "coordinates": [[[[85.077738, 27.844328], [85.077035, 27.84417], [85.076381, 27.844065], [85.075721, 27.843998], [85.074752, 27.843973], [85.07362, 27.84401], [85.072892, 27.844019], [85.07199, 27.844076], [85.070709, 27.844223], [85.069933, 27.844357], [85.069799, 27.84438], [85.069026, 27.84455], [85.068369, 27.844717], [85.067497, 27.845008], [85.067426, 27.84519], [85.067139, 27.845923], [85.067139, 27.84879], [85.078125, 27.84879], [85.078125, 27.844433], [85.077738, 27.844328]]]]}, "properties": {"projectId": 63102, "layer": "roads", "taskId": 5, "status": "MAPPED"}}, {"type": "Feature", "geometry": {"type": "MultiPolygon", "coordinates": [[[[85.308419, 28.12357], [85.307702, 28.122848], [85.30671, 28.121961], [85.306, 28.121277], [85.305121, 28.120439], [85.297852, 28.120439], [85.297852, 28.130128], [85.308838, 28.130128], [85.308838, 28.124104], [85.308419, 28.12357]]]]}, "properties": {"projectId": 63102, "layer": "roads", "taskId": 137, "status": "MAPPED"}}, {"type": "Feature", "geometry": {"type": "MultiPolygon", "coordinates": [[[[85.312129, 28.129657], [85.311352, 28.128481], [85.310864, 28.127842], [85.310417, 28.127186], [85.310157, 28.126436], [85.30979, 28.125586], [85.309179, 28.124538], [85.308838, 28.124104], [85.308838, 28.130128], [85.3124, 28.130128], [85.312129, 28.129657]]]]}, "properties": {"projectId": 63102, "layer": "roads", "taskId": 141, "status": "MAPPED"}}, {"type": "Feature", "geometry": {"type": "MultiPolygon", "coordinates": [[[[85.370378, 28.285106], [85.370888, 28.285487], [85.371425, 28.285837], [85.371987, 28.286156], [85.372571, 28.286441], [85.373175, 28.286692], [85.373796, 28.286908], [85.374432, 28.287087], [85.374756, 28.287158], [85.374756, 28.285033], [85.370292, 28.285033], [85.370378, 28.285106]]]]}, "properties": {"projectId": 63102, "layer": "roads", "taskId": 189, "status": "VALIDATED"}}, {"type": "Feature", "geometry": {"type": "MultiPolygon", "coordinates": [[[[85.375079, 28.287229], [85.375736, 28.287333], [85.376399, 28.287398], [85.377065, 28.287426], [85.377732, 28.287414], [85.378397, 28.287364], [85.379056, 28.287276], [85.379708, 28.287149], [85.380349, 28.286986], [85.380977, 28.286785], [85.381588, 28.286549], [85.38218, 28.286277], [85.382751, 28.285972], [85.383299, 28.285635], [85.38382, 28.285266], [85.384109, 28.285033], [85.374756, 28.285033], [85.374756, 28.287158], [85.375079, 28.287229]]]]}, "properties": {"projectId": 63102, "layer": "roads", "taskId": 194, "status": "VALIDATED"}}, {"type": "Feature", "geometry": {"type": "MultiPolygon", "coordinates": [[[[85.196152, 28.062705], [85.195666, 28.063803], [85.195371, 28.064802], [85.195177, 28.065759], [85.195059, 28.066787], [85.195068, 28.067843], [85.195156, 28.06874], [85.19534, 28.069735], [85.195595, 28.070592], [85.195901, 28.071318], [85.196231, 28.07198], [85.198975, 28.07198], [85.198975, 28.062286], [85.196404, 28.062286], [85.196152, 28.062705]]]]}, "properties": {"projectId": 63102, "layer": "roads", "taskId": 89, "status": "MAPPED"}}, {"type": "Feature", "geometry": {"type": "MultiPolygon", "coordinates": [[[[85.196272, 28.072062], [85.1968, 28.07294], [85.197559, 28.073909], [85.198405, 28.074781], [85.198749, 28.075815], [85.198975, 28.076372], [85.198975, 28.07198], [85.196231, 28.07198], [85.196272, 28.072062]]]]}, "properties": {"projectId": 63102, "layer": "roads", "taskId": 90, "status": "VALIDATED"}}, {"type": "Feature", "geometry": {"type": "MultiPolygon", "coordinates": [[[[85.253174, 28.083748], [85.251276, 28.083315], [85.250417, 28.083168], [85.249756, 28.083102], [85.248965, 28.083073], [85.247887, 28.083082], [85.24703, 28.083054], [85.246244, 28.083062], [85.2455, 28.083121], [85.244772, 28.083132], [85.244026, 28.082867], [85.243392, 28.082687], [85.24292, 28.082583], [85.24292, 28.091366], [85.253906, 28.091366], [85.253906, 28.083946], [85.253174, 28.083748]]]]}, "properties": {"projectId": 63102, "layer": "roads", "taskId": 114, "status": "MAPPED"}}, {"type": "Feature", "geometry": {"type": "MultiPolygon", "coordinates": [[[[85.14388, 27.88225], [85.143402, 27.88184], [85.142781, 27.881381], [85.141553, 27.880564], [85.139526, 27.879224], [85.139159, 27.878988], [85.137765, 27.878091], [85.137481, 27.877928], [85.133057, 27.877928], [85.133057, 27.887639], [85.144043, 27.887639], [85.144043, 27.882416], [85.14388, 27.88225]]]]}, "properties": {"projectId": 63102, "layer": "roads", "taskId": 33, "status": "MAPPED"}}, {"type": "Feature", "geometry": {"type": "MultiPolygon", "coordinates": [[[[85.220921, 28.069754], [85.220402, 28.069401], [85.218531, 28.068217], [85.217679, 28.067743], [85.21722, 28.067157], [85.216991, 28.06641], [85.217235, 28.065747], [85.217719, 28.064298], [85.217947, 28.063428], [85.218156, 28.062286], [85.209961, 28.062286], [85.209961, 28.07198], [85.220947, 28.07198], [85.220947, 28.069773], [85.220921, 28.069754]]]]}, "properties": {"projectId": 63102, "layer": "roads", "taskId": 102, "status": "MAPPED"}}, {"type": "Feature", "geometry": {"type": "MultiPolygon", "coordinates": [[[[85.332557, 28.179727], [85.332555, 28.179829], [85.332531, 28.180861], [85.33253, 28.180915], [85.332543, 28.181506], [85.332599, 28.182094], [85.332699, 28.182678], [85.332841, 28.183255], [85.333026, 28.183822], [85.333252, 28.184378], [85.333435, 28.184759], [85.334069, 28.186001], [85.335017, 28.187922], [85.335153, 28.188186], [85.335187, 28.188244], [85.341797, 28.188244], [85.341797, 28.17856], [85.332598, 28.17856], [85.332557, 28.179727]]]]}, "properties": {"projectId": 63102, "layer": "roads", "taskId": 154, "status": "MAPPED"}}, {"type": "Feature", "geometry": {"type": "MultiPolygon", "coordinates": [[[[85.085221, 27.868282], [85.085917, 27.868579], [85.086535, 27.868795], [85.087168, 27.868976], [85.087813, 27.869119], [85.088514, 27.86923], [85.089111, 27.869301], [85.089111, 27.868217], [85.085087, 27.868217], [85.085221, 27.868282]]]]}, "properties": {"projectId": 63102, "layer": "roads", "taskId": 11, "status": "BADIMAGERY"}}]}