{"type": "FeatureCollection", "features": [{"type": "Feature", "geometry": {"type": "Point", "coordinates": [85.3391559, 28.1435744]}, "properties": {"kind": "settlement", "name": "Brabal"}}, {"type": "Feature", "geometry": {"type": "Point", "coordinates": [85.2260042, 28.0573468]}, "properties": {"kind": "settlement", "name": "Grang"}}, {"type": "Feature", "geometry": {"type": "Point", "coordinates": [85.300912, 28.0049343]}, "properties": {"kind": "settlement", "name": "Yubra"}}, {"type": "Feature", "geometry": {"type": "Point", "coordinates": [85.3717755, 27.9381914]}, "properties": {"kind": "settlement", "name": null}}, {"type": "Feature", "geometry": {"type": "Point", "coordinates": [85.0653839, 27.8955048]}, "properties": {"kind": "settlement", "name": "Tarkeshwar"}}, {"type": "Feature", "geometry": {"type": "Point", "coordinates": [85.0655065, 28.2196011]}, "properties": {"kind": "settlement", "name": null}}, {"type": "Feature", "geometry": {"type": "Point", "coordinates": [85.3108159, 28.1937659]}, "properties": {"kind": "settlement", "name": null}}, {"type": "Feature", "geometry": {"type": "Point", "coordinates": [85.0614439, 28.0843399]}, "properties": {"kind": "settlement", "name": null}}, {"type": "Feature", "geometry": {"type": "Point", "coordinates": [85.146446, 27.89526]}, "properties": {"kind": "settlement", "name": "Bidur"}}, {"type": "Feature", "geometry": {"type": "Point", "coordinates": [85.1010327, 27.9915622]}, "properties": {"kind": "settlement", "name": "Bungtang"}}, {"type": "Feature", "geometry": {"type": "Point", "coordinates": [85.1309735, 27.9580289]}, "properties": {"kind": "settlement", "name": "Gairathok"}}, {"type": "Feature", "geometry": {"type": "Point", "coordinates": [85.070832, 28.1703058]}, "properties": {"kind": "settlement", "name": "Rubi Valley"}}, {"type": "Feature", "geometry": {"type": "Point", "coordinates": [85.2402156, 27.9169995]}, "properties": {"kind": "settlement", "name": "Ganeshthan"}}, {"type": "Feature", "geometry": {"type": "Point", "coordinates": [85.378218, 28.280321]}, "properties": {"kind": "settlement", "name": "Resuo"}}, {"type": "Feature", "geometry": {"type": "Point", "coordinates": [85.2765945, 28.0107971]}, "properties": {"kind": "settlement", "name": "Naukunda"}}, {"type": "Feature", "geometry": {"type": "Point", "coordinates": [85.1951685, 28.0116144]}, "properties": {"kind": "settlement", "name": "Uttargaya"}}, {"type": "Feature", "geometry": {"type": "Point", "coordinates": [85.2134318, 28.0059409]}, "properties": {"kind": "settlement", "name": "Kalika"}}, {"type": "Feature", "geometry": {"type": "Point", "coordinates": [85.3130932, 28.1705778]}, "properties": {"kind": "settlement", "name": "Aamachhodingmo"}}, {"type": "Feature", "geometry": {"type": "Point", "coordinates": [85.298525, 28.110361]}, "properties": {"kind": "settlement", "name": "Gosaikunda"}}, {"type": "Feature", "geometry": {"type": "Point", "coordinates": [85.1377747, 28.0042453]}, "properties": {"kind": "settlement", "name": "Kispang"}}, {"type": "Feature", "geometry": {"type": "Point", "coordinates": [85.0645826, 27.9859191]}, "properties": {"kind": "settlement", "name": "Myagang"}}, {"type": "Feature", "geometry": {"type": "Point", "coordinates": [85.3578972, 27.8651272]}, "properties": {"kind": "settlement", "name": "Shivapuri"}}, {"type": "Feature", "geometry": {"type": "Point", "coordinates": [85.3828285, 27.9220585]}, "properties": {"kind": "settlement", "name": "Ducheshwar"}}, {"type": "Feature", "geometry": {"type": "Point", "coordinates": [85.3089438, 27.924158]}, "properties": {"kind": "settlement", "name": "Tadi"}}, {"type": "Feature", "geometry": {"type": "Point", "coordinates": [85.2289043, 27.9505776]}, "properties": {"kind": "settlement", "name": "Suryagadhi"}}, {"type": "Feature", "geometry": {"type": "Point", "coordinates": [85.2425148, 27.8883235]}, "properties": {"kind": "settlement", "name": "Likhu"}}, {"type": "Feature", "geometry": {"type": "Point", "coordinates": [85.314311, 27.8890264]}, "properties": {"kind": "settlement", "name": "Panchakanya"}}, {"type": "Feature", "geometry": {"type": "LineString", "coordinates": [[85.0974247, 28.093184], [85.0948877, 28.0924028], [85.0939491, 28.0916188], [85.0925758, 28.0891958], [85.0900009, 28.0881357], [85.0875976, 28.0875299], [85.0845077, 28.0875299], [85.0802162, 28.0876813], [85.0773051, 28.0875299], [85.0755586, 28.088393], [85.0709465, 28.0888929], [85.0674014, 28.0893672], [85.066155, 28.0893555], [85.0650932, 28.0889498], [85.0634957, 28.0891569], [85.0612624, 28.0883066], [85.0605338, 28.0883625], [85.0595472, 28.0883697], [85.058467, 28.0875698], [85.0585883, 28.0864776], [85.0573904, 28.0855798], [85.0566864, 28.0850252], [85.0559196, 28.0844212], [85.0553137, 28.0844652], [85.0549805, 28.0850624], [85.0541344, 28.0853517], [85.0537167, 28.0852397], [85.052861, 28.0855381], [85.0515191, 28.0853226], [85.0501495, 28.086195], [85.0493256, 28.0858841], [85.0478075, 28.0861674], [85.0468647, 28.0856745], [85.0464022, 28.0859164], [85.0453986, 28.0864554], [85.0426434, 28.0871898], [85.0405465, 28.0879118], [85.0382299, 28.08852], [85.0379424, 28.0884151], [85.0371333, 28.0881042], [85.0364013, 28.0880163], [85.0353682, 28.0875201], [85.0345009, 28.0866055], [85.0336907, 28.0865133], [85.0316622, 28.0869318], [85.029847, 28.0882855], [85.0288945, 28.0888128], [85.0282028, 28.0891958], [85.0257995, 28.0888929], [85.0228813, 28.0875299], [85.0208213, 28.0867726], [85.0185897, 28.0860154], [85.0165298, 28.0857125], [85.0156766, 28.0857773], [85.014452, 28.0858703], [85.01138, 28.0867726], [85.010758, 28.0869156], [85.0095421, 28.0875299], [85.0089026, 28.08779], [85.0082204, 28.0878398]]}, "properties": {"kind": "river", "name": "Gasali Khloa"}}, {"type": "Feature", "geometry": {"type": "LineString", "coordinates": [[85.1138354, 28.1512797], [85.1137698, 28.1527884], [85.1129176, 28.1538924], [85.1114294, 28.1560137], [85.1111541, 28.1571928], [85.1105116, 28.1584008], [85.1096331, 28.1590192], [85.1077319, 28.1605047], [85.10568, 28.1618398], [85.1050081, 28.1621875], [85.1041721, 28.16262], [85.1034838, 28.1636083], [85.1013663, 28.1649608], [85.1012901, 28.1650182], [85.1005927, 28.1655445], [85.0996028, 28.1669489], [85.0992422, 28.1683013], [85.098685, 28.1685614], [85.0983899, 28.1700697], [85.0972755, 28.1716012], [85.097164, 28.172289], [85.0973559, 28.1727499], [85.0973213, 28.1744677], [85.0972194, 28.1748907], [85.0970051, 28.175193], [85.0969561, 28.1754899], [85.0971827, 28.1757198], [85.097174, 28.1760863], [85.0970394, 28.1763632], [85.0975246, 28.1769815], [85.0974721, 28.1775189], [85.0975746, 28.1781783], [85.0977216, 28.1786318], [85.0979727, 28.1788315], [85.098108, 28.1790966], [85.0981809, 28.1796089], [85.0980031, 28.1802523], [85.097698, 28.1806568], [85.0975214, 28.1809431], [85.0973232, 28.1811022], [85.0972084, 28.1810904], [85.0970955, 28.1811576], [85.0970113, 28.181327], [85.0969178, 28.1815413], [85.0969285, 28.1816877], [85.0969239, 28.1818721], [85.0970037, 28.1820578], [85.0965045, 28.1822587], [85.0961725, 28.1822762], [85.096209, 28.1829052], [85.095906, 28.1834227], [85.0955422, 28.1838462], [85.0959576, 28.1842405], [85.0961199, 28.1846225], [85.0957769, 28.1850651], [85.0954401, 28.185335], [85.0946134, 28.1858478], [85.0940137, 28.1859651], [85.0923413, 28.1867223], [85.0910519, 28.1870848], [85.0907429, 28.1873862], [85.0903653, 28.1876715], [85.0898895, 28.1878885], [85.0894017, 28.1884064], [85.0893306, 28.1887232]]}, "properties": {"kind": "river", "name": "Adha Khola"}}, {"type": "Feature", "geometry": {"type": "LineString", "coordinates": [[85.3413057, 28.1644225], [85.3409875, 28.1643893], [85.340532, 28.1643132], [85.3402864, 28.1642576], [85.3400519, 28.1641894], [85.3398457, 28.1641076], [85.3396849, 28.1640114], [85.3395867, 28.1639001], [85.3393909, 28.1634449], [85.3393403, 28.163375], [85.3392711, 28.1633073], [85.3391771, 28.1632397], [85.339052, 28.16317], [85.338553, 28.1629488], [85.3381598, 28.1627521], [85.3378941, 28.1625885], [85.3377417, 28.1624543], [85.3376559, 28.162331], [85.3375777, 28.1621786], [85.3375177, 28.1620127], [85.3374859, 28.1618485], [85.337497, 28.1616699], [85.3376032, 28.1611136], [85.3376654, 28.1606448], [85.3376746, 28.1604142], [85.3376607, 28.160201], [85.3376171, 28.1600161], [85.3375375, 28.1598707], [85.3374022, 28.1597451], [85.3372069, 28.1596149], [85.3369682, 28.1594842], [85.3367027, 28.1593569], [85.3361579, 28.1591283], [85.335555, 28.1589104], [85.3354138, 28.1588773], [85.3347748, 28.1588089], [85.3343802, 28.1587523], [85.3340535, 28.158677], [85.3339434, 28.1586316], [85.333848, 28.1585642], [85.3336178, 28.1583377], [85.332979, 28.1575967], [85.3327739, 28.1573924], [85.3326739, 28.1573217], [85.3324092, 28.1571811], [85.331426, 28.1567493], [85.3312826, 28.1566735], [85.3311212, 28.1565668], [85.3309161, 28.156409], [85.330426, 28.1559941], [85.3291694, 28.1548664], [85.3282423, 28.1538869], [85.328064, 28.1537128], [85.3279363, 28.1536303], [85.3275485, 28.1534571], [85.3273835, 28.1533544], [85.3273022, 28.1532871], [85.3272221, 28.1531995], [85.3270634, 28.1529595], [85.3266736, 28.1522561], [85.326519, 28.1520573], [85.3264191, 28.1519809], [85.3261108, 28.1518156], [85.3253143, 28.1514667], [85.3249712, 28.1513013], [85.3248453, 28.1512249], [85.324439, 28.1509382], [85.3242126, 28.150821], [85.3240829, 28.1507747], [85.3239379, 28.1507387], [85.3237747, 28.1507148], [85.3234034, 28.1506985], [85.3230839, 28.1506652], [85.3228256, 28.1505994], [85.3226163, 28.1504961], [85.3224435, 28.1503504], [85.3222088, 28.1500621], [85.3220265, 28.1498619], [85.3218138, 28.1496708], [85.3216942, 28.1495823], [85.3214243, 28.1494261], [85.3212726, 28.1493613], [85.3209984, 28.1492687], [85.320555, 28.1491444], [85.3204137, 28.1490732], [85.3203392, 28.1490208], [85.3202697, 28.148953], [85.3202136, 28.1488714], [85.3201674, 28.1487797], [85.3200135, 28.1483867], [85.3199657, 28.1483006], [85.3199073, 28.1482269], [85.3198349, 28.1481694], [85.3197427, 28.1481207], [85.3195008, 28.1480239], [85.3190625, 28.1478942], [85.3186415, 28.1478064], [85.3183128, 28.1477671], [85.3181053, 28.1477268], [85.3179142, 28.1476493], [85.3178282, 28.1475901], [85.3177505, 28.1475137], [85.3176822, 28.1474176], [85.3175648, 28.1471704], [85.3174902, 28.1470461], [85.3173103, 28.146815], [85.3171119, 28.1466138], [85.3169217, 28.1464508], [85.3167665, 28.1463341], [85.3165973, 28.146233], [85.3163658, 28.1461201], [85.3160998, 28.1460086], [85.315697, 28.1458726], [85.3145872, 28.1456305], [85.3139249, 28.1454574], [85.3137532, 28.1453985], [85.3136229, 28.1453408], [85.3133995, 28.1452158], [85.3131771, 28.1450626], [85.3130771, 28.1449731], [85.3129903, 28.1448736], [85.312921, 28.1447632], [85.3128735, 28.1446409], [85.3128521, 28.1445058], [85.3128612, 28.144357], [85.3129926, 28.1434204], [85.3130287, 28.1429048], [85.3130252, 28.1427774], [85.3129957, 28.1425949], [85.3129326, 28.141955], [85.3128555, 28.1416831], [85.3127933, 28.1415606], [85.312711, 28.1414526], [85.3126147, 28.1413619], [85.3125138, 28.141288], [85.3124101, 28.14123], [85.3122014, 28.1411581], [85.3120029, 28.1411397], [85.3118292, 28.1411678], [85.3116654, 28.1412484], [85.3106353, 28.1419047], [85.3103448, 28.1420738], [85.3102541, 28.1421148], [85.3100296, 28.142174], [85.3098638, 28.1421917], [85.309779, 28.1421898], [85.3096104, 28.1421572], [85.3094494, 28.142077], [85.3076233, 28.1407319]]}, "properties": {"kind": "river", "name": "Trishuli River"}}, {"type": "Feature", "geometry": {"type": "LineString", "coordinates": [[85.1973493, 28.2149249], [85.1975283, 28.2146015], [85.1976, 28.2143332], [85.1977253, 28.2141044], [85.1978507, 28.2140019], [85.1983635, 28.2137865], [85.198713, 28.2135082], [85.1990014, 28.2134638], [85.1994454, 28.2131008], [85.1997368, 28.2130106], [85.1997842, 28.2129959], [85.2000955, 28.2128345], [85.2004434, 28.212302], [85.2005504, 28.2120585], [85.200576, 28.2119475], [85.2006721, 28.2117434], [85.2008096, 28.2116203], [85.2009197, 28.211475], [85.2011657, 28.2113181], [85.2013308, 28.211244], [85.2014469, 28.2111722], [85.2014959, 28.2108161], [85.2015071, 28.2104409], [85.2015542, 28.2103141], [85.2018466, 28.2100577], [85.2021246, 28.2096078], [85.2021145, 28.2094631], [85.2020412, 28.2092203], [85.2020589, 28.20908], [85.2022534, 28.2088195], [85.2025314, 28.2084587], [85.2025542, 28.2082605], [85.2025365, 28.2080445], [85.2026654, 28.2077439], [85.2031278, 28.2066526], [85.2031784, 28.2063164], [85.2035246, 28.2057173], [85.2036964, 28.2053699], [85.2037672, 28.2050692], [85.2039289, 28.2047574], [85.2042372, 28.2041205], [85.2043181, 28.2038688], [85.2042448, 28.2035125], [85.2042347, 28.2031027], [85.2040199, 28.2025326], [85.2038809, 28.2020894], [85.2035979, 28.2015794], [85.2033957, 28.2009669], [85.2032643, 28.200526], [85.2031405, 28.2002498], [85.2032163, 28.199938], [85.2036004, 28.1994525], [85.2037192, 28.1992454], [85.2037343, 28.1990739], [85.2035928, 28.1987977], [85.2035296, 28.1986017], [85.2035296, 28.1982899], [85.2036348, 28.1975166], [85.2034813, 28.1972575], [85.2033144, 28.1971883], [85.2030013, 28.1969923], [85.2027101, 28.1968193], [85.2027574, 28.1966442], [85.2027411, 28.1964093], [85.2027557, 28.1961572], [85.202618, 28.1958511], [85.2025222, 28.1954787], [85.2026475, 28.1952816], [85.2027364, 28.1950798], [85.2025304, 28.1949078], [85.2025333, 28.1946881], [85.2026234, 28.1944487], [85.2025539, 28.1943159], [85.2024391, 28.1941759], [85.2021078, 28.194085], [85.2016202, 28.193558], [85.2014261, 28.1933973], [85.2014316, 28.1932162], [85.2013345, 28.1928183], [85.2008707, 28.1926535], [85.2007718, 28.192403], [85.2006394, 28.192159], [85.2005442, 28.1916144], [85.2004828, 28.1910305], [85.2005819, 28.1908146], [85.2005222, 28.1904948], [85.2007631, 28.1901263], [85.2005407, 28.1895596], [85.2002732, 28.1887625], [85.2003601, 28.1881599], [85.2001571, 28.187468], [85.1998818, 28.1868909], [85.199609, 28.1867878], [85.1988302, 28.186165], [85.1985005, 28.1859597], [85.1983805, 28.1854681], [85.1985937, 28.185045], [85.1987198, 28.1848015], [85.1986889, 28.1846337], [85.1985467, 28.1842547], [85.1986159, 28.1836758], [85.1986232, 28.1835982], [85.1987847, 28.1834339], [85.1991517, 28.183159], [85.1994549, 28.182856], [85.1995651, 28.1824698], [85.1993538, 28.1822769], [85.1991314, 28.1818492], [85.1991719, 28.1814572], [85.1998087, 28.1809226], [85.2002518, 28.1803515], [85.2004036, 28.1792482], [85.200253, 28.1781717], [85.1999704, 28.1769753], [85.1997784, 28.1756922], [85.1987522, 28.1748181], [85.1981918, 28.1738448], [85.1979285, 28.1731704], [85.1970806, 28.1721187], [85.1967054, 28.1707823], [85.1963842, 28.1693856], [85.1960484, 28.1683318], [85.1962732, 28.1673382], [85.1964533, 28.1671822], [85.1966385, 28.1669592], [85.1967614, 28.1668112], [85.1968469, 28.1659791], [85.1971502, 28.165685], [85.1977279, 28.1647925], [85.1980498, 28.163867], [85.1980296, 28.1629581], [85.1980602, 28.161604], [85.1988785, 28.1606788], [85.1994448, 28.1600083], [85.199647, 28.1595894], [85.1996773, 28.1593755], [85.1992218, 28.1587114], [85.1985351, 28.1573493], [85.198342, 28.1549467], [85.1980749, 28.1542427], [85.1983635, 28.1534142], [85.1981749, 28.1524404], [85.1979918, 28.1511695], [85.1978346, 28.1497754], [85.198132, 28.1489805], [85.1984446, 28.1483765], [85.1987068, 28.147814], [85.1988135, 28.1472223], [85.1989175, 28.1470931], [85.199233, 28.1467009], [85.199324, 28.1464692], [85.1988287, 28.1462241], [85.198394, 28.145904], [85.1979796, 28.1453729], [85.1978485, 28.1441813], [85.1978485, 28.1419108], [85.1984789, 28.140984], [85.1978835, 28.140077], [85.1978474, 28.1387246], [85.1987068, 28.1385807], [85.1985511, 28.137229], [85.1988527, 28.1367618], [85.1992187, 28.1361947], [85.1992218, 28.1344936], [85.1991652, 28.1333753], [85.1996089, 28.1324375], [85.1993055, 28.1316701], [85.1992041, 28.1308832], [85.1991101, 28.1301537], [85.1994748, 28.1287636], [85.1996407, 28.12827], [85.1997368, 28.1279841], [85.1996952, 28.1264011], [85.1994232, 28.1259422], [85.199016, 28.125611], [85.1993197, 28.125181], [85.1995325, 28.1245032], [85.1993934, 28.1219284], [85.1997368, 28.1201117], [85.2014534, 28.1185977], [85.2022462, 28.1172127], [85.2029005, 28.1159418], [85.20317, 28.1154182], [85.2027532, 28.1133662], [85.2011953, 28.1124659], [85.2004234, 28.1108759], [85.1986822, 28.1082673], [85.1981366, 28.1077411], [85.1983608, 28.1073404], [85.1984225, 28.1069349], [85.1981473, 28.106112], [85.1982543, 28.1056044], [85.1980558, 28.1050029], [85.1979393, 28.104853], [85.1979036, 28.1048222], [85.1978219, 28.1047927], [85.1975443, 28.1047393], [85.1974731, 28.1046887], [85.1974323, 28.1046194], [85.1973822, 28.1044745], [85.1973239, 28.1043613], [85.197262, 28.1041491], [85.1972204, 28.103914], [85.1972151, 28.1037883], [85.1972237, 28.1037278], [85.1972987, 28.1034656], [85.1974833, 28.1029413], [85.197503, 28.102814], [85.1975022, 28.1026539], [85.1974871, 28.1024876], [85.19744, 28.1022413], [85.197386, 28.1021452], [85.197283, 28.1020053], [85.1968345, 28.1014448], [85.1968045, 28.1013865], [85.1967865, 28.1012932], [85.1968048, 28.101224], [85.1968557, 28.1011242], [85.1968461, 28.1010526], [85.1968121, 28.1009947], [85.1967491, 28.1009214], [85.1965245, 28.1007062], [85.1964323, 28.100572], [85.1964007, 28.1005036], [85.1963602, 28.1003713], [85.1963366, 28.1001635], [85.1963494, 28.1000579], [85.1964748, 28.0996194], [85.1964971, 28.0994396], [85.1964792, 28.0993075], [85.1963939, 28.0991091], [85.1963621, 28.0990042], [85.1963603, 28.0989475], [85.1963727, 28.0988937], [85.1963972, 28.0988429], [85.1964734, 28.0987511], [85.1965716, 28.0986729], [85.1967642, 28.0985562], [85.1968354, 28.0984891], [85.1969085, 28.0983677], [85.1969433, 28.0982428], [85.1969396, 28.0981258], [85.1968457, 28.0977899], [85.1968039, 28.0975407], [85.1968152, 28.0973861], [85.1968536, 28.0972563], [85.1969324, 28.0971097], [85.1970633, 28.0969499], [85.1971579, 28.0968827], [85.1973668, 28.0967858], [85.1974819, 28.0967151], [85.197628, 28.0965907], [85.1977237, 28.0964776], [85.1977517, 28.096421], [85.1977636, 28.0963533], [85.1977693, 28.0960993], [85.1977807, 28.0960129], [85.1978273, 28.0958863], [85.1979075, 28.0957479], [85.19791, 28.0957423], [85.1979455, 28.095634], [85.1979584, 28.0955492], [85.1979527, 28.0954598], [85.1979153, 28.0953797], [85.1978366, 28.0953226], [85.1975621, 28.0952266], [85.1974285, 28.0951535], [85.1973367, 28.0950636], [85.1973023, 28.0949881], [85.1972952, 28.0949431], [85.1973045, 28.0948343], [85.1973224, 28.0947689], [85.1974937, 28.0942705], [85.1975809, 28.09387], [85.1976515, 28.0936694], [85.1977335, 28.0935519], [85.1980372, 28.0933072], [85.1981904, 28.0932398], [85.1984057, 28.0932045], [85.1985762, 28.0931554], [85.1988191, 28.0930483], [85.1989428, 28.0929769], [85.1990122, 28.0929233], [85.1991241, 28.0927742], [85.1992005, 28.092709], [85.1993084, 28.092657], [85.1993769, 28.0926393], [85.1994404, 28.09262], [85.199485, 28.0925913], [85.1995139, 28.0925549], [85.1995379, 28.0924648], [85.1995386, 28.0923089], [85.199554, 28.0922087], [85.1995658, 28.0921587], [85.1995676, 28.0920445], [85.1995493, 28.0919218], [85.1994768, 28.0916196], [85.1994517, 28.0912953], [85.1994577, 28.0910734], [85.1994981, 28.0907179], [85.1995905, 28.0901909], [85.1995975, 28.0900376], [85.1995832, 28.0897719], [85.1995946, 28.0896735], [85.1996171, 28.0895741], [85.199682, 28.0893857], [85.1998061, 28.0891325], [85.1998276, 28.0889985], [85.1998275, 28.0888817], [85.1998105, 28.0887877], [85.1997105, 28.0884422], [85.1996934, 28.0883233], [85.1996961, 28.0882582], [85.19973, 28.0880953], [85.1998744, 28.0876195], [85.199908, 28.0874572], [85.1999081, 28.0873866], [85.1998937, 28.0873166], [85.199831, 28.0871779], [85.1995379, 28.0867568], [85.1995056, 28.0866856], [85.1994934, 28.0866172], [85.1994977, 28.086552], [85.1995426, 28.0864337], [85.1996125, 28.0863348], [85.1997042, 28.0862314], [85.1997176, 28.0862077], [85.1997137, 28.0861625], [85.1996787, 28.0861196], [85.1995064, 28.0859994], [85.1994504, 28.085943], [85.1992805, 28.0856802], [85.1992605, 28.0856281], [85.1992485, 28.08553], [85.1993018, 28.0852754], [85.1993182, 28.0852334], [85.1993549, 28.0851853], [85.1995452, 28.0850222], [85.1999584, 28.0847369], [85.2000221, 28.0846647], [85.200072, 28.0845824], [85.2001074, 28.0844919], [85.200128, 28.0843951], [85.2001208, 28.0842657], [85.2000835, 28.084097], [85.1999194, 28.0836071], [85.1998395, 28.0832551], [85.1997886, 28.0831522], [85.1997469, 28.083112], [85.1996675, 28.0830644], [85.1996356, 28.0830461], [85.1994967, 28.0829661], [85.1995424, 28.0823776], [85.1993915, 28.0819234], [85.199631, 28.0812701], [85.1996685, 28.0811068], [85.1997042, 28.0807082], [85.1998951, 28.0801341], [85.2000551, 28.0798377], [85.2008345, 28.0795607], [85.2017565, 28.0787411], [85.2018744, 28.0786455], [85.2019958, 28.0785689], [85.2023338, 28.0785087], [85.2028476, 28.0782398], [85.2035877, 28.0773888], [85.2041909, 28.0770187], [85.2050344, 28.0759936], [85.2055655, 28.0749032], [85.2058194, 28.0743708], [85.2063129, 28.0739206], [85.2071484, 28.073416], [85.2074455, 28.0729113], [85.2074827, 28.0722008], [85.2078044, 28.0716497], [85.2080876, 28.0715696], [85.2083087, 28.071507]]}, "properties": {"kind": "river", "name": "Mailung Khola"}}, {"type": "Feature", "geometry": {"type": "LineString", "coordinates": [[85.0829775, 28.2613114], [85.0833877, 28.2609906], [85.0833193, 28.2603938], [85.0836358, 28.259978], [85.083609, 28.2596189], [85.0833716, 28.259006], [85.0829599, 28.2582628], [85.0827815, 28.2575602], [85.0823363, 28.2567427], [85.0821767, 28.2561034], [85.0818926, 28.2552301], [85.081408, 28.2535348], [85.0809788, 28.2526932], [85.0811449, 28.2518639], [85.0807849, 28.2505711], [85.0803973, 28.2503393], [85.0802865, 28.2493392], [85.0798157, 28.2483025], [85.0791373, 28.247839], [85.0781788, 28.2475265], [85.0777926, 28.247432], [85.0774707, 28.2473469], [85.0773419, 28.2471485], [85.0772347, 28.2469027], [85.0771703, 28.2465152], [85.0773205, 28.2461561], [85.077417, 28.245882], [85.0776316, 28.2456363], [85.0778891, 28.2454472], [85.0779535, 28.2450125], [85.0776853, 28.2447667], [85.0775029, 28.2445116], [85.0772776, 28.2442847], [85.0769343, 28.24385], [85.0765373, 28.2436609], [85.0763265, 28.2435601], [85.0761618, 28.2434813], [85.0758292, 28.2431127], [85.0755824, 28.2428008], [85.075282, 28.2422999], [85.0752498, 28.2420542], [85.0751318, 28.2417139], [85.075046, 28.2414965], [85.0748958, 28.2413169], [85.0747348, 28.2411373], [85.0744237, 28.2409105], [85.0741769, 28.2407404], [85.0738443, 28.2405135], [85.0734688, 28.24023], [85.0731041, 28.2400787], [85.0727607, 28.2399653], [85.0725676, 28.2398235], [85.072353, 28.2396062], [85.0722672, 28.2393888], [85.0722887, 28.2391147], [85.0723591, 28.2390309], [85.0725032, 28.2388595], [85.0730184, 28.2385003], [85.0734261, 28.2382167], [85.0735548, 28.2378954], [85.0734905, 28.237366], [85.0733403, 28.2368367], [85.0730828, 28.2362885], [85.0728299, 28.2358718], [85.0726966, 28.2355181], [85.073006, 28.2345716], [85.0723614, 28.2315884], [85.072688, 28.2309978], [85.0721638, 28.2303693], [85.0727486, 28.2297397], [85.0733933, 28.2284924], [85.0731784, 28.2279938], [85.0732811, 28.227519], [85.0728346, 28.2272229], [85.0723908, 28.2265589], [85.0723746, 28.2259715], [85.0712037, 28.2254557], [85.070293, 28.224553], [85.0700003, 28.2241804], [85.0697401, 28.2239798], [85.0698865, 28.223507], [85.0705044, 28.2229052], [85.0709272, 28.2221171], [85.0713544, 28.2210623], [85.0706678, 28.2198522], [85.0716334, 28.2175739], [85.0710154, 28.2168468], [85.0699061, 28.2163921], [85.0689512, 28.2148606], [85.0684362, 28.2119865], [85.0686078, 28.2103226], [85.0686078, 28.2080535], [85.0686078, 28.2065407], [85.0688464, 28.2055953], [85.0682097, 28.2051444], [85.0692945, 28.2038177], [85.0692945, 28.2023049], [85.0698095, 28.1992792], [85.0696378, 28.1968586], [85.0696022, 28.1963086], [85.0694531, 28.1958074], [85.0695856, 28.1954859], [85.0696446, 28.1952297], [85.0701002, 28.1949909], [85.070538, 28.1948106], [85.070849, 28.1944961], [85.0711285, 28.1941279], [85.0713167, 28.1938198], [85.0712303, 28.1935243], [85.071086, 28.1932818], [85.0708281, 28.193085], [85.0708231, 28.1928208], [85.0710248, 28.1926099], [85.0712974, 28.1925215], [85.0713794, 28.1921366], [85.0714154, 28.1918619], [85.0713204, 28.1915428], [85.0713392, 28.1911168]]}, "properties": {"kind": "river", "name": "Liep (Tatopani) Khola"}}, {"type": "Feature", "geometry": {"type": "LineString", "coordinates": [[85.1828281, 27.9908578], [85.1829157, 27.9903881], [85.1828553, 27.9900066], [85.1827405, 27.9897424], [85.1824655, 27.9894942], [85.1819608, 27.9892167], [85.1809576, 27.9888245], [85.1806856, 27.9887177], [85.1804681, 27.9885977], [85.18032, 27.9884242], [85.180184, 27.988152], [85.1801024, 27.9877224], [85.1801417, 27.9869566], [85.1804645, 27.9851617], [85.1805376, 27.9844029], [85.180459, 27.983549], [85.1803623, 27.9830499], [85.1802747, 27.9816623], [85.1803804, 27.9811633], [85.1806705, 27.9804481], [85.1813414, 27.9791405], [85.1815317, 27.9786895], [85.1816768, 27.9782278], [85.1820318, 27.9765961], [85.1821724, 27.9759381], [85.1824625, 27.9749667], [85.1827193, 27.9744169], [85.1830306, 27.974006], [85.1836954, 27.9732053], [85.1840429, 27.972805], [85.1844206, 27.9721138], [85.1843375, 27.9713772], [85.1838011, 27.9706486], [85.1835745, 27.9705259], [85.1828976, 27.970247], [85.1811918, 27.9698733], [85.1798073, 27.9695149], [85.1791136, 27.9692761], [85.1782122, 27.9685196], [85.1778288, 27.9678993], [85.1773658, 27.9667154], [85.1771155, 27.9660609], [85.1768812, 27.9656057], [85.1762602, 27.9649438], [85.1756392, 27.9645875], [85.1741328, 27.9641031], [85.1726348, 27.9637142], [85.1719738, 27.9635426], [85.170581, 27.9630785], [85.1704379, 27.9630308], [85.1697648, 27.9626298], [85.1690728, 27.961713], [85.1687374, 27.9609203], [85.1686824, 27.9607589], [85.1686147, 27.9605426], [85.1682875, 27.9595662], [85.1679099, 27.9585563], [85.1675032, 27.9577962], [85.1670947, 27.9570338], [85.1666346, 27.9566821], [85.1656998, 27.956326], [85.1641117, 27.9557071], [85.1632558, 27.9555512], [85.1624635, 27.9552921], [85.1619412, 27.9548401], [85.1618866, 27.9544913], [85.1622625, 27.9538272], [85.1625544, 27.9531683], [85.1626008, 27.9524964], [85.1624398, 27.9502647], [85.1625999, 27.9490345], [85.1628659, 27.947379], [85.1627308, 27.9469735], [85.1622463, 27.9466233], [85.161801, 27.9463014], [85.1611003, 27.9454219], [85.1601688, 27.9437218], [85.1599483, 27.9423487], [85.1592114, 27.9405468], [85.1583033, 27.939073], [85.1571413, 27.9376969], [85.1561354, 27.9362994], [85.1557918, 27.9355358], [85.1556677, 27.9351314], [85.1555407, 27.9346626], [85.1553276, 27.9340437], [85.15528, 27.9337759], [85.1552937, 27.9336297], [85.1554392, 27.9334816], [85.1554876, 27.9329836], [85.1552412, 27.9324458], [85.1548091, 27.9320262], [85.1544661, 27.9318483], [85.1542915, 27.9317982], [85.1541099, 27.9317732], [85.1538698, 27.9317822], [85.1536567, 27.9318226], [85.1534774, 27.9318645], [85.1533518, 27.9319169], [85.1532213, 27.9319745], [85.1529035, 27.9322668], [85.152587, 27.9325771], [85.1523106, 27.9328684], [85.1521801, 27.9329648], [85.1519102, 27.9332011], [85.1518678, 27.9332424], [85.1515368, 27.933615], [85.1512398, 27.9339255], [85.15114, 27.9339796], [85.1510516, 27.9340036], [85.1509382, 27.9339896], [85.1508589, 27.9339555], [85.150741, 27.9338714], [85.1506095, 27.9337192], [85.1503446, 27.9333643], [85.150258, 27.9332204], [85.1501764, 27.9330381], [85.1500336, 27.9327027], [85.1499837, 27.9325574], [85.1499517, 27.9324006], [85.1499202, 27.9322068], [85.1499089, 27.9320065], [85.14989, 27.9315582], [85.1498703, 27.9313475], [85.1498411, 27.9311532], [85.1495471, 27.9301652], [85.1493974, 27.9297254], [85.1492734, 27.9294425], [85.1492151, 27.9292902], [85.1491171, 27.9290659], [85.149092, 27.9290139], [85.1490013, 27.9289195], [85.1489443, 27.9288188], [85.1489158, 27.9287046], [85.1489067, 27.9286332], [85.1489246, 27.9285362], [85.1489925, 27.9284413], [85.1491503, 27.928298], [85.1493015, 27.9282032], [85.1494965, 27.9280735], [85.1497967, 27.9278121], [85.1500355, 27.927574], [85.1503072, 27.927272], [85.1505044, 27.9270029], [85.1506184, 27.9268189], [85.1507258, 27.926606], [85.1508331, 27.9263233], [85.1509359, 27.9260911], [85.151015, 27.9258974], [85.1510742, 27.9257019], [85.1510983, 27.925516], [85.1511048, 27.9253146], [85.151118, 27.9251559], [85.1511333, 27.9249894], [85.1511599, 27.9248165], [85.1511837, 27.9246215], [85.1512275, 27.9244299], [85.1512911, 27.9241472], [85.1513283, 27.9239052], [85.1513415, 27.9237174], [85.1513524, 27.9233941], [85.1513305, 27.9231075], [85.1512933, 27.9229468], [85.1512385, 27.9227958], [85.1511158, 27.9226042], [85.1509383, 27.922335], [85.1507893, 27.9221705], [85.1506469, 27.9220717], [85.150522, 27.9220408], [85.1502678, 27.9220117], [85.150007, 27.9219536], [85.1498471, 27.921911], [85.1497074, 27.9218874], [85.1495359, 27.9218491], [85.1493541, 27.9218162], [85.1492423, 27.9217813], [85.1491043, 27.9217155], [85.1489553, 27.9216342], [85.1487493, 27.9215199], [85.1485477, 27.9214076], [85.1484184, 27.9213379], [85.1482541, 27.9212566], [85.1480328, 27.921156], [85.1477983, 27.9210669], [85.1475507, 27.9209836], [85.1470818, 27.920821], [85.1469131, 27.9207474], [85.1466808, 27.9206835], [85.1465384, 27.9206526], [85.1463478, 27.9206313], [85.1461067, 27.9206119], [85.1457386, 27.9205771], [85.1454209, 27.9205403], [85.1451295, 27.9205132], [85.1447438, 27.920488], [85.1444984, 27.9204802], [85.1443253, 27.9204744], [85.1440689, 27.9204628], [85.1436899, 27.9204512], [85.1435409, 27.9204551], [85.1433941, 27.9204357], [85.1432494, 27.9204144], [85.1431136, 27.9203544], [85.1429712, 27.9202382], [85.1428024, 27.9200892], [85.1426534, 27.9199827], [85.1425351, 27.9198646], [85.1424124, 27.9197058], [85.142316, 27.9195277], [85.1421626, 27.9192547], [85.1420509, 27.9190494], [85.1419435, 27.9188674], [85.1417616, 27.9186119], [85.1415929, 27.9184202], [85.1414198, 27.9182421], [85.1412029, 27.9180117], [85.1410407, 27.9178239], [85.1408107, 27.9176109], [85.1406376, 27.9174831], [85.140436, 27.9173553], [85.14023, 27.9172372], [85.1400284, 27.9171501], [85.1398553, 27.9170668], [85.1396712, 27.9169971], [85.1395288, 27.9169661], [85.1393163, 27.9169371], [85.1391278, 27.9169158], [85.1387578, 27.9168768], [85.1383127, 27.9167977], [85.1377937, 27.9166871], [85.1372521, 27.9165897], [85.1370177, 27.9165344], [85.1366715, 27.9164434], [85.1362245, 27.9163136], [85.1357436, 27.9161586]]}, "properties": {"kind": "river", "name": "Trishuli Ganga River"}}, {"type": "Feature", "geometry": {"type": "LineString", "coordinates": [[85.2710554, 28.1046086], [85.2709716, 28.1042902], [85.2709017, 28.1041608], [85.2708132, 28.1040786], [85.2706991, 28.1040129], [85.2705617, 28.1039595], [85.2703148, 28.1039081], [85.2701239, 28.1038999], [85.2700097, 28.1038382], [85.2699189, 28.1037602], [85.2697792, 28.1036636], [85.2695416, 28.1035671], [85.2693227, 28.1034787], [85.2691876, 28.1033924], [85.2691084, 28.1032918], [85.2690059, 28.1030452], [85.268964, 28.1028973], [85.2689058, 28.1027371], [85.2688382, 28.1026303], [85.2686659, 28.1024577], [85.2685471, 28.1024043], [85.2683864, 28.1023467], [85.2682281, 28.1023098], [85.2680441, 28.1022995], [85.2678484, 28.1023077], [85.2676924, 28.1023406], [85.2675573, 28.1024043], [85.2674292, 28.1024454], [85.2673244, 28.1024659], [85.2672382, 28.1024721], [85.2671451, 28.1024556], [85.2670705, 28.1024392], [85.2669657, 28.1023714], [85.2668516, 28.102244], [85.2666932, 28.1020653], [85.2666187, 28.1019831], [85.2665442, 28.101866], [85.266458, 28.1016667], [85.2664231, 28.1015435], [85.2663765, 28.1014572], [85.2662973, 28.1013914], [85.266118, 28.101336], [85.265948, 28.1013298], [85.2658851, 28.1013072], [85.2658315, 28.101262], [85.2657919, 28.1011922], [85.2657337, 28.1010874], [85.2656336, 28.1009497], [85.2654752, 28.1007731], [85.2653378, 28.1006436], [85.2652246, 28.100484], [85.2650128, 28.1002845], [85.2647071, 28.1000095], [85.2645275, 28.0998585], [85.2644089, 28.099722], [85.2642993, 28.0995494], [85.2641826, 28.0993514], [85.26415, 28.0992445], [85.2641197, 28.0991213], [85.2640731, 28.0989446], [85.2640103, 28.0988603], [85.2639357, 28.0987535], [85.2638412, 28.0985804], [85.263796, 28.0984994], [85.2636236, 28.0982871], [85.2635118, 28.0981721], [85.2634415, 28.0981075], [85.2633208, 28.0979986], [85.2631183, 28.0978484], [85.2629252, 28.097749], [85.2626368, 28.0976153], [85.2621326, 28.0973728], [85.2619649, 28.0972486], [85.2618442, 28.0971457], [85.2616981, 28.09698], [85.2614956, 28.0967434], [85.2612582, 28.0964654], [85.2610731, 28.0962726], [85.2608424, 28.0960958], [85.2603355, 28.0958952], [85.2595496, 28.0956775], [85.2585974, 28.095474], [85.2577016, 28.0953604], [85.2568969, 28.0952326], [85.2562344, 28.0951404], [85.2556095, 28.0950292], [85.2548853, 28.094763], [85.2545017, 28.0945701], [85.2539545, 28.0942389], [85.2536361, 28.0940161], [85.2533323, 28.0938035], [85.2526204, 28.0933609], [85.2520609, 28.0931078], [85.2514654, 28.092928], [85.2503065, 28.0927968], [85.2496684, 28.0927245], [85.2488476, 28.0926724], [85.2479571, 28.0926535], [85.2469218, 28.0926109], [85.2458408, 28.0925423], [85.2448887, 28.0924855], [85.2441671, 28.0924902], [85.2436924, 28.0925115], [85.2432471, 28.0924784], [85.2428582, 28.0924074], [85.2423245, 28.0922394], [85.2420455, 28.0921116], [85.2417746, 28.0919744], [85.2415118, 28.091752], [85.2411523, 28.0915627], [85.2407715, 28.0914609], [85.2400419, 28.0913923], [85.2386606, 28.0913757], [85.2376977, 28.0913119], [85.2370325, 28.0912101], [85.2362573, 28.0909711], [85.2335697, 28.0900483], [85.2328482, 28.0897856], [85.2324714, 28.0896532], [85.2321884, 28.0895537], [85.2320878, 28.0895194], [85.2318826, 28.0894449], [85.2316385, 28.0893289], [85.2314079, 28.0891657], [85.2311799, 28.0889906], [85.2309975, 28.0887681], [85.2307078, 28.0883233], [85.2302411, 28.0878145], [85.2297851, 28.0874548], [85.2296993, 28.0873554], [85.2295572, 28.0869816], [85.2294552, 28.0867899], [85.2293506, 28.0866384], [85.2292433, 28.0864894], [85.2291092, 28.0863616], [85.2290288, 28.0862764], [85.2289805, 28.0861675], [85.2289376, 28.0858528], [85.2289, 28.0856777], [85.2288651, 28.0855144], [85.2288142, 28.0854292], [85.2287284, 28.0853417], [85.2286211, 28.0852683], [85.2284548, 28.0851902], [85.2283153, 28.0851571], [85.2277037, 28.0850553], [85.2272156, 28.0849252], [85.2267998, 28.0847856], [85.2264807, 28.0846436], [85.2260971, 28.0844306], [85.2258664, 28.0843241], [85.2252373, 28.0840919], [85.225103, 28.0840315], [85.2247698, 28.0838421], [85.2246353, 28.0837657], [85.2243215, 28.0835503], [85.223954, 28.0833089], [85.2235249, 28.0830841], [85.2230926, 28.0829039], [85.2223416, 28.082637], [85.2221988, 28.082578], [85.2220567, 28.0824796], [85.2219611, 28.08236], [85.221878, 28.0822417], [85.2217734, 28.0820476], [85.2216715, 28.0819033], [85.2215543, 28.0817885], [85.2212289, 28.0816004], [85.2207836, 28.081385], [85.2203652, 28.0812217], [85.2197295, 28.0810135], [85.2194023, 28.0808904], [85.2191448, 28.0807461], [85.2189866, 28.0806065], [85.2188015, 28.0803958], [85.2186674, 28.0802278], [85.218485, 28.080003], [85.2183589, 28.0798563], [85.2182028, 28.0797126], [85.2179007, 28.0794701], [85.2178874, 28.0794598], [85.2177782, 28.079389], [85.2176865, 28.0793173], [85.2175483, 28.0791764], [85.2174587, 28.0790475], [85.2173282, 28.0788018], [85.2171469, 28.0785771], [85.2169583, 28.0783928], [85.2166371, 28.0781825], [85.21653, 28.0780994], [85.216492, 28.0780575], [85.2164061, 28.0778896], [85.2163146, 28.0777831], [85.2162355, 28.0777331], [85.2159512, 28.0776624], [85.2157672, 28.0775736], [85.2157047, 28.0775321], [85.2152953, 28.0771988], [85.215087, 28.0770532], [85.2150142, 28.0770023], [85.214582, 28.0767799], [85.2135014, 28.0762876], [85.2128995, 28.0759548], [85.212885, 28.0759468], [85.2125144, 28.0757196], [85.2116963, 28.0751283], [85.2114714, 28.0749819], [85.2112937, 28.0749158], [85.2109564, 28.0748422], [85.2107155, 28.0748141], [85.2102698, 28.0747973], [85.2100557, 28.0747645], [85.2098524, 28.0747062], [85.2097574, 28.0746671], [85.2095853, 28.0745681], [85.2095103, 28.0745079], [85.2093513, 28.0743434], [85.209173, 28.0741294], [85.2088511, 28.0736956], [85.2087539, 28.073547], [85.2086393, 28.0733444], [85.2085087, 28.0730607], [85.2083926, 28.0726968], [85.2083212, 28.0722852], [85.2082993, 28.0719323], [85.2083087, 28.071507], [85.2083079, 28.0710515], [85.2082934, 28.0708966], [85.2082658, 28.0707591], [85.208206, 28.0706033], [85.2081573, 28.0705066], [85.2080204, 28.0702899], [85.2079313, 28.0701756], [85.2077101, 28.0699496], [85.2075772, 28.0698437], [85.2074289, 28.0697462], [85.2071282, 28.0695832], [85.2069395, 28.0694888], [85.2067316, 28.0694107], [85.2062065, 28.0692415], [85.205922, 28.069134], [85.2055355, 28.0689646], [85.2054226, 28.0689036], [85.20536, 28.0688574], [85.2052825, 28.0687782], [85.2052399, 28.0687121], [85.2052032, 28.0686301], [85.2051725, 28.068525], [85.2051543, 28.0683858], [85.2051172, 28.0677943], [85.2051226, 28.0673492], [85.2051635, 28.0670106], [85.2053128, 28.0665505], [85.2054647, 28.0661623], [85.2055031, 28.0660866], [85.2055859, 28.0659645], [85.2058706, 28.0656197], [85.2062253, 28.0652287], [85.2063101, 28.0650963], [85.2063549, 28.0650264], [85.2065984, 28.0646015], [85.2068474, 28.0641391], [85.2072168, 28.0633692], [85.2074316, 28.0628702], [85.2075072, 28.0626323], [85.2076549, 28.0621671], [85.2077493, 28.0618632], [85.2077916, 28.0616979], [85.2078792, 28.0613246], [85.2079306, 28.0609033], [85.2079608, 28.0606393], [85.207994, 28.060362], [85.2080756, 28.0600847], [85.2081844, 28.0597941], [85.2083234, 28.0595488], [85.208408, 28.0592955], [85.2085168, 28.0587142], [85.2085863, 28.0582822], [85.2086558, 28.0579702], [85.208692, 28.0577089], [85.208695, 28.0575089], [85.2087068, 28.0571865], [85.2087162, 28.0565863], [85.2087378, 28.0562124], [85.2087494, 28.0560504], [85.2087222, 28.055885], [85.2086739, 28.0557037], [85.2085681, 28.0554584], [85.2082781, 28.0549837], [85.2080847, 28.0547011], [85.207997, 28.0545731], [85.2076496, 28.0540211], [85.207157, 28.0532291], [85.2069093, 28.0528212], [85.2068126, 28.0526692], [85.2066675, 28.0524638], [85.20645, 28.0522212], [85.2062838, 28.0521145], [85.2061267, 28.0520398], [85.2056463, 28.0518932], [85.2054106, 28.0518238], [85.2052051, 28.0516798], [85.2050208, 28.0515385], [85.2045947, 28.0512052], [85.2042291, 28.0508985], [85.2037517, 28.0505172], [85.2029389, 28.0499652], [85.2028271, 28.0498452], [85.2026967, 28.0496576], [85.2026696, 28.0496102], [85.2025417, 28.0493866], [85.2024978, 28.0491465], [85.2024796, 28.0489492], [85.2024736, 28.0487492], [85.2024736, 28.0484558], [85.2024524, 28.0482478], [85.2023708, 28.0480398], [85.2021352, 28.0475998], [85.2019267, 28.0472238], [85.2014493, 28.0463625], [85.2009356, 28.0454398], [85.2007599, 28.045232], [85.1992857, 28.0442181], [85.1977716, 28.0432499], [85.1967953, 28.0424864], [85.1954529, 28.0415845], [85.19519, 28.0413915], [85.1949513, 28.0411465], [85.1945624, 28.0407156], [85.1942271, 28.0402777], [85.1939119, 28.0398303], [85.1937269, 28.0394136], [85.1935284, 28.0383258], [85.1935297, 28.0380452], [85.1935311, 28.0376558], [85.1935525, 28.0374581], [85.1937336, 28.0369598], [85.1940259, 28.0364389], [85.1942298, 28.036169], [85.1945704, 28.0358045], [85.1947153, 28.035634], [85.1948091, 28.0353759], [85.1948225, 28.0349356], [85.1948145, 28.0344739], [85.194793, 28.0340857], [85.1947609, 28.0336193], [85.1947099, 28.0333044], [85.1946214, 28.0330866], [85.1945516, 28.032999], [85.1944068, 28.0328995], [85.1942486, 28.0327575], [85.1940903, 28.0325515], [85.1939987, 28.032384], [85.1939052, 28.0321254], [85.1937443, 28.0316874], [85.1934198, 28.0309439], [85.1929389, 28.0299247]]}, "properties": {"kind": "river", "name": "Trishuli Ganga River"}}, {"type": "Feature", "geometry": {"type": "LineString", "coordinates": [[85.2981267, 28.1275022], [85.2980461, 28.1273133], [85.297939, 28.1271264], [85.297776, 28.1268183], [85.2976758, 28.126656], [85.2975361, 28.1264958], [85.2974126, 28.1264198], [85.2972566, 28.1263849], [85.2970656, 28.1263582], [85.2969701, 28.1263027], [85.2968653, 28.1261918], [85.2967465, 28.1260439], [85.29653, 28.1258714], [85.2963134, 28.1257605], [85.2960409, 28.1256619], [85.2956962, 28.1255366], [85.2954237, 28.1254298], [85.2952048, 28.1253189], [85.2949579, 28.1251546], [85.294555, 28.1248423], [85.2942219, 28.124561], [85.2940403, 28.1243638], [85.2937911, 28.1240926], [85.2935815, 28.1237784], [85.2934114, 28.1234415], [85.2932717, 28.1231909], [85.2931506, 28.1230492], [85.2929876, 28.1229054], [85.2928595, 28.1228356], [85.2926592, 28.1227493], [85.2923378, 28.122624], [85.292198, 28.1225521], [85.2920117, 28.1224761], [85.2918394, 28.1224453], [85.2916135, 28.1224268], [85.2914085, 28.1223139], [85.2912571, 28.1221927], [85.2911081, 28.1219667], [85.2909078, 28.1216216], [85.2907401, 28.1213094], [85.2905375, 28.1210506], [85.290265, 28.1208349], [85.2900134, 28.1206809], [85.2898318, 28.1205885], [85.2895243, 28.1204775], [85.2893194, 28.1204303], [85.2891127, 28.1202822], [85.2889856, 28.1201641], [85.2887092, 28.1198921], [85.2885066, 28.1195573], [85.2882807, 28.1191711], [85.2881246, 28.118937], [85.2879104, 28.1187131], [85.2876425, 28.1185241], [85.2874981, 28.118446], [85.2873188, 28.1183741], [85.2871348, 28.1183207], [85.2869601, 28.1182529], [85.2867039, 28.1181749], [85.2864757, 28.1180886], [85.2860518, 28.1179428], [85.2856885, 28.1177641], [85.2853322, 28.1175566], [85.285069, 28.1174005], [85.2849223, 28.1173101], [85.2847359, 28.1172033], [85.284543, 28.1171113], [85.2843716, 28.1170029], [85.2841956, 28.1169202], [85.2840824, 28.1168444], [85.2839483, 28.116773], [85.2838556, 28.1166224], [85.2837076, 28.1165134], [85.2835416, 28.1164248], [85.2832671, 28.116345], [85.2830665, 28.1162579], [85.2828945, 28.1161599], [85.282767, 28.1159654], [85.2827093, 28.1158475], [85.2826303, 28.1156812], [85.2826143, 28.1155286], [85.2825968, 28.1153732], [85.2825436, 28.1151409], [85.2824721, 28.1148892], [85.2823435, 28.1145988], [85.2821521, 28.1143051], [85.2818759, 28.1140296], [85.2815569, 28.1136968], [85.2812122, 28.1132819], [85.2811226, 28.1131441], [85.2810004, 28.1129807], [85.2807019, 28.1127824], [85.2803481, 28.1125136], [85.2801618, 28.1123493], [85.2800011, 28.1122568], [85.2799502, 28.1122053], [85.2798431, 28.1121409], [85.2796828, 28.1120114], [85.2794689, 28.1118427], [85.2793348, 28.111707], [85.2791394, 28.1115399], [85.2790392, 28.1114002], [85.2789344, 28.1112441], [85.2788483, 28.1111229], [85.2787365, 28.1110243], [85.2786375, 28.1109493], [85.278556, 28.1109133], [85.2784803, 28.1108907], [85.2783618, 28.1108712], [85.2783206, 28.1108658], [85.2783029, 28.110867], [85.277999, 28.110841], [85.277881, 28.1108202], [85.2777608, 28.1107786], [85.2776613, 28.1107689], [85.2775729, 28.1107092], [85.2774654, 28.1105934], [85.2773171, 28.1102092], [85.2772736, 28.1100911], [85.2771837, 28.1099484], [85.2770519, 28.1097828], [85.2769504, 28.1096898], [85.2768976, 28.1096554], [85.2764147, 28.1094724], [85.2762238, 28.1093779], [85.2760758, 28.1092741], [85.2759983, 28.109169], [85.2759175, 28.1089796], [85.2758784, 28.1089306], [85.2758092, 28.108894], [85.2756373, 28.1088534], [85.27561, 28.1088284], [85.2755813, 28.1087398], [85.2755568, 28.1085638], [85.2755101, 28.108477], [85.2754473, 28.1084379], [85.2754083, 28.1084307], [85.2751765, 28.1084419], [85.2750815, 28.1084221], [85.2750367, 28.1083971], [85.2749796, 28.1083366], [85.2749267, 28.1081049], [85.2748489, 28.1079807], [85.2746771, 28.1077927], [85.2744599, 28.1076149], [85.2740853, 28.107395], [85.2738132, 28.1072704], [85.2736109, 28.1072039], [85.2735078, 28.1071811], [85.2730324, 28.1071235], [85.2728981, 28.1070958], [85.2727514, 28.1070438], [85.2726745, 28.1070058], [85.2726016, 28.1069612], [85.2724709, 28.1068594], [85.2723211, 28.1067038], [85.2722418, 28.1065896], [85.2718936, 28.1057988], [85.2717537, 28.1055297], [85.2716827, 28.1054544], [85.2714004, 28.1052333], [85.2713191, 28.1051558], [85.2711876, 28.1049874], [85.2710554, 28.1046086]]}, "properties": {"kind": "river", "name": "Trishuli Ganga River"}}, {"type": "Feature", "geometry": {"type": "LineString", "coordinates": [[85.413405, 27.854403], [85.4130496, 27.854712], [85.412897, 27.8547762], [85.4126981, 27.8547658], [85.4123873, 27.8546461], [85.4121355, 27.8546256], [85.4120431, 27.8546144], [85.4118525, 27.8546414], [85.4113024, 27.8548818], [85.4111623, 27.854987], [85.4110439, 27.8550649], [85.4109297, 27.8551268], [85.4108638, 27.8552188], [85.4107628, 27.8552666], [85.4105958, 27.8553122], [85.4104263, 27.8552955], [85.4101971, 27.8551319], [85.4101279, 27.8549059], [85.4101433, 27.8546691], [85.4100622, 27.854297], [85.4098822, 27.8540246], [85.4092864, 27.8539314], [85.4088699, 27.8539854], [85.4079107, 27.8547786], [85.4061816, 27.8552112], [85.4056235, 27.8555398], [85.4051492, 27.8560938], [85.4046534, 27.8564728], [85.4040004, 27.8566016], [85.4035807, 27.8565891], [85.4032467, 27.8565792], [85.4024556, 27.8563554], [85.4016563, 27.8559361], [85.4012719, 27.8557206], [85.4009499, 27.8558129], [85.4006576, 27.8561378], [85.4002621, 27.8572881], [85.400097, 27.8581252], [85.3998676, 27.8587583], [85.3997053, 27.8588369], [85.3995139, 27.8588369], [85.3989046, 27.858683], [85.3984303, 27.85891], [85.397821, 27.858887], [85.3973903, 27.8586869], [85.396841, 27.8581151], [85.3963594, 27.8581483], [85.3958408, 27.858035], [85.3953354, 27.8577764], [85.3945385, 27.8577104], [85.3935304, 27.8574863], [85.3932685, 27.8574771], [85.3929798, 27.8577439], [85.3926593, 27.8581071], [85.3924132, 27.858572], [85.3921319, 27.8588051], [85.3915638, 27.8589417], [85.3914064, 27.8591155], [85.3911504, 27.859787], [85.3911064, 27.8599024], [85.3910365, 27.8600389], [85.3908452, 27.8601315], [85.3903023, 27.8601343], [85.3896781, 27.8600291], [85.3891255, 27.8598144], [85.3886244, 27.8593529], [85.3882827, 27.8592658], [85.3878355, 27.8592132], [85.387271, 27.8593316], [85.3864065, 27.859907], [85.3859802, 27.8600864], [85.3856792, 27.8602131], [85.3840105, 27.8605013], [85.3836156, 27.860584], [85.3829297, 27.8608113], [85.3827735, 27.8609373], [85.3824499, 27.8609192], [85.3814055, 27.8609838], [85.3812428, 27.861124], [85.3812126, 27.8612955], [85.3811421, 27.8615829], [85.381034, 27.8616914], [85.3808709, 27.8617211], [85.3804667, 27.861706], [85.3801793, 27.8616416], [85.3798188, 27.8614079], [85.3792401, 27.8612435], [85.3786585, 27.8613092], [85.378576, 27.8613146], [85.3778923, 27.8614302], [85.3765272, 27.8617288], [85.3761636, 27.8618014], [85.3754188, 27.8617977], [85.3749205, 27.8615568], [85.3745436, 27.8610295], [85.3739477, 27.860664], [85.3734365, 27.860546], [85.372918, 27.8603129], [85.3726513, 27.8602186], [85.3725395, 27.8602121], [85.3723924, 27.8601536], [85.3721278, 27.8599827], [85.3720087, 27.859912], [85.3718492, 27.8598376], [85.3716227, 27.8595795], [85.3715305, 27.8593537], [85.3712514, 27.8590965], [85.3707366, 27.8589195], [85.369745, 27.8590463], [85.3694329, 27.8590108], [85.3691516, 27.8590542], [85.3689079, 27.8591885], [85.3685579, 27.8595523], [85.3684444, 27.8596129], [85.3683278, 27.8596516], [85.3681214, 27.8594493], [85.3678319, 27.859383], [85.3671173, 27.8594014], [85.3668907, 27.8594645], [85.3667556, 27.8596956], [85.3667157, 27.8602945], [85.3668103, 27.8607587], [85.3668316, 27.8609865], [85.3667495, 27.8611239], [85.3659204, 27.8616791], [85.3654321, 27.861949], [85.3649659, 27.8622705], [85.3647816, 27.8623701], [85.3646725, 27.8623937], [85.3645374, 27.8624229], [85.3641515, 27.8624259], [85.36405, 27.8624663], [85.3638295, 27.8625693], [85.3636581, 27.8628154], [85.3634703, 27.8630192], [85.3622625, 27.8633661], [85.3616528, 27.8630104], [85.361019, 27.8625197], [85.3612749, 27.8620348], [85.3610432, 27.8616144], [85.3593971, 27.861512], [85.3589515, 27.8616049], [85.3584738, 27.8619142], [85.3571483, 27.8617608], [85.356354, 27.8620548], [85.3557654, 27.8620178], [85.3552485, 27.8615773], [85.3542639, 27.8616468], [85.353575, 27.8612964], [85.3529855, 27.8611256], [85.3524351, 27.8611996], [85.3512421, 27.8612639], [85.3508681, 27.8608868], [85.350039, 27.8602777], [85.3488544, 27.8602399], [85.3485197, 27.8610428], [85.3479723, 27.8611401], [85.3469786, 27.860682], [85.3465958, 27.8605843], [85.3462558, 27.8607072], [85.3459813, 27.8609472], [85.3454361, 27.8608437], [85.3450231, 27.8607084], [85.3441915, 27.8600676], [85.3433753, 27.8596963], [85.3432108, 27.8596495], [85.3430192, 27.8597513], [85.342652, 27.8602245], [85.3421668, 27.8605506], [85.3418595, 27.8606197], [85.3415346, 27.860617], [85.3412219, 27.8605194], [85.3408912, 27.8604166], [85.3403315, 27.8605113], [85.3397664, 27.8605957], [85.3389882, 27.860787], [85.3382544, 27.8610808], [85.337872, 27.8610687], [85.337536, 27.8609901], [85.3371784, 27.8608885], [85.3367855, 27.8607838], [85.3362724, 27.8605149], [85.3361445, 27.8602849], [85.33596, 27.8601129], [85.3355485, 27.8600722], [85.3353403, 27.8600945], [85.3350413, 27.860239], [85.3349221, 27.8603578], [85.3347617, 27.8604325], [85.3341942, 27.8607089], [85.333624, 27.8607653], [85.3324419, 27.8606625], [85.3322229, 27.8606434], [85.3320956, 27.8606713], [85.331837, 27.8607107], [85.3304143, 27.8614527], [85.3299818, 27.8616787], [85.3295699, 27.8618316], [85.3286399, 27.8618798], [85.3280128, 27.8617965], [85.3273286, 27.8618429], [85.3269187, 27.8618409], [85.3268244, 27.8618405], [85.3263827, 27.8618384], [85.3260088, 27.8617819], [85.3255757, 27.8615657], [85.3248858, 27.8610685], [85.3238408, 27.86045], [85.3229026, 27.8601183], [85.3221598, 27.8600592], [85.3213193, 27.8599319], [85.3199606, 27.8594772], [85.3191589, 27.8593206], [85.3178161, 27.8592008], [85.3169951, 27.8592838], [85.3163548, 27.8593486], [85.3138904, 27.8593293], [85.3136905, 27.8593936], [85.3135131, 27.8595462], [85.3133778, 27.8604734], [85.3131598, 27.8608976], [85.3127223, 27.8613126], [85.3116488, 27.8614719], [85.3110279, 27.8619694], [85.310809, 27.8621448], [85.3105329, 27.8625079], [85.3105867, 27.8629681], [85.3106135, 27.8633832], [85.3103852, 27.8637118], [85.3094881, 27.8644776], [85.3085174, 27.8647762], [85.3078965, 27.8647761], [85.3069211, 27.864596], [85.3065548, 27.864581], [85.3063802, 27.8645739], [85.3062594, 27.8645955], [85.3056082, 27.8647524], [85.3051902, 27.8650745], [85.3047454, 27.8654109], [85.3043174, 27.8653912], [85.3040005, 27.865283], [85.3038611, 27.8648945], [85.3035914, 27.8648058], [85.3035579, 27.8648122], [85.3030783, 27.8649375], [85.3024142, 27.8651835], [85.3021631, 27.8651285], [85.3017407, 27.8647634], [85.3009678, 27.8640954], [85.2998386, 27.8624796], [85.2988189, 27.862287], [85.2970978, 27.862726], [85.2954179, 27.862779], [85.2947877, 27.8629624], [85.2943759, 27.863282], [85.2932609, 27.8641473], [85.2898544, 27.8667907], [85.2885414, 27.8666647], [85.2869875, 27.8671081], [85.2856812, 27.8677533], [85.2853205, 27.8680645], [85.2844594, 27.8685843], [85.2841018, 27.8688968], [85.283865, 27.8692121], [85.2835772, 27.8693633], [85.2826031, 27.8696119], [85.2815684, 27.869706], [85.2811128, 27.8698716], [85.2808574, 27.8696157], [85.2796556, 27.8698946], [85.2784755, 27.8702858], [85.2778369, 27.8708485], [85.2774134, 27.8714786], [85.2772747, 27.8720226], [85.2770669, 27.8722017], [85.2767289, 27.8723332], [85.2758096, 27.8723907], [85.2753207, 27.8722959], [85.2748087, 27.872272], [85.2743082, 27.8724116], [85.2740721, 27.8725978], [85.2739852, 27.872639], [85.2736976, 27.8734654], [85.2733943, 27.8736998], [85.2727412, 27.8739907], [85.27226, 27.8744808], [85.2719843, 27.8749949], [85.2720316, 27.8756819], [85.2717658, 27.8760366], [85.2711402, 27.8766732], [85.2706918, 27.8770806], [85.2702788, 27.8775166], [85.2687143, 27.8782836], [85.2683588, 27.8785056], [85.2680118, 27.8787728], [85.2678117, 27.8790024], [85.267735, 27.8793637], [85.2680013, 27.8796713], [85.2678741, 27.8801082], [85.2672448, 27.8802034], [85.2668622, 27.8804401], [85.2659084, 27.8808955], [85.2656061, 27.8810949], [85.2651123, 27.8811025], [85.2641074, 27.8814299], [85.2634899, 27.88175], [85.2626425, 27.8816745], [85.2621199, 27.881725], [85.2617158, 27.8815509], [85.2610892, 27.8821551], [85.260606, 27.8824956], [85.260268, 27.8824747], [85.2597645, 27.8826569], [85.2593083, 27.8829825], [85.2593117, 27.8834097], [85.2585445, 27.8837651], [85.2582627, 27.8841913], [85.257649, 27.8843088], [85.2564193, 27.8847294], [85.2559648, 27.8851606], [85.2557766, 27.8854021], [85.2555262, 27.8857232], [85.2555504, 27.8865281], [85.2554139, 27.8868011], [85.2550739, 27.8870538], [85.2540635, 27.8875914], [85.2527794, 27.8880843], [85.2513161, 27.8884307], [85.2508637, 27.8886645], [85.2507977, 27.8887496], [85.2506402, 27.8888926], [85.2505593, 27.8892953], [85.2503825, 27.8896186], [85.2504656, 27.8899576], [85.2505412, 27.8902147], [85.2502686, 27.89111], [85.2499654, 27.8917908], [85.2498775, 27.8921949], [85.2495213, 27.8927454], [85.2485258, 27.8929472], [85.2475541, 27.8930164]]}, "properties": {"kind": "river", "name": "Likhu Khola"}}, {"type": "Feature", "geometry": {"type": "LineString", "coordinates": [[85.1523216, 27.8766508], [85.1503691, 27.8753453], [85.1497291, 27.8749681], [85.149507, 27.8748953], [85.1492873, 27.8750004], [85.1490533, 27.8752939], [85.1487923, 27.8754917], [85.1483563, 27.8757448], [85.1480441, 27.8758248], [85.1477499, 27.875882], [85.1467955, 27.8758904], [85.1459879, 27.875797], [85.1453654, 27.8756313], [85.1449134, 27.8754134], [85.1446031, 27.8752401], [85.144278, 27.8749501], [85.1435627, 27.8742424], [85.1433666, 27.8738277], [85.1432633, 27.8732809], [85.1432794, 27.8726505], [85.1434202, 27.8720439], [85.143851, 27.8711413], [85.1440101, 27.8708164], [85.1441248, 27.8707146], [85.1442013, 27.8705813], [85.144193, 27.8704414], [85.1441248, 27.8703027], [85.1437405, 27.8697677], [85.1434922, 27.8695425], [85.1432572, 27.8691569], [85.1432053, 27.8688757], [85.1432634, 27.8687323], [85.1436271, 27.8682373], [85.144017, 27.8677638], [85.1442864, 27.8670719], [85.144502, 27.8665369], [85.1444993, 27.8660882], [85.1442302, 27.8658208], [85.1437093, 27.8656236], [85.1422442, 27.866093], [85.1415898, 27.8665257], [85.1411284, 27.8666241], [85.1405713, 27.8665632], [85.1401438, 27.866334], [85.1393252, 27.8661138], [85.1390997, 27.8661246], [85.1389589, 27.8659521], [85.1382252, 27.8645687], [85.1380822, 27.8643871], [85.1378293, 27.8642038], [85.1375235, 27.8641201], [85.1364411, 27.8636857], [85.1352296, 27.8635782], [85.135043, 27.8634625], [85.1349079, 27.8632643], [85.1347769, 27.8628302], [85.1348277, 27.8622894], [85.1349164, 27.8620232], [85.1352919, 27.8616161], [85.1354309, 27.8613677], [85.1354063, 27.8609584], [85.1352525, 27.8604927], [85.1351104, 27.860233], [85.1347277, 27.8596801], [85.1344965, 27.8595123], [85.1342909, 27.8593633], [85.1336877, 27.8591527], [85.1330923, 27.8589902], [85.1326902, 27.8589561], [85.132202, 27.8590361], [85.1310862, 27.8591879], [85.1297537, 27.8593054], [85.1285112, 27.8595673], [85.127753, 27.859687], [85.1272978, 27.8595711], [85.1263623, 27.8590541], [85.1260404, 27.8587316], [85.1255898, 27.8583522], [85.1251606, 27.8580866], [85.1247408, 27.8580299], [85.1241225, 27.8582406], [85.123723, 27.8585609], [85.1234337, 27.8588958], [85.123208, 27.8589213], [85.1228647, 27.8589213], [85.122457, 27.8588265], [85.1217489, 27.858466], [85.1213841, 27.8580107], [85.121191, 27.8575175], [85.120912, 27.8570811], [85.1206974, 27.8569294], [85.1203845, 27.8568552], [85.1196145, 27.8571538], [85.1191364, 27.8572092], [85.1182942, 27.8573847], [85.117865, 27.8574985], [85.1175217, 27.8574416], [85.1169209, 27.8573847], [85.1162491, 27.8574832], [85.1157206, 27.8574631], [85.1152124, 27.8575578], [85.1146651, 27.8575734], [85.1143217, 27.8573835], [85.1139971, 27.8572163], [85.1136391, 27.8571405], [85.1133239, 27.8571655], [85.1130948, 27.8572756], [85.1129083, 27.8575744], [85.1127366, 27.8580107], [85.1122877, 27.8586544], [85.112127, 27.8587534], [85.1117402, 27.8587447], [85.1111271, 27.8586435], [85.1108302, 27.8586959], [85.110665, 27.8586765], [85.110514, 27.8585515], [85.1103458, 27.858367], [85.1101635, 27.8582969], [85.109878, 27.858307], [85.1094979, 27.8584524], [85.109121, 27.8586522], [85.1089021, 27.8587473], [85.1083648, 27.8589101], [85.1076196, 27.8590561], [85.1072188, 27.8590888], [85.1069278, 27.8590962]]}, "properties": {"kind": "river", "name": "Tadi Khola"}}, {"type": "Feature", "geometry": {"type": "LineString", "coordinates": [[85.0944762, 27.8601759], [85.0926139, 27.8603357], [85.0909334, 27.8604799], [85.0894857, 27.8603773], [85.0893594, 27.8603205], [85.0892543, 27.8602328], [85.0891822, 27.8600385], [85.0885678, 27.857563], [85.0884335, 27.8573224], [85.0882497, 27.857136], [85.087858, 27.8569549], [85.0863703, 27.8563353], [85.0814161, 27.8561827], [85.081069, 27.8561726], [85.0791811, 27.8561176], [85.0772339, 27.8550037], [85.0747642, 27.8534529], [85.0723582, 27.8530758], [85.0707918, 27.8537019], [85.0691369, 27.854686], [85.0676027, 27.8557081], [85.0656983, 27.8565831], [85.0636679, 27.8574416], [85.0629893, 27.8578471], [85.0625333, 27.8583735], [85.0617394, 27.859398], [85.0603661, 27.8601354], [85.0591859, 27.8598153], [85.0577965, 27.8586913], [85.0575605, 27.8582099], [85.0574961, 27.8578495], [85.0571989, 27.8562394], [85.0564045, 27.855267], [85.0548461, 27.8542615], [85.0532019, 27.8535667], [85.0515473, 27.8531007], [85.0507316, 27.8529454], [85.0498304, 27.8528292], [85.0489318, 27.8528624], [85.0483096, 27.8529857], [85.0477892, 27.8532228], [85.0474834, 27.8534552], [85.0472099, 27.8537635], [85.0468183, 27.8541596], [85.0464964, 27.8543445], [85.0457293, 27.8547619], [85.0447851, 27.8553524], [85.0438265, 27.8560646], [85.0430963, 27.8565535], [85.0425157, 27.8567535], [85.0422379, 27.8567411], [85.0418291, 27.8566843], [85.0414495, 27.8565449], [85.0412571, 27.856435], [85.0397499, 27.8555741], [85.0378869, 27.8543968], [85.0374526, 27.8542369], [85.0361757, 27.8537669], [85.0347799, 27.8537307], [85.0340791, 27.8537255], [85.0335359, 27.8538133], [85.0329986, 27.8540302], [85.0325255, 27.8542832], [85.0321518, 27.8544123], [85.0318189, 27.8543813], [85.031521, 27.8542626], [85.0312582, 27.8540095], [85.0310538, 27.8536739], [85.0308552, 27.8533693], [85.0301894, 27.8525431], [85.0296054, 27.8518047], [85.029366, 27.8509836], [85.0291674, 27.8501058], [85.029109, 27.8494655], [85.0289805, 27.8487115], [85.0287819, 27.8483965], [85.0285838, 27.8481962], [85.0262589, 27.8467854], [85.025342, 27.8463103], [85.0239579, 27.8457216], [85.0230001, 27.8452827], [85.0222408, 27.8448024], [85.0210786, 27.8435785], [85.0207749, 27.8433823], [85.020407, 27.8432945], [85.0200274, 27.8432842], [85.0196828, 27.8432377], [85.0193849, 27.8431189], [85.0192097, 27.8429898], [85.0191338, 27.8428039], [85.019128, 27.8425302], [85.0192623, 27.8419053], [85.0194258, 27.8412805], [85.0199222, 27.8402166], [85.020553, 27.8393181], [85.0210786, 27.8385641], [85.02154, 27.8379185], [85.0219605, 27.8372575], [85.0226847, 27.8369683], [85.0230585, 27.8366481], [85.0232687, 27.8361471], [85.0234147, 27.8354396], [85.023257, 27.8346649], [85.0231402, 27.8337818], [85.0229709, 27.833162], [85.0228949, 27.8329658], [85.0226672, 27.8326559], [85.0220131, 27.8318967], [85.0209151, 27.8307346], [85.0195348, 27.8292612], [85.0184888, 27.8283124], [85.0179094, 27.8276388], [85.0175929, 27.8270126], [85.0174051, 27.8264955], [85.0172442, 27.8258503], [85.0172442, 27.8254755], [85.0172883, 27.8250274], [85.0173992, 27.8243663], [85.0174802, 27.8235114], [85.0173992, 27.8225276], [85.0172766, 27.8216405], [85.0171047, 27.8202093], [85.0169894, 27.8197017], [85.0168633, 27.8192415], [85.01674, 27.8189497], [85.0165737, 27.8187433], [85.0163215, 27.8184563], [85.0157958, 27.8178751], [85.0154069, 27.8173745], [85.015144, 27.8168242], [85.0147694, 27.8158787], [85.0141597, 27.8150165], [85.0135079, 27.8142194], [85.0127918, 27.8134223], [85.0123975, 27.8129099], [85.0122043, 27.812573], [85.0120193, 27.8118281], [85.0119603, 27.8111401], [85.0120676, 27.810324], [85.0123438, 27.8098495], [85.012832, 27.8095719], [85.0135696, 27.8092516], [85.0141382, 27.8088697], [85.0143287, 27.8086229], [85.0144708, 27.8082434], [85.0143716, 27.8078756]]}, "properties": {"kind": "river", "name": "Trisuli"}}, {"type": "Feature", "geometry": {"type": "LineString", "coordinates": [[85.3769971, 28.2780537], [85.3768216, 28.2779066], [85.3767462, 28.2777463], [85.3767613, 28.2775121], [85.3769391, 28.2771348], [85.3771714, 28.2758879], [85.3773933, 28.2751452], [85.3776105, 28.2744659], [85.3777286, 28.2734137], [85.3776181, 28.2726571], [85.3775209, 28.2719917], [85.3776048, 28.2713134], [85.3775962, 28.2706383], [85.3775949, 28.270283], [85.3773685, 28.2698453], [85.3767389, 28.2692069], [85.3763324, 28.2688538], [85.376239, 28.2682701], [85.3761588, 28.268068], [85.3760461, 28.2677839], [85.3758622, 28.2674971], [85.3758404, 28.2671284], [85.3757841, 28.2668506], [85.3755782, 28.266605], [85.3752892, 28.2663322], [85.3750465, 28.2662087], [85.3747305, 28.2660842], [85.374483, 28.2660575], [85.3740981, 28.2658021], [85.3738543, 28.2655288], [85.3736376, 28.2652264], [85.3732695, 28.2649583], [85.3728356, 28.2648002], [85.3726159, 28.2645444], [85.3725014, 28.2642226], [85.3725293, 28.2637686], [85.3727395, 28.2633658], [85.3728672, 28.2630691], [85.372849, 28.2627265], [85.3726205, 28.2623202], [85.3721556, 28.2619653], [85.371794, 28.2617948], [85.3711533, 28.2614335], [85.3709295, 28.2612648], [85.3706772, 28.2609758], [85.3701434, 28.2603391], [85.369643, 28.2598333], [85.369335, 28.2595682], [85.3689459, 28.2591658], [85.3687436, 28.2589566], [85.3680626, 28.2586969], [85.3674829, 28.2585703], [85.3665112, 28.2584886], [85.3658447, 28.2581913], [85.3655834, 28.2579395], [85.3654734, 28.2576234], [85.3655078, 28.2570507], [85.3655078, 28.2564967], [85.3651377, 28.254852], [85.3650429, 28.2542095], [85.3650446, 28.2534983], [85.3650598, 28.2530637], [85.3650195, 28.2522315], [85.3648935, 28.2520075], [85.3647465, 28.2517719], [85.3646775, 28.2514446], [85.3646449, 28.2511203], [85.3648108, 28.2505815], [85.36497, 28.2500646], [85.3650164, 28.2497402], [85.3649821, 28.249554], [85.3648616, 28.2494292], [85.364336, 28.2489507], [85.3640952, 28.2486872], [85.3638697, 28.2481966], [85.3633558, 28.2467827], [85.3631936, 28.2465653], [85.3629994, 28.2463895], [85.3624306, 28.2458514], [85.3611588, 28.2450484], [85.3604894, 28.2447003], [85.3596845, 28.2442672], [85.3592583, 28.2438852], [85.3588736, 28.2434913], [85.3586512, 28.2432473], [85.358457, 28.2428725], [85.3582262, 28.2423521], [85.3581454, 28.2416326], [85.3581813, 28.2411955], [85.3582245, 28.2406879], [85.3582515, 28.2403252], [85.3582567, 28.2397252], [85.3582034, 28.2392849], [85.3582631, 28.2386698], [85.3581634, 28.2382734], [85.3580332, 28.2380123], [85.3579697, 28.2378227], [85.3579239, 28.2376081], [85.3579374, 28.2373559], [85.358087, 28.2370764], [85.3584222, 28.23691], [85.3585944, 28.2368124], [85.3587017, 28.2366909], [85.3587843, 28.2364763], [85.358794, 28.2362643], [85.3588086, 28.2359585], [85.3588799, 28.2357066], [85.3590113, 28.2351725], [85.3591105, 28.2349433], [85.3592688, 28.2347566], [85.3594673, 28.2345889], [85.3596367, 28.2343824], [85.3598347, 28.233913], [85.360057, 28.2334183], [85.3603115, 28.2329665], [85.3603513, 28.2327601], [85.3603578, 28.2321643], [85.3603979, 28.2316935], [85.3604357, 28.2311473], [85.3605317, 28.23082], [85.360677, 28.2305289], [85.3607477, 28.2302819], [85.3608379, 28.2300611], [85.3608727, 28.2295459], [85.3609988, 28.2289197], [85.361031, 28.2285227], [85.3610095, 28.2280429], [85.360978, 28.2276578], [85.3609934, 28.227386], [85.3610739, 28.2266628], [85.36108, 28.2264494], [85.3610873, 28.2258924], [85.361097, 28.2255196], [85.3611168, 28.2251645], [85.3611661, 28.2247643], [85.3611157, 28.2243836], [85.3610444, 28.2241672], [85.3609334, 28.2237594], [85.3609103, 28.2234369], [85.3608544, 28.2231308], [85.3608245, 28.2229265], [85.3607766, 28.2227661], [85.3606904, 28.222631], [85.360536, 28.222457], [85.3603604, 28.2221915], [85.3599903, 28.2218275], [85.3599375, 28.2217743], [85.3597462, 28.2215817], [85.3595547, 28.2213854], [85.3593171, 28.2213028], [85.3591132, 28.2212627], [85.3588825, 28.2211563], [85.3587438, 28.2210795], [85.3586572, 28.2209271], [85.3585698, 28.2207489], [85.3584718, 28.2205331], [85.3582308, 28.2202393], [85.3580672, 28.2200337], [85.3577882, 28.2197855], [85.3576004, 28.2196012], [85.3573912, 28.2193649], [85.3571874, 28.2190907], [85.3568763, 28.2188165], [85.3565893, 28.2185944], [85.3564122, 28.218462], [85.356254, 28.2182659], [85.3559624, 28.2179836], [85.3557745, 28.2177415], [85.3556367, 28.2175385], [85.3555419, 28.2173248], [85.3554214, 28.2170492], [85.3552582, 28.216824], [85.3550939, 28.2165683], [85.3548749, 28.216323], [85.3548004, 28.216186], [85.3547013, 28.2160753], [85.3546174, 28.2158921], [85.3546029, 28.2156445], [85.354615, 28.2154387], [85.3546433, 28.2152425], [85.3546835, 28.2147811], [85.3547627, 28.214411], [85.3548374, 28.2140348], [85.3548592, 28.2136405], [85.3548512, 28.2132576], [85.3547822, 28.212834], [85.3546037, 28.2121479], [85.3544623, 28.2117237], [85.3543764, 28.2114968], [85.354277, 28.2112688], [85.3541994, 28.2110146], [85.3541709, 28.2107702], [85.354202, 28.2105184], [85.3542691, 28.2101235], [85.3542678, 28.2099214], [85.3542182, 28.2097264], [85.3541944, 28.2094957], [85.354186, 28.2092868], [85.3542477, 28.2088826], [85.3543558, 28.2085319], [85.3543335, 28.2082209], [85.3544435, 28.2077953], [85.3545052, 28.2075826], [85.3546929, 28.2071926], [85.3548217, 28.2067884], [85.3548605, 28.2065511], [85.3548646, 28.2064575], [85.3548955, 28.2062059], [85.3548431, 28.2060722], [85.3548029, 28.2059091], [85.3546876, 28.2057058], [85.3545772, 28.2055263], [85.3544489, 28.2053962], [85.3543079, 28.2052212], [85.3538936, 28.2047532], [85.3537488, 28.2045311], [85.35362, 28.2043065], [85.3535745, 28.2041907], [85.3532921, 28.2037442], [85.3532002, 28.2032427], [85.352985, 28.2023396], [85.3525852, 28.2003513], [85.35248, 28.1995918], [85.3523831, 28.199336], [85.352108, 28.1990037], [85.3519543, 28.1985975], [85.3518202, 28.1980166], [85.3515916, 28.1976113], [85.351472, 28.1974739], [85.3512821, 28.1973014], [85.3510543, 28.1971358], [85.3509353, 28.197051], [85.350757, 28.1968721], [85.3505912, 28.1965873], [85.3503538, 28.1956769], [85.3502347, 28.1952771], [85.3497741, 28.1942085], [85.3491297, 28.1934251], [85.3488563, 28.1919014], [85.3487439, 28.1916413], [85.3483397, 28.1911612], [85.3474878, 28.1897316], [85.3466022, 28.1887847], [85.346156, 28.1882563], [85.3459219, 28.1874569], [85.3457747, 28.1867874], [85.3458047, 28.1862178], [85.3451906, 28.1856063], [85.3445442, 28.1849538], [85.344102, 28.1840369], [85.3439246, 28.1836371], [85.3438114, 28.1831794], [85.3436949, 28.1827808], [85.343715, 28.1824017], [85.3436936, 28.1823194], [85.3436134, 28.1821557], [85.3434173, 28.1820751], [85.3431107, 28.1819754], [85.3429162, 28.1817393], [85.3427556, 28.1811583]]}, "properties": {"kind": "river", "name": "Bhote Koshi"}}, {"type": "Feature", "geometry": {"type": "LineString", "coordinates": [[85.0345777, 27.8948099], [85.0349629, 27.8945907], [85.0352953, 27.8945394], [85.0364403, 27.8942129], [85.0370524, 27.8940637], [85.0377067, 27.8938772], [85.038171, 27.8939145], [85.0384929, 27.8938259], [85.0388464, 27.8936253], [85.0391103, 27.8934901], [85.039448, 27.8934388], [85.0399281, 27.8933968], [85.0402395, 27.8935088], [85.0404198, 27.8934538], [85.041275, 27.8934339], [85.0416801, 27.8932578], [85.0423214, 27.8926952], [85.0423053, 27.8924949], [85.0420177, 27.8923634], [85.0416949, 27.8916763], [85.0417585, 27.8912744], [85.0420131, 27.8911217], [85.0422768, 27.8907561], [85.0419835, 27.8903364], [85.0418949, 27.8902096], [85.0418404, 27.8898077], [85.0419904, 27.8894662], [85.0423632, 27.8893577], [85.0430634, 27.8896711], [85.0435907, 27.8896108], [85.0441318, 27.8893938], [85.0443773, 27.8893738], [85.0446228, 27.8896269], [85.0449174, 27.8897444], [85.0451578, 27.8896815], [85.0456073, 27.8891661], [85.0461949, 27.8890186], [85.0463551, 27.8888573], [85.0464019, 27.8885956], [85.046206, 27.8882435], [85.0459211, 27.8881491], [85.0452535, 27.8881865], [85.0450621, 27.8881058], [85.0451466, 27.8878068], [85.0452023, 27.8873072], [85.0455628, 27.8869413], [85.0458566, 27.886658], [85.0460324, 27.8863689], [85.0463418, 27.8861013], [85.0463418, 27.8859322], [85.0462082, 27.8857158], [85.0459056, 27.885464], [85.0457386, 27.8850745], [85.0457898, 27.8847991], [85.0454916, 27.8846024], [85.0447505, 27.8844784], [85.0443966, 27.8841912], [85.0436488, 27.8836247], [85.0431481, 27.8832962], [85.0423981, 27.8824798], [85.042178, 27.8822901], [85.0420509, 27.8821659], [85.0420372, 27.8820263], [85.0420897, 27.8817074], [85.0422317, 27.8814153], [85.0421786, 27.881239], [85.0420798, 27.8811047], [85.0414633, 27.8809965], [85.0408068, 27.8807585], [85.0407089, 27.8806247], [85.0407645, 27.8802529], [85.040947, 27.880123], [85.0415078, 27.8804142], [85.0417013, 27.8804888], [85.0417954, 27.8805194], [85.0418893, 27.8805252], [85.0419881, 27.8805173], [85.0422809, 27.8802734], [85.0426899, 27.8795464], [85.0426861, 27.8789244], [85.0426575, 27.8787009], [85.0426476, 27.8786237], [85.0424657, 27.8779512], [85.0425969, 27.8777162], [85.042862, 27.8773058], [85.0430841, 27.877078], [85.0433716, 27.8768087], [85.0440644, 27.8766173], [85.0444706, 27.8766997], [85.0447532, 27.8769634], [85.0450537, 27.8773725], [85.0452295, 27.8774394], [85.0456056, 27.8772132], [85.0466272, 27.876743], [85.0471769, 27.8767351], [85.0473905, 27.8765719], [85.0475285, 27.8763122], [85.0479113, 27.8761882], [85.0483698, 27.876501], [85.0489796, 27.8768768], [85.049556, 27.8767942], [85.0502704, 27.8768374], [85.0520064, 27.8767686], [85.0526807, 27.8768768], [85.0535442, 27.877288], [85.0548417, 27.8776499], [85.0551644, 27.8775712], [85.0556256, 27.8773414], [85.0580698, 27.8770486], [85.0596916, 27.877402], [85.0600971, 27.8769123], [85.0605597, 27.8767962], [85.0617189, 27.8760643], [85.0625184, 27.8760239], [85.0629182, 27.8760188], [85.0631751, 27.8765034], [85.0636663, 27.8766549], [85.0640603, 27.8763621], [85.0642716, 27.8759027], [85.0656935, 27.8756049], [85.066276, 27.8757059], [85.0661813, 27.8758884], [85.0661554, 27.876088], [85.0662009, 27.8762848], [85.0663134, 27.8764593], [85.0664816, 27.8765943], [85.0673668, 27.8764176], [85.0688059, 27.8765085], [85.0699708, 27.8764479], [85.0702792, 27.8762914], [85.0698623, 27.875514], [85.0693312, 27.8750496], [85.0693198, 27.8745751], [85.0686402, 27.8741965], [85.0677665, 27.8742268], [85.0672754, 27.8735756], [85.0672337, 27.8734585], [85.067239, 27.8733359], [85.0672907, 27.8732221], [85.0673828, 27.8731303], [85.0675045, 27.8730713], [85.0676416, 27.8730519], [85.067778, 27.8730745], [85.0678979, 27.8731364], [85.0684575, 27.8731566], [85.0688173, 27.8729395], [85.0692113, 27.8729244], [85.0694188, 27.8727672], [85.0695625, 27.8725618], [85.0696286, 27.8723274], [85.0696111, 27.8720864], [85.0693653, 27.8718599], [85.069212, 27.8715768], [85.0691664, 27.8712656], [85.0692331, 27.8709573], [85.0694055, 27.870683], [85.0694797, 27.8703649], [85.0692114, 27.8699566], [85.069177, 27.8695118], [85.0688932, 27.8692498], [85.068389, 27.8696885], [85.0681992, 27.8696214], [85.0680417, 27.8695061], [85.0679318, 27.8693538], [85.0678798, 27.869179], [85.0678909, 27.8689985], [85.067964, 27.8688298], [85.068092, 27.8686889], [85.0683026, 27.8683226], [85.0683587, 27.8679146], [85.0682537, 27.8675144], [85.0680001, 27.86717], [85.067527, 27.866852], [85.0671873, 27.8664208], [85.0670139, 27.8659183], [85.0670236, 27.8653929], [85.0673375, 27.8643544], [85.0679658, 27.8634341], [85.0680515, 27.8629292], [85.0675604, 27.8625859], [85.0675259, 27.8619112], [85.0675545, 27.861835], [85.0678573, 27.8609199], [85.067905, 27.8607501], [85.0678913, 27.8605757], [85.0678175, 27.8604134], [85.0676908, 27.860279], [85.0675236, 27.8601857], [85.0673319, 27.8601424], [85.0664925, 27.8601575], [85.065476, 27.8598041], [85.0641228, 27.8592395], [85.0637712, 27.8591014], [85.0631526, 27.8590285], [85.0626745, 27.8592068], [85.062438, 27.8593505], [85.062305, 27.8594168], [85.062241, 27.8594454], [85.0617394, 27.859398]]}, "properties": {"kind": "river", "name": null}}, {"type": "Feature", "geometry": {"type": "LineString", "coordinates": [[85.2977091, 27.9702329], [85.2977497, 27.9699456], [85.2978672, 27.9698658], [85.2978266, 27.9696782], [85.2980118, 27.9695665], [85.297944, 27.9691834], [85.2980389, 27.9689719], [85.2979892, 27.9687644], [85.2981157, 27.9683414], [85.2983145, 27.9680222], [85.2985088, 27.9678386], [85.2991458, 27.9674995], [85.2993672, 27.9672081], [85.2994892, 27.9670884], [85.2994395, 27.9669408], [85.2993175, 27.9667492], [85.2991549, 27.9665896], [85.2990467, 27.9663765], [85.2991425, 27.966004], [85.2993118, 27.9657557], [85.2993374, 27.965513], [85.2992735, 27.9653155], [85.299331, 27.9652167], [85.2993566, 27.9651434], [85.299331, 27.964991], [85.2994045, 27.9648838], [85.2995099, 27.9649092], [85.2995825, 27.9648736], [85.2996185, 27.9647963], [85.2997655, 27.9648161], [85.2999252, 27.964706], [85.3000722, 27.9647032], [85.3000978, 27.9646355], [85.2999891, 27.964548], [85.2999252, 27.9644351], [85.2999348, 27.9643251], [85.3000852, 27.9641958], [85.3000821, 27.9640244], [85.3000703, 27.9633762], [85.3000676, 27.963227], [85.300565, 27.9627736], [85.3016271, 27.9618055], [85.3019893, 27.9614754], [85.302239, 27.9611078], [85.3023965, 27.9607104], [85.302553, 27.9605257], [85.3026894, 27.9602481], [85.3029634, 27.9600415], [85.3032752, 27.9594975], [85.3033407, 27.9589952], [85.3034048, 27.958556], [85.303616, 27.9583228], [85.303812, 27.9580022], [85.3038491, 27.9579088], [85.3039542, 27.9576444], [85.3044054, 27.9573423], [85.3045983, 27.9572716], [85.3050606, 27.9572047], [85.3055116, 27.9569631], [85.3058136, 27.9568731], [85.3059446, 27.9567702], [85.3061556, 27.9568088], [85.3065317, 27.9566562], [85.3068744, 27.9563363], [85.3069033, 27.9557553], [85.307002, 27.9554943], [85.3067704, 27.9552129], [85.3062685, 27.9552903], [85.306066, 27.9552379], [85.3060045, 27.9549203], [85.3059134, 27.9544061], [85.3060402, 27.9539043], [85.3058432, 27.953332]]}, "properties": {"kind": "river", "name": null}}, {"type": "Feature", "geometry": {"type": "LineString", "coordinates": [[85.3058432, 27.953332], [85.3058156, 27.9530559], [85.3054731, 27.9530026], [85.3051847, 27.9528404], [85.3046979, 27.9521619], [85.3048951, 27.9512824], [85.3047551, 27.9509473], [85.3051057, 27.9505305], [85.3053864, 27.9505409], [85.3061762, 27.9510034], [85.3068326, 27.951056], [85.3064293, 27.9502558], [85.3059081, 27.9501352], [85.3055149, 27.9495819], [85.3041775, 27.9494097], [85.3035937, 27.9489513], [85.3033263, 27.9485322], [85.3039434, 27.9477688], [85.3043804, 27.947486], [85.304785, 27.9465176], [85.305207, 27.9460133], [85.3063363, 27.9453446], [85.3053683, 27.9438646], [85.3050696, 27.9430335], [85.305076, 27.9428508], [85.3053339, 27.9426586], [85.306125, 27.9424326], [85.3060508, 27.9410581], [85.3039908, 27.9398631], [85.3031221, 27.9394246], [85.3029547, 27.939185], [85.3030477, 27.9386133], [85.3038047, 27.9382735], [85.3033952, 27.9376705], [85.3029041, 27.9373179], [85.3028346, 27.9370708], [85.3030805, 27.9368347], [85.3036809, 27.9367348], [85.3043888, 27.9367613], [85.3045728, 27.9365034], [85.3045905, 27.9363096], [85.3040529, 27.9353681], [85.3039889, 27.9350901], [85.3041517, 27.9350026], [85.304502, 27.935309], [85.3049216, 27.9353681], [85.3053833, 27.9350682], [85.3054201, 27.9346415], [85.3051599, 27.934426], [85.3046721, 27.9341171], [85.3045362, 27.9336907], [85.3045962, 27.9333092], [85.3045989, 27.9330037], [85.3047696, 27.9325367], [85.3050298, 27.932156], [85.3051674, 27.9315849], [85.3053384, 27.9312409], [85.3053818, 27.9308755], [85.3051534, 27.9305998], [85.3046113, 27.9302832], [85.3044252, 27.9299519], [85.3044612, 27.9297528], [85.3050223, 27.9292553], [85.3050329, 27.9290146], [85.3052559, 27.9288238], [85.3051599, 27.9285569], [85.3050054, 27.9284276], [85.3048509, 27.9283055], [85.3047647, 27.9281585], [85.3046448, 27.9279534], [85.3047514, 27.9276339], [85.3047414, 27.9273451], [85.3045369, 27.926849], [85.3041223, 27.9262988], [85.3040492, 27.926032], [85.3041177, 27.9256707], [85.3042756, 27.9255402], [85.304587, 27.9254902], [85.3051106, 27.925108], [85.3051931, 27.9249609], [85.3051573, 27.9247986], [85.3049582, 27.9244512], [85.3045989, 27.9243162], [85.3033703, 27.9239214], [85.3025017, 27.9238557], [85.3022783, 27.923121], [85.3025389, 27.9223973], [85.3034076, 27.921882], [85.302936, 27.9208732], [85.3024924, 27.9205561], [85.3023182, 27.9206286], [85.3020441, 27.9209568], [85.3020057, 27.9209998], [85.3018033, 27.9210337], [85.3015779, 27.9209839], [85.301414, 27.9210134], [85.3008735, 27.9210745], [85.3006481, 27.9209862], [85.3004076, 27.9206435], [85.3001314, 27.920599], [85.2997944, 27.9205768], [85.2996482, 27.920483], [85.2995979, 27.9203432], [85.2998541, 27.9197722], [85.3000352, 27.919244], [85.3001025, 27.9189228], [85.3001258, 27.9188759], [85.3008793, 27.9185814], [85.3012053, 27.9183446], [85.3016082, 27.9180022]]}, "properties": {"kind": "river", "name": "\u0926\u094b\u0930\u094d\u0916\u0941 \u0916\u094b\u0932\u093e (Dorkhu Khola)"}}, {"type": "Feature", "geometry": {"type": "LineString", "coordinates": [[85.0972108, 28.0278343], [85.0972018, 28.0275739], [85.0972957, 28.0258534], [85.0973065, 28.0256276], [85.0969738, 28.0241928], [85.0969157, 28.0235448], [85.0968442, 28.0226964], [85.0972054, 28.0222584], [85.0973029, 28.0217285], [85.0970073, 28.0212554], [85.0961334, 28.0205654], [85.0956595, 28.0199735], [85.0947699, 28.0197248], [85.0944257, 28.0193933], [85.0945216, 28.0187498], [85.0946357, 28.0184235], [85.0947825, 28.0181147], [85.0949837, 28.0178141], [85.095456, 28.0175304], [85.0956715, 28.0169412], [85.0957901, 28.0165545], [85.0958109, 28.0161493], [85.0959527, 28.0160236], [85.0961793, 28.0160261], [85.0963562, 28.015965], [85.0963605, 28.0156924], [85.0962829, 28.0154225], [85.0961781, 28.0151904], [85.0962327, 28.0149835], [85.0963882, 28.0147641], [85.0966297, 28.0145847], [85.0967313, 28.0145174], [85.0968486, 28.0143805], [85.0968966, 28.0141696], [85.0968379, 28.0138872], [85.0968562, 28.0137043], [85.0971745, 28.0135705], [85.0980646, 28.0135463], [85.0984387, 28.0133585], [85.0986721, 28.0131691], [85.0987418, 28.0129678], [85.0985966, 28.0127301], [85.0984678, 28.012438], [85.098374, 28.0121371], [85.0983931, 28.0120053], [85.0982818, 28.0118395], [85.0981102, 28.0116915], [85.0979993, 28.011513], [85.0980444, 28.0113375], [85.0981517, 28.0112001], [85.0983019, 28.011122], [85.0985192, 28.0110699], [85.0987718, 28.011037], [85.0990731, 28.010942], [85.099403, 28.0109397], [85.0997043, 28.0108728], [85.1002371, 28.0106152], [85.1005496, 28.0104921], [85.10083, 28.0104584], [85.1013892, 28.0105395], [85.1020432, 28.0106754], [85.1024272, 28.0106886], [85.1027276, 28.0106318], [85.1030012, 28.0106957], [85.1032601, 28.0107149], [85.1036133, 28.0106636], [85.104231, 28.0103336], [85.1046492, 28.010086], [85.1048567, 28.0097873], [85.1050251, 28.0095746], [85.1051984, 28.0095682], [85.1054184, 28.0094853], [85.1055803, 28.0093294], [85.1062482, 28.0088859], [85.1067161, 28.0088767], [85.1072479, 28.0082924], [85.1082121, 28.0076264], [85.1092506, 28.0070843], [85.1095367, 28.0066933], [85.1099293, 28.0066894], [85.1101625, 28.0065279], [85.110194, 28.0057479], [85.110029, 28.0051871], [85.1101546, 28.0048525], [85.1103741, 28.0044939], [85.1106233, 28.0040823], [85.1109547, 28.0036909], [85.1111135, 28.0032705], [85.1111698, 28.0029366], [85.1113174, 28.0026507], [85.111552, 28.0024985], [85.1118658, 28.0023825], [85.1121372, 28.0023784], [85.1124613, 28.0025577], [85.1125912, 28.0025063], [85.1127729, 28.0025053], [85.1129708, 28.0023931], [85.1131657, 28.0023052], [85.1132045, 28.0022188], [85.1131853, 28.0020746], [85.1131283, 28.0019183], [85.113174, 28.0017332], [85.1133097, 28.0015562], [85.1134612, 28.0013399], [85.1135876, 28.0011532], [85.1136545, 28.0009067], [85.1137372, 28.0004823], [85.1139514, 28.000207], [85.1140266, 28.0000388], [85.1140538, 27.9998735], [85.1139664, 27.9996972], [85.1138918, 27.9995747], [85.1138758, 27.9992834], [85.1139003, 27.9990561], [85.1139921, 27.9988977], [85.1141047, 27.9986731], [85.1142744, 27.9984986], [85.1144967, 27.9983736], [85.1151395, 27.9981967], [85.1156706, 27.9980808], [85.1158306, 27.998099], [85.1159971, 27.9980799], [85.1165968, 27.9979238], [85.1168332, 27.9977891], [85.1172298, 27.9975854], [85.1178408, 27.9973381], [85.1185548, 27.9969274], [85.1187071, 27.9965741], [85.1188901, 27.9958088], [85.1190075, 27.9955225], [85.1192865, 27.9951768], [85.1196331, 27.9950281], [85.1202682, 27.9948499], [85.1207463, 27.9947422], [85.1213679, 27.9944473], [85.1217557, 27.9941967], [85.122188, 27.9939036], [85.1224025, 27.9937467], [85.1225639, 27.9934917], [85.1226392, 27.993121], [85.1226687, 27.9927563], [85.122824, 27.9924591], [85.1231033, 27.9922684], [85.1232675, 27.9921134], [85.1233138, 27.9919937], [85.1232843, 27.9918279], [85.1233272, 27.9915555], [85.1234721, 27.9913234], [85.1236734, 27.991207], [85.1237349, 27.9910297], [85.1237798, 27.9907238], [85.1237564, 27.9904139], [85.123751, 27.9902102], [85.1238218, 27.9899896], [85.1239441, 27.9899307], [85.1241104, 27.9898881], [85.1243304, 27.9899402], [85.1247526, 27.9900915], [85.1251029, 27.9903192], [85.1253257, 27.9907602], [85.1254193, 27.9912524], [85.1255106, 27.9915034], [85.1255524, 27.99167], [85.1257352, 27.9918638], [85.1261918, 27.9920244], [85.1264225, 27.9921192], [85.1266525, 27.9921228], [85.1270931, 27.991996], [85.127636, 27.9919428], [85.1280705, 27.9915709], [85.1286105, 27.9915875], [85.1289565, 27.9916958], [85.1292783, 27.99171], [85.1299757, 27.9915473], [85.1300903, 27.9915542], [85.1302217, 27.9916063], [85.1303692, 27.9916253], [85.1307635, 27.9915945], [85.1311586, 27.9914415], [85.1313023, 27.991257], [85.1320303, 27.9905217], [85.1337872, 27.9898072], [85.135249, 27.9897204], [85.1356562, 27.9894627], [85.1363531, 27.9890217], [85.137131, 27.9889743], [85.1397685, 27.9892112], [85.1406804, 27.9888638], [85.1408906, 27.9888587], [85.1411587, 27.9888725], [85.1419581, 27.9889013], [85.1427145, 27.9894204], [85.1435121, 27.9893233], [85.1439057, 27.9891904], [85.1446515, 27.9895136], [85.145342, 27.9895702], [85.1458461, 27.9896667], [85.146264, 27.9898781], [85.1468379, 27.989893], [85.1473519, 27.9896491], [85.1481186, 27.9894251], [85.1482035, 27.9891977], [85.1485756, 27.9889054], [85.1488949, 27.9886398], [85.1499162, 27.9887927], [85.1503374, 27.9889903], [85.1507461, 27.9890479], [85.1513235, 27.9887996], [85.1518093, 27.9882993], [85.152293, 27.9880508], [85.1532135, 27.9875264], [85.153742, 27.9872788], [85.1541338, 27.9872622], [85.1543776, 27.9873361], [85.155446, 27.9877466], [85.1564563, 27.9882282], [85.1569335, 27.988348], [85.1574107, 27.9883303], [85.1585574, 27.9879914], [85.1592726, 27.9868071], [85.1593557, 27.9865906], [85.1597509, 27.9861247], [85.1603222, 27.985629], [85.1607469, 27.9857015], [85.1609687, 27.9858082], [85.1610718, 27.9859568], [85.161307, 27.9860726], [85.1615685, 27.9861218], [85.1617853, 27.9860187], [85.16192, 27.9859074], [85.1620531, 27.9859077], [85.1621644, 27.9858133], [85.162239, 27.9847873], [85.162772, 27.9842586], [85.1638122, 27.9837109], [85.1647588, 27.9833682], [85.1652962, 27.9831929], [85.1659814, 27.9829906], [85.1666133, 27.9827315], [85.1677699, 27.9828238], [85.1685236, 27.9823619], [85.1693234, 27.9819378], [85.1699177, 27.9818518], [85.1714934, 27.9820121], [85.1720068, 27.9821591], [85.1734235, 27.9821816], [85.1743926, 27.9824883], [85.1750446, 27.9827623], [85.17585, 27.9829492], [85.176108, 27.982948], [85.1766313, 27.9830396], [85.1771969, 27.9829885], [85.1773623, 27.9829265], [85.1777441, 27.9828299], [85.1781151, 27.9827244], [85.1790342, 27.9823784], [85.1792902, 27.982282], [85.1801142, 27.9817757], [85.1801265, 27.9817682], [85.1802747, 27.9816623]]}, "properties": {"kind": "river", "name": "Salankhu Khola"}}, {"type": "Feature", "geometry": {"type": "LineString", "coordinates": [[85.2591676, 27.9952101], [85.2590609, 27.9949617], [85.2589048, 27.9943765], [85.2584788, 27.9938691], [85.2583393, 27.9935943], [85.2583871, 27.9933144], [85.2585968, 27.9930165], [85.2587792, 27.9927986], [85.2588162, 27.9924428], [85.2588972, 27.992287], [85.2590689, 27.992268], [85.2593157, 27.9923059], [85.2597282, 27.9923291], [85.2599535, 27.992367], [85.2603134, 27.9925238], [85.2604706, 27.992554], [85.2605602, 27.9925712], [85.2608547, 27.992547], [85.2612361, 27.9924386], [85.2617881, 27.9924144], [85.2621052, 27.9922586], [85.2623519, 27.9919744], [85.2625236, 27.9916617], [85.2626094, 27.9913017], [85.2627703, 27.9908659], [85.2629635, 27.9906954], [85.263376, 27.9905386], [85.2638218, 27.9904112], [85.2641377, 27.9903491], [85.264326, 27.9902406], [85.2644548, 27.9900796], [85.2645669, 27.9896954], [85.2646313, 27.9895059], [85.264878, 27.9891744], [85.265077, 27.9887627], [85.2652594, 27.9882227], [85.2654096, 27.9880522], [85.2657959, 27.9877585], [85.265908, 27.9875827], [85.2659353, 27.9873985], [85.2658066, 27.987029], [85.2655218, 27.9865406], [85.2653715, 27.9861711], [85.2654252, 27.9859721], [85.2656505, 27.985631], [85.26579, 27.9853468], [85.26579, 27.9851479], [85.2656183, 27.9849678], [85.265157, 27.9845699], [85.2649161, 27.9843572], [85.2647815, 27.9841152], [85.2647815, 27.9839162], [85.2648839, 27.9837603], [85.2650985, 27.9836182], [85.2652809, 27.9835329], [85.2656076, 27.9833856], [85.265753, 27.9832771], [85.2658436, 27.9831393], [85.265871, 27.9830024], [85.2658281, 27.9828603], [85.2657422, 27.9827276], [85.265592, 27.9825476], [85.2654252, 27.9824287], [85.265157, 27.9823908], [85.2648088, 27.9822728], [85.2646264, 27.982197], [85.2645347, 27.9820497], [85.2643201, 27.9816613], [85.2641544, 27.981458], [85.2639705, 27.9813625], [85.2637896, 27.9812685], [85.2636335, 27.9811686], [85.2635155, 27.980998], [85.2633974, 27.9806285], [85.2633604, 27.9803305], [85.2632746, 27.9800747], [85.2632317, 27.9797715], [85.2632639, 27.9795441], [85.2633819, 27.9792978], [85.2635857, 27.979023], [85.2637574, 27.9786535], [85.2638164, 27.9781845], [85.2637998, 27.9778429], [85.2638218, 27.9775923], [85.2638165, 27.9773886], [85.2638695, 27.9772792], [85.2638266, 27.9771465], [85.2638534, 27.9770659], [85.2638325, 27.9770049], [85.2636823, 27.9768343], [85.2635214, 27.9765216], [85.263339, 27.9762753], [85.2630863, 27.9760616], [85.2627859, 27.9759195], [85.2623734, 27.9758678], [85.2618798, 27.9758868], [85.2614722, 27.9759721], [85.2610907, 27.9760521], [85.2610046, 27.9760377], [85.2608392, 27.97601], [85.2606997, 27.9758678], [85.2606401, 27.9756826], [85.260683, 27.9754552], [85.2605449, 27.9750778], [85.2601851, 27.9746138], [85.2600124, 27.9743722], [85.2597533, 27.9742261], [85.259523, 27.9741625], [85.2592567, 27.9740735], [85.2586522, 27.9740608], [85.2583067, 27.9740036], [85.2580908, 27.9739591], [85.2578893, 27.9739019], [85.2577094, 27.9737875], [85.2577453, 27.9736604], [85.2578893, 27.9735332], [85.258098, 27.9734252], [85.2582059, 27.9733235], [85.2583787, 27.9731328], [85.2584722, 27.9729294], [85.2585154, 27.972637], [85.2584866, 27.9722874], [85.2583643, 27.9718807], [85.2581124, 27.9715311], [85.257854, 27.9714047], [85.257621, 27.9710493], [85.2575221, 27.9712187], [85.2573596, 27.971191], [85.2571597, 27.9712725], [85.2569328, 27.9713775], [85.2568197, 27.9717015], [85.2566618, 27.9719019], [85.2564947, 27.9720957], [85.2564023, 27.9721875], [85.2563287, 27.9723358], [85.2562461, 27.9725044], [85.25607, 27.9726909], [85.2559453, 27.9730537], [85.2559173, 27.9734188], [85.2559101, 27.9737366], [85.2558957, 27.9739146], [85.255723, 27.9742833], [85.2554927, 27.9744549], [85.2552192, 27.9745375], [85.2550672, 27.9745047], [85.2549242, 27.9744739], [85.2546507, 27.9743277], [85.2544708, 27.9741498], [85.2541685, 27.97394], [85.254003, 27.9737112], [85.2538086, 27.9729548], [85.2537439, 27.9725544], [85.2536359, 27.9722747], [85.2534056, 27.9720713], [85.2529666, 27.9718616], [85.2527412, 27.9717883], [85.2521747, 27.9718466], [85.2511871, 27.971667], [85.2506743, 27.9714122], [85.2503465, 27.9713127], [85.2500547, 27.9713828], [85.249698, 27.9714955], [85.2489291, 27.9719442], [85.2481159, 27.9724718], [85.2476769, 27.9727578], [85.2472417, 27.9728568], [85.2472019, 27.9728659], [85.2466549, 27.9728786], [85.2456114, 27.9728023], [85.244539, 27.9726116], [85.2439992, 27.9726625], [85.2437617, 27.9727642], [85.2434451, 27.9729358], [85.2431716, 27.9732154], [85.2429341, 27.9732472], [85.2425095, 27.9733108], [85.2414012, 27.9732472], [85.2407966, 27.9731519], [85.2401057, 27.9731392], [85.2394076, 27.9733743], [85.2391197, 27.9735332], [85.2386951, 27.9738638], [85.2384216, 27.9742515], [85.2378747, 27.97469], [85.2371982, 27.9746773], [85.236849, 27.9746709], [85.2355377, 27.9742255], [85.2353212, 27.9738676], [85.234766, 27.9733441], [85.2349671, 27.9730565], [85.2344561, 27.9728023], [85.2337437, 27.9727832], [85.2333982, 27.9727769], [85.2328296, 27.9731137], [85.2325202, 27.9736477], [85.2319444, 27.9739273], [85.2315342, 27.9739527], [85.2310448, 27.9739464], [85.2307209, 27.9738828], [85.2303107, 27.973921], [85.229735, 27.9738701], [85.2292744, 27.9738129], [85.2289145, 27.9738383], [85.2284683, 27.9740099], [85.2281141, 27.9741856], [85.2270217, 27.9747854], [85.2261437, 27.9749061], [85.2257191, 27.9748299], [85.2244237, 27.9746583], [85.2240693, 27.9745881], [85.2229771, 27.9740799], [85.2222574, 27.9740608], [85.221716, 27.9747881], [85.2213405, 27.9755462], [85.2206216, 27.9757451], [85.219141, 27.9758209], [85.2179072, 27.9754704], [85.2167378, 27.9750724], [85.2161584, 27.9741912], [85.2155858, 27.9736095], [85.2151468, 27.9735205], [85.2140529, 27.9728468], [85.2135059, 27.9724781], [85.2130453, 27.9724464], [85.2125995, 27.9725412], [85.2122681, 27.9726116], [85.2113685, 27.9729803], [85.2109007, 27.9731201], [85.2105336, 27.9734252], [85.2103393, 27.9736286], [85.2100442, 27.973832], [85.2090721, 27.9744707], [85.2085321, 27.9747785], [85.2085249, 27.9747827], [85.2083902, 27.9748545], [85.2082454, 27.9749187], [85.2081639, 27.9749411], [85.2080551, 27.974949], [85.2079768, 27.9749447], [85.2078965, 27.9749278], [85.2078167, 27.9748943], [85.2076619, 27.9748048], [85.207547, 27.9747674], [85.2073967, 27.9747516], [85.2071775, 27.9747818], [85.2068421, 27.974855], [85.2065409, 27.974945], [85.2064167, 27.975006], [85.2060301, 27.9752373], [85.205919, 27.9752808], [85.2058732, 27.975287], [85.2056339, 27.9752543], [85.2049257, 27.97512], [85.204331, 27.9750264], [85.2039994, 27.974994], [85.2038348, 27.9750027], [85.203662, 27.9750514], [85.2034336, 27.9751319], [85.2029386, 27.9753308], [85.2025534, 27.975559], [85.202392, 27.9756372], [85.2022415, 27.9756849], [85.2021026, 27.9756999], [85.2018989, 27.9756849], [85.2017726, 27.9756519], [85.2016591, 27.975602], [85.201506, 27.97549], [85.2012317, 27.9752377], [85.2011323, 27.975163], [85.2010882, 27.9751401], [85.2009419, 27.9750976], [85.2005705, 27.9750193], [85.200299, 27.9749733], [85.2000703, 27.9749451], [85.1999118, 27.9749428], [85.199601, 27.974969], [85.1993616, 27.9750046], [85.1991291, 27.9750551], [85.1989317, 27.9751211], [85.1984508, 27.9753501], [85.1982034, 27.9754146], [85.1979876, 27.9754528], [85.1975262, 27.9754689], [85.1968245, 27.9754229], [85.1963269, 27.9754909], [85.196026, 27.9755566], [85.1950818, 27.9759422], [85.194614, 27.9760184], [85.1937, 27.9759612], [85.1933114, 27.9758341], [85.1930451, 27.9756244], [85.1923902, 27.9754909], [85.1918648, 27.9754972], [85.1914402, 27.9754909], [85.1910444, 27.9755417], [85.1906701, 27.9757197], [85.1903247, 27.9760248], [85.1896147, 27.9764734], [85.1894898, 27.9765523], [85.1891228, 27.976635], [85.188959, 27.9766231], [85.1885974, 27.9765968], [85.1880968, 27.9764568], [85.1875971, 27.9761201], [85.1869977, 27.9756537], [85.1861692, 27.9745458], [85.1858842, 27.9743023], [85.1855077, 27.9741538], [85.1850984, 27.974001], [85.1846302, 27.9738941], [85.1844907, 27.9737851], [85.1843904, 27.9735965], [85.1841237, 27.9729892], [85.1840899, 27.972912], [85.1840429, 27.972805]]}, "properties": {"kind": "river", "name": "Falaakhu River"}}, {"type": "Feature", "geometry": {"type": "LineString", "coordinates": [[85.2709917, 28.023443], [85.271276, 28.0230642], [85.2715066, 28.0227327], [85.2717373, 28.0223609], [85.2717588, 28.022091], [85.2716515, 28.0217595], [85.2715066, 28.021402], [85.2715764, 28.0210705], [85.2717537, 28.0208671], [85.2718797, 28.0205806], [85.2719039, 28.0202562], [85.2719307, 28.0199484], [85.2718154, 28.019553], [85.2716705, 28.0190818], [85.2716356, 28.018459], [85.2714942, 28.0178901], [85.2712548, 28.0175628], [85.2711274, 28.0174408], [85.2711005, 28.0172964], [85.2709919, 28.017152], [85.2710026, 28.0170691], [85.2710174, 28.0167021], [85.2710684, 28.0163232], [85.2708015, 28.016045], [85.270595, 28.0158863], [85.2702758, 28.0156886], [85.2700599, 28.0155702], [85.2697702, 28.0153488], [85.2695972, 28.0151807], [85.2695838, 28.0148812], [85.2698547, 28.0145544], [85.2699257, 28.0144466], [85.2700263, 28.0142939], [85.2700585, 28.0141755], [85.2700156, 28.0140145], [85.269683, 28.013915], [85.2692968, 28.0140761], [85.2691573, 28.0141992], [85.268932, 28.0141803], [85.2687067, 28.0139908], [85.2686477, 28.0137777], [85.268819, 28.0131507], [85.2692205, 28.0124816], [85.2694235, 28.0116253], [85.2693153, 28.0113824], [85.268801, 28.0110199], [85.2677318, 28.0106495], [85.2676235, 28.0104623], [85.2676957, 28.0101995], [85.2678048, 28.0099576], [85.2678987, 28.0097494], [85.2684265, 28.0090643], [85.2685574, 28.0087935], [85.2684762, 28.008212], [85.2686521, 28.0076703], [85.2684356, 28.0071167], [85.2679438, 28.0067781], [85.2674792, 28.0068219], [85.2668792, 28.006567], [85.2665814, 28.0062125], [85.2665092, 28.0059536], [85.2665363, 28.0057306], [85.2668205, 28.0051092], [85.266816, 28.0047866], [85.2666987, 28.0045516], [85.2663739, 28.0043086], [85.2658145, 28.0038904], [85.2657333, 28.0036435], [85.2657243, 28.0034364], [85.2659092, 28.003277], [85.2662025, 28.0032491], [85.2664641, 28.0031177], [85.2665137, 28.0027871], [85.2666536, 28.0024565], [85.2666807, 28.0015483], [85.2667722, 28.0011278], [85.266807, 28.000927], [85.2666311, 28.0005309], [85.2660351, 28.0002036], [85.2655202, 28.0000804], [85.2647321, 27.9999151], [85.2643995, 27.9997446], [85.2642493, 27.9995741], [85.2640932, 27.9994931], [85.2639275, 27.9994888], [85.2637392, 27.9994742], [85.2635139, 27.999351], [85.2631979, 27.9991668], [85.2628165, 27.9989247], [85.2626341, 27.9986026], [85.262404, 27.9981152], [85.2622157, 27.9977216], [85.2618509, 27.9972859], [85.2614647, 27.9969069], [85.2613037, 27.9967838], [85.2611487, 27.9967132], [85.2608424, 27.9966511], [85.2604728, 27.9966374], [85.2602234, 27.9965506], [85.2600303, 27.9963918], [85.2597674, 27.9961392], [85.2595844, 27.995836], [85.2593417, 27.9954333], [85.2591676, 27.9952101]]}, "properties": {"kind": "river", "name": null}}, {"type": "Feature", "geometry": {"type": "LineString", "coordinates": [[85.1126849, 27.8666182], [85.1125376, 27.8653379], [85.1125805, 27.8648589], [85.1125484, 27.8646076], [85.1124411, 27.8642282], [85.112264, 27.8638536], [85.1116096, 27.8630046], [85.1109712, 27.8623217], [85.1105115, 27.8619701]]}, "properties": {"kind": "river", "name": "Trishuli Ganga River"}}, {"type": "Feature", "geometry": {"type": "LineString", "coordinates": [[85.1929389, 28.0299247], [85.1926439, 28.0295269], [85.1924691, 28.0293412], [85.1923134, 28.029158], [85.1922369, 28.0290109], [85.192196, 28.0288734], [85.1921987, 28.0287529], [85.1921413, 28.0286082], [85.1920157, 28.0284684], [85.1918873, 28.0283261], [85.1916934, 28.0281043], [85.1914421, 28.0278535], [85.1913, 28.0277233], [85.1911553, 28.0275859], [85.1909641, 28.0274075], [85.1907346, 28.027176], [85.190639, 28.0270627], [85.1905461, 28.0269421], [85.1904287, 28.0268143], [85.190314, 28.0266142], [85.1902539, 28.0264744], [85.1902129, 28.0263345], [85.1901828, 28.0261754], [85.1901446, 28.0260645], [85.1900736, 28.0259415], [85.1900026, 28.0258716], [85.1898769, 28.0258306], [85.1897376, 28.0258306], [85.1895628, 28.0258161], [85.1893142, 28.0257727], [85.188981, 28.0256787], [85.188615, 28.0255798], [85.1883336, 28.0255171], [85.1881506, 28.0254448], [85.1880359, 28.0253966], [85.1878665, 28.0252856]]}, "properties": {"kind": "river", "name": "Trishuli Ganga River"}}, {"type": "Feature", "geometry": {"type": "LineString", "coordinates": [[85.2849115, 28.2166057], [85.2850328, 28.2164394], [85.2852412, 28.216281], [85.2853166, 28.2161511], [85.285416, 28.2159276], [85.2854331, 28.2157646], [85.2854434, 28.2156407], [85.2855085, 28.2155139], [85.2856148, 28.215378], [85.2857176, 28.2152421], [85.2858478, 28.2150881], [85.2858787, 28.2147287], [85.2861152, 28.2143995], [85.2862077, 28.2142968], [85.286403, 28.2141519], [85.2865641, 28.214019], [85.2866875, 28.2138529], [85.2869, 28.2135932], [85.2869822, 28.2134603], [85.2870816, 28.2133274], [85.2871982, 28.2132096], [85.2872838, 28.2131553], [85.2874689, 28.2130133], [85.287887, 28.2127989], [85.2880138, 28.2127083], [85.2881064, 28.2126026], [85.2882812, 28.2124365], [85.2884148, 28.212367], [85.2885313, 28.2122613], [85.2885828, 28.2121526], [85.2886033, 28.212059], [85.2887061, 28.2119533], [85.2888843, 28.2118868], [85.2890523, 28.2118506], [85.2891996, 28.2117962], [85.2893196, 28.2116573], [85.2893916, 28.2114973], [85.2896178, 28.2111409], [85.2897686, 28.2110986], [85.2899022, 28.2110231], [85.2900256, 28.2109083], [85.2901147, 28.2107604], [85.2901524, 28.2106093], [85.290197, 28.2104312], [85.2902861, 28.2102439], [85.2903992, 28.2099902], [85.290502, 28.2097577], [85.2905671, 28.2094979], [85.2906425, 28.2092895], [85.2906836, 28.2091053], [85.2906734, 28.2089181], [85.2906425, 28.2087127], [85.2907042, 28.2085103], [85.2907419, 28.2083805], [85.2907111, 28.2081842], [85.2906665, 28.2079939], [85.2906151, 28.2077976], [85.2905465, 28.2075952], [85.2904883, 28.2073808], [85.2902141, 28.2070335], [85.2901216, 28.2068492], [85.2900462, 28.2066559], [85.2899022, 28.2063841], [85.2897172, 28.2061365], [85.2896589, 28.2058737], [85.2896212, 28.2056683], [85.2896418, 28.2053452], [85.2896795, 28.2052636], [85.2897446, 28.2051368], [85.2898028, 28.2049374], [85.2897891, 28.2048438], [85.2897274, 28.20472], [85.2896281, 28.2046022], [85.2896178, 28.2043756], [85.2895938, 28.2041038], [85.2895698, 28.2038803], [85.2896109, 28.2037535], [85.2896897, 28.2036296], [85.2897857, 28.20353], [85.2898611, 28.203391], [85.2900057, 28.203149], [85.2899596, 28.203067], [85.2899328, 28.20292], [85.2899879, 28.2027688], [85.2900347, 28.2026277], [85.2900267, 28.2024188], [85.2900075, 28.2020285], [85.290118, 28.2016569], [85.2901045, 28.2014225], [85.2901295, 28.2012236], [85.2901803, 28.2011347], [85.2904338, 28.2009309], [85.2903716, 28.2006644], [85.290378, 28.2004589], [85.2903375, 28.2003193], [85.2904157, 28.2000548], [85.2905179, 28.1999733], [85.2905378, 28.1996828], [85.2905778, 28.1995186], [85.290704, 28.1993636], [85.2907925, 28.1992985], [85.2909266, 28.1992702], [85.2911338, 28.1992223], [85.2912354, 28.1991836], [85.2913965, 28.1990538], [85.2915164, 28.1988755], [85.2915679, 28.1987336], [85.2915816, 28.1985765], [85.2916322, 28.1983907], [85.2916023, 28.1982764], [85.2915492, 28.1981946], [85.291472, 28.198126], [85.291336, 28.1980685], [85.2911861, 28.1980189], [85.2910933, 28.1979391], [85.2910569, 28.1978379], [85.291096, 28.1976865], [85.291183, 28.1975775], [85.2912924, 28.1973914], [85.2914608, 28.1973914], [85.291844, 28.1971976], [85.2919035, 28.1971453], [85.2920271, 28.1969317], [85.2920738, 28.196694], [85.2921591, 28.1966511], [85.292182, 28.1965901], [85.2920954, 28.1964801], [85.2920845, 28.1964227], [85.2921674, 28.1962781], [85.2922185, 28.1961842], [85.2922691, 28.1960442], [85.292277, 28.1959178], [85.2924542, 28.1957575], [85.2926107, 28.1956098], [85.2927867, 28.1953487], [85.292923, 28.1952813], [85.2931542, 28.1951445], [85.2933314, 28.1949834], [85.2934995, 28.194856], [85.2935999, 28.1946314], [85.2936799, 28.1943409], [85.2941015, 28.1936468], [85.2941161, 28.1935699], [85.294167, 28.1934673], [85.2943027, 28.1933072], [85.2943996, 28.1930807], [85.2944238, 28.1930359], [85.2945184, 28.1929141], [85.2946008, 28.1927945], [85.2945783, 28.1927324], [85.2945994, 28.1926277], [85.2946692, 28.1926335], [85.2946919, 28.192619], [85.294679, 28.1925528], [85.2948326, 28.1925453], [85.2949336, 28.192476], [85.29518, 28.1922946], [85.2953817, 28.1921366], [85.2954181, 28.1919999], [85.2954956, 28.1918834], [85.2957977, 28.1918428], [85.2959783, 28.1916888], [85.2961188, 28.1915871], [85.296282, 28.1914898], [85.2964888, 28.1914235], [85.2966856, 28.1914471], [85.2969765, 28.1916047], [85.2973496, 28.191551], [85.2975909, 28.1914532], [85.2977206, 28.1913047], [85.297874, 28.1909829], [85.2978058, 28.1906174], [85.2978859, 28.190375], [85.2978936, 28.1901455], [85.2980267, 28.1898977], [85.298165, 28.1897543], [85.2982838, 28.1896407], [85.2983187, 28.1894388], [85.2984957, 28.1890017], [85.2986691, 28.188867], [85.2988669, 28.188749], [85.2993354, 28.1883622], [85.2993758, 28.1881273], [85.2991981, 28.1877429], [85.2991872, 28.1874304], [85.2993035, 28.187118], [85.2995182, 28.1868291], [85.2997557, 28.1866812], [85.2999529, 28.1865806], [85.3001073, 28.1864622], [85.3003678, 28.1861272], [85.3004573, 28.1859997], [85.300663, 28.1855904], [85.3007985, 28.1853359], [85.3009712, 28.1851485], [85.3013711, 28.1849653], [85.3020314, 28.1848959], [85.3028313, 28.1845819], [85.3032516, 28.184455], [85.3034815, 28.1843437], [85.3037255, 28.1841442], [85.3038406, 28.1839624], [85.304047, 28.1837899], [85.3042315, 28.1836812], [85.3043995, 28.1836436], [85.3046031, 28.1836868], [85.3050897, 28.1836573], [85.3053681, 28.1835723], [85.3055146, 28.1834961], [85.3056557, 28.1832349], [85.3056963, 28.1828231], [85.3058006, 28.182574], [85.3065189, 28.1819578], [85.3072471, 28.1811714], [85.3077972, 28.1810339], [85.3083027, 28.1807712], [85.3082997, 28.1801596], [85.3088541, 28.1798694], [85.30914, 28.1794685], [85.309316, 28.1793648], [85.3096468, 28.179541], [85.3099976, 28.1798503], [85.3111661, 28.1802755], [85.312294, 28.180559], [85.313603, 28.1804255], [85.3148726, 28.1807044], [85.3158176, 28.1803261], [85.3164969, 28.1805113], [85.317229, 28.1808251], [85.3175791, 28.1811832], [85.3179436, 28.181418], [85.3183356, 28.1811549], [85.3188548, 28.1810078], [85.3194382, 28.1806541], [85.3201107, 28.1803368], [85.3209903, 28.1799536], [85.3214306, 28.1799764], [85.3218824, 28.1802505], [85.3222622, 28.1802046], [85.3226573, 28.1799143], [85.3231918, 28.1796835], [85.3236297, 28.1797483], [85.3242983, 28.1799498], [85.3248773, 28.1799055], [85.3254318, 28.1795828], [85.3266663, 28.1794397], [85.3275185, 28.1794927], [85.3282813, 28.1793801], [85.3285069, 28.1793843], [85.3287314, 28.1795509], [85.3290587, 28.1796953], [85.3295102, 28.1798571], [85.3302279, 28.1799392], [85.3304363, 28.1801415], [85.3306133, 28.1802398], [85.3307863, 28.1801939], [85.3313217, 28.1805423], [85.3314936, 28.1806048], [85.3321211, 28.1805721], [85.3323386, 28.1805288], [85.3327566, 28.1806414], [85.3332638, 28.1806164], [85.3336667, 28.1804386], [85.3341882, 28.1805456], [85.3346173, 28.1808388], [85.3359821, 28.1809139], [85.3369449, 28.1818961], [85.3382756, 28.1820713], [85.3387604, 28.182099], [85.3392186, 28.1817787], [85.3393965, 28.1817026], [85.3396163, 28.181941], [85.3399828, 28.1819871], [85.3403974, 28.1821048], [85.3407944, 28.1821525], [85.3411556, 28.1821467], [85.3413442, 28.1820243], [85.3415941, 28.1820253], [85.3419268, 28.1818381], [85.3427186, 28.1812149]]}, "properties": {"kind": "river", "name": "Chilime Khola"}}, {"type": "Feature", "geometry": {"type": "LineString", "coordinates": [[85.3147746, 28.033084], [85.3142897, 28.0320474], [85.3135633, 28.0313147], [85.3119205, 28.0310552], [85.3108595, 28.0311723], [85.3107445, 28.031185], [85.3102084, 28.030353], [85.3094648, 28.0296203], [85.3085655, 28.0297806], [85.3080569, 28.0302128], [85.307355, 28.0301928], [85.3063433, 28.029689], [85.3051414, 28.0285518], [85.3045361, 28.0281625], [85.3039741, 28.0273076], [85.303585, 28.0267886], [85.3027203, 28.0259872], [85.3015789, 28.025804], [85.3006796, 28.0254758], [85.2997363, 28.02529], [85.2982274, 28.0262199], [85.2979239, 28.0260138], [85.2965618, 28.0250889], [85.2954657, 28.0248502], [85.29464, 28.024536], [85.2933731, 28.024624], [85.2926186, 28.0247371], [85.2916648, 28.0243726], [85.2891451, 28.0242218], [85.288291, 28.0239202], [85.2873657, 28.0244103], [85.2868722, 28.0246566], [85.286325, 28.0244198], [85.2860675, 28.0239747], [85.2859602, 28.023539], [85.2847264, 28.0230844], [85.2842247, 28.022915], [85.2840934, 28.022734], [85.2841041, 28.0224972], [85.2835462, 28.0223078], [85.2826141, 28.0220189], [85.2823901, 28.0220409], [85.281351, 28.0216564], [85.2807287, 28.0214244], [85.2798009, 28.0210645], [85.2790698, 28.0208286], [85.2783387, 28.020779], [85.2780294, 28.0206052], [85.2772281, 28.0199475], [85.2764829, 28.0197737], [85.2756134, 28.0194914], [85.2753854, 28.0192925], [85.2751882, 28.0191748], [85.2750488, 28.0191405], [85.2748972, 28.0192025], [85.2746263, 28.0194606], [85.27457, 28.0197495], [85.2744573, 28.0199721], [85.2744278, 28.0201875], [85.2743863, 28.0206291], [85.2742884, 28.020796], [85.2735722, 28.0212388], [85.2729526, 28.021298], [85.2724618, 28.0212554], [85.2721399, 28.0211394], [85.2719226, 28.0210328], [85.2717537, 28.0208671]]}, "properties": {"kind": "river", "name": null}}, {"type": "Feature", "geometry": {"type": "LineString", "coordinates": [[85.0893306, 28.1887232], [85.0892796, 28.1888544], [85.089169, 28.189038], [85.0887709, 28.1891027], [85.0883912, 28.1888329], [85.0875277, 28.1888868], [85.0871296, 28.1886763], [85.0867989, 28.1886169], [85.086358, 28.1888598], [85.0858673, 28.1895781], [85.0845332, 28.1902382], [85.0830811, 28.1903854], [85.0813978, 28.190717], [85.0794041, 28.1918558], [85.078778, 28.1919777], [85.0781411, 28.1919669], [85.0772599, 28.1920132], [85.0761607, 28.1924794], [85.075075, 28.1927971], [85.07431, 28.1928127], [85.0738648, 28.1926785], [85.073537, 28.192408], [85.0726755, 28.1917584], [85.0713392, 28.1911168]]}, "properties": {"kind": "river", "name": "Menchet Khola"}}, {"type": "Feature", "geometry": {"type": "LineString", "coordinates": [[85.1298548, 28.2196592], [85.1296304, 28.2195071], [85.1295308, 28.2193049], [85.1295228, 28.2190667], [85.129779, 28.2185713], [85.1288471, 28.2185811], [85.128622, 28.2184413], [85.1284107, 28.218317], [85.1282336, 28.218016], [85.1278343, 28.2175116], [85.1267828, 28.217117], [85.1257546, 28.2170413], [85.1248689, 28.217124], [85.1239524, 28.2172323], [85.1230945, 28.2174792], [85.1226062, 28.2174072], [85.1219381, 28.2170609], [85.1211406, 28.2170152], [85.1204915, 28.2167778], [85.1201118, 28.2165187], [85.1197872, 28.2160385], [85.1195157, 28.2155214], [85.1195915, 28.2148856], [85.1188315, 28.2139766], [85.1179901, 28.2137333], [85.1176639, 28.2133237], [85.1176717, 28.2131576], [85.1179568, 28.2128598], [85.1180684, 28.2123925], [85.1173472, 28.2111916], [85.1169084, 28.2108945], [85.1162475, 28.2111118], [85.1153824, 28.2111807], [85.1150106, 28.2110037], [85.1146514, 28.2105455], [85.1147948, 28.2096529], [85.1142926, 28.2088053], [85.1140557, 28.2080961], [85.1136449, 28.2072389], [85.1129725, 28.2070734], [85.112595, 28.2063999], [85.1122496, 28.2059802], [85.1117576, 28.2059357], [85.1113507, 28.2058978], [85.1114347, 28.2056187], [85.1106912, 28.20466], [85.1101795, 28.204696], [85.1100179, 28.2042034], [85.1093893, 28.2043186], [85.109079, 28.2039748], [85.1092001, 28.2033191], [85.1088822, 28.2030614], [85.1088335, 28.2027158], [85.1086295, 28.2020885], [85.1079559, 28.2009066], [85.1076375, 28.2003777], [85.1075885, 28.1997246], [85.1070802, 28.1980515], [85.1071904, 28.1977169], [85.1071169, 28.1972582], [85.1069639, 28.1969559], [85.1070863, 28.1965134], [85.1071782, 28.1962381], [85.1069516, 28.1958657], [85.1064433, 28.1954933], [85.1060269, 28.1951803], [85.1057881, 28.1949536], [85.105635, 28.1945326], [85.1058861, 28.1940037], [85.1059228, 28.1936474], [85.1056656, 28.1931671], [85.1055737, 28.1923683], [85.1052002, 28.1920768], [85.104202, 28.1915694], [85.1032957, 28.1914615], [85.1025547, 28.1911431], [85.1018872, 28.1905655]]}, "properties": {"kind": "river", "name": "Bhabil Khola"}}, {"type": "Feature", "geometry": {"type": "LineString", "coordinates": [[85.3050503, 28.0064136], [85.3045368, 28.0060539], [85.304545, 28.0057669], [85.3040832, 28.0052985], [85.304413, 28.0043259], [85.3039116, 28.003473], [85.3025787, 28.0032894], [85.3010624, 28.0025769], [85.2982866, 28.0017347], [85.2969415, 28.0018535], [85.2965203, 28.0022445], [85.2957514, 28.0024128], [85.2952417, 28.0026524], [85.2940433, 28.0022206], [85.2924169, 28.0022637], [85.2924627, 28.0027167], [85.2923026, 28.0030229], [85.2919766, 28.003165], [85.291453, 28.0030371], [85.2908884, 28.0031815], [85.2903252, 28.0034937], [85.2898643, 28.0035117], [85.2890839, 28.0029976], [85.2885917, 28.0029287], [85.2880318, 28.0032361], [85.2874889, 28.003257], [85.2866853, 28.0026879], [85.286643, 28.0026579], [85.2863488, 28.0022898], [85.2858956, 28.0022792], [85.2851289, 28.0017927], [85.2848996, 28.001558], [85.284662, 28.0010894], [85.284512, 28.0010205], [85.2840038, 28.0013244], [85.282836, 28.0015814], [85.2825431, 28.0023057], [85.2825003, 28.0027472], [85.282181, 28.0029368], [85.2817699, 28.0028759], [85.2811938, 28.003141], [85.2805573, 28.0036179], [85.2804538, 28.0036717], [85.2803006, 28.0036539], [85.279771, 28.0034244], [85.278964, 28.0033151], [85.2783641, 28.0034814], [85.2778517, 28.0034878], [85.2775611, 28.0035366], [85.2773184, 28.0035774], [85.2763931, 28.0033686], [85.2758618, 28.0032406], [85.274804, 28.0029491], [85.2744019, 28.0026762], [85.2738164, 28.0025073], [85.273587, 28.0024513], [85.2725386, 28.002635], [85.2718255, 28.0026762], [85.2711973, 28.0027437], [85.2707601, 28.0025863], [85.2705564, 28.0023127], [85.2704333, 28.001833], [85.2698942, 28.0017693], [85.2694486, 28.0015182], [85.2690029, 28.0013458], [85.2686973, 28.0013758], [85.268311, 28.0013196], [85.2678696, 28.0011134], [85.2672074, 28.0007237], [85.2666311, 28.0005309]]}, "properties": {"kind": "river", "name": null}}, {"type": "Feature", "geometry": {"type": "LineString", "coordinates": [[85.3008329, 27.9167115], [85.300948, 27.916264], [85.3010258, 27.9160934], [85.3010284, 27.9158729], [85.3009962, 27.9155672]]}, "properties": {"kind": "river", "name": null}}, {"type": "Feature", "geometry": {"type": "LineString", "coordinates": [[85.3009962, 27.9155672], [85.300956, 27.9154037], [85.3009051, 27.915278], [85.3007709, 27.9151998], [85.3005698, 27.9150932], [85.3002721, 27.914887], [85.3002586, 27.9147282], [85.3001674, 27.9145125], [85.2999529, 27.9141191], [85.2998268, 27.9139958], [85.2995262, 27.9138711]]}, "properties": {"kind": "river", "name": null}}, {"type": "Feature", "geometry": {"type": "LineString", "coordinates": [[85.2309504, 27.8734659], [85.2303473, 27.8733428], [85.2302075, 27.8736318], [85.2299749, 27.8740919], [85.2307408, 27.8746369], [85.2308858, 27.8748323], [85.2308966, 27.8749957], [85.2308713, 27.8751527], [85.2306768, 27.8753048], [85.2303241, 27.8752976], [85.2299551, 27.8749133], [85.2290518, 27.8749156], [85.2284028, 27.8748101], [85.2278582, 27.8745006], [85.2278376, 27.8744318], [85.2275404, 27.8743293], [85.2273918, 27.8741595], [85.227127, 27.874072], [85.2266561, 27.8743325], [85.2249595, 27.8754148], [85.2245964, 27.8757725], [85.2243408, 27.8760056], [85.2242284, 27.8760408], [85.2240617, 27.8760408], [85.223808, 27.8758999], [85.2237899, 27.8756948], [85.2237611, 27.8755554], [85.2236956, 27.8753841], [85.223605, 27.8753104], [85.2235362, 27.8752527], [85.2230106, 27.8751726], [85.2222857, 27.8751213], [85.2217095, 27.8749355], [85.2213418, 27.8749247], [85.2211042, 27.8751374], [85.2205053, 27.8753089], [85.2195467, 27.8752128], [85.2187581, 27.8757151], [85.2175543, 27.8760285], [85.2165975, 27.8762643], [85.2157577, 27.876035], [85.2146675, 27.8763272], [85.2136494, 27.8768969], [85.2131731, 27.8768526], [85.2127711, 27.8766349], [85.2125525, 27.8764794], [85.2116582, 27.8761123], [85.2113412, 27.8760069], [85.2111599, 27.8760276], [85.2108756, 27.8761519], [85.2107191, 27.876341], [85.2105626, 27.8764935], [85.2102975, 27.8766121], [85.210022, 27.8767024], [85.2091117, 27.8766444], [85.2073613, 27.875813], [85.2069041, 27.8758281], [85.2061261, 27.8757464], [85.2050881, 27.8763256], [85.2048213, 27.8767137], [85.2048339, 27.8769666], [85.2048764, 27.8771115], [85.2046287, 27.8775904], [85.2034927, 27.8781933], [85.2033716, 27.8784489], [85.2031281, 27.8792328], [85.2012442, 27.880987], [85.2010245, 27.8813981], [85.2009795, 27.8821614], [85.2005568, 27.8829228], [85.200225, 27.8833502], [85.1995909, 27.8835394], [85.199211, 27.8835687], [85.1988293, 27.8835981], [85.1983716, 27.8835242], [85.1960771, 27.8825907], [85.1959315, 27.8825998], [85.1957398, 27.8826833], [85.1955073, 27.8830922], [85.1954919, 27.8834717], [85.1949451, 27.8841673], [85.1946087, 27.8845247], [85.1940611, 27.8848455], [85.1936101, 27.8849504], [85.1931363, 27.8849124], [85.1926656, 27.8847862], [85.1917252, 27.8842532], [85.1911524, 27.8837892], [85.1905642, 27.8835228], [85.1898689, 27.8835141], [85.1895122, 27.8836524], [85.1888522, 27.8838658], [85.1884933, 27.8840252], [85.1873554, 27.8843209], [85.1868786, 27.8844211], [85.1863264, 27.8843408], [85.1854857, 27.8839587], [85.184679, 27.8833086], [85.1836905, 27.8825746], [85.183042, 27.882281], [85.1826386, 27.8822461], [85.1824251, 27.882274], [85.1822551, 27.8823032], [85.1820534, 27.8825117], [85.1819189, 27.883036], [85.181824, 27.8836302], [85.181571, 27.8838818], [85.1812072, 27.8840916], [85.1795305, 27.884497], [85.1777116, 27.8850632], [85.1770472, 27.8852519], [85.176723, 27.885182], [85.17594, 27.8847626], [85.1754339, 27.8845599], [85.1751413, 27.8846228], [85.1749119, 27.8849234], [85.1748724, 27.8854896], [85.1746668, 27.8857692], [85.1744137, 27.8858951], [85.1737415, 27.8858811], [85.1732907, 27.8859789], [85.173006, 27.8862935], [85.1722546, 27.8867549], [85.1715508, 27.8870484], [85.1709497, 27.8879082], [85.1705147, 27.8886282], [85.1699137, 27.8890546], [85.1694313, 27.8893831], [85.1684664, 27.889467], [85.1671852, 27.8891175], [85.1665684, 27.8891734], [85.1660068, 27.889509]]}, "properties": {"kind": "river", "name": null}}, {"type": "Feature", "geometry": {"type": "LineString", "coordinates": [[85.3796214, 27.9226798], [85.3793449, 27.9227605], [85.3784502, 27.9230679], [85.3779255, 27.9231069], [85.3771677, 27.9227634]]}, "properties": {"kind": "river", "name": null}}, {"type": "Feature", "geometry": {"type": "LineString", "coordinates": [[85.0707918, 27.8537019], [85.0700462, 27.8536639], [85.0698397, 27.8536935], [85.0678226, 27.8542848], [85.0673485, 27.8544453], [85.066625, 27.8548572], [85.0644645, 27.8560871], [85.0638958, 27.8566354], [85.0637108, 27.8572187], [85.0636679, 27.8574416]]}, "properties": {"kind": "river", "name": "Trisuli"}}, {"type": "Feature", "geometry": {"type": "LineString", "coordinates": [[85.2772871, 27.9155745], [85.2766541, 27.9153872], [85.2763704, 27.9150347], [85.2761461, 27.9149877], [85.2758302, 27.9148655], [85.2756722, 27.914835], [85.275327, 27.9144345], [85.2749616, 27.9143302], [85.2744121, 27.9142692], [85.2738055, 27.9142908], [85.2728978, 27.9142731], [85.2721132, 27.9142393], [85.2718633, 27.9143186], [85.2716803, 27.9144356], [85.2715423, 27.9146721]]}, "properties": {"kind": "river", "name": null}}, {"type": "Feature", "geometry": {"type": "LineString", "coordinates": [[85.1018872, 28.1905655], [85.1014965, 28.1906219], [85.1010372, 28.1907245], [85.1007114, 28.1907884], [85.1001352, 28.1908441], [85.1000089, 28.190589], [85.1000205, 28.1903682], [85.1000756, 28.1901415], [85.0995976, 28.1899993], [85.0992923, 28.1896409], [85.0985506, 28.1892691], [85.0981251, 28.1895068], [85.0976956, 28.189597], [85.0973725, 28.1897945], [85.0969835, 28.1897928], [85.0964513, 28.18972], [85.096152, 28.1893453], [85.0958718, 28.1890212], [85.0955922, 28.1888194], [85.0951267, 28.1885433], [85.0947773, 28.1885577], [85.0943148, 28.188882], [85.0938906, 28.188971], [85.0935898, 28.188738], [85.0933191, 28.1886244], [85.0928992, 28.1884282], [85.0921773, 28.1881442], [85.0913602, 28.1884936], [85.0900728, 28.188391], [85.0893306, 28.1887232]]}, "properties": {"kind": "river", "name": "Menchet Khola"}}, {"type": "Feature", "geometry": {"type": "LineString", "coordinates": [[85.0713392, 28.1911168], [85.0709524, 28.1905778], [85.0706188, 28.1902984], [85.0702357, 28.1901527], [85.0700839, 28.1897229], [85.0696762, 28.1890657], [85.0695797, 28.1887518], [85.0693029, 28.1882218], [85.069092, 28.1873253], [85.0690717, 28.1869224], [85.0688415, 28.1858728], [85.0686943, 28.184657], [85.067517, 28.1832501], [85.065927, 28.1831809], [85.0654893, 28.1828575], [85.065124, 28.1824905], [85.0641267, 28.1817269], [85.063266, 28.1811276], [85.062717, 28.1802667], [85.0624445, 28.1796331], [85.0627246, 28.1792004], [85.062428, 28.1783996], [85.061339, 28.177742], [85.0606505, 28.1775675], [85.0605787, 28.1772234], [85.0602386, 28.1764091], [85.059437, 28.1757809], [85.0590282, 28.1755609], [85.0588712, 28.175265], [85.0588432, 28.1749369], [85.058346, 28.1744807], [85.0569298, 28.1742793], [85.0559042, 28.1738925], [85.0552787, 28.1733742], [85.0547369, 28.1731141], [85.0542777, 28.1724379], [85.0532391, 28.1715744], [85.0522692, 28.1707345], [85.0508004, 28.1703287], [85.0505204, 28.1698889], [85.0503252, 28.1684229], [85.0502676, 28.1678395], [85.0500832, 28.1672768], [85.0494749, 28.1671057], [85.0484955, 28.1665347], [85.048559, 28.1658391], [85.0478616, 28.1651604], [85.0477648, 28.1636891], [85.0465688, 28.1639096], [85.0458487, 28.163553], [85.0453672, 28.1630725], [85.0451929, 28.1623836], [85.045164, 28.161576], [85.0447756, 28.1610387], [85.0446201, 28.1603061], [85.0443374, 28.1595655], [85.0445912, 28.1589024], [85.0445735, 28.1585033], [85.044466, 28.1581681], [85.0442859, 28.1578851], [85.0442837, 28.1567661], [85.0436615, 28.1555544], [85.0435521, 28.1549007], [85.0434737, 28.1544532], [85.0432666, 28.1538885], [85.0430145, 28.1535537], [85.0428515, 28.1531205], [85.0427742, 28.1527128], [85.0426347, 28.1522379], [85.0425328, 28.1517743], [85.0425832, 28.1514319], [85.0431647, 28.150958], [85.0434815, 28.1505153], [85.0434521, 28.1502247], [85.0432879, 28.1498691], [85.0431805, 28.1494281], [85.0429123, 28.1491186], [85.0425629, 28.1487196], [85.0420156, 28.1482317], [85.0418225, 28.147541], [85.0416831, 28.1469697], [85.0418848, 28.1461164], [85.041962, 28.1456774], [85.0415393, 28.1448355], [85.0409846, 28.1441996], [85.0404632, 28.1432698], [85.0401701, 28.1422798], [85.0402501, 28.1415041], [85.039908, 28.1414303], [85.0387467, 28.1411797], [85.0367315, 28.1404887], [85.0359275, 28.1390087], [85.033181, 28.1373436], [85.0321008, 28.13678], [85.0309733, 28.1368791], [85.0304449, 28.1374302], [85.0295807, 28.1374858], [85.0290345, 28.1375673], [85.0282109, 28.1376414], [85.0273975, 28.1369338], [85.0271728, 28.136284], [85.0252845, 28.1347702], [85.0254468, 28.1330868], [85.0249643, 28.1324458], [85.0229862, 28.1323352], [85.0225379, 28.1311371], [85.0205379, 28.1299966], [85.019702, 28.1280446], [85.0194201, 28.1279187], [85.0185264, 28.1280237], [85.018026, 28.1279081], [85.0179009, 28.1274575], [85.0178591, 28.1268888], [85.0177281, 28.1262163], [85.0166206, 28.1257775], [85.0159884, 28.1254387], [85.0158105, 28.1247742], [85.0140462, 28.1232844], [85.0124341, 28.1224951], [85.0097768, 28.1199548], [85.0094732, 28.1191019], [85.0089428, 28.1180926], [85.0089174, 28.1177999], [85.0088778, 28.1173449], [85.0088889, 28.1172124], [85.0089501, 28.1170603], [85.0093104, 28.1166012], [85.0094878, 28.1162883], [85.0094043, 28.1158649], [85.0092478, 28.1155335], [85.0090808, 28.1153034], [85.0088834, 28.1149107], [85.0088778, 28.1146015], [85.0091017, 28.1142818], [85.0089243, 28.1133522], [85.0087886, 28.1126618], [85.0085382, 28.1120543], [85.0081312, 28.1113456], [85.0078484, 28.1106642], [85.0073334, 28.1096327], [85.0073069, 28.1086481], [85.0074434, 28.1081138], [85.0071966, 28.1074561], [85.0070625, 28.1068268], [85.0072396, 28.1063631], [85.0073093, 28.1060697], [85.0072962, 28.1059738], [85.0072181, 28.1054025], [85.0075775, 28.104423], [85.007835, 28.1042669], [85.007717, 28.1038457], [85.0077975, 28.1033252], [85.0082427, 28.1029703], [85.0081891, 28.1025917], [85.0085431, 28.1020476], [85.0090671, 28.1008356], [85.0094604, 28.0998968], [85.0095677, 28.0993858], [85.0093531, 28.0982122], [85.0093317, 28.0964897], [85.0104154, 28.0955006], [85.0105875, 28.094683], [85.010594, 28.0943421], [85.0103939, 28.0939084], [85.0101524, 28.0934245], [85.0101747, 28.093122], [85.0101832, 28.0927714], [85.0097458, 28.091485], [85.009599, 28.0911887], [85.0094348, 28.0906061], [85.0093087, 28.090418], [85.0089597, 28.0901875], [85.0087801, 28.0899843], [85.0087915, 28.0897945], [85.0089038, 28.0895706], [85.0089837, 28.089321], [85.0088881, 28.0891727], [85.0087055, 28.0884611], [85.0082204, 28.0878398]]}, "properties": {"kind": "river", "name": "Ankhu Khola"}}, {"type": "Feature", "geometry": {"type": "LineString", "coordinates": [[85.2080146, 27.8986255], [85.2056732, 27.8976134], [85.2030317, 27.8973757], [85.2009962, 27.897603], [85.2007083, 27.8976351], [85.1988678, 27.8970967], [85.1965505, 27.8974476], [85.1960558, 27.897897], [85.196032, 27.8992238], [85.1954895, 27.8997441], [85.1931462, 27.9005953], [85.1927073, 27.9006903], [85.191304, 27.9009938], [85.1906165, 27.9012682], [85.1882758, 27.9023893], [85.1875338, 27.9025644], [85.1869871, 27.9025052], [85.1865636, 27.9021825], [85.1862503, 27.9015723], [85.185752, 27.9010929], [85.185248, 27.9008348], [85.184495, 27.9007865], [85.1833186, 27.9010877], [85.1823646, 27.9014106], [85.1812989, 27.901684], [85.1806489, 27.901592], [85.1801355, 27.9012036], [85.1793114, 27.9002302], [85.1786407, 27.8991663], [85.1782118, 27.8990434], [85.1777689, 27.8990319], [85.1770524, 27.8988131], [85.1757236, 27.8979497], [85.1749811, 27.8970977], [85.1739259, 27.8951635], [85.1730531, 27.8939201], [85.1725842, 27.8933559], [85.171529, 27.8924694], [85.1702393, 27.8916749], [85.1694447, 27.8910071], [85.1683244, 27.890063], [85.1675688, 27.889637], [85.1666569, 27.8893722], [85.1660068, 27.889509], [85.1653021, 27.8901436], [85.1644554, 27.890915], [85.1640515, 27.8911568], [85.1634914, 27.891318], [85.1629573, 27.8912144], [85.1622017, 27.8908229], [85.1612247, 27.8902012], [85.1592576, 27.8894298], [85.1569389, 27.8878639], [85.15505, 27.8866434], [85.1541772, 27.8857222], [85.1535909, 27.8848587], [85.1534998, 27.8844902], [85.1535758, 27.8840286], [85.1536652, 27.883579], [85.1536794, 27.8835078], [85.1537532, 27.8816434], [85.15368, 27.8804596], [85.1537449, 27.8784792], [85.1536548, 27.8780197], [85.1533954, 27.8776923], [85.1523216, 27.8766508]]}, "properties": {"kind": "river", "name": "Tadi Khola"}}, {"type": "Feature", "geometry": {"type": "LineString", "coordinates": [[85.1878665, 28.0252856], [85.1877464, 28.0251844], [85.1876289, 28.0250325], [85.1874841, 28.0248637], [85.1873421, 28.024719], [85.187129, 28.0245695], [85.1869078, 28.0244345], [85.1867876, 28.024338], [85.1866811, 28.0242006], [85.1864953, 28.0238944], [85.1863342, 28.0234965], [85.1862113, 28.0231903], [85.1861457, 28.0229033], [85.1860911, 28.0226695], [85.1860364, 28.0223632], [85.1860201, 28.021975], [85.1860091, 28.0217845], [85.1860282, 28.021541], [85.1860665, 28.0213023], [85.1861348, 28.0209526], [85.1861949, 28.0207452], [85.1862768, 28.0205933], [85.1863664, 28.0204707], [85.1866975, 28.0202172], [85.1870252, 28.0199543], [85.1872602, 28.019747], [85.1873558, 28.0196192], [85.1874213, 28.0194745], [85.1874759, 28.0193153], [85.1874869, 28.0191441], [85.1874759, 28.0189898], [85.187424, 28.0186233], [85.1873776, 28.0184231], [85.1873503, 28.0182351], [85.1873366, 28.0178082], [85.1877063, 28.0174335], [85.1872902, 28.0170511], [85.1872957, 28.0166966], [85.1873066, 28.0164772], [85.1873011, 28.0163445], [85.1872875, 28.0162457], [85.1872274, 28.0160745], [85.1870799, 28.0159201], [85.1869624, 28.0158285], [85.1867931, 28.01572], [85.1864489, 28.0155656], [85.1861157, 28.0154258], [85.1857332, 28.0152498], [85.1856322, 28.0151654], [85.1855639, 28.0150617], [85.1854983, 28.0149194], [85.1853365, 28.0144716]]}, "properties": {"kind": "river", "name": "Trishuli Ganga River"}}, {"type": "Feature", "geometry": {"type": "LineString", "coordinates": [[85.1853365, 28.0144716], [85.1852374, 28.0142434], [85.1850394, 28.013909], [85.1848346, 28.0135955], [85.1846652, 28.0133953], [85.1844576, 28.0131904], [85.1843566, 28.0130674], [85.1842309, 28.0128576], [85.1841681, 28.0127153], [85.1840124, 28.0123753], [85.1838622, 28.0120353], [85.1837884, 28.0118351], [85.1837338, 28.0115819], [85.1837119, 28.0113311], [85.1836899, 28.0110866], [85.1836955, 28.0107958], [85.1837365, 28.0101663], [85.1837354, 28.0098032], [85.1835872, 28.0088224], [85.1835617, 28.008307], [85.1835699, 28.0077765], [85.1835999, 28.00734], [85.1836245, 28.0070409], [85.1836983, 28.0067057], [85.1837611, 28.006426], [85.1837902, 28.0063465], [85.1838786, 28.0061052], [85.1839767, 28.0058782], [85.1840807, 28.0056374], [85.1841544, 28.0053914], [85.1842255, 28.0051502], [85.1842746, 28.0047595], [85.1842746, 28.0045473], [85.1842418, 28.0043375], [85.1842063, 28.0041614], [85.1841626, 28.0039878], [85.1841435, 28.0038069], [85.1841353, 28.0036188], [85.1841572, 28.0033873], [85.1841626, 28.0031461], [85.1841224, 28.0029503], [85.1840862, 28.0028278], [85.1840097, 28.002671], [85.1838731, 28.0024033], [85.1838048, 28.0022007], [85.1837791, 28.0020026], [85.183783, 28.0017956], [85.1838157, 28.0016316], [85.1838676, 28.0014652], [85.1839605, 28.0012939], [85.1841217, 28.0010552], [85.1843211, 28.0008164], [85.1844576, 28.0006789], [85.184668, 28.0003992], [85.1847226, 28.0002593], [85.1847581, 28.0001001], [85.1847772, 27.999912], [85.1847909, 27.9995985], [85.1847936, 27.9994272], [85.1848346, 27.9992584], [85.184927, 27.9990392], [85.185217, 27.9986145], [85.185509, 27.998187], [85.1856977, 27.9978692], [85.1859163, 27.997505], [85.1860646, 27.9972086], [85.1861484, 27.9970009], [85.1861703, 27.9968297], [85.186132, 27.9967091], [85.1859927, 27.9965379], [85.1858671, 27.9964438], [85.1856049, 27.9962653], [85.1854656, 27.9961351], [85.1851269, 27.99566], [85.1849712, 27.9954694], [85.1848373, 27.9953127], [85.1845327, 27.9950057], [85.1842992, 27.9947989], [85.1840834, 27.9946229], [85.1837679, 27.9943842], [85.1835317, 27.9942056], [85.183193, 27.9939572], [85.1828433, 27.9936943], [85.1826357, 27.9935279], [85.1824445, 27.9933759], [85.1822779, 27.9932408], [85.1822042, 27.9931251], [85.1821478, 27.9930151], [85.1821277, 27.9928887], [85.1821277, 27.992785], [85.1821523, 27.9926379], [85.1822147, 27.992372], [85.1824625, 27.9916476], [85.1828281, 27.9908578]]}, "properties": {"kind": "river", "name": "Trishuli Ganga River"}}, {"type": "Feature", "geometry": {"type": "LineString", "coordinates": [[85.0668522, 28.103117], [85.0667578, 28.1029686], [85.0667248, 28.1028171], [85.0667314, 28.1026598], [85.0667512, 28.1025084], [85.0667446, 28.1023861], [85.0667182, 28.102287], [85.0666984, 28.1021297], [85.0666587, 28.1018443], [85.0666059, 28.1016171], [85.0665267, 28.1014656], [85.066454, 28.1013142], [85.0662823, 28.1011219], [85.066038, 28.1008772], [85.0659125, 28.1006908], [85.0658332, 28.1004927], [85.0657606, 28.1003238], [85.0655823, 28.1000966], [85.0652653, 28.0998519], [85.0650341, 28.099648], [85.0649269, 28.0995633], [85.0635487, 28.0963835], [85.0624001, 28.09417], [85.061817, 28.0927515], [85.0613059, 28.0915901], [85.061499, 28.0903198], [85.0609463, 28.0897894], [85.0607686, 28.0888613], [85.0605338, 28.0883625]]}, "properties": {"kind": "river", "name": null}}, {"type": "Feature", "geometry": {"type": "LineString", "coordinates": [[85.4397536, 27.9242869], [85.4395312, 27.9239952], [85.4391707, 27.9238189], [85.4387461, 27.9237132], [85.4383419, 27.9237106], [85.4377317, 27.9238023], [85.4372745, 27.9237755], [85.4369835, 27.9236825], [85.4368013, 27.9236243], [85.4364629, 27.9235135], [85.4360415, 27.9230149], [85.435882, 27.922568], [85.4358317, 27.9224269], [85.435339, 27.9211879], [85.4352657, 27.9210037], [85.4345622, 27.9204995], [85.4348451, 27.9200251], [85.4348335, 27.9195761], [85.4343527, 27.9192897], [85.4340926, 27.9190644], [85.4342347, 27.9188809], [85.4325037, 27.9183195], [85.4319913, 27.9181798], [85.4314702, 27.9181017], [85.4307342, 27.9182846], [85.4304504, 27.9185891], [85.4300649, 27.9186268], [85.4286691, 27.9186845], [85.4275971, 27.9179248], [85.4274665, 27.9172228], [85.4267877, 27.9169015], [85.4258653, 27.9169136], [85.4257069, 27.9168881], [85.4254269, 27.9166084], [85.4249307, 27.9159606], [85.4241169, 27.9151186], [85.4236663, 27.9149195], [85.4233412, 27.9148863], [85.4227833, 27.9149915], [85.4223487, 27.9153042], [85.4219502, 27.9157173], [85.4214521, 27.9157595], [85.4206506, 27.9153025], [85.4198657, 27.9148549], [85.4196367, 27.914655], [85.4193524, 27.914143], [85.4190703, 27.913949], [85.418908, 27.9139335], [85.4187362, 27.9139782], [85.4186133, 27.9138913], [85.4185156, 27.9137204], [85.4182866, 27.9134986], [85.4180476, 27.9132585], [85.417748, 27.9131464], [85.4174065, 27.9131945], [85.4171287, 27.9133623], [85.4169302, 27.9136467], [85.4167363, 27.9141059], [85.4167553, 27.9143118], [85.4167719, 27.9150034], [85.4166078, 27.9154774], [85.4163964, 27.915731], [85.4159077, 27.9161808], [85.4142552, 27.9166982], [85.4138478, 27.91668], [85.4128359, 27.9161485], [85.4125527, 27.9161703], [85.4122409, 27.9161564], [85.4118156, 27.9163678], [85.411604, 27.9165116], [85.4112985, 27.9166139], [85.4110663, 27.9166481], [85.4108382, 27.9166933], [85.410408, 27.9169945], [85.4098475, 27.9171514], [85.4097864, 27.9172147], [85.4096033, 27.9171896], [85.4089234, 27.9167714], [85.4086739, 27.9165719], [85.4076902, 27.9160572], [85.4075068, 27.9160283], [85.4072892, 27.9160174], [85.4071128, 27.9160219], [85.4069059, 27.9162165], [85.4066414, 27.9163677], [85.4060564, 27.9167216], [85.4054568, 27.9169988], [85.4052108, 27.9170574], [85.4049773, 27.9170311], [85.4047535, 27.9169549], [85.4044047, 27.9167299], [85.4040596, 27.9166409], [85.4037179, 27.9165789], [85.4034167, 27.9164056], [85.4029728, 27.9162407], [85.4025643, 27.9161058], [85.402365, 27.9159544], [85.4021535, 27.9159107], [85.4017353, 27.9159152], [85.4015753, 27.916007], [85.4013567, 27.9160481], [85.4007864, 27.9160566], [85.4005229, 27.9161771], [85.400331, 27.9163001], [85.4000959, 27.9164261], [85.3998493, 27.9167025], [85.3998398, 27.9169437], [85.399754, 27.9172185], [85.3996303, 27.9174038], [85.3991337, 27.9178436], [85.3974453, 27.9182932], [85.3974081, 27.9188756], [85.3971994, 27.9190912], [85.396924, 27.9193757], [85.3963618, 27.9192869], [85.3956899, 27.9189917], [85.3957127, 27.918701], [85.3955388, 27.9183327], [85.3948872, 27.9180662], [85.3944664, 27.9182767], [85.3943509, 27.9187214], [85.3941424, 27.9188887], [85.3937675, 27.9189582], [85.3934469, 27.9190929], [85.3931474, 27.9192926], [85.3928243, 27.9193198], [85.3913096, 27.9193275], [85.3908192, 27.9193808], [85.3904188, 27.9195994], [85.3902726, 27.9202956], [85.3903145, 27.9209517], [85.3898511, 27.921616], [85.389216, 27.9217611], [85.3882777, 27.921567], [85.3876764, 27.9212987], [85.3872475, 27.9208987], [85.3867155, 27.9207902], [85.3863625, 27.9211269], [85.3861514, 27.9215933], [85.3858317, 27.9220277], [85.38547, 27.9221164], [85.3847458, 27.9215855], [85.3842263, 27.9214156], [85.3831315, 27.921669], [85.3815539, 27.9205664], [85.3803909, 27.9211162], [85.3778991, 27.9223648], [85.3771677, 27.9227634], [85.3764951, 27.9227999], [85.3761002, 27.922544], [85.3755644, 27.9218207], [85.3747664, 27.9211562], [85.3742293, 27.9207801], [85.3737104, 27.9206256], [85.3721013, 27.920981], [85.3716465, 27.921115], [85.3713346, 27.9210816], [85.3710693, 27.9210531], [85.370438, 27.9213338], [85.3701656, 27.921455], [85.3694488, 27.9215981], [85.368918, 27.9215065], [85.3683583, 27.9210634], [85.3680683, 27.9207641], [85.3673308, 27.9206842], [85.3664738, 27.9203855], [85.3657829, 27.9203494], [85.3653631, 27.9207821], [85.3650701, 27.9211562], [85.3643632, 27.9213539], [85.363473, 27.9213345], [85.3625279, 27.9212119], [85.361658, 27.921208], [85.3608294, 27.9215689], [85.3604584, 27.9215725], [85.3597707, 27.921428], [85.3595555, 27.9215907], [85.3594566, 27.921995], [85.3589536, 27.9226289], [85.3586292, 27.92349], [85.3585744, 27.9236779], [85.358261, 27.9237799], [85.3577622, 27.9236197], [85.357049, 27.9236852], [85.356453, 27.9235132], [85.3561956, 27.9233889], [85.3555649, 27.9230842], [85.3548764, 27.9227454], [85.3543116, 27.9225159], [85.3536801, 27.9223735], [85.3529021, 27.9228816], [85.3524955, 27.9232806], [85.3519044, 27.9238141], [85.3514592, 27.9241201], [85.3508458, 27.92418], [85.3500822, 27.9240035], [85.3495875, 27.9237486], [85.3491608, 27.9234515], [85.3487669, 27.9231773], [85.3482683, 27.9225538], [85.3477845, 27.9221086], [85.3474001, 27.9217494], [85.347273, 27.9216306], [85.3472987, 27.92136], [85.3470112, 27.9209856], [85.3464056, 27.9204469], [85.3461671, 27.920389], [85.3460302, 27.9204114], [85.3457626, 27.9204551], [85.3451968, 27.9208476], [85.3449724, 27.9209096], [85.3446474, 27.9207588], [85.3443154, 27.9206886], [85.3440161, 27.920544], [85.3437881, 27.9203255], [85.3435742, 27.9201205], [85.3431136, 27.9198932], [85.3427982, 27.9199353], [85.3423911, 27.9203103], [85.3420477, 27.920453], [85.3416108, 27.9204828], [85.3411216, 27.9205316], [85.3402896, 27.9210273], [85.339998, 27.9213384], [85.3397185, 27.9216173], [85.3396678, 27.9218018], [85.3395873, 27.9220946], [85.3392923, 27.9225632], [85.3391599, 27.9226068], [85.3391499, 27.9226134], [85.3380744, 27.9229646], [85.3374311, 27.9231211], [85.3369151, 27.9231264], [85.3363741, 27.9230142], [85.3351692, 27.9229217], [85.3339159, 27.9230164], [85.3317815, 27.9231347], [85.3311414, 27.9230874], [85.330805, 27.9229348], [85.3304979, 27.9223616], [85.3301495, 27.9219959], [85.3297948, 27.9219487], [85.3281781, 27.9222538], [85.3274329, 27.9223616], [85.3267425, 27.9222203], [85.3263425, 27.9216511], [85.3259805, 27.9214689], [85.3253405, 27.921361], [85.3242326, 27.9215619], [85.3240987, 27.9216209], [85.3239975, 27.9216898], [85.3232091, 27.9220082], [85.3225956, 27.9219785], [85.3219566, 27.9219214], [85.3213179, 27.9221176], [85.3206224, 27.9220252], [85.3201756, 27.9217176], [85.3198746, 27.9214723], [85.3192696, 27.9211941], [85.3185157, 27.920818], [85.3181823, 27.9205632], [85.318157, 27.9202646], [85.3185339, 27.9199799], [85.318662, 27.9194129], [85.3182873, 27.919038], [85.3180696, 27.9188755], [85.3177484, 27.918969], [85.3171751, 27.9195779], [85.3162621, 27.919954], [85.3157362, 27.9198652], [85.315344, 27.919475], [85.3145389, 27.918674], [85.3134612, 27.917981], [85.3127128, 27.9180856], [85.3126647, 27.9182979], [85.3124588, 27.9187589], [85.3122391, 27.9187711], [85.311966, 27.9185281], [85.3118281, 27.9183694], [85.3116902, 27.9182106], [85.311223, 27.9173516], [85.3103374, 27.9160837], [85.3097322, 27.9157603], [85.3092733, 27.9157743], [85.3085662, 27.9164356], [85.3080879, 27.916285], [85.3080194, 27.9153567], [85.306795, 27.9141582], [85.306375, 27.9140651], [85.3059514, 27.9142579], [85.3055196, 27.9147857], [85.3053153, 27.9155933], [85.3053694, 27.9163188], [85.3052566, 27.9168689], [85.3051553, 27.9169616], [85.305004, 27.9171001], [85.304773, 27.9174849], [85.3045426, 27.9176668], [85.3036398, 27.9183099], [85.3034025, 27.9184228], [85.3030864, 27.9184847], [85.3028021, 27.9185083], [85.3024912, 27.9184395], [85.3016082, 27.9180022], [85.3013558, 27.9177276], [85.3011711, 27.9174562], [85.3010657, 27.9170682], [85.3008709, 27.9167459], [85.3008329, 27.9167115], [85.3006027, 27.9165033], [85.2995318, 27.9159441], [85.2994416, 27.9157767], [85.2997844, 27.915394], [85.2998927, 27.9150033], [85.2996942, 27.9141423], [85.2995262, 27.9138711], [85.2990212, 27.9130561], [85.2985123, 27.9126593], [85.2977002, 27.912444], [85.2966534, 27.9124666], [85.2957604, 27.9130659], [85.2956577, 27.9133735], [85.296013, 27.9143655], [85.296419, 27.915107], [85.2968217, 27.9158019], [85.2969243, 27.9160318], [85.2965453, 27.9173154], [85.2962747, 27.9175067], [85.295799, 27.9174298], [85.2945153, 27.9168849], [85.2937067, 27.9163378], [85.2930987, 27.9156252], [85.2929465, 27.9150672], [85.2928551, 27.9147322], [85.2924932, 27.9142689], [85.2921333, 27.9142379], [85.2896119, 27.9149127], [85.289514, 27.9150512], [85.2889189, 27.9154478]]}, "properties": {"kind": "river", "name": null}}, {"type": "Feature", "geometry": {"type": "LineString", "coordinates": [[85.3479506, 28.3012163], [85.3480524, 28.3008692], [85.348084, 28.3007016], [85.3481156, 28.300534], [85.3480987, 28.3000869], [85.3480355, 28.2994704], [85.3479904, 28.2991233], [85.3479191, 28.2988958], [85.347796, 28.2987168], [85.3478949, 28.2982983], [85.3483235, 28.2979932], [85.3484163, 28.2977832], [85.3484214, 28.2974532], [85.3480113, 28.2969925], [85.3479274, 28.2963899], [85.348042, 28.2959999], [85.3480584, 28.2946341], [85.3481436, 28.294058], [85.3483047, 28.2932027], [85.3482576, 28.2927536], [85.3478893, 28.2922165], [85.3472808, 28.2916801], [85.3470117, 28.2912995], [85.3470092, 28.2908307], [85.3471846, 28.2898659], [85.3473559, 28.2894508], [85.3474628, 28.288979], [85.3475356, 28.2888584], [85.3478491, 28.2886406], [85.3480516, 28.288481], [85.348211, 28.2882696], [85.3483023, 28.2878806], [85.3483594, 28.2877498], [85.348535, 28.2876969], [85.3489464, 28.2877342], [85.3491321, 28.2876826], [85.3494622, 28.2875237], [85.3496774, 28.2874588], [85.3498793, 28.2874293], [85.3501706, 28.2874725], [85.3503036, 28.2874306], [85.3510495, 28.2869951], [85.3515083, 28.2866481], [85.3518374, 28.2865071], [85.3521437, 28.2864816], [85.3529681, 28.2864681], [85.3536107, 28.2864864], [85.35444, 28.2866575], [85.3552398, 28.2866368], [85.3562842, 28.2864241], [85.3571961, 28.2862615], [85.3577558, 28.2860931]]}, "properties": {"kind": "river", "name": "Kyirong Tsangpo"}}, {"type": "Feature", "geometry": {"type": "LineString", "coordinates": [[85.315344, 27.919475], [85.3154362, 27.9186485], [85.3154147, 27.9184209], [85.3153289, 27.9182787], [85.315125, 27.9180228], [85.3149212, 27.9179564], [85.3145779, 27.917928], [85.3141755, 27.9179138], [85.3136766, 27.9179802], [85.3134612, 27.917981]]}, "properties": {"kind": "river", "name": null}}, {"type": "Feature", "geometry": {"type": "LineString", "coordinates": [[85.1617886, 27.8628338], [85.1616115, 27.8630567], [85.1614619, 27.8634595], [85.1611615, 27.8638105], [85.1608981, 27.8641285], [85.1606299, 27.8645553], [85.1603085, 27.864759], [85.1599062, 27.8648396], [85.1594765, 27.8647071], [85.1591386, 27.8644747], [85.159059, 27.8643471], [85.158887, 27.8640713], [85.1586826, 27.863934], [85.1580871, 27.863825], [85.1576419, 27.863934], [85.1572342, 27.8642328], [85.1570738, 27.8646072], [85.1567675, 27.8652287], [85.1566441, 27.8657599], [85.1564939, 27.8660539], [85.1563383, 27.866144], [85.1561237, 27.8661582], [85.1558448, 27.8661155], [85.1550294, 27.8659733], [85.1546378, 27.8657741], [85.1542891, 27.8656508], [85.153978, 27.8655939], [85.1538278, 27.865703], [85.153758, 27.8659353], [85.1537532, 27.8665279], [85.15364, 27.8667747], [85.1533235, 27.867064], [85.1529534, 27.8672395], [85.1525296, 27.8672679], [85.1519449, 27.8672916], [85.1517035, 27.8673723], [85.1515264, 27.8675572], [85.1512748, 27.867851], [85.1510812, 27.8679651], [85.1508666, 27.8679603], [85.1505716, 27.8680599], [85.1502014, 27.868297], [85.1499332, 27.8686622], [85.1498527, 27.869051], [85.1499391, 27.8693922], [85.1499869, 27.8698572], [85.1498787, 27.8702549], [85.1493448, 27.8704647], [85.1489193, 27.8704168], [85.1485937, 27.8705348], [85.1484053, 27.8709596], [85.1485547, 27.8716543], [85.1485222, 27.872217], [85.1482689, 27.8726591], [85.148023, 27.872817], [85.147952, 27.8729262], [85.1479117, 27.8730897], [85.1478857, 27.8732906], [85.1479492, 27.8735628], [85.1479725, 27.8736629], [85.1483858, 27.8745078], [85.1486836, 27.8748898], [85.1487577, 27.8750432], [85.1487923, 27.8754917]]}, "properties": {"kind": "river", "name": "Dharne Khola"}}, {"type": "Feature", "geometry": {"type": "LineString", "coordinates": [[85.3554842, 27.9972254], [85.355503, 27.9968926], [85.355596, 27.9952439], [85.3563096, 27.9937331], [85.3562666, 27.9915846], [85.3552778, 27.9892082], [85.3539108, 27.9871886], [85.353863, 27.9866144], [85.3537455, 27.9863033], [85.3539714, 27.986068], [85.3542549, 27.9857495], [85.3541463, 27.9856508], [85.3544452, 27.9854914], [85.3544943, 27.9849459], [85.3544514, 27.98398], [85.3540426, 27.9831], [85.3540225, 27.9821395], [85.3531799, 27.9793302], [85.3522686, 27.9777432], [85.3524921, 27.9756627], [85.3520816, 27.9751], [85.3510133, 27.9736353], [85.3499127, 27.972033], [85.3496806, 27.971418], [85.3496121, 27.9713107], [85.3478234, 27.9685096], [85.3475491, 27.9675356], [85.3469636, 27.9663833], [85.3461476, 27.9657325], [85.3456875, 27.9655575], [85.3452309, 27.9650917], [85.344739, 27.9649448], [85.3447213, 27.9646572], [85.3442506, 27.9641821], [85.3441479, 27.9636725], [85.3437445, 27.9633068], [85.3436631, 27.9629567], [85.3431375, 27.9623964], [85.3410577, 27.9618279], [85.3402358, 27.9621125], [85.3399369, 27.9621455], [85.3393345, 27.9617784], [85.3375973, 27.9613865], [85.3370462, 27.9616325], [85.3367492, 27.9616218], [85.3351371, 27.9612889], [85.3327621, 27.9613779], [85.3326568, 27.9613323], [85.3320633, 27.961075], [85.3306483, 27.9608376], [85.3305243, 27.9608168], [85.3302956, 27.9596376], [85.3296089, 27.9588747], [85.3281929, 27.9585133], [85.327895, 27.9584459], [85.3276952, 27.9583428], [85.3274779, 27.9583014], [85.3272741, 27.9582575], [85.3271413, 27.9582445], [85.3268825, 27.9580905], [85.3267121, 27.9579555], [85.3265753, 27.9578939], [85.326346, 27.9577197], [85.3261194, 27.9576724], [85.3259075, 27.9576771], [85.325705, 27.9576771], [85.3253362, 27.9576712], [85.3249687, 27.9576688], [85.3246978, 27.9577209], [85.3242767, 27.9577967], [85.3237, 27.9577636], [85.3233084, 27.9577873], [85.3228095, 27.9578512], [85.3222248, 27.9579436], [85.3217608, 27.9580147], [85.3213289, 27.9580858], [85.3207818, 27.9579981], [85.3205162, 27.9580834], [85.3202829, 27.9582564], [85.3201032, 27.9584648], [85.319843, 27.9587942], [85.3194782, 27.9590666], [85.3189337, 27.9590595], [85.3186548, 27.9590169], [85.3182122, 27.9588723], [85.3175953, 27.9581734], [85.3173378, 27.9579057], [85.3170186, 27.9576309], [85.316973, 27.9573584], [85.316788, 27.9573324], [85.3163722, 27.9574769], [85.3160879, 27.9574769], [85.3158492, 27.9575266], [85.3156775, 27.9576735], [85.3154549, 27.9577707], [85.3152832, 27.9577825], [85.3151062, 27.9577138], [85.3148782, 27.9577636], [85.3146958, 27.9577754], [85.3145081, 27.9579152], [85.3143418, 27.9580171], [85.3142104, 27.9580976], [85.3141594, 27.9581474], [85.3137705, 27.9582137], [85.3136578, 27.9581592], [85.3134298, 27.9577114], [85.3133467, 27.9571571], [85.3133306, 27.9566287], [85.3134727, 27.956252], [85.3134701, 27.9560364], [85.313293, 27.955745], [85.3131348, 27.9555578], [85.3128907, 27.9555247], [85.3125501, 27.9555294], [85.3123033, 27.9555673], [85.3120807, 27.9555768], [85.3117266, 27.9556692], [85.3116193, 27.9556763], [85.3113618, 27.9555578], [85.3111017, 27.9552641], [85.3110158, 27.9550105], [85.3108925, 27.9548423], [85.3107449, 27.9547499], [85.3106377, 27.9544941], [85.310517, 27.9542784], [85.3104258, 27.954269], [85.3101844, 27.9542453], [85.3099456, 27.95425], [85.3097069, 27.9542951], [85.3094521, 27.9543756], [85.3092965, 27.9543756], [85.3088888, 27.9544704], [85.3086206, 27.9546765], [85.3083444, 27.9547736], [85.3081968, 27.9548234], [85.308044, 27.95484], [85.3079662, 27.9548281], [85.3078321, 27.9547997], [85.3077435, 27.9546623], [85.3077302, 27.9544964], [85.3077409, 27.9540676], [85.3078359, 27.9538298]]}, "properties": {"kind": "river", "name": "\u0926\u094b\u0930\u094d\u0916\u0941 \u0916\u094b\u0932\u093e (Dorkhu Khola)"}}, {"type": "Feature", "geometry": {"type": "LineString", "coordinates": [[85.2853205, 27.8680645], [85.2852184, 27.8684679], [85.2848965, 27.8689374], [85.2845907, 27.8691793], [85.2840382, 27.869369], [85.2835772, 27.8693633]]}, "properties": {"kind": "river", "name": null}}, {"type": "Feature", "geometry": {"type": "LineString", "coordinates": [[85.2672448, 27.8802034], [85.2668418, 27.8800368], [85.2663093, 27.8798899], [85.2658908, 27.8798188], [85.265193, 27.8796781], [85.2647209, 27.8797207], [85.2642594, 27.8799484], [85.2638179, 27.8800788], [85.2631578, 27.8800038], [85.2628595, 27.8800906], [85.2626154, 27.8802708], [85.2625537, 27.8806383], [85.2623928, 27.8809204], [85.2622104, 27.881065], [85.2618268, 27.881231], [85.2617158, 27.8815509]]}, "properties": {"kind": "river", "name": "Likhu Khola"}}, {"type": "Feature", "geometry": {"type": "LineString", "coordinates": [[85.2889189, 27.9154478], [85.2881463, 27.9164415], [85.285205, 27.9175417], [85.2833937, 27.9179388], [85.282823, 27.9178367], [85.2824531, 27.9174779], [85.2821276, 27.9170337], [85.2815418, 27.9162342], [85.2806847, 27.9156841], [85.2798693, 27.915531], [85.2794746, 27.9155629], [85.2782286, 27.9155821], [85.2772871, 27.9155745], [85.2764808, 27.9155653], [85.2761665, 27.9155924], [85.2758682, 27.9155318], [85.2754867, 27.9155308], [85.2749991, 27.9154252], [85.2747685, 27.9153327], [85.2745039, 27.9153063], [85.2743179, 27.9152735], [85.2741788, 27.9152219], [85.2740787, 27.9151393], [85.2736272, 27.914874], [85.2731591, 27.9146573], [85.2724942, 27.9146813], [85.2718019, 27.9147047], [85.2715423, 27.9146721], [85.2713326, 27.9145518], [85.2711831, 27.9144525]]}, "properties": {"kind": "river", "name": "Tadi Khola"}}, {"type": "Feature", "geometry": {"type": "LineString", "coordinates": [[85.2711831, 27.9144525], [85.271059, 27.9143645], [85.2707894, 27.9143231], [85.270257, 27.9142686], [85.2698117, 27.9143776], [85.2694845, 27.9143254], [85.2690639, 27.9141136], [85.2686074, 27.9138396], [85.2681959, 27.9134885], [85.2680096, 27.9131609], [85.2676971, 27.9129064]]}, "properties": {"kind": "river", "name": "Tadi Khola"}}, {"type": "Feature", "geometry": {"type": "LineString", "coordinates": [[85.2508637, 27.8886645], [85.2505591, 27.8888011], [85.2502921, 27.8890162], [85.2501333, 27.8892372], [85.2501333, 27.8894911], [85.2501029, 27.8896763], [85.2499542, 27.8901243], [85.2499001, 27.8904648], [85.250113, 27.890883], [85.2502686, 27.89111]]}, "properties": {"kind": "river", "name": null}}, {"type": "Feature", "geometry": {"type": "LineString", "coordinates": [[85.2420101, 27.892756], [85.2413853, 27.8930069], [85.2408564, 27.8930361], [85.2404306, 27.8928001], [85.2398649, 27.8926133], [85.2394636, 27.892208], [85.2385889, 27.8920867]]}, "properties": {"kind": "river", "name": null}}, {"type": "Feature", "geometry": {"type": "LineString", "coordinates": [[85.2328895, 27.8955344], [85.2325363, 27.8955101], [85.2323191, 27.8955609], [85.2316911, 27.8958789], [85.2314207, 27.8960162], [85.2309756, 27.8960014], [85.2307343, 27.8959283], [85.2303993, 27.8958269], [85.2283126, 27.8956235], [85.2273738, 27.8953248], [85.2265168, 27.8955247], [85.2256185, 27.8958266], [85.225268, 27.8960334], [85.2248925, 27.8962326], [85.2244454, 27.8964185], [85.2237989, 27.8964985], [85.2229989, 27.896372], [85.2222962, 27.8962759], [85.2220027, 27.8962844], [85.2217714, 27.8964508], [85.2210935, 27.8973328], [85.2208614, 27.8976038], [85.2206819, 27.8976767], [85.2203786, 27.8977287], [85.2200882, 27.8977256], [85.2199328, 27.8976529], [85.2196225, 27.8974623], [85.2189985, 27.8971763], [85.2183543, 27.8971954]]}, "properties": {"kind": "river", "name": "Likhu Khola"}}, {"type": "Feature", "geometry": {"type": "LineString", "coordinates": [[85.2475541, 27.8930164], [85.2462031, 27.893199], [85.2446684, 27.8935925], [85.2438172, 27.8935591], [85.2432056, 27.8931977], [85.2420101, 27.892756], [85.2415244, 27.8924488], [85.240433, 27.8918948], [85.2393895, 27.8917214], [85.23883, 27.8919584], [85.2385889, 27.8920867], [85.2377402, 27.8923072], [85.2371414, 27.8922811], [85.2363353, 27.8922419], [85.2354889, 27.8922605], [85.2350994, 27.8928816], [85.234452, 27.8934457], [85.2338391, 27.894067], [85.2335624, 27.8943379], [85.2334729, 27.8945336], [85.2335539, 27.8952109], [85.2333069, 27.8955345], [85.2328895, 27.8955344]]}, "properties": {"kind": "river", "name": "Likhu Khola"}}, {"type": "Feature", "geometry": {"type": "LineString", "coordinates": [[85.2147204, 27.8982392], [85.214127, 27.8986565], [85.2135741, 27.8989622], [85.2131663, 27.8991846], [85.2126447, 27.899464], [85.2120306, 27.8998169], [85.2115723, 27.9000358], [85.2109346, 27.9001803], [85.2104327, 27.9001125], [85.2100047, 27.8998482], [85.2096719, 27.8992883], [85.2090727, 27.8988596], [85.2085841, 27.8987233], [85.2080146, 27.8986255]]}, "properties": {"kind": "river", "name": null}}, {"type": "Feature", "geometry": {"type": "LineString", "coordinates": [[85.2409404, 27.9054181], [85.239889, 27.9055698], [85.2390414, 27.9059396], [85.2379096, 27.906006], [85.2375485, 27.9059236], [85.2369332, 27.9053375], [85.2361715, 27.9048066], [85.2350804, 27.9044138]]}, "properties": {"kind": "river", "name": null}}, {"type": "Feature", "geometry": {"type": "LineString", "coordinates": [[85.2355814, 27.9051716], [85.2347285, 27.9054276], [85.2338916, 27.9056789], [85.2330977, 27.9056883], [85.232234, 27.9055224], [85.2314401, 27.9052522], [85.2311514, 27.9046942]]}, "properties": {"kind": "river", "name": null}}, {"type": "Feature", "geometry": {"type": "LineString", "coordinates": [[85.2676971, 27.9129064], [85.2662512, 27.9120131], [85.2657288, 27.9114928], [85.2650847, 27.9110785], [85.2635246, 27.9101801], [85.2617587, 27.9094202], [85.2594788, 27.9090091], [85.2562635, 27.90893], [85.2526718, 27.9093818], [85.2510448, 27.9096737], [85.2491698, 27.9096683], [85.2489758, 27.9096505], [85.2489433, 27.9096457], [85.2484966, 27.909579], [85.2479698, 27.9093885], [85.2475866, 27.9092499], [85.246809, 27.9086344], [85.2467794, 27.908611], [85.2467626, 27.9085976], [85.246562, 27.9084389], [85.2454961, 27.9063216], [85.2425917, 27.9051908], [85.2416438, 27.9053133], [85.2409404, 27.9054181], [85.2402709, 27.9059516], [85.2393733, 27.9063608], [85.2383441, 27.906864], [85.2374355, 27.906707], [85.2355814, 27.9051716], [85.2350804, 27.9044138], [85.2329957, 27.9044321], [85.2321018, 27.9046448], [85.2315797, 27.904952], [85.2311514, 27.9046942], [85.2306908, 27.9045551], [85.230289, 27.9046269], [85.2296833, 27.9047431], [85.2291016, 27.9047796], [85.228272, 27.9046819], [85.2277556, 27.9046945], [85.2273738, 27.904451], [85.2267199, 27.9039821], [85.2259576, 27.9037494], [85.2249299, 27.9030959], [85.2246969, 27.9028117], [85.2244808, 27.9025939], [85.2243851, 27.9023265], [85.2243466, 27.9017422], [85.224077, 27.9010356], [85.2234798, 27.9004525], [85.222997, 27.9001137], [85.222283, 27.8995817], [85.2214944, 27.8992124], [85.2205771, 27.8988237], [85.2191167, 27.8984625], [85.2171426, 27.8980738], [85.2160742, 27.8978451], [85.2154959, 27.8978734], [85.2154008, 27.897878], [85.2147204, 27.8982392]]}, "properties": {"kind": "river", "name": "Tadi Khola"}}, {"type": "Feature", "geometry": {"type": "LineString", "coordinates": [[85.2333069, 27.8955345], [85.2331418, 27.8956618], [85.2326248, 27.8959007], [85.2323713, 27.8959545], [85.2319185, 27.8961038], [85.2314994, 27.8962173], [85.2312257, 27.8962203], [85.2307343, 27.8959283]]}, "properties": {"kind": "river", "name": null}}, {"type": "Feature", "geometry": {"type": "LineString", "coordinates": [[85.2408564, 27.8930361], [85.2402811, 27.8930171], [85.2400129, 27.8931262], [85.2393061, 27.8931525], [85.2388675, 27.8929945], [85.2380926, 27.8927198], [85.2374242, 27.8925918], [85.2370665, 27.8925354], [85.2362746, 27.8926558], [85.2356785, 27.8928364], [85.2351846, 27.8930999], [85.2350441, 27.8934649], [85.2348653, 27.8941723], [85.2345076, 27.8945712], [85.2339584, 27.8949588], [85.2335539, 27.8952109]]}, "properties": {"kind": "river", "name": null}}, {"type": "Feature", "geometry": {"type": "LineString", "coordinates": [[85.3427186, 28.1812149], [85.3427556, 28.1811583]]}, "properties": {"kind": "river", "name": "Chilime Khola"}}, {"type": "Feature", "geometry": {"type": "LineString", "coordinates": [[85.3427556, 28.1811583], [85.3426722, 28.1807772], [85.3426633, 28.1803773], [85.3426728, 28.1801701], [85.3426392, 28.1799331], [85.3427327, 28.1793587], [85.3428027, 28.1789346], [85.3427577, 28.1785799], [85.3428829, 28.1782323], [85.3429865, 28.1779971], [85.3429497, 28.177811], [85.3428838, 28.1773014], [85.3427835, 28.1769611], [85.3427678, 28.1765348], [85.3427038, 28.1761377], [85.3428187, 28.1757361], [85.3427418, 28.1755148], [85.3427748, 28.1753508], [85.3429465, 28.1743452], [85.3430013, 28.1739672], [85.3429266, 28.1738088], [85.3429127, 28.1734989], [85.3428061, 28.1731357], [85.3426822, 28.1728292], [85.3427098, 28.17265], [85.3426868, 28.1724432], [85.3427036, 28.1721164], [85.3426869, 28.1713281], [85.3426739, 28.1709703], [85.3427953, 28.1706038], [85.3427419, 28.1703673], [85.3427625, 28.1701237], [85.3427062, 28.1699171], [85.3426577, 28.1697139], [85.3425684, 28.1693096], [85.3424341, 28.1683292], [85.3424312, 28.1681469], [85.3424173, 28.1677745], [85.3424406, 28.1675819], [85.3424861, 28.1674392], [85.3425707, 28.167275], [85.3426658, 28.1671531], [85.3427899, 28.1669935], [85.342845, 28.1666895], [85.3428768, 28.1666029], [85.3428934, 28.1665014], [85.3428912, 28.1663782], [85.3428463, 28.1661297], [85.342693, 28.1657707], [85.3425719, 28.1655778], [85.3421898, 28.1650042], [85.3420658, 28.1648709], [85.3419347, 28.1647573], [85.3418024, 28.1646622], [85.3415572, 28.1645234], [85.3413057, 28.1644225]]}, "properties": {"kind": "river", "name": "Bhote Koshi"}}, {"type": "Feature", "geometry": {"type": "LineString", "coordinates": [[85.3904548, 27.9453294], [85.3905407, 27.9449171], [85.3907526, 27.944339], [85.3907767, 27.9436542], [85.3906962, 27.9431447], [85.3905326, 27.9428533], [85.3900471, 27.9425808], [85.3898701, 27.9422017], [85.3899291, 27.9418984], [85.3900149, 27.9415003], [85.3898808, 27.941325], [85.3893819, 27.9410809], [85.3890708, 27.9407444], [85.3889099, 27.9403653], [85.3889716, 27.9400596], [85.3892907, 27.9396876], [85.3894651, 27.9393108], [85.3894383, 27.9390715], [85.3894463, 27.9384436], [85.3894249, 27.9379673], [85.3893363, 27.9376829], [85.3891379, 27.9375763], [85.3887731, 27.9371806], [85.3889394, 27.9365645], [85.3889233, 27.9359697], [85.3886336, 27.9354128], [85.3884485, 27.9349175], [85.3883842, 27.9343559], [85.3880489, 27.9341024], [85.387778, 27.9338535], [85.3876197, 27.933446], [85.387499, 27.9329673], [85.387558, 27.9323393], [85.386976, 27.9319412], [85.3866971, 27.9314743], [85.3863028, 27.9309198], [85.3861311, 27.9304056], [85.3861499, 27.9297871], [85.3860882, 27.9292965], [85.3860168, 27.9289668]]}, "properties": {"kind": "river", "name": null}}, {"type": "Feature", "geometry": {"type": "LineString", "coordinates": [[85.3577558, 28.2860931], [85.3583853, 28.2858166], [85.3589638, 28.2856262], [85.3598945, 28.2855613], [85.3608097, 28.2856655], [85.3612503, 28.2857683], [85.3615178, 28.2857065], [85.3616619, 28.2855861], [85.3618095, 28.2853472], [85.3619098, 28.2852539], [85.3622104, 28.2852177], [85.3624655, 28.2852856], [85.3628188, 28.2854284], [85.3632729, 28.2854634], [85.3637107, 28.2854392], [85.3641109, 28.285467], [85.3645072, 28.2856039], [85.3649801, 28.2857846], [85.365236, 28.2858069], [85.3658816, 28.2857228], [85.3664388, 28.2858115], [85.3672437, 28.2859937], [85.3677633, 28.2859531], [85.3684058, 28.285775], [85.3686516, 28.2857353], [85.3690837, 28.2856654], [85.3695808, 28.2855726], [85.3701512, 28.2854788], [85.3710152, 28.2851214], [85.3713189, 28.2849218], [85.3717364, 28.2846474], [85.3721012, 28.2845164], [85.3725267, 28.2844542], [85.3728837, 28.2843484], [85.3750982, 28.2830662], [85.3759038, 28.2823052], [85.3765521, 28.2809444], [85.3767292, 28.2799153], [85.3770098, 28.2792863], [85.3771127, 28.2789457], [85.3771252, 28.2786827], [85.3769971, 28.2780537]]}, "properties": {"kind": "river", "name": "Kyirong Tsangpo"}}, {"type": "Feature", "geometry": {"type": "LineString", "coordinates": [[85.1144042, 27.8696471], [85.114465, 27.8691241], [85.1136664, 27.8685205], [85.1132116, 27.8680688], [85.1129727, 27.8670595], [85.1126849, 27.8666182], [85.1123059, 27.866037], [85.1118657, 27.8651328], [85.1116115, 27.8646361], [85.111024, 27.8635196], [85.1109144, 27.8632629], [85.110793, 27.8629652], [85.1106982, 27.8626205], [85.1106241, 27.862294], [85.1105115, 27.8619701], [85.1103283, 27.8618254], [85.1092605, 27.8613495], [85.1083081, 27.8606428], [85.10774, 27.8603403], [85.1074103, 27.8599187], [85.1069278, 27.8590962]]}, "properties": {"kind": "river", "name": "Trishuli Ganga River"}}, {"type": "Feature", "geometry": {"type": "LineString", "coordinates": [[85.1069278, 27.8590962], [85.1066615, 27.8587405], [85.1062434, 27.8584955], [85.1052065, 27.8582518], [85.1033789, 27.8580888], [85.1016784, 27.8581636], [85.1007253, 27.8583827], [85.0985341, 27.8593734], [85.097828, 27.8597212], [85.0973491, 27.859837]]}, "properties": {"kind": "river", "name": "Trishuli Ganga River"}}, {"type": "Feature", "geometry": {"type": "LineString", "coordinates": [[85.1357436, 27.9161586], [85.1349421, 27.9157659], [85.1346147, 27.9156073], [85.1343171, 27.9152245], [85.1340893, 27.9148461], [85.1341454, 27.9143144], [85.1343647, 27.9140722], [85.1353721, 27.9134195], [85.1368273, 27.9119598], [85.1380735, 27.9106469], [85.1388693, 27.909243], [85.1389519, 27.9082467], [85.1391003, 27.907109], [85.1394667, 27.9061918], [85.1404189, 27.9051783], [85.1407752, 27.9045613], [85.1408902, 27.9039971], [85.1408483, 27.9033029], [85.1404405, 27.9021052], [85.1397067, 27.9014617], [85.1390163, 27.9011428], [85.1377349, 27.9007992], [85.1375981, 27.9007], [85.1368283, 27.9001413], [85.1368283, 27.8988942], [85.1366889, 27.8977033], [85.1361431, 27.8965168], [85.1356472, 27.8952278], [85.1356817, 27.8943852], [85.1358053, 27.8934901], [85.135968, 27.8929627], [85.1362578, 27.8925964], [85.1370751, 27.8903307], [85.1370587, 27.8889861], [85.1365971, 27.8885493], [85.1347459, 27.8875487], [85.1333809, 27.886455], [85.1306813, 27.8847034], [85.1283089, 27.8830621], [85.1267201, 27.8814258], [85.1261662, 27.8805913], [85.1257623, 27.8793385], [85.1256703, 27.8787953], [85.1257916, 27.8779849], [85.1260431, 27.8770859], [85.1260598, 27.8763234], [85.1259112, 27.8756894], [85.1256596, 27.875053], [85.1253431, 27.8746475], [85.1248602, 27.8743055], [85.1238303, 27.873983], [85.122178, 27.8735468], [85.1209335, 27.8730346], [85.1187662, 27.8717448], [85.1169802, 27.870901], [85.1164161, 27.870424], [85.115634, 27.8701067], [85.1149192, 27.8698582], [85.1144042, 27.8696471]]}, "properties": {"kind": "river", "name": "Trishuli Ganga River"}}, {"type": "Feature", "geometry": {"type": "LineString", "coordinates": [[85.3860168, 27.9289668], [85.385946, 27.9286401], [85.3858387, 27.9283391], [85.3855357, 27.9278296], [85.3852943, 27.927422], [85.3850958, 27.9270191], [85.3850234, 27.9264575], [85.3848517, 27.9260285], [85.3848892, 27.9256707], [85.3850368, 27.9251682], [85.3850287, 27.9248436], [85.3850153, 27.9246587], [85.3846559, 27.9245521], [85.3842804, 27.9244004], [85.3838727, 27.9240994], [85.3834891, 27.9235401], [85.3834236, 27.9233475], [85.3833818, 27.9232249], [85.3830305, 27.9230164], [85.3827864, 27.9229358], [85.3824833, 27.9229287], [85.3816894, 27.9229571], [85.3813219, 27.9232083], [85.3811341, 27.9231728], [85.3807533, 27.9230329], [85.3802222, 27.9228599], [85.3796214, 27.9226798], [85.3790688, 27.9226419], [85.3785753, 27.9225305], [85.3782722, 27.922431], [85.3778991, 27.9223648]]}, "properties": {"kind": "river", "name": null}}, {"type": "Feature", "geometry": {"type": "LineString", "coordinates": [[85.3076233, 28.1407319], [85.3075203, 28.1406605], [85.3060828, 28.1393561], [85.3046923, 28.1375475], [85.3033364, 28.1350049], [85.3028335, 28.1346139], [85.3026186, 28.1345063], [85.3025608, 28.1344347], [85.302528, 28.1343363], [85.3026272, 28.1340357], [85.3026116, 28.1338612], [85.3023343, 28.1336234], [85.3011448, 28.1326205], [85.3009424, 28.132384], [85.3006023, 28.1315057], [85.3004252, 28.1313217], [85.3004022, 28.1311802], [85.3005091, 28.1310402], [85.3006002, 28.1309499], [85.3006023, 28.1308019], [85.3004923, 28.1305231], [85.3004513, 28.1303875], [85.300565, 28.1301279], [85.3005771, 28.1299159], [85.3004577, 28.1297003], [85.3002729, 28.1294918], [85.2999343, 28.1291096], [85.2987956, 28.128339], [85.2985606, 28.128045], [85.2981267, 28.1275022]]}, "properties": {"kind": "river", "name": "Trishuli River"}}, {"type": "Feature", "geometry": {"type": "LineString", "coordinates": [[85.3987858, 28.155585], [85.3982644, 28.1555076], [85.3973769, 28.1553287], [85.3971174, 28.1550612], [85.3961712, 28.1546873], [85.3954555, 28.1547795], [85.3944269, 28.1547003], [85.3923287, 28.1546544], [85.3896236, 28.1544327], [85.3870612, 28.1539247], [85.3862282, 28.1537468], [85.3856349, 28.1536678], [85.3850776, 28.1534773], [85.3844091, 28.1534195], [85.3836938, 28.1534214], [85.3827674, 28.1537759], [85.3826443, 28.153823], [85.3818118, 28.153798], [85.3814565, 28.1537874], [85.3806492, 28.1535027], [85.3796632, 28.1530198], [85.3782085, 28.1525472], [85.3780199, 28.1524859], [85.3768802, 28.1518198], [85.3766146, 28.1516435], [85.376244, 28.1515243], [85.3758496, 28.1517089], [85.3754512, 28.1519017], [85.3752385, 28.1520148], [85.3747332, 28.1520131], [85.374295, 28.1517132], [85.3740298, 28.1516776], [85.3736031, 28.1518555], [85.373038, 28.1518352], [85.3719894, 28.1516225], [85.3711291, 28.1512487], [85.3708076, 28.1511303], [85.3704971, 28.1512199], [85.3691557, 28.1517996], [85.3686377, 28.1518386], [85.3681448, 28.1518187], [85.3672476, 28.1515255], [85.366674, 28.1514166], [85.3660404, 28.1510593], [85.3657356, 28.1510381], [85.3654415, 28.1511434], [85.3650155, 28.1518626], [85.3643482, 28.1520855], [85.3635969, 28.1520612], [85.3627911, 28.1519245], [85.3622468, 28.1519248], [85.3615688, 28.1517352], [85.3610207, 28.1517666], [85.3590767, 28.152611], [85.3584266, 28.1523639], [85.3576478, 28.1529692], [85.357081, 28.1532485], [85.3569714, 28.1533152], [85.3556815, 28.1532966], [85.3552174, 28.1538382], [85.3540506, 28.1545344], [85.3534703, 28.1551563], [85.3526357, 28.15548], [85.3522939, 28.1560083], [85.3513311, 28.1567275], [85.3509931, 28.1575387], [85.3506029, 28.1577307], [85.3496611, 28.1579808], [85.349402, 28.1581876], [85.3490352, 28.1589686], [85.3484564, 28.1597092], [85.3482331, 28.1597952], [85.3481903, 28.1599048], [85.3482314, 28.1602019], [85.3478195, 28.1608545], [85.3468513, 28.161409], [85.3464789, 28.1618952], [85.34562, 28.1626645], [85.3452328, 28.1628289], [85.3450075, 28.1629401], [85.3447865, 28.162969], [85.3434583, 28.1635943], [85.3420448, 28.1639834], [85.3413057, 28.1644225]]}, "properties": {"kind": "river", "name": "Langtang Khola"}}, {"type": "Feature", "geometry": {"type": "LineString", "coordinates": [[85.4311091, 28.3306367], [85.4308915, 28.3305067], [85.4295577, 28.3301489], [85.4290388, 28.3300499], [85.4282136, 28.3302783], [85.4276964, 28.3302433], [85.4263038, 28.3305113], [85.4257329, 28.3304717], [85.4253074, 28.3302417], [85.4248974, 28.330126], [85.4244148, 28.3301671], [85.4237626, 28.3300073], [85.4233297, 28.3298259], [85.4229305, 28.3296586], [85.4220327, 28.3295931], [85.4214342, 28.3292109], [85.4207266, 28.3289002], [85.4203979, 28.328413], [85.4200537, 28.3281176], [85.4197613, 28.3280962], [85.4194482, 28.3281922], [85.4192233, 28.3281206], [85.4187165, 28.3277354], [85.4180522, 28.3273943], [85.4173135, 28.3271019], [85.4169226, 28.3270516], [85.4165524, 28.3272785], [85.4162185, 28.3273836], [85.4156909, 28.327376], [85.415338, 28.3272039], [85.4151906, 28.3270666], [85.4145942, 28.3265111], [85.4136912, 28.3253629], [85.4136254, 28.3247538], [85.4132827, 28.3239437], [85.4131774, 28.3234868], [85.4130732, 28.3229447], [85.4132889, 28.3226354], [85.4133122, 28.3222569], [85.4133176, 28.321797], [85.4135482, 28.3209349], [85.4136231, 28.3203127], [85.4138207, 28.3196358], [85.4139613, 28.31916], [85.4139811, 28.3187869], [85.4139506, 28.3185791], [85.4139677, 28.3179827], [85.4143105, 28.3176403], [85.4144602, 28.3172597], [85.4143773, 28.316884], [85.4142333, 28.3162061], [85.4139022, 28.3146466], [85.4138358, 28.3141251], [85.4137206, 28.3134024], [85.4137033, 28.3128785], [85.4133417, 28.3121003], [85.412949, 28.3111149], [85.4127553, 28.3105088], [85.4126846, 28.3103386], [85.4124681, 28.3098173], [85.4123885, 28.3093574], [85.4120093, 28.3084457], [85.4119388, 28.3082761], [85.4115409, 28.3078816], [85.4111002, 28.3075798], [85.4106895, 28.307487], [85.4104149, 28.3074941], [85.409664, 28.3073516], [85.4091502, 28.3070211], [85.4090187, 28.3068201], [85.4089924, 28.3063613], [85.408941, 28.3060349], [85.4087897, 28.3059171], [85.408812, 28.3057634], [85.4085926, 28.3054781], [85.4085658, 28.3052809], [85.4084409, 28.3051173], [85.4078378, 28.3047876], [85.4074441, 28.3047396], [85.407163, 28.3046686], [85.4068909, 28.304534], [85.4065969, 28.3040253], [85.4060329, 28.3035287], [85.4045487, 28.3023422], [85.4041992, 28.3021351], [85.4037581, 28.301637], [85.403576, 28.3014963], [85.4033754, 28.3014715], [85.4029428, 28.3015494], [85.4027333, 28.3015086], [85.4025689, 28.3013026], [85.4022164, 28.3011451], [85.4017728, 28.300754], [85.4011323, 28.300567], [85.4007814, 28.3002229], [85.4008343, 28.2998741], [85.4007093, 28.2996547], [85.3999188, 28.2991592], [85.3995669, 28.299136], [85.3988197, 28.298851], [85.3983657, 28.2987016], [85.3979828, 28.2984486], [85.3976698, 28.29814], [85.3974269, 28.2977919], [85.3973771, 28.2974413], [85.3973403, 28.2971822], [85.3973834, 28.2965476], [85.3974005, 28.2962497], [85.3973111, 28.2958784], [85.3974137, 28.295421], [85.3972961, 28.2950166], [85.3970918, 28.2946476], [85.3971837, 28.2943232], [85.3970851, 28.2940481], [85.3968159, 28.2939042], [85.396648, 28.2938031], [85.3962126, 28.2935411], [85.3955653, 28.2928355], [85.3951445, 28.292429], [85.394529, 28.2919332], [85.3943586, 28.2914677], [85.3939189, 28.2908403], [85.3932748, 28.2902918], [85.3934025, 28.2899443], [85.3932786, 28.2893606], [85.3928722, 28.2889391], [85.3922582, 28.2882328], [85.3918366, 28.2882719], [85.3916546, 28.2881902], [85.3914194, 28.2880845], [85.3909027, 28.288181], [85.3905951, 28.2880877], [85.3902812, 28.2878581], [85.389623, 28.2873766], [85.3873951, 28.2863418], [85.3869856, 28.2859506], [85.3867974, 28.2854304], [85.3864773, 28.2846397], [85.3859256, 28.2841678], [85.3849225, 28.2837567], [85.3838685, 28.282919], [85.383533, 28.2827425], [85.3832149, 28.2826578], [85.3830268, 28.282566], [85.3825389, 28.2820608], [85.3821406, 28.2819011], [85.3816699, 28.2818453], [85.3814097, 28.2816865], [85.3807758, 28.2803737], [85.3804174, 28.2800201], [85.3796586, 28.2797444], [85.3792351, 28.279603], [85.3789545, 28.2794405], [85.3785056, 28.279029], [85.3783054, 28.2788212], [85.3777589, 28.2785144], [85.3769971, 28.2780537]]}, "properties": {"kind": "river", "name": "Lende Khola"}}, {"type": "Feature", "geometry": {"type": "LineString", "coordinates": [[85.3328243, 27.9527286], [85.332435, 27.9523346], [85.3323005, 27.9517031], [85.3321731, 27.9511779], [85.3321801, 27.9509028], [85.3318404, 27.9507465], [85.33172, 27.9504776], [85.3319678, 27.9492896], [85.3321023, 27.9486768], [85.3323076, 27.9482454], [85.3327676, 27.9477951], [85.3328455, 27.9475763], [85.3326261, 27.9471824], [85.332074, 27.9465196], [85.3319182, 27.9463132], [85.3317059, 27.9459443], [85.3316139, 27.9455066], [85.3314157, 27.9451439], [85.3314157, 27.9447812], [85.3314015, 27.9445311], [85.3313497, 27.9440375], [85.3313661, 27.9437745], [85.3314031, 27.9436493], [85.3314555, 27.9435295], [85.3314216, 27.9433825], [85.3313292, 27.9432764], [85.3312829, 27.9430886], [85.3312737, 27.9428735], [85.3313877, 27.942713], [85.3314236, 27.9425793], [85.3314462, 27.942517], [85.3313692, 27.9422911], [85.3313969, 27.942008], [85.3314462, 27.9417031], [85.3315263, 27.9415507], [85.3314675, 27.9414108], [85.3314216, 27.941284], [85.3313723, 27.9410581], [85.3313692, 27.9408131], [85.331474, 27.9405382], [85.3315448, 27.9398141], [85.3314678, 27.93961], [85.3318127, 27.9393352], [85.3319201, 27.9392472], [85.332022, 27.9391346], [85.3321159, 27.9390481], [85.3321655, 27.9389711], [85.3321897, 27.938919], [85.3322219, 27.9388242], [85.3321575, 27.9386157], [85.3320395, 27.938355], [85.3319375, 27.9380801], [85.3317257, 27.9378254], [85.331613, 27.9375908], [85.3316184, 27.9373005], [85.3315459, 27.9370968], [85.3314655, 27.9368693], [85.3314547, 27.936566], [85.3314226, 27.9363859], [85.3313528, 27.9361797], [85.3313769, 27.936009], [85.3314548, 27.9358456], [85.3314708, 27.9356442], [85.3314306, 27.9352271], [85.3314413, 27.9348906], [85.3314896, 27.9345802], [85.3314822, 27.9342195], [85.3314295, 27.9335897], [85.3311939, 27.9331415], [85.3289291, 27.9318769], [85.3284905, 27.931195], [85.328766, 27.9307083], [85.3291918, 27.9298758], [85.3291918, 27.9294116], [85.3285939, 27.9290274], [85.3284418, 27.9288677], [85.3283525, 27.9282657], [85.3280182, 27.9279171], [85.3280548, 27.9277098], [85.3281069, 27.9269006], [85.3279835, 27.9263549], [85.3279403, 27.9260606], [85.3277923, 27.9257779], [85.3278145, 27.9254183], [85.3278552, 27.9251621], [85.327761, 27.9249727], [85.3276135, 27.9248357], [85.3274721, 27.9246652], [85.3272943, 27.9244333], [85.3271696, 27.9242928], [85.3268514, 27.9241655], [85.3264817, 27.9241313], [85.3263678, 27.9239775], [85.3261657, 27.9238027], [85.3259056, 27.9237192], [85.3255982, 27.923704], [85.325452, 27.9235349], [85.3252886, 27.9234096], [85.3249296, 27.9234532], [85.3247994, 27.9234408]]}, "properties": {"kind": "river", "name": null}}, {"type": "Feature", "geometry": {"type": "LineString", "coordinates": [[85.3078359, 27.9538298], [85.3079259, 27.9535511], [85.3075481, 27.9534943], [85.3069536, 27.9536838], [85.3068021, 27.9538212], [85.3064791, 27.9538484], [85.3062737, 27.9537406], [85.3060792, 27.9534895], [85.3058432, 27.953332]]}, "properties": {"kind": "river", "name": "\u0926\u094b\u0930\u094d\u0916\u0941 \u0916\u094b\u0932\u093e (Dorkhu Khola)"}}, {"type": "Feature", "geometry": {"type": "LineString", "coordinates": [[85.2183543, 27.8971954], [85.2174664, 27.8972018], [85.2168429, 27.8973272], [85.2154008, 27.897878]]}, "properties": {"kind": "river", "name": "Liki Khola"}}, {"type": "Feature", "geometry": {"type": "LineString", "coordinates": [[85.0638986, 28.1661843], [85.0637081, 28.1663333], [85.0636438, 28.1664421], [85.0637081, 28.1665934], [85.0637215, 28.166688], [85.0636491, 28.1667613], [85.0634694, 28.1668866], [85.0633728, 28.1669504], [85.0631931, 28.1669859], [85.0630751, 28.1670498], [85.0629705, 28.167142], [85.0629061, 28.1673359], [85.0627077, 28.1675794], [85.0625789, 28.1677189], [85.0624635, 28.16787], [85.0623777, 28.1679672], [85.0622356, 28.1682155], [85.0619996, 28.1684803], [85.0618279, 28.1685371], [85.0617099, 28.168686], [85.0614765, 28.1689485], [85.0612995, 28.1692464], [85.0611198, 28.1694545], [85.0608408, 28.1697004], [85.0606504, 28.1699487], [85.0605994, 28.1700503], [85.0603795, 28.170178], [85.0602105, 28.1703459], [85.060114, 28.1705705], [85.0599477, 28.1708543], [85.0598189, 28.171008], [85.0599101, 28.1706533], [85.0599933, 28.1702017], [85.0601381, 28.1698943], [85.0603339, 28.1695845], [85.0605029, 28.1692535], [85.0606585, 28.1689343], [85.0607684, 28.168783], [85.0608087, 28.1685252], [85.0607577, 28.168277], [85.0607845, 28.1681185], [85.0608033, 28.1679152], [85.0608033, 28.1677189], [85.0608194, 28.1676858], [85.0607818, 28.1674517], [85.0606638, 28.1673028], [85.0606048, 28.1671325], [85.0606209, 28.1670072], [85.0607067, 28.16687], [85.0608309, 28.1667772], [85.0609186, 28.1667353], [85.0609508, 28.1666336], [85.0609991, 28.166461], [85.0610393, 28.1663002], [85.0609723, 28.1660685], [85.0608757, 28.1658675], [85.0608328, 28.1657232], [85.0608274, 28.1654206], [85.0607604, 28.1652054], [85.0607389, 28.1650517], [85.0607362, 28.1649074], [85.0608194, 28.164723], [85.0609052, 28.1646166], [85.0609401, 28.164425], [85.0608946, 28.1641688], [85.0609267, 28.1640916], [85.0609535, 28.1639876], [85.0608945, 28.1638575], [85.0607094, 28.1636684], [85.0603983, 28.1633586]]}, "properties": {"kind": "river", "name": null}}, {"type": "Feature", "geometry": {"type": "LineString", "coordinates": [[85.183611, 28.0128431], [85.183599, 28.0127117], [85.183615, 28.0126177], [85.183737, 28.012476], [85.1839758, 28.0124168], [85.1840124, 28.0123753], [85.183906, 28.0119023], [85.1836431, 28.0108225], [85.1836002, 28.00988], [85.1835304, 28.0085634], [85.1834178, 28.0076209], [85.183509, 28.0067541], [85.1839167, 28.0057406], [85.184083, 28.0054185], [85.1843351, 28.004817]]}, "properties": {"kind": "river", "name": null}}, {"type": "Feature", "geometry": {"type": "LineString", "coordinates": [[85.186277, 28.0200384], [85.186725, 28.0195317], [85.1875028, 28.0188379], [85.187712, 28.018002], [85.1877063, 28.0174335], [85.187712, 28.0172514], [85.1873043, 28.0163279], [85.1869369, 28.0159538], [85.1864085, 28.01535], [85.1858827, 28.0147746], [85.1853168, 28.0142821], [85.184716, 28.0138322], [85.1843002, 28.0135243], [85.183611, 28.0128431]]}, "properties": {"kind": "river", "name": null}}, {"type": "Feature", "geometry": {"type": "LineString", "coordinates": [[85.0973491, 27.859837], [85.0965058, 27.8599897], [85.0944762, 27.8601759]]}, "properties": {"kind": "river", "name": "Trishuli Ganga River"}}, {"type": "Feature", "geometry": {"type": "Point", "coordinates": [85.3666715, 28.2528483]}, "properties": {"kind": "key_settlement", "name": "Timure"}}, {"type": "Feature", "geometry": {"type": "Point", "coordinates": [85.3427433, 28.164569]}, "properties": {"kind": "key_settlement", "name": "Syabru Besi"}}, {"type": "Feature", "geometry": {"type": "Point", "coordinates": [85.146, 27.895]}, "properties": {"kind": "key_settlement", "name": "Trishuli Bazar (Bidur)"}}, {"type": "Feature", "geometry": {"type": "Point", "coordinates": [85.5168032, 28.256616]}, "properties": {"kind": "origin", "name": "Langtang Lirung"}}]}