{"type": "FeatureCollection", "features": [{"type": "Feature", "geometry": {"type": "Point", "coordinates": [-87.751878, 42.04049]}, "properties": {"category": "cafe", "amenity": "cafe", "name": "Starbucks"}}, {"type": "Feature", "geometry": {"type": "Point", "coordinates": [-87.6332051, 41.9208448]}, "properties": {"category": "cafe", "amenity": "cafe", "name": "Park Place Cafe"}}, {"type": "Feature", "geometry": {"type": "Point", "coordinates": [-87.6761596, 41.9616382]}, "properties": {"category": "cafe", "amenity": "cafe", "name": "Starbucks"}}, {"type": "Feature", "geometry": {"type": "Point", "coordinates": [-87.6348879, 41.9113009]}, "properties": {"category": "cafe", "amenity": "cafe", "name": "Starbucks"}}, {"type": "Feature", "geometry": {"type": "Point", "coordinates": [-87.653374, 41.9285344]}, "properties": {"category": "cafe", "amenity": "cafe", "name": "Savor the Flavor"}}, {"type": "Feature", "geometry": {"type": "Point", "coordinates": [-87.6789343, 41.9547023]}, "properties": {"category": "cafe", "amenity": "cafe", "name": "Starbucks"}}, {"type": "Feature", "geometry": {"type": "Point", "coordinates": [-87.6584501, 41.9288055]}, "properties": {"category": "cafe", "amenity": "cafe", "name": "Starbucks"}}, {"type": "Feature", "geometry": {"type": "Point", "coordinates": [-87.6610921, 41.5611222]}, "properties": {"category": "civic", "amenity": "community_centre", "name": "Marie Irwin Center"}}, {"type": "Feature", "geometry": {"type": "Point", "coordinates": [-87.8615867, 42.1268759]}, "properties": {"category": "civic", "amenity": "community_centre", "name": "Northbrook Leisure Center"}}, {"type": "Feature", "geometry": {"type": "Point", "coordinates": [-88.3134303, 41.7643619]}, "properties": {"category": "social_facility", "amenity": "social_facility", "name": "Presence Fox Knoll"}}, {"type": "Feature", "geometry": {"type": "Point", "coordinates": [-88.0846947, 42.0830039]}, "properties": {"category": "social_facility", "amenity": "social_facility", "name": "Little City Adult Vocational Service Center"}}, {"type": "Feature", "geometry": {"type": "Point", "coordinates": [-88.1692732, 41.8682003]}, "properties": {"category": "social_facility", "amenity": "social_facility", "name": "Winfield Woods Healthcare Center"}}, {"type": "Feature", "geometry": {"type": "Point", "coordinates": [-87.8347761, 41.8611494]}, "properties": {"category": "social_facility", "amenity": "social_facility", "name": "Ronald McDonald \u00ae Children's Hospital"}}, {"type": "Feature", "geometry": {"type": "Point", "coordinates": [-87.4634067, 41.6272407]}, "properties": {"category": "social_facility", "amenity": "social_facility", "name": "Doctor Martin Luther King Junior Neighborhood Center"}}, {"type": "Feature", "geometry": {"type": "Point", "coordinates": [-87.4280821, 41.5389722]}, "properties": {"category": "civic", "amenity": "library", "name": "Griffith-Calumet Township Branch Library"}}, {"type": "Feature", "geometry": {"type": "Point", "coordinates": [-87.251702, 41.5322592]}, "properties": {"category": "civic", "amenity": "library", "name": "Hobart Carnegie Library"}}, {"type": "Feature", "geometry": {"type": "Point", "coordinates": [-87.3383015, 41.5802099]}, "properties": {"category": "civic", "amenity": "community_centre", "name": "Campbell Friendship House Community Center"}}, {"type": "Feature", "geometry": {"type": "Point", "coordinates": [-87.7595941, 41.8731783]}, "properties": {"category": "social_facility", "amenity": "social_facility", "name": "Winnie Evans Senior Citizens Drop In Center"}}, {"type": "Feature", "geometry": {"type": "Point", "coordinates": [-87.867276, 41.6214213]}, "properties": {"category": "civic", "amenity": "library", "name": "Doogan Park Library"}}, {"type": "Feature", "geometry": {"type": "Point", "coordinates": [-88.0995697, 41.8697507]}, "properties": {"category": "civic", "amenity": "library", "name": "Nicholas Wing Library"}}, {"type": "Feature", "geometry": {"type": "Point", "coordinates": [-87.6173152, 41.8965181]}, "properties": {"category": "civic", "amenity": "library", "name": "Northwestern University Law Library"}}, {"type": "Feature", "geometry": {"type": "Point", "coordinates": [-87.6892015, 42.040948]}, "properties": {"category": "civic", "amenity": "library", "name": "Bruce Gordon Memorial Library"}}, {"type": "Feature", "geometry": {"type": "Point", "coordinates": [-87.8638591, 42.1268112]}, "properties": {"category": "civic", "amenity": "library", "name": "Irving Rubenstein Memorial Library"}}, {"type": "Feature", "geometry": {"type": "Point", "coordinates": [-87.8008998, 42.1607476]}, "properties": {"category": "civic", "amenity": "library", "name": "Congregation Solel Library"}}, {"type": "Feature", "geometry": {"type": "Point", "coordinates": [-88.2912807, 42.0617472]}, "properties": {"category": "civic", "amenity": "library", "name": "Benjamin P Browne Library"}}, {"type": "Feature", "geometry": {"type": "Point", "coordinates": [-87.7772984, 42.1746082]}, "properties": {"category": "civic", "amenity": "library", "name": "Maxwell Abbell Library"}}, {"type": "Feature", "geometry": {"type": "Point", "coordinates": [-88.4500296, 41.6533119]}, "properties": {"category": "social_facility", "amenity": "social_facility", "name": "Beecher Community Building"}}, {"type": "Feature", "geometry": {"type": "Point", "coordinates": [-88.6896589, 41.9894768]}, "properties": {"category": "civic", "amenity": "community_centre", "name": "Sycamore Community Center"}}, {"type": "Feature", "geometry": {"type": "Point", "coordinates": [-87.6969916, 41.5725343]}, "properties": {"category": "social_facility", "amenity": "social_facility", "name": "Pine Crest Health Care"}}, {"type": "Feature", "geometry": {"type": "Point", "coordinates": [-87.700118, 41.9695415]}, "properties": {"category": "social_facility", "amenity": "social_facility", "name": "Lawrence Hall"}}, {"type": "Feature", "geometry": {"type": "Point", "coordinates": [-87.8575, 42.3530556]}, "properties": {"category": "social_facility", "amenity": "social_facility", "name": "Park Place Senior Center"}}, {"type": "Feature", "geometry": {"type": "Point", "coordinates": [-87.6481922, 41.9371493]}, "properties": {"category": "cafe", "amenity": "cafe", "name": "Peet's Coffee"}}, {"type": "Feature", "geometry": {"type": "Point", "coordinates": [-87.6295395, 41.8800215]}, "properties": {"category": "cafe", "amenity": "cafe", "name": "Corner Bakery"}}, {"type": "Feature", "geometry": {"type": "Point", "coordinates": [-87.6603561, 41.9251064]}, "properties": {"category": "cafe", "amenity": "cafe", "name": "Starbucks"}}, {"type": "Feature", "geometry": {"type": "Point", "coordinates": [-87.8413638, 42.1516921]}, "properties": {"category": "cafe", "amenity": "cafe", "name": "The Wild Roaster"}}, {"type": "Feature", "geometry": {"type": "Point", "coordinates": [-88.0829227, 42.1920172]}, "properties": {"category": "civic", "amenity": "community_centre", "name": "Ela Township Community Center"}}, {"type": "Feature", "geometry": {"type": "Point", "coordinates": [-87.6464453, 41.858146]}, "properties": {"category": "cafe", "amenity": "cafe", "name": "Kristoffer\u2019s Cafe & Bakery"}}, {"type": "Feature", "geometry": {"type": "Point", "coordinates": [-87.6606769, 41.8586987]}, "properties": {"category": "cafe", "amenity": "cafe", "name": "Efebina's"}}, {"type": "Feature", "geometry": {"type": "Point", "coordinates": [-88.125359, 42.156913]}, "properties": {"category": "social_facility", "amenity": "social_facility", "name": "The Garlands"}}, {"type": "Feature", "geometry": {"type": "Point", "coordinates": [-87.9467009, 42.3108453]}, "properties": {"category": "cafe", "amenity": "cafe", "name": "Independence Grove Visitors Center"}}, {"type": "Feature", "geometry": {"type": "Point", "coordinates": [-87.9552134, 42.2905546]}, "properties": {"category": "cafe", "amenity": "cafe", "name": "Mischief's Brewing"}}, {"type": "Feature", "geometry": {"type": "Point", "coordinates": [-87.7934915, 41.6018653]}, "properties": {"category": "cafe", "amenity": "cafe", "name": "Starbucks"}}, {"type": "Feature", "geometry": {"type": "Point", "coordinates": [-87.8698441, 41.8139796]}, "properties": {"category": "cafe", "amenity": "cafe", "name": "Starbucks"}}, {"type": "Feature", "geometry": {"type": "Point", "coordinates": [-87.6499439, 41.9488597]}, "properties": {"category": "civic", "amenity": "community_centre", "name": "Center on Halsted"}}, {"type": "Feature", "geometry": {"type": "Point", "coordinates": [-87.6446812, 41.942036]}, "properties": {"category": "cafe", "amenity": "cafe", "name": "Stan's Donuts & Coffee"}}, {"type": "Feature", "geometry": {"type": "Point", "coordinates": [-87.9106616, 41.9768653]}, "properties": {"category": "cafe", "amenity": "cafe", "name": "Starbucks"}}, {"type": "Feature", "geometry": {"type": "Point", "coordinates": [-87.9100768, 41.978792]}, "properties": {"category": "cafe", "amenity": "cafe", "name": "Starbucks"}}, {"type": "Feature", "geometry": {"type": "Point", "coordinates": [-88.4576159, 41.7961599]}, "properties": {"category": "cafe", "amenity": "cafe", "name": "Waubonsee Cafe and Coffee Bar"}}, {"type": "Feature", "geometry": {"type": "Point", "coordinates": [-87.7881762, 41.9595741]}, "properties": {"category": "civic", "amenity": "library", "name": ""}}, {"type": "Feature", "geometry": {"type": "Point", "coordinates": [-87.7887578, 41.9588646]}, "properties": {"category": "cafe", "amenity": "cafe", "name": ""}}, {"type": "Feature", "geometry": {"type": "Point", "coordinates": [-87.8057252, 42.075108]}, "properties": {"category": "cafe", "amenity": "cafe", "name": "A New Grind"}}, {"type": "Feature", "geometry": {"type": "Point", "coordinates": [-88.6803608, 41.5310273]}, "properties": {"category": "cafe", "amenity": "cafe", "name": "Calico"}}, {"type": "Feature", "geometry": {"type": "Point", "coordinates": [-88.6803288, 41.5293021]}, "properties": {"category": "cafe", "amenity": "cafe", "name": "Robinson st Cafe"}}, {"type": "Feature", "geometry": {"type": "Point", "coordinates": [-88.6661708, 41.4645964]}, "properties": {"category": "cafe", "amenity": "cafe", "name": ""}}, {"type": "Feature", "geometry": {"type": "Point", "coordinates": [-88.3652473, 42.0402377]}, "properties": {"category": "cafe", "amenity": "cafe", "name": "Encounter Cafe"}}, {"type": "Feature", "geometry": {"type": "Point", "coordinates": [-87.6680451, 42.007714]}, "properties": {"category": "cafe", "amenity": "cafe", "name": "Common Cup"}}, {"type": "Feature", "geometry": {"type": "Point", "coordinates": [-88.3076631, 41.8880867]}, "properties": {"category": "cafe", "amenity": "cafe", "name": "Starbucks"}}, {"type": "Feature", "geometry": {"type": "Point", "coordinates": [-87.625863, 41.8843548]}, "properties": {"category": "cafe", "amenity": "cafe", "name": "Intelligentsia Coffee"}}, {"type": "Feature", "geometry": {"type": "Point", "coordinates": [-88.0423903, 42.3444809]}, "properties": {"category": "cafe", "amenity": "cafe", "name": "Something's Brewing Coffee"}}, {"type": "Feature", "geometry": {"type": "Point", "coordinates": [-87.6858529, 41.9647919]}, "properties": {"category": "cafe", "amenity": "cafe", "name": "Starbucks"}}, {"type": "Feature", "geometry": {"type": "Point", "coordinates": [-88.3131896, 41.8884081]}, "properties": {"category": "cafe", "amenity": "cafe", "name": "State Street Diner"}}, {"type": "Feature", "geometry": {"type": "Point", "coordinates": [-88.0250129, 42.1387559]}, "properties": {"category": "cafe", "amenity": "cafe", "name": "Starbucks"}}, {"type": "Feature", "geometry": {"type": "Point", "coordinates": [-88.3411247, 41.892376]}, "properties": {"category": "cafe", "amenity": "cafe", "name": "Corner Bakery"}}, {"type": "Feature", "geometry": {"type": "Point", "coordinates": [-87.6572866, 41.994444]}, "properties": {"category": "cafe", "amenity": "cafe", "name": "Metropolis Coffee"}}, {"type": "Feature", "geometry": {"type": "Point", "coordinates": [-87.7157069, 42.0643161]}, "properties": {"category": "cafe", "amenity": "cafe", "name": "Curt's Cafe"}}, {"type": "Feature", "geometry": {"type": "Point", "coordinates": [-87.6816811, 42.0455414]}, "properties": {"category": "cafe", "amenity": "cafe", "name": "The Other Brother"}}, {"type": "Feature", "geometry": {"type": "Point", "coordinates": [-87.6730944, 41.9211995]}, "properties": {"category": "cafe", "amenity": "cafe", "name": "Little Beans"}}, {"type": "Feature", "geometry": {"type": "Point", "coordinates": [-87.6779251, 41.9212295]}, "properties": {"category": "cafe", "amenity": "cafe", "name": "Bucktown Beanery"}}, {"type": "Feature", "geometry": {"type": "Point", "coordinates": [-87.6384518, 41.8781929]}, "properties": {"category": "cafe", "amenity": "cafe", "name": "Corner Bakery"}}, {"type": "Feature", "geometry": {"type": "Point", "coordinates": [-87.6779315, 42.0337826]}, "properties": {"category": "cafe", "amenity": "cafe", "name": "The Brothers K Coffeehouse"}}, {"type": "Feature", "geometry": {"type": "Point", "coordinates": [-87.679341, 41.9670666]}, "properties": {"category": "cafe", "amenity": "cafe", "name": "The Perfect Cup"}}, {"type": "Feature", "geometry": {"type": "Point", "coordinates": [-87.6504569, 41.8840848]}, "properties": {"category": "cafe", "amenity": "cafe", "name": "The Goddess and Grocer"}}, {"type": "Feature", "geometry": {"type": "Point", "coordinates": [-87.6441813, 41.9382563]}, "properties": {"category": "cafe", "amenity": "cafe", "name": "Intelligentsia"}}, {"type": "Feature", "geometry": {"type": "Point", "coordinates": [-87.6268125, 41.8308336]}, "properties": {"category": "cafe", "amenity": "cafe", "name": "Starbucks"}}, {"type": "Feature", "geometry": {"type": "Point", "coordinates": [-87.6802739, 41.9175758]}, "properties": {"category": "cafe", "amenity": "cafe", "name": "Starbucks"}}, {"type": "Feature", "geometry": {"type": "Point", "coordinates": [-87.7112831, 41.9244862]}, "properties": {"category": "cafe", "amenity": "cafe", "name": "Cafe Bella"}}, {"type": "Feature", "geometry": {"type": "Point", "coordinates": [-87.7051197, 41.9279155]}, "properties": {"category": "cafe", "amenity": "cafe", "name": "New Wave Coffee"}}, {"type": "Feature", "geometry": {"type": "Point", "coordinates": [-88.0303541, 42.4088341]}, "properties": {"category": "cafe", "amenity": "cafe", "name": "Twisted Cow"}}, {"type": "Feature", "geometry": {"type": "Point", "coordinates": [-87.6283717, 41.8926297]}, "properties": {"category": "cafe", "amenity": "cafe", "name": "Starbucks"}}, {"type": "Feature", "geometry": {"type": "Point", "coordinates": [-87.6965093, 41.8994033]}, "properties": {"category": "cafe", "amenity": "cafe", "name": "Cafe Marie-Jeanne"}}, {"type": "Feature", "geometry": {"type": "Point", "coordinates": [-87.6628124, 41.8577238]}, "properties": {"category": "cafe", "amenity": "cafe", "name": "Cafe Jumping Bean"}}, {"type": "Feature", "geometry": {"type": "Point", "coordinates": [-88.3360798, 42.1086737]}, "properties": {"category": "civic", "amenity": "library", "name": "Randall Oaks Library"}}, {"type": "Feature", "geometry": {"type": "Point", "coordinates": [-87.5967215, 41.7952167]}, "properties": {"category": "cafe", "amenity": "cafe", "name": ""}}, {"type": "Feature", "geometry": {"type": "Point", "coordinates": [-88.095934, 41.7767633]}, "properties": {"category": "civic", "amenity": "library", "name": "Benedictine University Library"}}, {"type": "Feature", "geometry": {"type": "Point", "coordinates": [-87.6799734, 42.033544]}, "properties": {"category": "cafe", "amenity": "cafe", "name": "Piccolatt\u00e9 Caf\u00e8"}}, {"type": "Feature", "geometry": {"type": "Point", "coordinates": [-87.7013037, 41.9662621]}, "properties": {"category": "cafe", "amenity": "cafe", "name": "First Slice"}}, {"type": "Feature", "geometry": {"type": "Point", "coordinates": [-87.6509776, 41.8378637]}, "properties": {"category": "cafe", "amenity": "cafe", "name": "Bridgeport Coffeehouse"}}, {"type": "Feature", "geometry": {"type": "Point", "coordinates": [-87.8496807, 42.0672851]}, "properties": {"category": "cafe", "amenity": "cafe", "name": ""}}, {"type": "Feature", "geometry": {"type": "Point", "coordinates": [-87.9500525, 42.2432027]}, "properties": {"category": "cafe", "amenity": "cafe", "name": "Melt Gelato & Crepe Cafe"}}, {"type": "Feature", "geometry": {"type": "Point", "coordinates": [-87.6801691, 42.0413218]}, "properties": {"category": "cafe", "amenity": "cafe", "name": "Blind Faith Cafe"}}, {"type": "Feature", "geometry": {"type": "Point", "coordinates": [-87.6691213, 41.9842875]}, "properties": {"category": "cafe", "amenity": "cafe", "name": "The Coffee Studio"}}, {"type": "Feature", "geometry": {"type": "Point", "coordinates": [-87.6799562, 42.0461498]}, "properties": {"category": "cafe", "amenity": "cafe", "name": "Patisserie Coralie"}}, {"type": "Feature", "geometry": {"type": "Point", "coordinates": [-87.680947, 42.0463737]}, "properties": {"category": "cafe", "amenity": "cafe", "name": "Newport Coffee House"}}, {"type": "Feature", "geometry": {"type": "Point", "coordinates": [-87.67958, 42.0469852]}, "properties": {"category": "cafe", "amenity": "cafe", "name": "Peet's Coffee"}}, {"type": "Feature", "geometry": {"type": "Point", "coordinates": [-87.7378643, 41.9533541]}, "properties": {"category": "cafe", "amenity": "cafe", "name": "Starbucks"}}, {"type": "Feature", "geometry": {"type": "Point", "coordinates": [-87.6344561, 41.8884976]}, "properties": {"category": "cafe", "amenity": "cafe", "name": "Starbucks"}}, {"type": "Feature", "geometry": {"type": "Point", "coordinates": [-87.7088137, 41.9645511]}, "properties": {"category": "cafe", "amenity": "cafe", "name": "Starbucks"}}, {"type": "Feature", "geometry": {"type": "Point", "coordinates": [-87.6442641, 41.9423948]}, "properties": {"category": "cafe", "amenity": "cafe", "name": "The Coffee & Tea Exchange"}}, {"type": "Feature", "geometry": {"type": "Point", "coordinates": [-87.8144065, 41.8858411]}, "properties": {"category": "cafe", "amenity": "cafe", "name": "Blue Max Coffee"}}, {"type": "Feature", "geometry": {"type": "Point", "coordinates": [-87.6507796, 41.9398402]}, "properties": {"category": "cafe", "amenity": "cafe", "name": "Starbucks"}}, {"type": "Feature", "geometry": {"type": "Point", "coordinates": [-87.905461, 41.9763381]}, "properties": {"category": "cafe", "amenity": "cafe", "name": "Starbucks"}}, {"type": "Feature", "geometry": {"type": "Point", "coordinates": [-87.6857029, 42.0472343]}, "properties": {"category": "social_facility", "amenity": "social_facility", "name": "Center for Independent Futures"}}, {"type": "Feature", "geometry": {"type": "Point", "coordinates": [-87.6870682, 42.0469196]}, "properties": {"category": "cafe", "amenity": "cafe", "name": "Berry Pike"}}, {"type": "Feature", "geometry": {"type": "Point", "coordinates": [-87.6820545, 42.0466157]}, "properties": {"category": "cafe", "amenity": "cafe", "name": "Moge Tee"}}, {"type": "Feature", "geometry": {"type": "Point", "coordinates": [-87.6847803, 42.0481489]}, "properties": {"category": "cafe", "amenity": "cafe", "name": "G.R.I.N.D. Cafe"}}, {"type": "Feature", "geometry": {"type": "Point", "coordinates": [-87.722373, 42.0575064]}, "properties": {"category": "social_facility", "amenity": "social_facility", "name": "Westminster Place"}}, {"type": "Feature", "geometry": {"type": "Point", "coordinates": [-87.7242323, 42.0577268]}, "properties": {"category": "social_facility", "amenity": "social_facility", "name": "McGaw Care Center"}}, {"type": "Feature", "geometry": {"type": "Point", "coordinates": [-87.6837069, 42.0583136]}, "properties": {"category": "cafe", "amenity": "cafe", "name": "Coffee Lab"}}, {"type": "Feature", "geometry": {"type": "Point", "coordinates": [-87.6820389, 42.0496962]}, "properties": {"category": "cafe", "amenity": "cafe", "name": "Starbucks"}}, {"type": "Feature", "geometry": {"type": "Point", "coordinates": [-87.6813568, 42.0498214]}, "properties": {"category": "cafe", "amenity": "cafe", "name": "Kung Fu Tea"}}, {"type": "Feature", "geometry": {"type": "Point", "coordinates": [-87.6245054, 41.8735823]}, "properties": {"category": "civic", "amenity": "library", "name": "Columbia College Chicago Library"}}, {"type": "Feature", "geometry": {"type": "Point", "coordinates": [-87.7894299, 41.7200126]}, "properties": {"category": "cafe", "amenity": "cafe", "name": "Starbucks"}}, {"type": "Feature", "geometry": {"type": "Point", "coordinates": [-87.7494435, 41.7195542]}, "properties": {"category": "cafe", "amenity": "cafe", "name": "Starbucks"}}, {"type": "Feature", "geometry": {"type": "Point", "coordinates": [-87.7404043, 41.7178384]}, "properties": {"category": "cafe", "amenity": "cafe", "name": "Corner Bakery"}}, {"type": "Feature", "geometry": {"type": "Point", "coordinates": [-87.6364978, 41.8790458]}, "properties": {"category": "cafe", "amenity": "cafe", "name": "Starbucks"}}, {"type": "Feature", "geometry": {"type": "Point", "coordinates": [-87.8997192, 41.9773712]}, "properties": {"category": "cafe", "amenity": "cafe", "name": "Argo Tea"}}, {"type": "Feature", "geometry": {"type": "Point", "coordinates": [-87.8987928, 41.9773548]}, "properties": {"category": "cafe", "amenity": "cafe", "name": "Starbucks"}}, {"type": "Feature", "geometry": {"type": "Point", "coordinates": [-87.9026461, 41.9758854]}, "properties": {"category": "cafe", "amenity": "cafe", "name": "Argo Tea"}}, {"type": "Feature", "geometry": {"type": "Point", "coordinates": [-87.9024141, 41.9758171]}, "properties": {"category": "cafe", "amenity": "cafe", "name": "Starbucks"}}, {"type": "Feature", "geometry": {"type": "Point", "coordinates": [-87.9003204, 41.9731673]}, "properties": {"category": "cafe", "amenity": "cafe", "name": "La Tapenade"}}, {"type": "Feature", "geometry": {"type": "Point", "coordinates": [-87.8971572, 41.9744232]}, "properties": {"category": "cafe", "amenity": "cafe", "name": "Veteran Roasters"}}, {"type": "Feature", "geometry": {"type": "Point", "coordinates": [-87.9003307, 41.974589]}, "properties": {"category": "cafe", "amenity": "cafe", "name": "Starbucks"}}, {"type": "Feature", "geometry": {"type": "Point", "coordinates": [-87.9000178, 41.9752491]}, "properties": {"category": "cafe", "amenity": "cafe", "name": "Starbucks"}}, {"type": "Feature", "geometry": {"type": "Point", "coordinates": [-87.6247097, 41.8824156]}, "properties": {"category": "cafe", "amenity": "cafe", "name": "Starbucks"}}, {"type": "Feature", "geometry": {"type": "Point", "coordinates": [-87.626052, 41.8677461]}, "properties": {"category": "cafe", "amenity": "cafe", "name": "Molly\u2019s Cupcakes"}}, {"type": "Feature", "geometry": {"type": "Point", "coordinates": [-87.6260638, 41.8676519]}, "properties": {"category": "cafe", "amenity": "cafe", "name": "Sweet Bean"}}, {"type": "Feature", "geometry": {"type": "Point", "coordinates": [-87.5938479, 41.7913357]}, "properties": {"category": "cafe", "amenity": "cafe", "name": "TrueNorth Cafe"}}, {"type": "Feature", "geometry": {"type": "Point", "coordinates": [-87.9033436, 41.9752625]}, "properties": {"category": "cafe", "amenity": "cafe", "name": "Brioche Dor\u00e9e"}}, {"type": "Feature", "geometry": {"type": "Point", "coordinates": [-88.0483608, 42.1131364]}, "properties": {"category": "cafe", "amenity": "cafe", "name": "Conscious Cup Coffee"}}, {"type": "Feature", "geometry": {"type": "Point", "coordinates": [-87.6411338, 41.9270011]}, "properties": {"category": "cafe", "amenity": "cafe", "name": "Firecakes Donuts"}}, {"type": "Feature", "geometry": {"type": "Point", "coordinates": [-87.699928, 41.924632]}, "properties": {"category": "cafe", "amenity": "cafe", "name": "Gaslight Coffee Roasters"}}, {"type": "Feature", "geometry": {"type": "Point", "coordinates": [-87.730986, 42.041015]}, "properties": {"category": "cafe", "amenity": "cafe", "name": "Starbucks"}}, {"type": "Feature", "geometry": {"type": "Point", "coordinates": [-87.697351, 41.92796]}, "properties": {"category": "cafe", "amenity": "cafe", "name": "Starbucks"}}, {"type": "Feature", "geometry": {"type": "Point", "coordinates": [-87.7490167, 42.060711]}, "properties": {"category": "cafe", "amenity": "cafe", "name": "Starbucks"}}, {"type": "Feature", "geometry": {"type": "Point", "coordinates": [-87.8795061, 42.2803996]}, "properties": {"category": "cafe", "amenity": "cafe", "name": "Starbucks"}}, {"type": "Feature", "geometry": {"type": "Point", "coordinates": [-87.6301786, 41.9037941]}, "properties": {"category": "cafe", "amenity": "cafe", "name": "Starbucks"}}, {"type": "Feature", "geometry": {"type": "Point", "coordinates": [-87.6371788, 41.8897866]}, "properties": {"category": "cafe", "amenity": "cafe", "name": "Starbucks"}}, {"type": "Feature", "geometry": {"type": "Point", "coordinates": [-87.6390534, 41.9048924]}, "properties": {"category": "cafe", "amenity": "cafe", "name": "Starbucks"}}, {"type": "Feature", "geometry": {"type": "Point", "coordinates": [-87.6341347, 41.8822523]}, "properties": {"category": "cafe", "amenity": "cafe", "name": "Starbucks"}}, {"type": "Feature", "geometry": {"type": "Point", "coordinates": [-87.6373395, 41.8846116]}, "properties": {"category": "cafe", "amenity": "cafe", "name": "Starbucks"}}, {"type": "Feature", "geometry": {"type": "Point", "coordinates": [-87.653618, 41.9105426]}, "properties": {"category": "cafe", "amenity": "cafe", "name": "Starbucks"}}, {"type": "Feature", "geometry": {"type": "Point", "coordinates": [-88.3414312, 41.9865323]}, "properties": {"category": "cafe", "amenity": "cafe", "name": "Starbucks"}}, {"type": "Feature", "geometry": {"type": "Point", "coordinates": [-87.7782559, 41.9531703]}, "properties": {"category": "cafe", "amenity": "cafe", "name": "Perkolator"}}, {"type": "Feature", "geometry": {"type": "Point", "coordinates": [-87.6353902, 41.8894615]}, "properties": {"category": "cafe", "amenity": "cafe", "name": "Doughnut Vault"}}, {"type": "Feature", "geometry": {"type": "Point", "coordinates": [-87.6430854, 41.8859048]}, "properties": {"category": "cafe", "amenity": "cafe", "name": "Starbucks"}}, {"type": "Feature", "geometry": {"type": "Point", "coordinates": [-87.6294975, 41.8942218]}, "properties": {"category": "cafe", "amenity": "cafe", "name": "Starbucks"}}, {"type": "Feature", "geometry": {"type": "Point", "coordinates": [-88.1439321, 42.061388]}, "properties": {"category": "cafe", "amenity": "cafe", "name": "Starbucks"}}, {"type": "Feature", "geometry": {"type": "Point", "coordinates": [-87.7933201, 41.8650188]}, "properties": {"category": "cafe", "amenity": "cafe", "name": "Gina's Italian Ice"}}, {"type": "Feature", "geometry": {"type": "Point", "coordinates": [-87.7601707, 42.1341602]}, "properties": {"category": "cafe", "amenity": "cafe", "name": "Glencoe Roast"}}, {"type": "Feature", "geometry": {"type": "Point", "coordinates": [-87.5876046, 41.7998148]}, "properties": {"category": "cafe", "amenity": "cafe", "name": "Starbucks"}}, {"type": "Feature", "geometry": {"type": "Point", "coordinates": [-87.7880806, 41.9583291]}, "properties": {"category": "cafe", "amenity": "cafe", "name": "SGA cafe"}}, {"type": "Feature", "geometry": {"type": "Point", "coordinates": [-87.874923, 42.3079594]}, "properties": {"category": "social_facility", "amenity": "social_facility", "name": "Goodwill Naval Station Great Lakes - Workforce Center"}}, {"type": "Feature", "geometry": {"type": "Point", "coordinates": [-87.6880672, 41.9681758]}, "properties": {"category": "cafe", "amenity": "cafe", "name": "City Skyline Chicago"}}, {"type": "Feature", "geometry": {"type": "Point", "coordinates": [-87.6761029, 41.9106343]}, "properties": {"category": "cafe", "amenity": "cafe", "name": "Sarima Cafe"}}, {"type": "Feature", "geometry": {"type": "Point", "coordinates": [-87.6180984, 41.8921642]}, "properties": {"category": "cafe", "amenity": "cafe", "name": "Yolk"}}, {"type": "Feature", "geometry": {"type": "Point", "coordinates": [-87.6978085, 41.9233284]}, "properties": {"category": "cafe", "amenity": "cafe", "name": "Cafe Mustache"}}, {"type": "Feature", "geometry": {"type": "Point", "coordinates": [-87.6971023, 41.91902]}, "properties": {"category": "cafe", "amenity": "cafe", "name": "Bang Bang Pie Shop"}}, {"type": "Feature", "geometry": {"type": "Point", "coordinates": [-87.5646581, 41.7644416]}, "properties": {"category": "cafe", "amenity": "cafe", "name": "Chef Sara's Cafe"}}, {"type": "Feature", "geometry": {"type": "Point", "coordinates": [-87.6312859, 41.8901616]}, "properties": {"category": "cafe", "amenity": "cafe", "name": "Starbucks"}}, {"type": "Feature", "geometry": {"type": "Point", "coordinates": [-88.2411315, 42.2085183]}, "properties": {"category": "cafe", "amenity": "cafe", "name": "La Cucina Caffe"}}, {"type": "Feature", "geometry": {"type": "Point", "coordinates": [-87.6255717, 41.8830968]}, "properties": {"category": "cafe", "amenity": "cafe", "name": "Pittsfield Cafe"}}, {"type": "Feature", "geometry": {"type": "Point", "coordinates": [-87.6277082, 41.8858946]}, "properties": {"category": "cafe", "amenity": "cafe", "name": "Caff\u00e8 Caf\u00e9"}}, {"type": "Feature", "geometry": {"type": "Point", "coordinates": [-87.6496329, 41.9579418]}, "properties": {"category": "cafe", "amenity": "cafe", "name": "Dollop Coffee"}}, {"type": "Feature", "geometry": {"type": "Point", "coordinates": [-87.6391068, 41.8821839]}, "properties": {"category": "cafe", "amenity": "cafe", "name": "Starbucks"}}, {"type": "Feature", "geometry": {"type": "Point", "coordinates": [-87.6685161, 41.9781363]}, "properties": {"category": "cafe", "amenity": "cafe", "name": "Starbucks"}}, {"type": "Feature", "geometry": {"type": "Point", "coordinates": [-87.702057, 41.9537838]}, "properties": {"category": "cafe", "amenity": "cafe", "name": "Beograd Cafe"}}, {"type": "Feature", "geometry": {"type": "Point", "coordinates": [-88.1210527, 41.9509592]}, "properties": {"category": "cafe", "amenity": "cafe", "name": "Starbucks"}}, {"type": "Feature", "geometry": {"type": "Point", "coordinates": [-88.4338243, 42.1509421]}, "properties": {"category": "cafe", "amenity": "cafe", "name": "Brunch Cafe"}}, {"type": "Feature", "geometry": {"type": "Point", "coordinates": [-88.4339183, 42.1512698]}, "properties": {"category": "cafe", "amenity": "cafe", "name": "Starbucks"}}, {"type": "Feature", "geometry": {"type": "Point", "coordinates": [-87.5963823, 41.780362]}, "properties": {"category": "cafe", "amenity": "cafe", "name": "Robust Coffee Lounge"}}, {"type": "Feature", "geometry": {"type": "Point", "coordinates": [-88.0665307, 41.874185]}, "properties": {"category": "cafe", "amenity": "cafe", "name": "Blackberry Market"}}, {"type": "Feature", "geometry": {"type": "Point", "coordinates": [-88.0198908, 41.8870326]}, "properties": {"category": "cafe", "amenity": "cafe", "name": "Gnarly Knots"}}, {"type": "Feature", "geometry": {"type": "Point", "coordinates": [-87.628104, 41.8992835]}, "properties": {"category": "cafe", "amenity": "cafe", "name": "La Borra Cafe"}}, {"type": "Feature", "geometry": {"type": "Point", "coordinates": [-87.6280907, 41.8984675]}, "properties": {"category": "cafe", "amenity": "cafe", "name": "Tempo Cafe"}}, {"type": "Feature", "geometry": {"type": "Point", "coordinates": [-87.6776917, 41.9097388]}, "properties": {"category": "cafe", "amenity": "cafe", "name": "La Colombe Coffee Roasters"}}, {"type": "Feature", "geometry": {"type": "Point", "coordinates": [-87.6261491, 41.8716402]}, "properties": {"category": "cafe", "amenity": "cafe", "name": "Peet's Coffee"}}, {"type": "Feature", "geometry": {"type": "Point", "coordinates": [-88.0804503, 41.6025838]}, "properties": {"category": "cafe", "amenity": "cafe", "name": "Courtyard Cafe"}}, {"type": "Feature", "geometry": {"type": "Point", "coordinates": [-87.622591, 41.8939959]}, "properties": {"category": "cafe", "amenity": "cafe", "name": "Starbucks"}}, {"type": "Feature", "geometry": {"type": "Point", "coordinates": [-87.999176, 41.654428]}, "properties": {"category": "cafe", "amenity": "cafe", "name": "Starbucks"}}, {"type": "Feature", "geometry": {"type": "Point", "coordinates": [-88.2827953, 42.0373917]}, "properties": {"category": "cafe", "amenity": "cafe", "name": "Blue Box Cafe"}}, {"type": "Feature", "geometry": {"type": "Point", "coordinates": [-88.039618, 41.721959]}, "properties": {"category": "cafe", "amenity": "cafe", "name": "Starbucks"}}, {"type": "Feature", "geometry": {"type": "Point", "coordinates": [-87.7969796, 41.9208053]}, "properties": {"category": "civic", "amenity": "library", "name": "Galewood-Mont Clare Branch Library"}}, {"type": "Feature", "geometry": {"type": "Point", "coordinates": [-87.9432992, 42.15288]}, "properties": {"category": "cafe", "amenity": "cafe", "name": "Starbucks"}}, {"type": "Feature", "geometry": {"type": "Point", "coordinates": [-87.7333409, 41.9534071]}, "properties": {"category": "cafe", "amenity": "cafe", "name": "Berrista Coffee"}}, {"type": "Feature", "geometry": {"type": "Point", "coordinates": [-87.6248168, 41.8895178]}, "properties": {"category": "cafe", "amenity": "cafe", "name": "Peet's Coffee"}}, {"type": "Feature", "geometry": {"type": "Point", "coordinates": [-87.7932527, 41.8884703]}, "properties": {"category": "cafe", "amenity": "cafe", "name": "Starbucks"}}, {"type": "Feature", "geometry": {"type": "Point", "coordinates": [-87.6280701, 41.8989901]}, "properties": {"category": "cafe", "amenity": "cafe", "name": "Starbucks"}}, {"type": "Feature", "geometry": {"type": "Point", "coordinates": [-87.7704808, 42.1006644]}, "properties": {"category": "civic", "amenity": "library", "name": "Northfield Public Library"}}, {"type": "Feature", "geometry": {"type": "Point", "coordinates": [-87.6815938, 42.0460238]}, "properties": {"category": "cafe", "amenity": "cafe", "name": "Tealicious Bubble Tea"}}, {"type": "Feature", "geometry": {"type": "Point", "coordinates": [-88.1842646, 42.0751417]}, "properties": {"category": "cafe", "amenity": "cafe", "name": "Calibre Coffee"}}, {"type": "Feature", "geometry": {"type": "Point", "coordinates": [-88.1225499, 41.6110219]}, "properties": {"category": "cafe", "amenity": "cafe", "name": "Starbucks"}}, {"type": "Feature", "geometry": {"type": "Point", "coordinates": [-87.6236887, 41.8989156]}, "properties": {"category": "cafe", "amenity": "cafe", "name": "Starbucks"}}, {"type": "Feature", "geometry": {"type": "Point", "coordinates": [-87.6333876, 41.8945543]}, "properties": {"category": "cafe", "amenity": "cafe", "name": "Heritage Outpost"}}, {"type": "Feature", "geometry": {"type": "Point", "coordinates": [-87.9197411, 41.8221871]}, "properties": {"category": "social_facility", "amenity": "social_facility", "name": "Strategic Prevention"}}, {"type": "Feature", "geometry": {"type": "Point", "coordinates": [-87.668588, 41.9760509]}, "properties": {"category": "cafe", "amenity": "cafe", "name": "La Colombe Coffee"}}, {"type": "Feature", "geometry": {"type": "Point", "coordinates": [-87.8721106, 41.8141819]}, "properties": {"category": "cafe", "amenity": "cafe", "name": "Tates Old Fashioned Ice Cream"}}, {"type": "Feature", "geometry": {"type": "Point", "coordinates": [-87.6215867, 41.8862551]}, "properties": {"category": "cafe", "amenity": "cafe", "name": "Starbucks"}}, {"type": "Feature", "geometry": {"type": "Point", "coordinates": [-87.6187471, 41.8924751]}, "properties": {"category": "cafe", "amenity": "cafe", "name": "Dollop Coffee"}}, {"type": "Feature", "geometry": {"type": "Point", "coordinates": [-87.7087557, 41.929747]}, "properties": {"category": "cafe", "amenity": "cafe", "name": "Pedestrian Coffee"}}, {"type": "Feature", "geometry": {"type": "Point", "coordinates": [-88.107044, 41.8660135]}, "properties": {"category": "cafe", "amenity": "cafe", "name": "Mai Thai Cafe"}}, {"type": "Feature", "geometry": {"type": "Point", "coordinates": [-88.1064968, 41.8650027]}, "properties": {"category": "cafe", "amenity": "cafe", "name": "Starbucks"}}, {"type": "Feature", "geometry": {"type": "Point", "coordinates": [-88.1064003, 41.8650267]}, "properties": {"category": "cafe", "amenity": "cafe", "name": "Bricks Wood Fired Pizza"}}, {"type": "Feature", "geometry": {"type": "Point", "coordinates": [-87.6776111, 41.9100107]}, "properties": {"category": "cafe", "amenity": "cafe", "name": "Stan's Donuts & Coffee"}}, {"type": "Feature", "geometry": {"type": "Point", "coordinates": [-87.681508, 41.9032905]}, "properties": {"category": "cafe", "amenity": "cafe", "name": "Letizia's Natural Bakery"}}, {"type": "Feature", "geometry": {"type": "Point", "coordinates": [-87.6872335, 41.918645]}, "properties": {"category": "cafe", "amenity": "cafe", "name": "Ipsento"}}, {"type": "Feature", "geometry": {"type": "Point", "coordinates": [-87.6175766, 41.8933007]}, "properties": {"category": "cafe", "amenity": "cafe", "name": "Starbucks"}}, {"type": "Feature", "geometry": {"type": "Point", "coordinates": [-87.6240618, 41.8536162]}, "properties": {"category": "social_facility", "amenity": "social_facility", "name": "Willie Dixon's Blues Heaven Foundation"}}, {"type": "Feature", "geometry": {"type": "Point", "coordinates": [-87.6220889, 41.857775]}, "properties": {"category": "cafe", "amenity": "cafe", "name": "The Spoke & Bird"}}, {"type": "Feature", "geometry": {"type": "Point", "coordinates": [-87.6670559, 41.8975839]}, "properties": {"category": "cafe", "amenity": "cafe", "name": "Mano Modern Cafe"}}, {"type": "Feature", "geometry": {"type": "Point", "coordinates": [-87.7932728, 41.9863565]}, "properties": {"category": "social_facility", "amenity": "social_facility", "name": "Norwood Park Senior Center"}}, {"type": "Feature", "geometry": {"type": "Point", "coordinates": [-87.6266247, 41.895043]}, "properties": {"category": "cafe", "amenity": "cafe", "name": "Cafe L'Appetito"}}, {"type": "Feature", "geometry": {"type": "Point", "coordinates": [-87.6554969, 41.8961397]}, "properties": {"category": "cafe", "amenity": "cafe", "name": "Big Shoulders Coffee"}}, {"type": "Feature", "geometry": {"type": "Point", "coordinates": [-87.6172594, 41.8948585]}, "properties": {"category": "cafe", "amenity": "cafe", "name": "Cafe Descartes"}}, {"type": "Feature", "geometry": {"type": "Point", "coordinates": [-87.6724275, 41.9106839]}, "properties": {"category": "cafe", "amenity": "cafe", "name": "Gallery Cafe"}}, {"type": "Feature", "geometry": {"type": "Point", "coordinates": [-87.6927745, 41.910114]}, "properties": {"category": "cafe", "amenity": "cafe", "name": "Se\u00f1or Pan Cafe"}}, {"type": "Feature", "geometry": {"type": "Point", "coordinates": [-87.6700847, 41.9031435]}, "properties": {"category": "cafe", "amenity": "cafe", "name": "Starbucks"}}, {"type": "Feature", "geometry": {"type": "Point", "coordinates": [-87.6234418, 41.8918935]}, "properties": {"category": "cafe", "amenity": "cafe", "name": "Labriola"}}, {"type": "Feature", "geometry": {"type": "Point", "coordinates": [-87.7006028, 41.9055766]}, "properties": {"category": "cafe", "amenity": "cafe", "name": "The Boathouse Cafe"}}, {"type": "Feature", "geometry": {"type": "Point", "coordinates": [-88.1835527, 42.0223759]}, "properties": {"category": "cafe", "amenity": "cafe", "name": "Al Khobar Cafe"}}, {"type": "Feature", "geometry": {"type": "Point", "coordinates": [-88.0733817, 41.7872296]}, "properties": {"category": "cafe", "amenity": "cafe", "name": "Starbucks"}}, {"type": "Feature", "geometry": {"type": "Point", "coordinates": [-87.955542, 42.2911357]}, "properties": {"category": "cafe", "amenity": "cafe", "name": "Hansa Coffee Roasters"}}, {"type": "Feature", "geometry": {"type": "Point", "coordinates": [-87.7035762, 41.9319324]}, "properties": {"category": "cafe", "amenity": "cafe", "name": "Cellar Door Provisions"}}, {"type": "Feature", "geometry": {"type": "Point", "coordinates": [-87.6994251, 41.9246316]}, "properties": {"category": "cafe", "amenity": "cafe", "name": "DAS"}}, {"type": "Feature", "geometry": {"type": "Point", "coordinates": [-87.6096524, 41.6855823]}, "properties": {"category": "cafe", "amenity": "cafe", "name": "Cal Harbor Restaurant & Lounge"}}, {"type": "Feature", "geometry": {"type": "Point", "coordinates": [-87.5981478, 41.6569309]}, "properties": {"category": "civic", "amenity": "library", "name": "Altgeld Branch Library"}}, {"type": "Feature", "geometry": {"type": "Point", "coordinates": [-87.6212705, 41.8897262]}, "properties": {"category": "cafe", "amenity": "cafe", "name": "Illy"}}, {"type": "Feature", "geometry": {"type": "Point", "coordinates": [-87.6519538, 41.8845767]}, "properties": {"category": "cafe", "amenity": "cafe", "name": "Starbucks"}}, {"type": "Feature", "geometry": {"type": "Point", "coordinates": [-87.6519107, 41.8840813]}, "properties": {"category": "cafe", "amenity": "cafe", "name": "La Colombe Coffee Roasters"}}, {"type": "Feature", "geometry": {"type": "Point", "coordinates": [-87.5866903, 41.8032008]}, "properties": {"category": "cafe", "amenity": "cafe", "name": "Almendro Cafe"}}, {"type": "Feature", "geometry": {"type": "Point", "coordinates": [-88.2720341, 41.4414534]}, "properties": {"category": "cafe", "amenity": "cafe", "name": "Java Jills"}}, {"type": "Feature", "geometry": {"type": "Point", "coordinates": [-87.6458825, 41.8361205]}, "properties": {"category": "cafe", "amenity": "cafe", "name": "Jackalope Coffee & Tea House"}}, {"type": "Feature", "geometry": {"type": "Point", "coordinates": [-88.2865795, 42.0998135]}, "properties": {"category": "cafe", "amenity": "cafe", "name": "Starbucks"}}, {"type": "Feature", "geometry": {"type": "Point", "coordinates": [-87.6488352, 41.9219393]}, "properties": {"category": "cafe", "amenity": "cafe", "name": "Starbucks"}}, {"type": "Feature", "geometry": {"type": "Point", "coordinates": [-87.6173152, 41.8906383]}, "properties": {"category": "cafe", "amenity": "cafe", "name": "Starbucks"}}, {"type": "Feature", "geometry": {"type": "Point", "coordinates": [-88.0733761, 41.9571035]}, "properties": {"category": "cafe", "amenity": "cafe", "name": "Starbucks"}}, {"type": "Feature", "geometry": {"type": "Point", "coordinates": [-87.8974942, 42.0224371]}, "properties": {"category": "cafe", "amenity": "cafe", "name": "B's Sweet Bites"}}, {"type": "Feature", "geometry": {"type": "Point", "coordinates": [-87.8864968, 42.0409297]}, "properties": {"category": "cafe", "amenity": "cafe", "name": "Brew Coffee Lab"}}, {"type": "Feature", "geometry": {"type": "Point", "coordinates": [-87.0402135, 41.6016217]}, "properties": {"category": "social_facility", "amenity": "social_facility", "name": ""}}, {"type": "Feature", "geometry": {"type": "Point", "coordinates": [-88.3670991, 42.1752782]}, "properties": {"category": "cafe", "amenity": "cafe", "name": "Jimmybread Algonquin"}}, {"type": "Feature", "geometry": {"type": "Point", "coordinates": [-87.9086529, 41.9746712]}, "properties": {"category": "cafe", "amenity": "cafe", "name": "Starbucks"}}, {"type": "Feature", "geometry": {"type": "Point", "coordinates": [-88.1673809, 42.363099]}, "properties": {"category": "cafe", "amenity": "cafe", "name": "Starbucks"}}, {"type": "Feature", "geometry": {"type": "Point", "coordinates": [-87.625794, 41.8780922]}, "properties": {"category": "cafe", "amenity": "cafe", "name": "Starbucks"}}, {"type": "Feature", "geometry": {"type": "Point", "coordinates": [-88.4215888, 41.3705336]}, "properties": {"category": "cafe", "amenity": "cafe", "name": "Brewed Awakenings"}}, {"type": "Feature", "geometry": {"type": "Point", "coordinates": [-87.7103392, 42.0774626]}, "properties": {"category": "cafe", "amenity": "cafe", "name": "Starbucks"}}, {"type": "Feature", "geometry": {"type": "Point", "coordinates": [-88.0415848, 41.6126959]}, "properties": {"category": "social_facility", "amenity": "social_facility", "name": "American Legion John Olsen Post 18"}}, {"type": "Feature", "geometry": {"type": "Point", "coordinates": [-88.003858, 41.6441564]}, "properties": {"category": "cafe", "amenity": "cafe", "name": "Starbucks"}}, {"type": "Feature", "geometry": {"type": "Point", "coordinates": [-87.9868619, 41.810054]}, "properties": {"category": "cafe", "amenity": "cafe", "name": "Starbucks"}}, {"type": "Feature", "geometry": {"type": "Point", "coordinates": [-87.741949, 41.7841266]}, "properties": {"category": "cafe", "amenity": "cafe", "name": "Fuel Bar"}}, {"type": "Feature", "geometry": {"type": "Point", "coordinates": [-88.3063035, 42.4761885]}, "properties": {"category": "cafe", "amenity": "cafe", "name": "Main Street Coffee"}}, {"type": "Feature", "geometry": {"type": "Point", "coordinates": [-88.6165165, 42.4202068]}, "properties": {"category": "cafe", "amenity": "cafe", "name": "The Mug Coffeehouse"}}, {"type": "Feature", "geometry": {"type": "Point", "coordinates": [-88.0770245, 42.4189979]}, "properties": {"category": "cafe", "amenity": "cafe", "name": "Julies Coffee"}}, {"type": "Feature", "geometry": {"type": "Point", "coordinates": [-88.2664579, 42.3601118]}, "properties": {"category": "cafe", "amenity": "cafe", "name": "Starbucks"}}, {"type": "Feature", "geometry": {"type": "Point", "coordinates": [-87.6773308, 41.8078383]}, "properties": {"category": "civic", "amenity": "library", "name": "Back of the Yards Branch Library"}}, {"type": "Feature", "geometry": {"type": "Point", "coordinates": [-88.2448745, 41.7586881]}, "properties": {"category": "cafe", "amenity": "cafe", "name": "Starbucks"}}, {"type": "Feature", "geometry": {"type": "Point", "coordinates": [-87.6271744, 41.8803474]}, "properties": {"category": "cafe", "amenity": "cafe", "name": "Starbucks"}}, {"type": "Feature", "geometry": {"type": "Point", "coordinates": [-88.135079, 42.1534285]}, "properties": {"category": "cafe", "amenity": "cafe", "name": "Cook Street Coffee"}}, {"type": "Feature", "geometry": {"type": "Point", "coordinates": [-88.1349904, 42.1536164]}, "properties": {"category": "cafe", "amenity": "cafe", "name": "Pure Organic Juicery"}}, {"type": "Feature", "geometry": {"type": "Point", "coordinates": [-87.7627833, 42.0798445]}, "properties": {"category": "cafe", "amenity": "cafe", "name": "Starbucks"}}, {"type": "Feature", "geometry": {"type": "Point", "coordinates": [-87.620921, 41.7046087]}, "properties": {"category": "social_facility", "amenity": "social_facility", "name": "Roseland Senior Center"}}, {"type": "Feature", "geometry": {"type": "Point", "coordinates": [-87.6421131, 41.9286324]}, "properties": {"category": "cafe", "amenity": "cafe", "name": "Starbucks"}}, {"type": "Feature", "geometry": {"type": "Point", "coordinates": [-87.6693545, 41.895873]}, "properties": {"category": "cafe", "amenity": "cafe", "name": "Pickwick Coffee"}}, {"type": "Feature", "geometry": {"type": "Point", "coordinates": [-87.6389402, 41.8681043]}, "properties": {"category": "cafe", "amenity": "cafe", "name": "Starbucks"}}, {"type": "Feature", "geometry": {"type": "Point", "coordinates": [-87.6188422, 41.7942958]}, "properties": {"category": "civic", "amenity": "community_centre", "name": "A Listening Space"}}, {"type": "Feature", "geometry": {"type": "Point", "coordinates": [-87.6336398, 41.8822166]}, "properties": {"category": "cafe", "amenity": "cafe", "name": "Cafecito"}}, {"type": "Feature", "geometry": {"type": "Point", "coordinates": [-87.6212621, 41.8982325]}, "properties": {"category": "cafe", "amenity": "cafe", "name": "Cafecito"}}, {"type": "Feature", "geometry": {"type": "Point", "coordinates": [-88.0105374, 41.7949332]}, "properties": {"category": "cafe", "amenity": "cafe", "name": "Peet's Coffee"}}, {"type": "Feature", "geometry": {"type": "Point", "coordinates": [-87.0590173, 41.4676736]}, "properties": {"category": "cafe", "amenity": "cafe", "name": "Blackbird Cafe"}}, {"type": "Feature", "geometry": {"type": "Point", "coordinates": [-87.6130835, 41.7837978]}, "properties": {"category": "cafe", "amenity": "cafe", "name": "Doughboy's Chicago"}}, {"type": "Feature", "geometry": {"type": "Point", "coordinates": [-87.6805519, 42.0337907]}, "properties": {"category": "cafe", "amenity": "cafe", "name": "Cafecito"}}, {"type": "Feature", "geometry": {"type": "Point", "coordinates": [-88.1614849, 41.5416862]}, "properties": {"category": "cafe", "amenity": "cafe", "name": "The Great American Bagel"}}, {"type": "Feature", "geometry": {"type": "Point", "coordinates": [-88.1264058, 41.6908886]}, "properties": {"category": "cafe", "amenity": "cafe", "name": "Starbucks"}}, {"type": "Feature", "geometry": {"type": "Point", "coordinates": [-87.887666, 42.0418414]}, "properties": {"category": "cafe", "amenity": "cafe", "name": "Amazing Breads & Cakes"}}, {"type": "Feature", "geometry": {"type": "Point", "coordinates": [-87.6504268, 41.7507032]}, "properties": {"category": "social_facility", "amenity": "social_facility", "name": "Auburn Gresham Senior Satellite Center"}}, {"type": "Feature", "geometry": {"type": "Point", "coordinates": [-87.6647591, 41.8111882]}, "properties": {"category": "social_facility", "amenity": "social_facility", "name": "Casa Catalina"}}, {"type": "Feature", "geometry": {"type": "Point", "coordinates": [-88.0326461, 41.8304692]}, "properties": {"category": "cafe", "amenity": "cafe", "name": "Piccolo"}}, {"type": "Feature", "geometry": {"type": "Point", "coordinates": [-87.8873387, 41.8680896]}, "properties": {"category": "cafe", "amenity": "cafe", "name": "Starbucks"}}, {"type": "Feature", "geometry": {"type": "Point", "coordinates": [-88.0106493, 41.7960052]}, "properties": {"category": "cafe", "amenity": "cafe", "name": "Starbucks"}}, {"type": "Feature", "geometry": {"type": "Point", "coordinates": [-87.7110484, 41.9172177]}, "properties": {"category": "cafe", "amenity": "cafe", "name": "Damn Fine Coffee Bar"}}, {"type": "Feature", "geometry": {"type": "Point", "coordinates": [-87.9666708, 41.9052091]}, "properties": {"category": "cafe", "amenity": "cafe", "name": "Starbucks"}}, {"type": "Feature", "geometry": {"type": "Point", "coordinates": [-87.9401245, 41.9019916]}, "properties": {"category": "cafe", "amenity": "cafe", "name": "Starbucks"}}, {"type": "Feature", "geometry": {"type": "Point", "coordinates": [-87.8636375, 42.0331248]}, "properties": {"category": "social_facility", "amenity": "social_facility", "name": "ComForCare Home Care"}}, {"type": "Feature", "geometry": {"type": "Point", "coordinates": [-87.6935215, 41.9031227]}, "properties": {"category": "cafe", "amenity": "cafe", "name": "Caf\u00e9 Colao"}}, {"type": "Feature", "geometry": {"type": "Point", "coordinates": [-88.2175124, 41.2640326]}, "properties": {"category": "social_facility", "amenity": "social_facility", "name": "Community Care Center - Braidwood (Food Pantry)"}}, {"type": "Feature", "geometry": {"type": "Point", "coordinates": [-87.7979609, 41.8653085]}, "properties": {"category": "social_facility", "amenity": "social_facility", "name": "Center For Autism"}}, {"type": "Feature", "geometry": {"type": "Point", "coordinates": [-87.6831735, 41.8959266]}, "properties": {"category": "cafe", "amenity": "cafe", "name": "Old Lviv"}}, {"type": "Feature", "geometry": {"type": "Point", "coordinates": [-87.6633434, 41.9651973]}, "properties": {"category": "cafe", "amenity": "cafe", "name": "Elevate Coffee"}}, {"type": "Feature", "geometry": {"type": "Point", "coordinates": [-87.6313754, 41.8945947]}, "properties": {"category": "cafe", "amenity": "cafe", "name": "Big Shoulders Coffee"}}, {"type": "Feature", "geometry": {"type": "Point", "coordinates": [-87.5961366, 41.7900203]}, "properties": {"category": "cafe", "amenity": "cafe", "name": "Plein Air Cafe"}}, {"type": "Feature", "geometry": {"type": "Point", "coordinates": [-87.6259452, 41.8814084]}, "properties": {"category": "cafe", "amenity": "cafe", "name": "Goddess and the Baker"}}, {"type": "Feature", "geometry": {"type": "Point", "coordinates": [-88.0006449, 42.2811409]}, "properties": {"category": "civic", "amenity": "library", "name": "USML feehan Library"}}, {"type": "Feature", "geometry": {"type": "Point", "coordinates": [-87.897211, 42.0891853]}, "properties": {"category": "civic", "amenity": "community_centre", "name": "Burning Bush Community Center"}}, {"type": "Feature", "geometry": {"type": "Point", "coordinates": [-87.2366799, 41.4224168]}, "properties": {"category": "civic", "amenity": "library", "name": "Winfield Library"}}, {"type": "Feature", "geometry": {"type": "Point", "coordinates": [-87.9316743, 41.6020428]}, "properties": {"category": "cafe", "amenity": "cafe", "name": "Homer's Cafe"}}, {"type": "Feature", "geometry": {"type": "Point", "coordinates": [-87.9525078, 41.8462447]}, "properties": {"category": "cafe", "amenity": "cafe", "name": "Starbucks"}}, {"type": "Feature", "geometry": {"type": "Point", "coordinates": [-88.2659952, 42.3432331]}, "properties": {"category": "social_facility", "amenity": "social_facility", "name": "McHenry Villa"}}, {"type": "Feature", "geometry": {"type": "Point", "coordinates": [-88.2661745, 42.3509508]}, "properties": {"category": "cafe", "amenity": "cafe", "name": "Stella's Place"}}, {"type": "Feature", "geometry": {"type": "Point", "coordinates": [-88.1493069, 41.9893538]}, "properties": {"category": "cafe", "amenity": "cafe", "name": "Starbucks"}}, {"type": "Feature", "geometry": {"type": "Point", "coordinates": [-87.7943238, 41.8884787]}, "properties": {"category": "cafe", "amenity": "cafe", "name": ""}}, {"type": "Feature", "geometry": {"type": "Point", "coordinates": [-87.7946128, 41.8856919]}, "properties": {"category": "cafe", "amenity": "cafe", "name": "Live Cafe"}}, {"type": "Feature", "geometry": {"type": "Point", "coordinates": [-87.6425393, 41.9286556]}, "properties": {"category": "cafe", "amenity": "cafe", "name": "Colectivo Coffee"}}, {"type": "Feature", "geometry": {"type": "Point", "coordinates": [-87.6497113, 41.8767732]}, "properties": {"category": "cafe", "amenity": "cafe", "name": "Ground Up"}}, {"type": "Feature", "geometry": {"type": "Point", "coordinates": [-87.6832788, 41.9144268]}, "properties": {"category": "cafe", "amenity": "cafe", "name": "Ipsento 606"}}, {"type": "Feature", "geometry": {"type": "Point", "coordinates": [-87.6215054, 41.8940244]}, "properties": {"category": "cafe", "amenity": "cafe", "name": "Do - Rite Donuts & Chicken"}}, {"type": "Feature", "geometry": {"type": "Point", "coordinates": [-87.8062693, 41.8797862]}, "properties": {"category": "cafe", "amenity": "cafe", "name": "Starbucks"}}, {"type": "Feature", "geometry": {"type": "Point", "coordinates": [-88.3381136, 42.1705521]}, "properties": {"category": "cafe", "amenity": "cafe", "name": "Galloway's Chicago Subs"}}, {"type": "Feature", "geometry": {"type": "Point", "coordinates": [-87.590425, 41.78423]}, "properties": {"category": "cafe", "amenity": "cafe", "name": "Build Coffee"}}, {"type": "Feature", "geometry": {"type": "Point", "coordinates": [-88.0462658, 42.0477217]}, "properties": {"category": "cafe", "amenity": "cafe", "name": "Starbucks"}}, {"type": "Feature", "geometry": {"type": "Point", "coordinates": [-88.3957747, 42.1763021]}, "properties": {"category": "cafe", "amenity": "cafe", "name": ""}}, {"type": "Feature", "geometry": {"type": "Point", "coordinates": [-88.3363666, 42.1621609]}, "properties": {"category": "cafe", "amenity": "cafe", "name": "Starbucks"}}, {"type": "Feature", "geometry": {"type": "Point", "coordinates": [-88.0256394, 41.858587]}, "properties": {"category": "cafe", "amenity": "cafe", "name": "Starbucks"}}, {"type": "Feature", "geometry": {"type": "Point", "coordinates": [-87.7058898, 41.9176231]}, "properties": {"category": "social_facility", "amenity": "social_facility", "name": "WIC Food Center"}}, {"type": "Feature", "geometry": {"type": "Point", "coordinates": [-87.6814957, 41.9799271]}, "properties": {"category": "cafe", "amenity": "cafe", "name": "Half Acre Beer Co. Balmoral Tap Room & Garden"}}, {"type": "Feature", "geometry": {"type": "Point", "coordinates": [-87.8739173, 42.2248505]}, "properties": {"category": "cafe", "amenity": "cafe", "name": "Starbucks"}}, {"type": "Feature", "geometry": {"type": "Point", "coordinates": [-87.6245306, 41.8931982]}, "properties": {"category": "cafe", "amenity": "cafe", "name": "Grand Lux Cafe"}}, {"type": "Feature", "geometry": {"type": "Point", "coordinates": [-87.6541398, 41.9364819]}, "properties": {"category": "cafe", "amenity": "cafe", "name": "Panes Bread Cafe"}}, {"type": "Feature", "geometry": {"type": "Point", "coordinates": [-87.6532009, 41.9656941]}, "properties": {"category": "civic", "amenity": "community_centre", "name": "JPUSA"}}, {"type": "Feature", "geometry": {"type": "Point", "coordinates": [-88.3206582, 42.2409242]}, "properties": {"category": "civic", "amenity": "community_centre", "name": "Crystal Lake Park District"}}, {"type": "Feature", "geometry": {"type": "Point", "coordinates": [-87.5990452, 41.785088]}, "properties": {"category": "civic", "amenity": "library", "name": "D'Angelo Law Library"}}, {"type": "Feature", "geometry": {"type": "Point", "coordinates": [-87.6017075, 41.7897081]}, "properties": {"category": "cafe", "amenity": "cafe", "name": "French Press Coffee"}}, {"type": "Feature", "geometry": {"type": "Point", "coordinates": [-88.0101302, 41.7537161]}, "properties": {"category": "cafe", "amenity": "cafe", "name": "Lemont Street Cafe"}}, {"type": "Feature", "geometry": {"type": "Point", "coordinates": [-88.0121637, 41.7487594]}, "properties": {"category": "cafe", "amenity": "cafe", "name": "Jam n' Jelly Cafe"}}, {"type": "Feature", "geometry": {"type": "Point", "coordinates": [-87.4708182, 41.5222319]}, "properties": {"category": "cafe", "amenity": "cafe", "name": "Starbucks"}}, {"type": "Feature", "geometry": {"type": "Point", "coordinates": [-88.2787733, 42.1631386]}, "properties": {"category": "cafe", "amenity": "cafe", "name": "Odeo Cafe"}}, {"type": "Feature", "geometry": {"type": "Point", "coordinates": [-88.2731455, 42.1601295]}, "properties": {"category": "cafe", "amenity": "cafe", "name": "Starbucks"}}, {"type": "Feature", "geometry": {"type": "Point", "coordinates": [-87.9442277, 41.7591481]}, "properties": {"category": "cafe", "amenity": "cafe", "name": "Starbucks"}}, {"type": "Feature", "geometry": {"type": "Point", "coordinates": [-88.1467519, 41.9170804]}, "properties": {"category": "civic", "amenity": "community_centre", "name": "Newport Clubhouse"}}, {"type": "Feature", "geometry": {"type": "Point", "coordinates": [-88.2909069, 42.0745244]}, "properties": {"category": "cafe", "amenity": "cafe", "name": "The Price Cafe"}}, {"type": "Feature", "geometry": {"type": "Point", "coordinates": [-87.6324897, 41.8801039]}, "properties": {"category": "cafe", "amenity": "cafe", "name": "Corner Bakery"}}, {"type": "Feature", "geometry": {"type": "Point", "coordinates": [-87.6527823, 41.9583413]}, "properties": {"category": "cafe", "amenity": "cafe", "name": "Klein's Bakery & Cafe"}}, {"type": "Feature", "geometry": {"type": "Point", "coordinates": [-87.9432302, 41.7501702]}, "properties": {"category": "cafe", "amenity": "cafe", "name": "Starbucks"}}, {"type": "Feature", "geometry": {"type": "Point", "coordinates": [-87.6346207, 41.8526305]}, "properties": {"category": "cafe", "amenity": "cafe", "name": "Starbucks"}}, {"type": "Feature", "geometry": {"type": "Point", "coordinates": [-87.648171, 41.8913731]}, "properties": {"category": "cafe", "amenity": "cafe", "name": "Starbucks"}}, {"type": "Feature", "geometry": {"type": "Point", "coordinates": [-87.8436798, 42.2795245]}, "properties": {"category": "cafe", "amenity": "cafe", "name": "Bluffington's Cafe"}}, {"type": "Feature", "geometry": {"type": "Point", "coordinates": [-87.6474142, 41.8776226]}, "properties": {"category": "cafe", "amenity": "cafe", "name": "Artopolis"}}, {"type": "Feature", "geometry": {"type": "Point", "coordinates": [-87.6519829, 41.8853503]}, "properties": {"category": "cafe", "amenity": "cafe", "name": "Do-Rite Donuts & Coffee"}}, {"type": "Feature", "geometry": {"type": "Point", "coordinates": [-87.6265696, 41.8959343]}, "properties": {"category": "cafe", "amenity": "cafe", "name": "Sunny Side Up & Coffee Shoppe"}}, {"type": "Feature", "geometry": {"type": "Point", "coordinates": [-87.6338964, 41.8954309]}, "properties": {"category": "cafe", "amenity": "cafe", "name": "Left Coast Food"}}, {"type": "Feature", "geometry": {"type": "Point", "coordinates": [-87.8673799, 41.9785525]}, "properties": {"category": "cafe", "amenity": "cafe", "name": "Sugar Factory"}}, {"type": "Feature", "geometry": {"type": "Point", "coordinates": [-88.285177, 41.28684]}, "properties": {"category": "cafe", "amenity": "cafe", "name": "Emmy's Cafe and Gaming"}}, {"type": "Feature", "geometry": {"type": "Point", "coordinates": [-87.6406455, 41.8838824]}, "properties": {"category": "cafe", "amenity": "cafe", "name": "Vanille Patisserie"}}, {"type": "Feature", "geometry": {"type": "Point", "coordinates": [-87.6487499, 41.8847419]}, "properties": {"category": "cafe", "amenity": "cafe", "name": "BomboBar"}}, {"type": "Feature", "geometry": {"type": "Point", "coordinates": [-87.6520399, 41.8876913]}, "properties": {"category": "cafe", "amenity": "cafe", "name": "Coffee Bar"}}, {"type": "Feature", "geometry": {"type": "Point", "coordinates": [-87.9094956, 42.1390009]}, "properties": {"category": "cafe", "amenity": "cafe", "name": "Stella's Place"}}, {"type": "Feature", "geometry": {"type": "Point", "coordinates": [-88.3263243, 41.6804709]}, "properties": {"category": "civic", "amenity": "community_centre", "name": "South Point Community Center"}}, {"type": "Feature", "geometry": {"type": "Point", "coordinates": [-87.5993748, 41.7925474]}, "properties": {"category": "cafe", "amenity": "cafe", "name": "Ex Libris"}}, {"type": "Feature", "geometry": {"type": "Point", "coordinates": [-87.5985012, 41.7958829]}, "properties": {"category": "cafe", "amenity": "cafe", "name": ""}}, {"type": "Feature", "geometry": {"type": "Point", "coordinates": [-87.6794891, 41.9430634]}, "properties": {"category": "cafe", "amenity": "cafe", "name": "Starbucks"}}, {"type": "Feature", "geometry": {"type": "Point", "coordinates": [-88.1990522, 41.5495492]}, "properties": {"category": "cafe", "amenity": "cafe", "name": "Starbucks"}}, {"type": "Feature", "geometry": {"type": "Point", "coordinates": [-87.9317059, 41.6319258]}, "properties": {"category": "cafe", "amenity": "cafe", "name": "Starbucks"}}, {"type": "Feature", "geometry": {"type": "Point", "coordinates": [-87.6269457, 41.8915072]}, "properties": {"category": "cafe", "amenity": "cafe", "name": "Starbucks"}}, {"type": "Feature", "geometry": {"type": "Point", "coordinates": [-87.7074544, 41.8873854]}, "properties": {"category": "cafe", "amenity": "cafe", "name": "Bridge Cafe"}}, {"type": "Feature", "geometry": {"type": "Point", "coordinates": [-87.6415303, 41.8830032]}, "properties": {"category": "cafe", "amenity": "cafe", "name": "Starbucks"}}, {"type": "Feature", "geometry": {"type": "Point", "coordinates": [-88.6782014, 42.0135496]}, "properties": {"category": "cafe", "amenity": "cafe", "name": "Starbucks"}}, {"type": "Feature", "geometry": {"type": "Point", "coordinates": [-87.6541252, 41.932768]}, "properties": {"category": "cafe", "amenity": "cafe", "name": "Starbucks"}}, {"type": "Feature", "geometry": {"type": "Point", "coordinates": [-87.6537045, 41.9333106]}, "properties": {"category": "cafe", "amenity": "cafe", "name": "Zizi's Cafe"}}, {"type": "Feature", "geometry": {"type": "Point", "coordinates": [-88.0788052, 42.0113016]}, "properties": {"category": "cafe", "amenity": "cafe", "name": "GraviTea"}}, {"type": "Feature", "geometry": {"type": "Point", "coordinates": [-87.7004369, 42.0866201]}, "properties": {"category": "cafe", "amenity": "cafe", "name": "Starbucks"}}, {"type": "Feature", "geometry": {"type": "Point", "coordinates": [-87.65616, 41.8544381]}, "properties": {"category": "cafe", "amenity": "cafe", "name": "Step Down Caf\u00e9"}}, {"type": "Feature", "geometry": {"type": "Point", "coordinates": [-88.2881148, 42.0900455]}, "properties": {"category": "cafe", "amenity": "cafe", "name": "Tea House"}}, {"type": "Feature", "geometry": {"type": "Point", "coordinates": [-88.7030822, 41.9886635]}, "properties": {"category": "social_facility", "amenity": "social_facility", "name": "Sycamore Food Pantry"}}, {"type": "Feature", "geometry": {"type": "Point", "coordinates": [-87.9998342, 42.2533026]}, "properties": {"category": "cafe", "amenity": "cafe", "name": "Lauretta's Italian Bake Shop and Cafe"}}, {"type": "Feature", "geometry": {"type": "Point", "coordinates": [-87.9743564, 41.8112757]}, "properties": {"category": "cafe", "amenity": "cafe", "name": "Starbucks"}}, {"type": "Feature", "geometry": {"type": "Point", "coordinates": [-87.624242, 41.8855672]}, "properties": {"category": "cafe", "amenity": "cafe", "name": "Nutella Cafe"}}, {"type": "Feature", "geometry": {"type": "Point", "coordinates": [-87.9271947, 42.1802333]}, "properties": {"category": "cafe", "amenity": "cafe", "name": "Chipy Cafe"}}, {"type": "Feature", "geometry": {"type": "Point", "coordinates": [-88.0698748, 41.7694684]}, "properties": {"category": "cafe", "amenity": "cafe", "name": "Starbucks"}}, {"type": "Feature", "geometry": {"type": "Point", "coordinates": [-87.6675568, 41.7135568]}, "properties": {"category": "cafe", "amenity": "cafe", "name": "Two Mile Coffee Bar"}}, {"type": "Feature", "geometry": {"type": "Point", "coordinates": [-87.5999703, 41.7889997]}, "properties": {"category": "cafe", "amenity": "cafe", "name": "Grounds of Being"}}, {"type": "Feature", "geometry": {"type": "Point", "coordinates": [-87.6016611, 41.7921103]}, "properties": {"category": "cafe", "amenity": "cafe", "name": "Quantum Cafe"}}, {"type": "Feature", "geometry": {"type": "Point", "coordinates": [-87.6776792, 41.8866093]}, "properties": {"category": "cafe", "amenity": "cafe", "name": "Metric Coffee"}}, {"type": "Feature", "geometry": {"type": "Point", "coordinates": [-87.9818868, 42.0847669]}, "properties": {"category": "cafe", "amenity": "cafe", "name": "Egg House"}}, {"type": "Feature", "geometry": {"type": "Point", "coordinates": [-87.9818456, 42.0839941]}, "properties": {"category": "cafe", "amenity": "cafe", "name": "Around Cafe"}}, {"type": "Feature", "geometry": {"type": "Point", "coordinates": [-87.8273635, 42.1907139]}, "properties": {"category": "cafe", "amenity": "cafe", "name": "Starbucks"}}, {"type": "Feature", "geometry": {"type": "Point", "coordinates": [-88.1100141, 41.7649398]}, "properties": {"category": "social_facility", "amenity": "social_facility", "name": "St. John Vianney Villa"}}, {"type": "Feature", "geometry": {"type": "Point", "coordinates": [-87.9854311, 42.1385599]}, "properties": {"category": "cafe", "amenity": "cafe", "name": "Starbucks"}}, {"type": "Feature", "geometry": {"type": "Point", "coordinates": [-87.6571081, 41.9476844]}, "properties": {"category": "cafe", "amenity": "cafe", "name": "West Town Bakery"}}, {"type": "Feature", "geometry": {"type": "Point", "coordinates": [-88.3508273, 41.6850485]}, "properties": {"category": "civic", "amenity": "library", "name": "Oswego Public Library"}}, {"type": "Feature", "geometry": {"type": "Point", "coordinates": [-87.6451817, 41.9329255]}, "properties": {"category": "cafe", "amenity": "cafe", "name": "Stan's Donuts & Coffee"}}, {"type": "Feature", "geometry": {"type": "Point", "coordinates": [-88.4478983, 42.314194]}, "properties": {"category": "cafe", "amenity": "cafe", "name": "Starbucks"}}, {"type": "Feature", "geometry": {"type": "Point", "coordinates": [-87.5838238, 41.7994786]}, "properties": {"category": "cafe", "amenity": "cafe", "name": "Sip & Savor"}}, {"type": "Feature", "geometry": {"type": "Point", "coordinates": [-87.9172732, 41.8176339]}, "properties": {"category": "cafe", "amenity": "cafe", "name": "Starbucks"}}, {"type": "Feature", "geometry": {"type": "Point", "coordinates": [-87.6538143, 41.9652873]}, "properties": {"category": "cafe", "amenity": "cafe", "name": "Everybody's Coffee"}}, {"type": "Feature", "geometry": {"type": "Point", "coordinates": [-87.8324063, 41.8157646]}, "properties": {"category": "cafe", "amenity": "cafe", "name": "Starbucks"}}, {"type": "Feature", "geometry": {"type": "Point", "coordinates": [-87.6235904, 41.8981419]}, "properties": {"category": "cafe", "amenity": "cafe", "name": "American Girl Cafe"}}, {"type": "Feature", "geometry": {"type": "Point", "coordinates": [-87.7035248, 41.9322708]}, "properties": {"category": "cafe", "amenity": "cafe", "name": "Four Letter Word"}}, {"type": "Feature", "geometry": {"type": "Point", "coordinates": [-87.6246417, 41.8783991]}, "properties": {"category": "cafe", "amenity": "cafe", "name": "Corner Bakery"}}, {"type": "Feature", "geometry": {"type": "Point", "coordinates": [-87.6768082, 41.8957846]}, "properties": {"category": "cafe", "amenity": "cafe", "name": "Prequel"}}, {"type": "Feature", "geometry": {"type": "Point", "coordinates": [-87.7321275, 41.9533558]}, "properties": {"category": "cafe", "amenity": "cafe", "name": "Backlot Coffee"}}, {"type": "Feature", "geometry": {"type": "Point", "coordinates": [-87.656317, 41.8695373]}, "properties": {"category": "cafe", "amenity": "cafe", "name": "Two Shades Cafe"}}, {"type": "Feature", "geometry": {"type": "Point", "coordinates": [-88.0707169, 41.8143089]}, "properties": {"category": "cafe", "amenity": "cafe", "name": "Ginkgo Cafe"}}, {"type": "Feature", "geometry": {"type": "Point", "coordinates": [-88.0336642, 42.0406972]}, "properties": {"category": "cafe", "amenity": "cafe", "name": "Starbucks"}}, {"type": "Feature", "geometry": {"type": "Point", "coordinates": [-87.8200956, 41.6691238]}, "properties": {"category": "cafe", "amenity": "cafe", "name": "Palos Perk Cafe"}}, {"type": "Feature", "geometry": {"type": "Point", "coordinates": [-88.3360175, 42.1747269]}, "properties": {"category": "cafe", "amenity": "cafe", "name": "Daily Projects Cafe"}}, {"type": "Feature", "geometry": {"type": "Point", "coordinates": [-88.3347754, 42.1806169]}, "properties": {"category": "cafe", "amenity": "cafe", "name": "Starbucks"}}, {"type": "Feature", "geometry": {"type": "Point", "coordinates": [-88.3347645, 42.1803087]}, "properties": {"category": "cafe", "amenity": "cafe", "name": "Stella's Place"}}, {"type": "Feature", "geometry": {"type": "Point", "coordinates": [-88.0624773, 42.0965153]}, "properties": {"category": "social_facility", "amenity": "social_facility", "name": "Palatine Township Food Pantry"}}, {"type": "Feature", "geometry": {"type": "Point", "coordinates": [-87.844284, 42.1670516]}, "properties": {"category": "cafe", "amenity": "cafe", "name": "Starbucks"}}, {"type": "Feature", "geometry": {"type": "Point", "coordinates": [-87.9714526, 42.2400115]}, "properties": {"category": "cafe", "amenity": "cafe", "name": "Starbucks"}}, {"type": "Feature", "geometry": {"type": "Point", "coordinates": [-88.2846984, 42.1647765]}, "properties": {"category": "social_facility", "amenity": "social_facility", "name": "Eastgate Manor"}}, {"type": "Feature", "geometry": {"type": "Point", "coordinates": [-87.6254413, 41.8743229]}, "properties": {"category": "cafe", "amenity": "cafe", "name": "LaSalle Cafe Luna"}}, {"type": "Feature", "geometry": {"type": "Point", "coordinates": [-88.3409117, 42.1770777]}, "properties": {"category": "social_facility", "amenity": "social_facility", "name": "The Residences of Lake in the Hills Apartments"}}, {"type": "Feature", "geometry": {"type": "Point", "coordinates": [-88.2861991, 42.3366998]}, "properties": {"category": "social_facility", "amenity": "social_facility", "name": "Heritage Woods"}}, {"type": "Feature", "geometry": {"type": "Point", "coordinates": [-87.6294485, 41.8772103]}, "properties": {"category": "cafe", "amenity": "cafe", "name": "Harry's Sandwch Shop"}}, {"type": "Feature", "geometry": {"type": "Point", "coordinates": [-88.2724861, 41.4203291]}, "properties": {"category": "cafe", "amenity": "cafe", "name": "Starbucks"}}, {"type": "Feature", "geometry": {"type": "Point", "coordinates": [-87.6702407, 41.8578806]}, "properties": {"category": "cafe", "amenity": "cafe", "name": "Cafe Mestizo"}}, {"type": "Feature", "geometry": {"type": "Point", "coordinates": [-87.6351407, 41.8848677]}, "properties": {"category": "cafe", "amenity": "cafe", "name": "Left Coast"}}, {"type": "Feature", "geometry": {"type": "Point", "coordinates": [-87.6343853, 41.9152622]}, "properties": {"category": "cafe", "amenity": "cafe", "name": "Elaine's Coffee Call"}}, {"type": "Feature", "geometry": {"type": "Point", "coordinates": [-87.6231835, 41.8526537]}, "properties": {"category": "cafe", "amenity": "cafe", "name": "Starbucks"}}, {"type": "Feature", "geometry": {"type": "Point", "coordinates": [-87.6522577, 41.8815422]}, "properties": {"category": "cafe", "amenity": "cafe", "name": "Starbucks"}}, {"type": "Feature", "geometry": {"type": "Point", "coordinates": [-87.8296258, 42.0105058]}, "properties": {"category": "cafe", "amenity": "cafe", "name": "Starbucks"}}, {"type": "Feature", "geometry": {"type": "Point", "coordinates": [-88.6086488, 42.2496457]}, "properties": {"category": "civic", "amenity": "community_centre", "name": "Marengo Union Chamber of Commerce"}}, {"type": "Feature", "geometry": {"type": "Point", "coordinates": [-88.608644, 42.2498057]}, "properties": {"category": "cafe", "amenity": "cafe", "name": "Marengo Cafe"}}, {"type": "Feature", "geometry": {"type": "Point", "coordinates": [-87.6503958, 41.940101]}, "properties": {"category": "cafe", "amenity": "cafe", "name": "11 Degrees North"}}, {"type": "Feature", "geometry": {"type": "Point", "coordinates": [-87.6563758, 41.8309312]}, "properties": {"category": "cafe", "amenity": "cafe", "name": "Base Community Cafe"}}, {"type": "Feature", "geometry": {"type": "Point", "coordinates": [-87.7919753, 41.7923623]}, "properties": {"category": "cafe", "amenity": "cafe", "name": "A Cup of Joe"}}, {"type": "Feature", "geometry": {"type": "Point", "coordinates": [-87.8306931, 42.0445362]}, "properties": {"category": "cafe", "amenity": "cafe", "name": "Papagalino Cafe"}}, {"type": "Feature", "geometry": {"type": "Point", "coordinates": [-87.7844349, 42.0406688]}, "properties": {"category": "cafe", "amenity": "cafe", "name": "Avalanche Bubble Tea"}}, {"type": "Feature", "geometry": {"type": "Point", "coordinates": [-87.9356291, 42.0633301]}, "properties": {"category": "cafe", "amenity": "cafe", "name": "Starbucks"}}, {"type": "Feature", "geometry": {"type": "Point", "coordinates": [-87.6129712, 41.8168214]}, "properties": {"category": "cafe", "amenity": "cafe", "name": "Ain\u2019t She Sweet Cafe"}}, {"type": "Feature", "geometry": {"type": "Point", "coordinates": [-87.6947404, 41.9684443]}, "properties": {"category": "cafe", "amenity": "cafe", "name": "Albert\u2019s Place Turkish Cafe"}}, {"type": "Feature", "geometry": {"type": "Point", "coordinates": [-87.8084499, 42.0118494]}, "properties": {"category": "cafe", "amenity": "cafe", "name": "Amber\u2019s Coffee Cake"}}, {"type": "Feature", "geometry": {"type": "Point", "coordinates": [-87.6531808, 41.9177188]}, "properties": {"category": "cafe", "amenity": "cafe", "name": "Ambrosia Caf\u00e9"}}, {"type": "Feature", "geometry": {"type": "Point", "coordinates": [-87.7517861, 41.9572465]}, "properties": {"category": "cafe", "amenity": "cafe", "name": "Antojitos Colombianos"}}, {"type": "Feature", "geometry": {"type": "Point", "coordinates": [-87.9365782, 42.0637355]}, "properties": {"category": "cafe", "amenity": "cafe", "name": "Le Peep Cafe"}}, {"type": "Feature", "geometry": {"type": "Point", "coordinates": [-87.6627789, 41.9008126]}, "properties": {"category": "cafe", "amenity": "cafe", "name": "Arabia Caf\u00e9 & Hookah Lounge"}}, {"type": "Feature", "geometry": {"type": "Point", "coordinates": [-87.6600792, 41.9730443]}, "properties": {"category": "cafe", "amenity": "cafe", "name": "Bambu"}}, {"type": "Feature", "geometry": {"type": "Point", "coordinates": [-87.7361651, 41.9461358]}, "properties": {"category": "cafe", "amenity": "cafe", "name": "Bia\u2019s Caf\u00e9 Marianao"}}, {"type": "Feature", "geometry": {"type": "Point", "coordinates": [-87.6877305, 41.8893432]}, "properties": {"category": "cafe", "amenity": "cafe", "name": "Blend Cafe"}}, {"type": "Feature", "geometry": {"type": "Point", "coordinates": [-87.798035, 42.0804544]}, "properties": {"category": "cafe", "amenity": "cafe", "name": "Starbucks"}}, {"type": "Feature", "geometry": {"type": "Point", "coordinates": [-87.6401831, 41.9248091]}, "properties": {"category": "cafe", "amenity": "cafe", "name": "Bocadillo Market"}}, {"type": "Feature", "geometry": {"type": "Point", "coordinates": [-87.6929126, 41.9790793]}, "properties": {"category": "cafe", "amenity": "cafe", "name": "Cafe Utjeha"}}, {"type": "Feature", "geometry": {"type": "Point", "coordinates": [-87.7032896, 41.9266995]}, "properties": {"category": "cafe", "amenity": "cafe", "name": "Caf\u00e9 Tola"}}, {"type": "Feature", "geometry": {"type": "Point", "coordinates": [-87.6915162, 41.9173381]}, "properties": {"category": "cafe", "amenity": "cafe", "name": "Caff\u00e8 Umbria"}}, {"type": "Feature", "geometry": {"type": "Point", "coordinates": [-87.6312369, 41.8888077]}, "properties": {"category": "cafe", "amenity": "cafe", "name": "Caff\u00e8 Umbria"}}, {"type": "Feature", "geometry": {"type": "Point", "coordinates": [-87.6209646, 41.8964014]}, "properties": {"category": "cafe", "amenity": "cafe", "name": "Argo Tea"}}, {"type": "Feature", "geometry": {"type": "Point", "coordinates": [-87.6610056, 42.0022435]}, "properties": {"category": "cafe", "amenity": "cafe", "name": "Starbucks"}}, {"type": "Feature", "geometry": {"type": "Point", "coordinates": [-87.6257647, 41.8974109]}, "properties": {"category": "cafe", "amenity": "cafe", "name": "Starbucks"}}, {"type": "Feature", "geometry": {"type": "Point", "coordinates": [-87.620108, 41.8873276]}, "properties": {"category": "cafe", "amenity": "cafe", "name": "Bake For Me"}}, {"type": "Feature", "geometry": {"type": "Point", "coordinates": [-87.6936136, 41.9819119]}, "properties": {"category": "cafe", "amenity": "cafe", "name": "Bel-Ami"}}, {"type": "Feature", "geometry": {"type": "Point", "coordinates": [-87.8037238, 42.0725133]}, "properties": {"category": "cafe", "amenity": "cafe", "name": "Glenview Grind"}}, {"type": "Feature", "geometry": {"type": "Point", "coordinates": [-87.6273305, 41.892319]}, "properties": {"category": "cafe", "amenity": "cafe", "name": "Cafe Integral"}}, {"type": "Feature", "geometry": {"type": "Point", "coordinates": [-87.7798669, 41.9385703]}, "properties": {"category": "cafe", "amenity": "cafe", "name": "Cakes & Beyond"}}, {"type": "Feature", "geometry": {"type": "Point", "coordinates": [-87.8358039, 42.1524319]}, "properties": {"category": "cafe", "amenity": "cafe", "name": "Starbucks"}}, {"type": "Feature", "geometry": {"type": "Point", "coordinates": [-87.6637447, 41.9445167]}, "properties": {"category": "cafe", "amenity": "cafe", "name": "Capital One Caf\u00e9"}}, {"type": "Feature", "geometry": {"type": "Point", "coordinates": [-87.7110497, 41.9244495]}, "properties": {"category": "cafe", "amenity": "cafe", "name": "Caribella"}}, {"type": "Feature", "geometry": {"type": "Point", "coordinates": [-87.6683124, 42.0161558]}, "properties": {"category": "cafe", "amenity": "cafe", "name": "Charmers Cafe"}}, {"type": "Feature", "geometry": {"type": "Point", "coordinates": [-87.6911495, 41.9251527]}, "properties": {"category": "cafe", "amenity": "cafe", "name": "Cherubs"}}, {"type": "Feature", "geometry": {"type": "Point", "coordinates": [-87.5994738, 41.8101162]}, "properties": {"category": "cafe", "amenity": "cafe", "name": "Carver 47 Cafe"}}, {"type": "Feature", "geometry": {"type": "Point", "coordinates": [-87.6675367, 41.9385233]}, "properties": {"category": "cafe", "amenity": "cafe", "name": "Chicago Diplomat Cafe"}}, {"type": "Feature", "geometry": {"type": "Point", "coordinates": [-87.6792724, 41.925444]}, "properties": {"category": "cafe", "amenity": "cafe", "name": "Chromium"}}, {"type": "Feature", "geometry": {"type": "Point", "coordinates": [-87.7274057, 41.9401528]}, "properties": {"category": "cafe", "amenity": "cafe", "name": "City Cafe"}}, {"type": "Feature", "geometry": {"type": "Point", "coordinates": [-87.7475371, 41.9541352]}, "properties": {"category": "cafe", "amenity": "cafe", "name": "City News Cafe"}}, {"type": "Feature", "geometry": {"type": "Point", "coordinates": [-87.6210884, 41.8901774]}, "properties": {"category": "cafe", "amenity": "cafe", "name": "Cityfront Cafe"}}, {"type": "Feature", "geometry": {"type": "Point", "coordinates": [-87.6345196, 41.9126714]}, "properties": {"category": "cafe", "amenity": "cafe", "name": "Cocoa + Co."}}, {"type": "Feature", "geometry": {"type": "Point", "coordinates": [-87.7161646, 41.7070278]}, "properties": {"category": "cafe", "amenity": "cafe", "name": "Coffee Cats"}}, {"type": "Feature", "geometry": {"type": "Point", "coordinates": [-87.6810058, 41.9539652]}, "properties": {"category": "cafe", "amenity": "cafe", "name": "Coffee Joint"}}, {"type": "Feature", "geometry": {"type": "Point", "coordinates": [-87.6593217, 41.9332915]}, "properties": {"category": "cafe", "amenity": "cafe", "name": "Coffee Lab & Roasters"}}, {"type": "Feature", "geometry": {"type": "Point", "coordinates": [-87.6917627, 41.9682956]}, "properties": {"category": "cafe", "amenity": "cafe", "name": "Coffee Slasticarna Drina"}}, {"type": "Feature", "geometry": {"type": "Point", "coordinates": [-87.6494386, 41.9504668]}, "properties": {"category": "cafe", "amenity": "cafe", "name": "Coffee Tree & Tea Leaves"}}, {"type": "Feature", "geometry": {"type": "Point", "coordinates": [-87.6300195, 41.8846088]}, "properties": {"category": "cafe", "amenity": "cafe", "name": "Corner Bakery"}}, {"type": "Feature", "geometry": {"type": "Point", "coordinates": [-87.6229706, 41.8942888]}, "properties": {"category": "cafe", "amenity": "cafe", "name": "Corner Bakery"}}, {"type": "Feature", "geometry": {"type": "Point", "coordinates": [-87.6252478, 41.8880277]}, "properties": {"category": "cafe", "amenity": "cafe", "name": "Corner Bakery"}}, {"type": "Feature", "geometry": {"type": "Point", "coordinates": [-87.651179, 41.9367963]}, "properties": {"category": "cafe", "amenity": "cafe", "name": "Courtyard Caf\u00e9"}}, {"type": "Feature", "geometry": {"type": "Point", "coordinates": [-87.6155741, 41.8909189]}, "properties": {"category": "cafe", "amenity": "cafe", "name": "Cupitol Coffee & Eatery"}}, {"type": "Feature", "geometry": {"type": "Point", "coordinates": [-87.6876655, 41.9155759]}, "properties": {"category": "cafe", "amenity": "cafe", "name": "Dark Matter Coffee - Electric Mud Coffee Bar"}}, {"type": "Feature", "geometry": {"type": "Point", "coordinates": [-87.6870512, 41.8950442]}, "properties": {"category": "cafe", "amenity": "cafe", "name": "Dark Matter Coffee - The Mothership"}}, {"type": "Feature", "geometry": {"type": "Point", "coordinates": [-87.6536608, 41.869618]}, "properties": {"category": "cafe", "amenity": "cafe", "name": "Demitasse Coffee"}}, {"type": "Feature", "geometry": {"type": "Point", "coordinates": [-87.6491808, 41.932846]}, "properties": {"category": "cafe", "amenity": "cafe", "name": "Cafe Deko"}}, {"type": "Feature", "geometry": {"type": "Point", "coordinates": [-87.6326714, 41.879543]}, "properties": {"category": "cafe", "amenity": "cafe", "name": "Mojo Coffee"}}, {"type": "Feature", "geometry": {"type": "Point", "coordinates": [-87.6548791, 41.9470866]}, "properties": {"category": "cafe", "amenity": "cafe", "name": "Do-Rite Donuts & Chicken"}}, {"type": "Feature", "geometry": {"type": "Point", "coordinates": [-87.6299061, 41.8846095]}, "properties": {"category": "cafe", "amenity": "cafe", "name": "Do-Rite Donuts & Coffee"}}, {"type": "Feature", "geometry": {"type": "Point", "coordinates": [-87.6296095, 41.8802198]}, "properties": {"category": "cafe", "amenity": "cafe", "name": "Dollop Coffee Co."}}, {"type": "Feature", "geometry": {"type": "Point", "coordinates": [-87.6901182, 41.9716883]}, "properties": {"category": "cafe", "amenity": "cafe", "name": "Dorothy\u2019s Can Do Cafe"}}, {"type": "Feature", "geometry": {"type": "Point", "coordinates": [-87.6395246, 41.8836857]}, "properties": {"category": "cafe", "amenity": "cafe", "name": "Doughnut Vault - Canal St."}}, {"type": "Feature", "geometry": {"type": "Point", "coordinates": [-87.6364088, 41.8986009]}, "properties": {"category": "cafe", "amenity": "cafe", "name": "DropShot Coffee & Snack Bar"}}, {"type": "Feature", "geometry": {"type": "Point", "coordinates": [-87.6168158, 41.8867541]}, "properties": {"category": "cafe", "amenity": "cafe", "name": "Drunken Bean"}}, {"type": "Feature", "geometry": {"type": "Point", "coordinates": [-87.7770733, 41.8729168]}, "properties": {"category": "cafe", "amenity": "cafe", "name": "Eastgate Caf\u00e9"}}, {"type": "Feature", "geometry": {"type": "Point", "coordinates": [-87.6523692, 41.9376857]}, "properties": {"category": "cafe", "amenity": "cafe", "name": "Ecos Caf\u00e9"}}, {"type": "Feature", "geometry": {"type": "Point", "coordinates": [-87.7945173, 41.9591897]}, "properties": {"category": "cafe", "amenity": "cafe", "name": "Eli\u2019s Cheesecake"}}, {"type": "Feature", "geometry": {"type": "Point", "coordinates": [-87.6321478, 41.855115]}, "properties": {"category": "cafe", "amenity": "cafe", "name": "Elite Boba"}}, {"type": "Feature", "geometry": {"type": "Point", "coordinates": [-87.6688274, 41.6990717]}, "properties": {"category": "cafe", "amenity": "cafe", "name": "Ellie\u2019s Cafe"}}, {"type": "Feature", "geometry": {"type": "Point", "coordinates": [-87.6627724, 41.9980374]}, "properties": {"category": "cafe", "amenity": "cafe", "name": "Rivers & Roads"}}, {"type": "Feature", "geometry": {"type": "Point", "coordinates": [-87.6605853, 41.9655242]}, "properties": {"category": "cafe", "amenity": "cafe", "name": "Emerald City Coffee"}}, {"type": "Feature", "geometry": {"type": "Point", "coordinates": [-87.6259992, 41.7935527]}, "properties": {"category": "cafe", "amenity": "cafe", "name": "Evelyns Food Love"}}, {"type": "Feature", "geometry": {"type": "Point", "coordinates": [-87.6246714, 41.8817593]}, "properties": {"category": "cafe", "amenity": "cafe", "name": "Fairgrounds Coffee and Tea"}}, {"type": "Feature", "geometry": {"type": "Point", "coordinates": [-87.6572017, 41.9731619]}, "properties": {"category": "cafe", "amenity": "cafe", "name": "First Sip Cafe"}}, {"type": "Feature", "geometry": {"type": "Point", "coordinates": [-87.6734467, 41.9617643]}, "properties": {"category": "cafe", "amenity": "cafe", "name": "First Slice"}}, {"type": "Feature", "geometry": {"type": "Point", "coordinates": [-87.6693839, 41.979702]}, "properties": {"category": "cafe", "amenity": "cafe", "name": "First Slice Pie Cafe"}}, {"type": "Feature", "geometry": {"type": "Point", "coordinates": [-87.6591825, 41.9217553]}, "properties": {"category": "cafe", "amenity": "cafe", "name": "Floriole Cafe & Bakery"}}, {"type": "Feature", "geometry": {"type": "Point", "coordinates": [-87.8189618, 41.8272809]}, "properties": {"category": "cafe", "amenity": "cafe", "name": "Flur"}}, {"type": "Feature", "geometry": {"type": "Point", "coordinates": [-87.7930979, 41.8650067]}, "properties": {"category": "cafe", "amenity": "cafe", "name": "Friendly Coffee Lounge"}}, {"type": "Feature", "geometry": {"type": "Point", "coordinates": [-87.623288, 41.8980875]}, "properties": {"category": "cafe", "amenity": "cafe", "name": "Fusion Poke"}}, {"type": "Feature", "geometry": {"type": "Point", "coordinates": [-87.6878482, 41.967833]}, "properties": {"category": "cafe", "amenity": "cafe", "name": "Geraldine\u2019s"}}, {"type": "Feature", "geometry": {"type": "Point", "coordinates": [-87.6208279, 41.8916193]}, "properties": {"category": "cafe", "amenity": "cafe", "name": "Glass & Cup Coffee And Wine Bar"}}, {"type": "Feature", "geometry": {"type": "Point", "coordinates": [-87.6258173, 41.8352402]}, "properties": {"category": "cafe", "amenity": "cafe", "name": "Global Grounds Cafe"}}, {"type": "Feature", "geometry": {"type": "Point", "coordinates": [-87.6772749, 41.9119269]}, "properties": {"category": "cafe", "amenity": "cafe", "name": "Goddess and Grocer"}}, {"type": "Feature", "geometry": {"type": "Point", "coordinates": [-87.6322348, 41.8866758]}, "properties": {"category": "cafe", "amenity": "cafe", "name": "Goddess And The Baker"}}, {"type": "Feature", "geometry": {"type": "Point", "coordinates": [-87.7773874, 42.0405683]}, "properties": {"category": "social_facility", "amenity": "social_facility", "name": "Medtec Super Senior Center"}}, {"type": "Feature", "geometry": {"type": "Point", "coordinates": [-87.659467, 41.9947522]}, "properties": {"category": "cafe", "amenity": "cafe", "name": "Gordo\u2019s"}}, {"type": "Feature", "geometry": {"type": "Point", "coordinates": [-87.7134121, 41.8692223]}, "properties": {"category": "cafe", "amenity": "cafe", "name": "Green Garden Cafe"}}, {"type": "Feature", "geometry": {"type": "Point", "coordinates": [-87.7190175, 41.8535814]}, "properties": {"category": "cafe", "amenity": "cafe", "name": "Green Tomato Cafe"}}, {"type": "Feature", "geometry": {"type": "Point", "coordinates": [-87.6911666, 41.97212]}, "properties": {"category": "cafe", "amenity": "cafe", "name": "Cafe ZoZo"}}, {"type": "Feature", "geometry": {"type": "Point", "coordinates": [-87.6717453, 41.9068773]}, "properties": {"category": "cafe", "amenity": "cafe", "name": "Volumes Bookcafe"}}, {"type": "Feature", "geometry": {"type": "Point", "coordinates": [-87.5992704, 41.7879781]}, "properties": {"category": "cafe", "amenity": "cafe", "name": "Harper Cafe"}}, {"type": "Feature", "geometry": {"type": "Point", "coordinates": [-87.6181293, 41.896598]}, "properties": {"category": "cafe", "amenity": "cafe", "name": "Harry\u2019s Cafe"}}, {"type": "Feature", "geometry": {"type": "Point", "coordinates": [-87.6705213, 41.9061579]}, "properties": {"category": "cafe", "amenity": "cafe", "name": "Haven Lounge"}}, {"type": "Feature", "geometry": {"type": "Point", "coordinates": [-87.667071, 41.8965552]}, "properties": {"category": "cafe", "amenity": "cafe", "name": "Healthy and Simple"}}, {"type": "Feature", "geometry": {"type": "Point", "coordinates": [-87.712106, 41.9614195]}, "properties": {"category": "cafe", "amenity": "cafe", "name": "Healthy Smoothies & Nutrition"}}, {"type": "Feature", "geometry": {"type": "Point", "coordinates": [-87.6250731, 41.9002877]}, "properties": {"category": "cafe", "amenity": "cafe", "name": "Hendrickx Belgian Bread Crafter"}}, {"type": "Feature", "geometry": {"type": "Point", "coordinates": [-87.6247958, 41.8724836]}, "properties": {"category": "cafe", "amenity": "cafe", "name": "Herb N\u2019 Kitchen"}}, {"type": "Feature", "geometry": {"type": "Point", "coordinates": [-87.6628497, 41.9357623]}, "properties": {"category": "cafe", "amenity": "cafe", "name": "Heritage Bicycles General Store"}}, {"type": "Feature", "geometry": {"type": "Point", "coordinates": [-87.5789625, 41.7513951]}, "properties": {"category": "cafe", "amenity": "cafe", "name": "Heritage Cafe"}}, {"type": "Feature", "geometry": {"type": "Point", "coordinates": [-87.6693982, 41.895838]}, "properties": {"category": "cafe", "amenity": "cafe", "name": "HERO Coffee Bar"}}, {"type": "Feature", "geometry": {"type": "Point", "coordinates": [-87.639797, 41.9358429]}, "properties": {"category": "cafe", "amenity": "cafe", "name": "HERO Coffee Bar"}}, {"type": "Feature", "geometry": {"type": "Point", "coordinates": [-87.6683174, 41.9042478]}, "properties": {"category": "cafe", "amenity": "cafe", "name": "Hot Shots Cafe"}}, {"type": "Feature", "geometry": {"type": "Point", "coordinates": [-87.6799303, 41.9563958]}, "properties": {"category": "cafe", "amenity": "cafe", "name": "Savanna Restaurant"}}, {"type": "Feature", "geometry": {"type": "Point", "coordinates": [-87.6487565, 41.8836567]}, "properties": {"category": "cafe", "amenity": "cafe", "name": "Sawada Coffee"}}, {"type": "Feature", "geometry": {"type": "Point", "coordinates": [-87.7537907, 41.9313209]}, "properties": {"category": "cafe", "amenity": "cafe", "name": "Se\u00f1or Pan Caf\u00e9"}}, {"type": "Feature", "geometry": {"type": "Point", "coordinates": [-87.8061595, 41.9296844]}, "properties": {"category": "cafe", "amenity": "cafe", "name": "I Due Mondi"}}, {"type": "Feature", "geometry": {"type": "Point", "coordinates": [-87.6474344, 41.8918097]}, "properties": {"category": "cafe", "amenity": "cafe", "name": "Iguana Caf\u00e9"}}, {"type": "Feature", "geometry": {"type": "Point", "coordinates": [-87.7265701, 41.9539018]}, "properties": {"category": "cafe", "amenity": "cafe", "name": "Stay & Play Board Game Cafe"}}, {"type": "Feature", "geometry": {"type": "Point", "coordinates": [-87.6372735, 41.8886183]}, "properties": {"category": "cafe", "amenity": "cafe", "name": "Infuse Coffee and Tea Bar"}}, {"type": "Feature", "geometry": {"type": "Point", "coordinates": [-87.6128774, 41.8168186]}, "properties": {"category": "cafe", "amenity": "cafe", "name": "Sip & Savor"}}, {"type": "Feature", "geometry": {"type": "Point", "coordinates": [-87.699581, 41.851718]}, "properties": {"category": "cafe", "amenity": "cafe", "name": "Bueno Days"}}, {"type": "Feature", "geometry": {"type": "Point", "coordinates": [-87.6583534, 41.89088]}, "properties": {"category": "cafe", "amenity": "cafe", "name": "Move Along Coffee"}}, {"type": "Feature", "geometry": {"type": "Point", "coordinates": [-87.7039141, 41.9244457]}, "properties": {"category": "cafe", "amenity": "cafe", "name": "Sip of Hope"}}, {"type": "Feature", "geometry": {"type": "Point", "coordinates": [-87.7543162, 41.9243572]}, "properties": {"category": "cafe", "amenity": "cafe", "name": "Somethin\u2019 Sweet Donuts"}}, {"type": "Feature", "geometry": {"type": "Point", "coordinates": [-87.6288876, 41.8894454]}, "properties": {"category": "cafe", "amenity": "cafe", "name": "Southern Cut Cafe"}}, {"type": "Feature", "geometry": {"type": "Point", "coordinates": [-87.7238892, 41.8055017]}, "properties": {"category": "cafe", "amenity": "cafe", "name": "Pastel! Cakes and More"}}, {"type": "Feature", "geometry": {"type": "Point", "coordinates": [-87.6414581, 41.8929255]}, "properties": {"category": "cafe", "amenity": "cafe", "name": "Peet's Coffee"}}, {"type": "Feature", "geometry": {"type": "Point", "coordinates": [-87.629635, 41.8780428]}, "properties": {"category": "cafe", "amenity": "cafe", "name": "Intelligentsia Coffee"}}, {"type": "Feature", "geometry": {"type": "Point", "coordinates": [-87.6740659, 41.8870697]}, "properties": {"category": "cafe", "amenity": "cafe", "name": "Intelligentsia Roasting Works & Offices"}}, {"type": "Feature", "geometry": {"type": "Point", "coordinates": [-87.6697878, 41.8575391]}, "properties": {"category": "cafe", "amenity": "cafe", "name": "INTERSECT"}}, {"type": "Feature", "geometry": {"type": "Point", "coordinates": [-87.6969757, 41.8994082]}, "properties": {"category": "cafe", "amenity": "cafe", "name": "Spinning J"}}, {"type": "Feature", "geometry": {"type": "Point", "coordinates": [-87.6750233, 41.9616433]}, "properties": {"category": "cafe", "amenity": "cafe", "name": "Spoken Cafe"}}, {"type": "Feature", "geometry": {"type": "Point", "coordinates": [-87.6903059, 41.8066764]}, "properties": {"category": "cafe", "amenity": "cafe", "name": "Sputnik Coffee Company"}}, {"type": "Feature", "geometry": {"type": "Point", "coordinates": [-87.6373412, 41.9341333]}, "properties": {"category": "cafe", "amenity": "cafe", "name": "St. Joseph\u2019s Hospital - Lake Shore Cafe"}}, {"type": "Feature", "geometry": {"type": "Point", "coordinates": [-87.659161, 41.8851265]}, "properties": {"category": "cafe", "amenity": "cafe", "name": "Stan's Donuts & Coffee"}}, {"type": "Feature", "geometry": {"type": "Point", "coordinates": [-87.6232413, 41.8918898]}, "properties": {"category": "cafe", "amenity": "cafe", "name": "Stan's Donuts & Coffee"}}, {"type": "Feature", "geometry": {"type": "Point", "coordinates": [-87.6242301, 41.8854872]}, "properties": {"category": "cafe", "amenity": "cafe", "name": "Stan's Donuts & Coffee"}}, {"type": "Feature", "geometry": {"type": "Point", "coordinates": [-87.6205143, 41.8940604]}, "properties": {"category": "cafe", "amenity": "cafe", "name": "Stan's Donuts & Coffee"}}, {"type": "Feature", "geometry": {"type": "Point", "coordinates": [-87.6595739, 41.9837927]}, "properties": {"category": "cafe", "amenity": "cafe", "name": "Phlour Bakery & Cafe"}}, {"type": "Feature", "geometry": {"type": "Point", "coordinates": [-87.6827389, 41.9434531]}, "properties": {"category": "cafe", "amenity": "cafe", "name": "Pilates + Coffee"}}, {"type": "Feature", "geometry": {"type": "Point", "coordinates": [-87.6543799, 41.7211039]}, "properties": {"category": "cafe", "amenity": "cafe", "name": "Poppin Dough"}}, {"type": "Feature", "geometry": {"type": "Point", "coordinates": [-87.6512541, 41.9270793]}, "properties": {"category": "cafe", "amenity": "cafe", "name": "Printer\u2019s Row Coffee"}}, {"type": "Feature", "geometry": {"type": "Point", "coordinates": [-87.7227968, 41.7909988]}, "properties": {"category": "cafe", "amenity": "cafe", "name": "Razpachos Neveria"}}, {"type": "Feature", "geometry": {"type": "Point", "coordinates": [-87.6814389, 41.9575579]}, "properties": {"category": "cafe", "amenity": "cafe", "name": "Red Eyes Coffee"}}, {"type": "Feature", "geometry": {"type": "Point", "coordinates": [-87.7455934, 41.9733039]}, "properties": {"category": "cafe", "amenity": "cafe", "name": "Red Ribbon"}}, {"type": "Feature", "geometry": {"type": "Point", "coordinates": [-87.6754979, 41.9035307]}, "properties": {"category": "cafe", "amenity": "cafe", "name": "Red Square Cafe And Lounge"}}, {"type": "Feature", "geometry": {"type": "Point", "coordinates": [-87.6647172, 41.8963169]}, "properties": {"category": "cafe", "amenity": "cafe", "name": "Standing Passengers"}}, {"type": "Feature", "geometry": {"type": "Point", "coordinates": [-87.6901818, 41.8955719]}, "properties": {"category": "cafe", "amenity": "cafe", "name": "Star Lounge Coffee Bar"}}, {"type": "Feature", "geometry": {"type": "Point", "coordinates": [-87.6159933, 41.8095528]}, "properties": {"category": "cafe", "amenity": "cafe", "name": "Spoken Word Cafe"}}, {"type": "Feature", "geometry": {"type": "Point", "coordinates": [-87.6676402, 41.9687834]}, "properties": {"category": "cafe", "amenity": "cafe", "name": "Ridman\u2019s Coffee"}}, {"type": "Feature", "geometry": {"type": "Point", "coordinates": [-87.6752388, 41.9540054]}, "properties": {"category": "cafe", "amenity": "cafe", "name": "Ritual Coffeehouse"}}, {"type": "Feature", "geometry": {"type": "Point", "coordinates": [-87.6920884, 41.9737441]}, "properties": {"category": "cafe", "amenity": "cafe", "name": "Royal Cafe"}}, {"type": "Feature", "geometry": {"type": "Point", "coordinates": [-87.6613359, 42.0053439]}, "properties": {"category": "cafe", "amenity": "cafe", "name": "Royal Coffee"}}, {"type": "Feature", "geometry": {"type": "Point", "coordinates": [-87.6328568, 41.8818261]}, "properties": {"category": "cafe", "amenity": "cafe", "name": "Peet's Coffee"}}, {"type": "Feature", "geometry": {"type": "Point", "coordinates": [-87.7639192, 41.8293258]}, "properties": {"category": "cafe", "amenity": "cafe", "name": "Revive Club & Cafe"}}, {"type": "Feature", "geometry": {"type": "Point", "coordinates": [-87.6716801, 41.9030061]}, "properties": {"category": "cafe", "amenity": "cafe", "name": "Starfruit Cafe"}}, {"type": "Feature", "geometry": {"type": "Point", "coordinates": [-87.9301154, 41.8491229]}, "properties": {"category": "cafe", "amenity": "cafe", "name": "Steam Coffee Co"}}, {"type": "Feature", "geometry": {"type": "Point", "coordinates": [-87.7302765, 41.9285568]}, "properties": {"category": "cafe", "amenity": "cafe", "name": "Stewarts Private Blend Coffee"}}, {"type": "Feature", "geometry": {"type": "Point", "coordinates": [-87.6427089, 41.8772561]}, "properties": {"category": "cafe", "amenity": "cafe", "name": "Swadesi Cafe"}}, {"type": "Feature", "geometry": {"type": "Point", "coordinates": [-87.6410036, 41.8272743]}, "properties": {"category": "cafe", "amenity": "cafe", "name": "The Stockyard Coffeehouse"}}, {"type": "Feature", "geometry": {"type": "Point", "coordinates": [-87.675137, 41.8306416]}, "properties": {"category": "cafe", "amenity": "cafe", "name": "T Opera Cafe"}}, {"type": "Feature", "geometry": {"type": "Point", "coordinates": [-87.5989799, 41.7948785]}, "properties": {"category": "cafe", "amenity": "cafe", "name": "Te\u2019amo Boba Bar"}}, {"type": "Feature", "geometry": {"type": "Point", "coordinates": [-87.7716072, 41.9529153]}, "properties": {"category": "cafe", "amenity": "cafe", "name": "Tea\u2019se Tea Shoppe"}}, {"type": "Feature", "geometry": {"type": "Point", "coordinates": [-87.697638, 41.9391483]}, "properties": {"category": "cafe", "amenity": "cafe", "name": "The Avondale Coffee Club"}}, {"type": "Feature", "geometry": {"type": "Point", "coordinates": [-87.6504598, 41.9269434]}, "properties": {"category": "cafe", "amenity": "cafe", "name": "The Bagelers Coffeehouse"}}, {"type": "Feature", "geometry": {"type": "Point", "coordinates": [-87.6709674, 41.9026991]}, "properties": {"category": "cafe", "amenity": "cafe", "name": "Tropikava"}}, {"type": "Feature", "geometry": {"type": "Point", "coordinates": [-87.7611571, 41.9384719]}, "properties": {"category": "cafe", "amenity": "cafe", "name": "Tutti Frutti Coffee Shop"}}, {"type": "Feature", "geometry": {"type": "Point", "coordinates": [-87.6592419, 41.9433812]}, "properties": {"category": "cafe", "amenity": "cafe", "name": "Two Hearted Queen"}}, {"type": "Feature", "geometry": {"type": "Point", "coordinates": [-87.6705195, 41.8694161]}, "properties": {"category": "cafe", "amenity": "cafe", "name": "University Of Illinois Hospital Cafeteria And Coffee Shop"}}, {"type": "Feature", "geometry": {"type": "Point", "coordinates": [-87.7803852, 41.8728154]}, "properties": {"category": "cafe", "amenity": "cafe", "name": "The Happy Apple Pie Shop"}}, {"type": "Feature", "geometry": {"type": "Point", "coordinates": [-87.6337461, 41.9190822]}, "properties": {"category": "cafe", "amenity": "cafe", "name": "The Patio at Caf\u00e9 Brauer"}}, {"type": "Feature", "geometry": {"type": "Point", "coordinates": [-87.6250719, 41.8960103]}, "properties": {"category": "cafe", "amenity": "cafe", "name": "The Peninsula Traditional Afternoon Tea"}}, {"type": "Feature", "geometry": {"type": "Point", "coordinates": [-87.6895168, 41.9750479]}, "properties": {"category": "cafe", "amenity": "cafe", "name": "The Priory Bar & Kitchen"}}, {"type": "Feature", "geometry": {"type": "Point", "coordinates": [-87.7094268, 41.9685803]}, "properties": {"category": "cafe", "amenity": "cafe", "name": "Ur Cafe"}}, {"type": "Feature", "geometry": {"type": "Point", "coordinates": [-87.6249713, 41.8996885]}, "properties": {"category": "cafe", "amenity": "cafe", "name": "Wellness Grub"}}, {"type": "Feature", "geometry": {"type": "Point", "coordinates": [-87.6640623, 41.9150346]}, "properties": {"category": "cafe", "amenity": "cafe", "name": "Werewolf Coffee Bar"}}, {"type": "Feature", "geometry": {"type": "Point", "coordinates": [-87.6274949, 41.8922498]}, "properties": {"category": "cafe", "amenity": "cafe", "name": "West Town Bakery"}}, {"type": "Feature", "geometry": {"type": "Point", "coordinates": [-87.8012617, 41.8887992]}, "properties": {"category": "cafe", "amenity": "cafe", "name": "Wise Cup"}}, {"type": "Feature", "geometry": {"type": "Point", "coordinates": [-87.6526641, 41.852777]}, "properties": {"category": "cafe", "amenity": "cafe", "name": "Workwell Food and Beverage"}}, {"type": "Feature", "geometry": {"type": "Point", "coordinates": [-87.6617454, 42.0089187]}, "properties": {"category": "cafe", "amenity": "cafe", "name": "XO Marshmallow"}}, {"type": "Feature", "geometry": {"type": "Point", "coordinates": [-87.6692665, 41.8574736]}, "properties": {"category": "cafe", "amenity": "cafe", "name": "Xurro"}}, {"type": "Feature", "geometry": {"type": "Point", "coordinates": [-87.6496538, 41.9431839]}, "properties": {"category": "cafe", "amenity": "cafe", "name": "Elevate Coffee"}}, {"type": "Feature", "geometry": {"type": "Point", "coordinates": [-87.7663036, 41.9838078]}, "properties": {"category": "cafe", "amenity": "cafe", "name": "Yellow Rose Cafe"}}, {"type": "Feature", "geometry": {"type": "Point", "coordinates": [-87.6703096, 41.8728124]}, "properties": {"category": "cafe", "amenity": "cafe", "name": "Leaf and Bean Cafe"}}, {"type": "Feature", "geometry": {"type": "Point", "coordinates": [-87.8169747, 42.0023614]}, "properties": {"category": "cafe", "amenity": "cafe", "name": "Soup & Scoops"}}, {"type": "Feature", "geometry": {"type": "Point", "coordinates": [-87.6507781, 41.9397696]}, "properties": {"category": "cafe", "amenity": "cafe", "name": "Life Spring Health Foods & Juice Bar"}}, {"type": "Feature", "geometry": {"type": "Point", "coordinates": [-87.6213901, 41.8661313]}, "properties": {"category": "cafe", "amenity": "cafe", "name": "Little Branch Cafe"}}, {"type": "Feature", "geometry": {"type": "Point", "coordinates": [-87.619776, 41.8954561]}, "properties": {"category": "cafe", "amenity": "cafe", "name": "Jazzman\u2019s Cafe"}}, {"type": "Feature", "geometry": {"type": "Point", "coordinates": [-87.7107426, 41.9829345]}, "properties": {"category": "cafe", "amenity": "cafe", "name": "Java & Mug Cafe"}}, {"type": "Feature", "geometry": {"type": "Point", "coordinates": [-87.6616449, 41.6949991]}, "properties": {"category": "cafe", "amenity": "cafe", "name": "Jean\u2019s Cafe"}}, {"type": "Feature", "geometry": {"type": "Point", "coordinates": [-87.6257187, 41.8965007]}, "properties": {"category": "cafe", "amenity": "cafe", "name": "Stan's Donuts & Coffee"}}, {"type": "Feature", "geometry": {"type": "Point", "coordinates": [-87.6278706, 41.8992785]}, "properties": {"category": "cafe", "amenity": "cafe", "name": "Joe & The Juice"}}, {"type": "Feature", "geometry": {"type": "Point", "coordinates": [-87.6348376, 41.8897503]}, "properties": {"category": "cafe", "amenity": "cafe", "name": "Joe & The Juice"}}, {"type": "Feature", "geometry": {"type": "Point", "coordinates": [-87.6277833, 41.8950583]}, "properties": {"category": "cafe", "amenity": "cafe", "name": "Joe & The Juice"}}, {"type": "Feature", "geometry": {"type": "Point", "coordinates": [-87.6330171, 41.8973534]}, "properties": {"category": "cafe", "amenity": "cafe", "name": "Joe\u2019s Coffee"}}, {"type": "Feature", "geometry": {"type": "Point", "coordinates": [-87.6681634, 41.9803112]}, "properties": {"category": "cafe", "amenity": "cafe", "name": "Kanela Breakfast Club"}}, {"type": "Feature", "geometry": {"type": "Point", "coordinates": [-87.6731807, 41.9073729]}, "properties": {"category": "cafe", "amenity": "cafe", "name": "Kanela Breakfast Club"}}, {"type": "Feature", "geometry": {"type": "Point", "coordinates": [-87.6808451, 41.9028804]}, "properties": {"category": "cafe", "amenity": "cafe", "name": "Kanela Breakfast Club"}}, {"type": "Feature", "geometry": {"type": "Point", "coordinates": [-87.7620855, 41.7815296]}, "properties": {"category": "cafe", "amenity": "cafe", "name": "Karolinka Club"}}, {"type": "Feature", "geometry": {"type": "Point", "coordinates": [-87.6965099, 41.9173465]}, "properties": {"category": "cafe", "amenity": "cafe", "name": "Katherine Anne Confections"}}, {"type": "Feature", "geometry": {"type": "Point", "coordinates": [-87.6681528, 41.9786038]}, "properties": {"category": "cafe", "amenity": "cafe", "name": "Kopi Cafe"}}, {"type": "Feature", "geometry": {"type": "Point", "coordinates": [-87.6328364, 41.8543478]}, "properties": {"category": "cafe", "amenity": "cafe", "name": "Kung Fu Tea"}}, {"type": "Feature", "geometry": {"type": "Point", "coordinates": [-87.6278992, 41.8927832]}, "properties": {"category": "cafe", "amenity": "cafe", "name": "L.A. Burdick Handmade Chocolates"}}, {"type": "Feature", "geometry": {"type": "Point", "coordinates": [-87.678518, 41.9648422]}, "properties": {"category": "cafe", "amenity": "cafe", "name": "La Boulangerie & Co"}}, {"type": "Feature", "geometry": {"type": "Point", "coordinates": [-87.8161563, 41.9449214]}, "properties": {"category": "cafe", "amenity": "cafe", "name": "La Capannina Coffee"}}, {"type": "Feature", "geometry": {"type": "Point", "coordinates": [-87.6222512, 41.8977805]}, "properties": {"category": "cafe", "amenity": "cafe", "name": "La Colombe Cafe at the Ritz Carlton"}}, {"type": "Feature", "geometry": {"type": "Point", "coordinates": [-87.6284873, 41.903348]}, "properties": {"category": "cafe", "amenity": "cafe", "name": "La Colombe Coffee"}}, {"type": "Feature", "geometry": {"type": "Point", "coordinates": [-87.6507923, 41.9183019]}, "properties": {"category": "cafe", "amenity": "cafe", "name": "La Colombe Coffee Roasters"}}, {"type": "Feature", "geometry": {"type": "Point", "coordinates": [-87.6274933, 41.8997676]}, "properties": {"category": "cafe", "amenity": "cafe", "name": "Petit Margeaux"}}, {"type": "Feature", "geometry": {"type": "Point", "coordinates": [-87.6510363, 41.8735997]}, "properties": {"category": "cafe", "amenity": "cafe", "name": "Chicago French Press"}}, {"type": "Feature", "geometry": {"type": "Point", "coordinates": [-87.7357299, 41.7061391]}, "properties": {"category": "cafe", "amenity": "cafe", "name": "Little Something Extra"}}, {"type": "Feature", "geometry": {"type": "Point", "coordinates": [-87.8436119, 41.8225303]}, "properties": {"category": "cafe", "amenity": "cafe", "name": "Gosia's Coffee Shop"}}, {"type": "Feature", "geometry": {"type": "Point", "coordinates": [-87.7170967, 41.778995]}, "properties": {"category": "cafe", "amenity": "cafe", "name": "Los Pekes Ice Cream & Coffee"}}, {"type": "Feature", "geometry": {"type": "Point", "coordinates": [-87.7179881, 41.9539575]}, "properties": {"category": "cafe", "amenity": "cafe", "name": "Lucky Charm Cafe"}}, {"type": "Feature", "geometry": {"type": "Point", "coordinates": [-87.6446069, 41.9382059]}, "properties": {"category": "cafe", "amenity": "cafe", "name": "Maison Marcel"}}, {"type": "Feature", "geometry": {"type": "Point", "coordinates": [-87.6245567, 41.8733618]}, "properties": {"category": "cafe", "amenity": "cafe", "name": "Market By The Blackstone"}}, {"type": "Feature", "geometry": {"type": "Point", "coordinates": [-87.7662371, 41.9397485]}, "properties": {"category": "cafe", "amenity": "cafe", "name": "Mather\u2019s More Than a Cafe"}}, {"type": "Feature", "geometry": {"type": "Point", "coordinates": [-87.806009, 41.9811358]}, "properties": {"category": "cafe", "amenity": "cafe", "name": "Mather\u2019s More Than a Cafe"}}, {"type": "Feature", "geometry": {"type": "Point", "coordinates": [-87.6733569, 41.9491041]}, "properties": {"category": "cafe", "amenity": "cafe", "name": "Rare Tea Cellar"}}, {"type": "Feature", "geometry": {"type": "Point", "coordinates": [-87.6346426, 41.8537554]}, "properties": {"category": "cafe", "amenity": "cafe", "name": "Saint\u2019s Alp Teahouse & Gourmet"}}, {"type": "Feature", "geometry": {"type": "Point", "coordinates": [-87.6218289, 41.8962604]}, "properties": {"category": "cafe", "amenity": "cafe", "name": "Sky Caf\u00e9"}}, {"type": "Feature", "geometry": {"type": "Point", "coordinates": [-87.6256899, 41.8500751]}, "properties": {"category": "cafe", "amenity": "cafe", "name": "South Loop Cafe"}}, {"type": "Feature", "geometry": {"type": "Point", "coordinates": [-88.2005715, 41.7465047]}, "properties": {"category": "cafe", "amenity": "cafe", "name": "Starbucks"}}, {"type": "Feature", "geometry": {"type": "Point", "coordinates": [-87.6428565, 41.8778976]}, "properties": {"category": "cafe", "amenity": "cafe", "name": "Dark Matter Coffee - Meddle"}}, {"type": "Feature", "geometry": {"type": "Point", "coordinates": [-87.6491223, 41.9398721]}, "properties": {"category": "cafe", "amenity": "cafe", "name": "Modern Grill"}}, {"type": "Feature", "geometry": {"type": "Point", "coordinates": [-87.6372277, 41.8789556]}, "properties": {"category": "cafe", "amenity": "cafe", "name": "Mojo Coffee"}}, {"type": "Feature", "geometry": {"type": "Point", "coordinates": [-88.0511456, 41.786019]}, "properties": {"category": "cafe", "amenity": "cafe", "name": "Mud and Char"}}, {"type": "Feature", "geometry": {"type": "Point", "coordinates": [-87.7782689, 41.9454243]}, "properties": {"category": "cafe", "amenity": "cafe", "name": "New Waves Cafe & Deli"}}, {"type": "Feature", "geometry": {"type": "Point", "coordinates": [-87.6615548, 42.0089538]}, "properties": {"category": "cafe", "amenity": "cafe", "name": "Nibbles and Nosh"}}, {"type": "Feature", "geometry": {"type": "Point", "coordinates": [-87.6259401, 41.8913346]}, "properties": {"category": "cafe", "amenity": "cafe", "name": "Nordstrom Ebar Artisan Coffee"}}, {"type": "Feature", "geometry": {"type": "Point", "coordinates": [-87.6944679, 41.9683705]}, "properties": {"category": "cafe", "amenity": "cafe", "name": "Olympic Club"}}, {"type": "Feature", "geometry": {"type": "Point", "coordinates": [-87.6872189, 41.9668411]}, "properties": {"category": "cafe", "amenity": "cafe", "name": "Oromo Cafe"}}, {"type": "Feature", "geometry": {"type": "Point", "coordinates": [-87.7109787, 41.9829149]}, "properties": {"category": "cafe", "amenity": "cafe", "name": "Outdoor Cafe"}}, {"type": "Feature", "geometry": {"type": "Point", "coordinates": [-87.9069785, 41.9777154]}, "properties": {"category": "cafe", "amenity": "cafe", "name": "Starbucks"}}, {"type": "Feature", "geometry": {"type": "Point", "coordinates": [-87.720486, 41.9249315]}, "properties": {"category": "cafe", "amenity": "cafe", "name": "Pan Artesanal"}}, {"type": "Feature", "geometry": {"type": "Point", "coordinates": [-87.6201462, 41.8893709]}, "properties": {"category": "cafe", "amenity": "cafe", "name": "The Link@Sheraton Cafe"}}, {"type": "Feature", "geometry": {"type": "Point", "coordinates": [-87.6691269, 41.9207648]}, "properties": {"category": "cafe", "amenity": "cafe", "name": "Vero Coffee & Gelato"}}, {"type": "Feature", "geometry": {"type": "Point", "coordinates": [-87.7635479, 41.7782348]}, "properties": {"category": "cafe", "amenity": "cafe", "name": "Xurro"}}, {"type": "Feature", "geometry": {"type": "Point", "coordinates": [-87.6249602, 41.8996259]}, "properties": {"category": "cafe", "amenity": "cafe", "name": "Nespresso"}}, {"type": "Feature", "geometry": {"type": "Point", "coordinates": [-87.6315862, 41.9117279]}, "properties": {"category": "cafe", "amenity": "cafe", "name": "North and Clark Caf\u00e9"}}, {"type": "Feature", "geometry": {"type": "Point", "coordinates": [-87.6215813, 41.8873394]}, "properties": {"category": "cafe", "amenity": "cafe", "name": "Market Chicago"}}, {"type": "Feature", "geometry": {"type": "Point", "coordinates": [-87.6260944, 41.8922579]}, "properties": {"category": "cafe", "amenity": "cafe", "name": "Lavazza"}}, {"type": "Feature", "geometry": {"type": "Point", "coordinates": [-87.6291674, 41.8829799]}, "properties": {"category": "cafe", "amenity": "cafe", "name": "Lavazza"}}, {"type": "Feature", "geometry": {"type": "Point", "coordinates": [-87.6235965, 41.9001623]}, "properties": {"category": "cafe", "amenity": "cafe", "name": "Lavazza"}}, {"type": "Feature", "geometry": {"type": "Point", "coordinates": [-87.9068993, 41.9791448]}, "properties": {"category": "cafe", "amenity": "cafe", "name": "Starbucks"}}, {"type": "Feature", "geometry": {"type": "Point", "coordinates": [-87.6217415, 41.79424]}, "properties": {"category": "social_facility", "amenity": "social_facility", "name": "K.L.E.O. Community Family Life Center"}}, {"type": "Feature", "geometry": {"type": "Point", "coordinates": [-88.0028952, 41.8444415]}, "properties": {"category": "cafe", "amenity": "cafe", "name": "Starbucks"}}, {"type": "Feature", "geometry": {"type": "Point", "coordinates": [-87.6537471, 41.9110998]}, "properties": {"category": "cafe", "amenity": "cafe", "name": "Peet's Coffee"}}, {"type": "Feature", "geometry": {"type": "Point", "coordinates": [-88.1506017, 41.7708971]}, "properties": {"category": "cafe", "amenity": "cafe", "name": "Sparrow Coffee"}}, {"type": "Feature", "geometry": {"type": "Point", "coordinates": [-87.7432557, 41.7849903]}, "properties": {"category": "cafe", "amenity": "cafe", "name": "Big Shoulders Coffee"}}, {"type": "Feature", "geometry": {"type": "Point", "coordinates": [-88.0458544, 42.0550176]}, "properties": {"category": "cafe", "amenity": "cafe", "name": "Haraz Coffee House"}}, {"type": "Feature", "geometry": {"type": "Point", "coordinates": [-87.7342035, 41.9101603]}, "properties": {"category": "social_facility", "amenity": "social_facility", "name": "Trina Davila Community Services Center"}}, {"type": "Feature", "geometry": {"type": "Point", "coordinates": [-87.7338665, 41.9100834]}, "properties": {"category": "civic", "amenity": "library", "name": "North Pulaski Branch Library"}}, {"type": "Feature", "geometry": {"type": "Point", "coordinates": [-87.8450969, 42.2800498]}, "properties": {"category": "cafe", "amenity": "cafe", "name": "Hansa Coffee"}}, {"type": "Feature", "geometry": {"type": "Point", "coordinates": [-87.9064025, 41.9785351]}, "properties": {"category": "cafe", "amenity": "cafe", "name": "Starbucks"}}, {"type": "Feature", "geometry": {"type": "Point", "coordinates": [-87.9030267, 41.9755378]}, "properties": {"category": "social_facility", "amenity": "social_facility", "name": "USO"}}, {"type": "Feature", "geometry": {"type": "Point", "coordinates": [-87.901308, 41.9765982]}, "properties": {"category": "cafe", "amenity": "cafe", "name": "Starbucks"}}, {"type": "Feature", "geometry": {"type": "Point", "coordinates": [-87.5663513, 41.7656262]}, "properties": {"category": "cafe", "amenity": "cafe", "name": "South Shore Brew"}}, {"type": "Feature", "geometry": {"type": "Point", "coordinates": [-87.9020729, 41.8084997]}, "properties": {"category": "cafe", "amenity": "cafe", "name": "Starbucks"}}, {"type": "Feature", "geometry": {"type": "Point", "coordinates": [-87.9066083, 41.9753238]}, "properties": {"category": "cafe", "amenity": "cafe", "name": "Argo Tea"}}, {"type": "Feature", "geometry": {"type": "Point", "coordinates": [-87.5797496, 41.7917629]}, "properties": {"category": "cafe", "amenity": "cafe", "name": "Belly Up"}}, {"type": "Feature", "geometry": {"type": "Point", "coordinates": [-87.720259, 41.9542048]}, "properties": {"category": "civic", "amenity": "library", "name": "Independence Branch Library"}}, {"type": "Feature", "geometry": {"type": "Point", "coordinates": [-88.4292283, 42.1361014]}, "properties": {"category": "cafe", "amenity": "cafe", "name": "Starbucks"}}, {"type": "Feature", "geometry": {"type": "Point", "coordinates": [-87.9482061, 42.2556799]}, "properties": {"category": "cafe", "amenity": "cafe", "name": "Starbucks"}}, {"type": "Feature", "geometry": {"type": "Point", "coordinates": [-87.8038334, 42.1066359]}, "properties": {"category": "cafe", "amenity": "cafe", "name": "Starbucks"}}, {"type": "Feature", "geometry": {"type": "Point", "coordinates": [-88.3746302, 41.71918]}, "properties": {"category": "cafe", "amenity": "cafe", "name": "Starbucks"}}, {"type": "Feature", "geometry": {"type": "Point", "coordinates": [-87.6231471, 41.8094283]}, "properties": {"category": "cafe", "amenity": "cafe", "name": "Sip & Savor"}}, {"type": "Feature", "geometry": {"type": "Point", "coordinates": [-87.8694023, 41.8145355]}, "properties": {"category": "cafe", "amenity": "cafe", "name": "Owl and Lark"}}, {"type": "Feature", "geometry": {"type": "Point", "coordinates": [-87.5983113, 41.7912563]}, "properties": {"category": "cafe", "amenity": "cafe", "name": "Hallowed Grounds"}}, {"type": "Feature", "geometry": {"type": "Point", "coordinates": [-87.59919, 41.7948629]}, "properties": {"category": "cafe", "amenity": "cafe", "name": "Insomnia"}}, {"type": "Feature", "geometry": {"type": "Point", "coordinates": [-87.634181, 41.8536791]}, "properties": {"category": "cafe", "amenity": "cafe", "name": "Chicha San Chen"}}, {"type": "Feature", "geometry": {"type": "Point", "coordinates": [-88.0385858, 41.7708317]}, "properties": {"category": "cafe", "amenity": "cafe", "name": "Starbucks"}}, {"type": "Feature", "geometry": {"type": "Point", "coordinates": [-88.2075485, 41.973803]}, "properties": {"category": "cafe", "amenity": "cafe", "name": "Starbucks"}}, {"type": "Feature", "geometry": {"type": "Point", "coordinates": [-88.3397369, 41.8749947]}, "properties": {"category": "cafe", "amenity": "cafe", "name": "Starbucks"}}, {"type": "Feature", "geometry": {"type": "Point", "coordinates": [-88.5336634, 41.6610989]}, "properties": {"category": "cafe", "amenity": "cafe", "name": "The Doughnut Emporium"}}, {"type": "Feature", "geometry": {"type": "Point", "coordinates": [-88.4453321, 41.6521956]}, "properties": {"category": "social_facility", "amenity": "social_facility", "name": "This Life Counseling"}}, {"type": "Feature", "geometry": {"type": "Point", "coordinates": [-88.4578436, 41.7972866]}, "properties": {"category": "civic", "amenity": "library", "name": "Todd Library"}}, {"type": "Feature", "geometry": {"type": "Point", "coordinates": [-87.676903, 41.8727132]}, "properties": {"category": "cafe", "amenity": "cafe", "name": "Starbucks"}}, {"type": "Feature", "geometry": {"type": "Point", "coordinates": [-88.044779, 42.089586]}, "properties": {"category": "cafe", "amenity": "cafe", "name": "Hangout Cafe"}}, {"type": "Feature", "geometry": {"type": "Point", "coordinates": [-88.3382577, 42.1752862]}, "properties": {"category": "cafe", "amenity": "cafe", "name": "Churros Y Chocolate Inc"}}, {"type": "Feature", "geometry": {"type": "Point", "coordinates": [-88.1363373, 42.1539934]}, "properties": {"category": "cafe", "amenity": "cafe", "name": "Starbucks"}}, {"type": "Feature", "geometry": {"type": "Point", "coordinates": [-87.941388, 42.1685171]}, "properties": {"category": "cafe", "amenity": "cafe", "name": "Java Junction"}}, {"type": "Feature", "geometry": {"type": "Point", "coordinates": [-88.0993809, 41.8305821]}, "properties": {"category": "cafe", "amenity": "cafe", "name": "Lotus Cafe & Bar"}}, {"type": "Feature", "geometry": {"type": "Point", "coordinates": [-87.6345573, 41.8856017]}, "properties": {"category": "cafe", "amenity": "cafe", "name": "Big Shoulders Coffee"}}, {"type": "Feature", "geometry": {"type": "Point", "coordinates": [-88.3179792, 42.2437506]}, "properties": {"category": "cafe", "amenity": "cafe", "name": "Smoothology"}}, {"type": "Feature", "geometry": {"type": "Point", "coordinates": [-87.6989436, 41.924633]}, "properties": {"category": "cafe", "amenity": "cafe", "name": "La Colombe Coffee Roasters"}}, {"type": "Feature", "geometry": {"type": "Point", "coordinates": [-87.6676707, 41.9018301]}, "properties": {"category": "cafe", "amenity": "cafe", "name": "Coco Ice Cream"}}, {"type": "Feature", "geometry": {"type": "Point", "coordinates": [-87.6281378, 41.8806113]}, "properties": {"category": "cafe", "amenity": "cafe", "name": "Peet's Coffee"}}, {"type": "Feature", "geometry": {"type": "Point", "coordinates": [-88.2095802, 41.9189958]}, "properties": {"category": "cafe", "amenity": "cafe", "name": "Oasis Cafe"}}, {"type": "Feature", "geometry": {"type": "Point", "coordinates": [-87.3347558, 41.4225998]}, "properties": {"category": "cafe", "amenity": "cafe", "name": "Starbucks"}}, {"type": "Feature", "geometry": {"type": "Point", "coordinates": [-87.8401699, 42.2518879]}, "properties": {"category": "cafe", "amenity": "cafe", "name": "Starbucks"}}, {"type": "Feature", "geometry": {"type": "Point", "coordinates": [-87.6578698, 41.9837878]}, "properties": {"category": "cafe", "amenity": "cafe", "name": "Sip and Savor"}}, {"type": "Feature", "geometry": {"type": "Point", "coordinates": [-87.6310303, 41.8683843]}, "properties": {"category": "cafe", "amenity": "cafe", "name": "Starbucks"}}, {"type": "Feature", "geometry": {"type": "Point", "coordinates": [-87.9735212, 41.6777613]}, "properties": {"category": "social_facility", "amenity": "social_facility", "name": "Franciscan Ministries"}}, {"type": "Feature", "geometry": {"type": "Point", "coordinates": [-87.6289544, 41.8746639]}, "properties": {"category": "cafe", "amenity": "cafe", "name": "Starbucks"}}, {"type": "Feature", "geometry": {"type": "Point", "coordinates": [-87.7268735, 41.8173168]}, "properties": {"category": "social_facility", "amenity": "social_facility", "name": "Greater Chicago Food Depository"}}, {"type": "Feature", "geometry": {"type": "Point", "coordinates": [-87.6673233, 41.7214119]}, "properties": {"category": "cafe", "amenity": "cafe", "name": "Two Mile Coffee Bar. Co"}}, {"type": "Feature", "geometry": {"type": "Point", "coordinates": [-88.3242881, 42.2250734]}, "properties": {"category": "cafe", "amenity": "cafe", "name": "Starbucks"}}, {"type": "Feature", "geometry": {"type": "Point", "coordinates": [-88.3049039, 42.2288849]}, "properties": {"category": "cafe", "amenity": "cafe", "name": "Starbucks"}}, {"type": "Feature", "geometry": {"type": "Point", "coordinates": [-87.5511119, 41.7320691]}, "properties": {"category": "social_facility", "amenity": "social_facility", "name": "The Catholic Charities"}}, {"type": "Feature", "geometry": {"type": "Point", "coordinates": [-87.6344252, 41.9241862]}, "properties": {"category": "cafe", "amenity": "cafe", "name": "Safari Cafe"}}, {"type": "Feature", "geometry": {"type": "Point", "coordinates": [-87.6342484, 41.9219136]}, "properties": {"category": "cafe", "amenity": "cafe", "name": "Eadie Levy's Landmark Caf\u00e9"}}, {"type": "Feature", "geometry": {"type": "Point", "coordinates": [-87.764759, 41.9530157]}, "properties": {"category": "cafe", "amenity": "cafe", "name": "Portage Grounds"}}, {"type": "Feature", "geometry": {"type": "Point", "coordinates": [-87.7268318, 42.0642711]}, "properties": {"category": "cafe", "amenity": "cafe", "name": "Starbucks"}}, {"type": "Feature", "geometry": {"type": "Point", "coordinates": [-87.7930095, 41.8887602]}, "properties": {"category": "cafe", "amenity": "cafe", "name": "Fairgrounds"}}, {"type": "Feature", "geometry": {"type": "Point", "coordinates": [-88.3185706, 42.2425362]}, "properties": {"category": "cafe", "amenity": "cafe", "name": "Starbucks"}}, {"type": "Feature", "geometry": {"type": "Point", "coordinates": [-88.2739613, 42.1074051]}, "properties": {"category": "social_facility", "amenity": "social_facility", "name": "D300 Food Pantry"}}, {"type": "Feature", "geometry": {"type": "Point", "coordinates": [-87.6558462, 41.9734307]}, "properties": {"category": "social_facility", "amenity": "social_facility", "name": "Chinese Mutual Aid Association"}}, {"type": "Feature", "geometry": {"type": "Point", "coordinates": [-87.6557256, 41.9734314]}, "properties": {"category": "civic", "amenity": "community_centre", "name": "Bosnian Herzogovinian American Community Center"}}, {"type": "Feature", "geometry": {"type": "Point", "coordinates": [-87.6590499, 41.9733742]}, "properties": {"category": "cafe", "amenity": "cafe", "name": "Uni Uni"}}, {"type": "Feature", "geometry": {"type": "Point", "coordinates": [-87.6134104, 41.8680881]}, "properties": {"category": "cafe", "amenity": "cafe", "name": "Soundings Cafe"}}, {"type": "Feature", "geometry": {"type": "Point", "coordinates": [-87.8021961, 41.8507136]}, "properties": {"category": "cafe", "amenity": "cafe", "name": "Starbucks"}}, {"type": "Feature", "geometry": {"type": "Point", "coordinates": [-87.733934, 41.989881]}, "properties": {"category": "cafe", "amenity": "cafe", "name": "Starbucks"}}, {"type": "Feature", "geometry": {"type": "Point", "coordinates": [-87.6789453, 41.9325286]}, "properties": {"category": "cafe", "amenity": "cafe", "name": "Hexe Coffee Co."}}, {"type": "Feature", "geometry": {"type": "Point", "coordinates": [-87.6149913, 41.8520753]}, "properties": {"category": "cafe", "amenity": "cafe", "name": "22nd Street Cafe"}}, {"type": "Feature", "geometry": {"type": "Point", "coordinates": [-87.6879726, 41.9174218]}, "properties": {"category": "cafe", "amenity": "cafe", "name": "Snakes & Lattes"}}, {"type": "Feature", "geometry": {"type": "Point", "coordinates": [-87.8277133, 42.2496901]}, "properties": {"category": "cafe", "amenity": "cafe", "name": "Cyber Cafe"}}, {"type": "Feature", "geometry": {"type": "Point", "coordinates": [-87.7365342, 42.0120716]}, "properties": {"category": "cafe", "amenity": "cafe", "name": "Starbucks"}}, {"type": "Feature", "geometry": {"type": "Point", "coordinates": [-87.710997, 41.9929366]}, "properties": {"category": "cafe", "amenity": "cafe", "name": "Starbucks"}}, {"type": "Feature", "geometry": {"type": "Point", "coordinates": [-87.5367793, 41.5649834]}, "properties": {"category": "cafe", "amenity": "cafe", "name": "Troost Coffee & Tea"}}, {"type": "Feature", "geometry": {"type": "Point", "coordinates": [-87.6901749, 41.9926179]}, "properties": {"category": "cafe", "amenity": "cafe", "name": "Starbucks"}}, {"type": "Feature", "geometry": {"type": "Point", "coordinates": [-87.6641016, 41.9435413]}, "properties": {"category": "cafe", "amenity": "cafe", "name": "Starbucks"}}, {"type": "Feature", "geometry": {"type": "Point", "coordinates": [-87.9460307, 41.8963442]}, "properties": {"category": "cafe", "amenity": "cafe", "name": "The Bean"}}, {"type": "Feature", "geometry": {"type": "Point", "coordinates": [-87.9453065, 41.8973963]}, "properties": {"category": "cafe", "amenity": "cafe", "name": "Buehler Library Caf\u00e9"}}, {"type": "Feature", "geometry": {"type": "Point", "coordinates": [-87.9752315, 41.8126573]}, "properties": {"category": "cafe", "amenity": "cafe", "name": "Penny\u2019s"}}, {"type": "Feature", "geometry": {"type": "Point", "coordinates": [-87.6450601, 41.932665]}, "properties": {"category": "cafe", "amenity": "cafe", "name": "Starbucks"}}, {"type": "Feature", "geometry": {"type": "Point", "coordinates": [-87.9574849, 41.6041929]}, "properties": {"category": "social_facility", "amenity": "social_facility", "name": "Marian Village"}}, {"type": "Feature", "geometry": {"type": "Point", "coordinates": [-87.8233703, 42.135172]}, "properties": {"category": "social_facility", "amenity": "social_facility", "name": ""}}, {"type": "Feature", "geometry": {"type": "Point", "coordinates": [-87.8226997, 42.1344181]}, "properties": {"category": "social_facility", "amenity": "social_facility", "name": ""}}, {"type": "Feature", "geometry": {"type": "Point", "coordinates": [-87.8230189, 42.1348418]}, "properties": {"category": "social_facility", "amenity": "social_facility", "name": ""}}, {"type": "Feature", "geometry": {"type": "Point", "coordinates": [-87.8226809, 42.1341198]}, "properties": {"category": "social_facility", "amenity": "social_facility", "name": ""}}, {"type": "Feature", "geometry": {"type": "Point", "coordinates": [-87.6494803, 41.9526131]}, "properties": {"category": "cafe", "amenity": "cafe", "name": "Starbucks"}}, {"type": "Feature", "geometry": {"type": "Point", "coordinates": [-87.7234436, 42.057665]}, "properties": {"category": "social_facility", "amenity": "social_facility", "name": "The Highlands of Evanston"}}, {"type": "Feature", "geometry": {"type": "Point", "coordinates": [-87.7008726, 41.8159209]}, "properties": {"category": "civic", "amenity": "community_centre", "name": "Gads Hill Center"}}, {"type": "Feature", "geometry": {"type": "Point", "coordinates": [-87.8090683, 41.9537127]}, "properties": {"category": "cafe", "amenity": "cafe", "name": "Starbucks"}}, {"type": "Feature", "geometry": {"type": "Point", "coordinates": [-88.0545002, 42.4126519]}, "properties": {"category": "social_facility", "amenity": "social_facility", "name": "Village at Victory Lakes"}}, {"type": "Feature", "geometry": {"type": "Point", "coordinates": [-87.7121746, 42.0129789]}, "properties": {"category": "cafe", "amenity": "cafe", "name": "Starbucks"}}, {"type": "Feature", "geometry": {"type": "Point", "coordinates": [-87.6636621, 41.8691471]}, "properties": {"category": "cafe", "amenity": "cafe", "name": "Living Water Tea House"}}, {"type": "Feature", "geometry": {"type": "Point", "coordinates": [-87.6571853, 41.881764]}, "properties": {"category": "cafe", "amenity": "cafe", "name": "Groundswell Coffee Roasters"}}, {"type": "Feature", "geometry": {"type": "Point", "coordinates": [-88.0635432, 42.3825315]}, "properties": {"category": "cafe", "amenity": "cafe", "name": "Starbucks"}}, {"type": "Feature", "geometry": {"type": "Point", "coordinates": [-87.6563533, 42.0005755]}, "properties": {"category": "cafe", "amenity": "cafe", "name": "Connections Caf\u00e9"}}, {"type": "Feature", "geometry": {"type": "Point", "coordinates": [-87.7098268, 41.5286437]}, "properties": {"category": "cafe", "amenity": "cafe", "name": "Starbucks"}}, {"type": "Feature", "geometry": {"type": "Point", "coordinates": [-87.6368198, 41.5649877]}, "properties": {"category": "cafe", "amenity": "cafe", "name": "Starbucks"}}, {"type": "Feature", "geometry": {"type": "Point", "coordinates": [-87.7420509, 41.7512748]}, "properties": {"category": "cafe", "amenity": "cafe", "name": "Starbucks"}}, {"type": "Feature", "geometry": {"type": "Point", "coordinates": [-87.7111275, 41.9248347]}, "properties": {"category": "cafe", "amenity": "cafe", "name": "MeLatte Coffee Shop"}}, {"type": "Feature", "geometry": {"type": "Point", "coordinates": [-88.3518544, 41.6846703]}, "properties": {"category": "cafe", "amenity": "cafe", "name": "Village Grind Coffee & Tea Co"}}, {"type": "Feature", "geometry": {"type": "Point", "coordinates": [-87.7937161, 41.8301894]}, "properties": {"category": "cafe", "amenity": "cafe", "name": "Mission House Cafe"}}, {"type": "Feature", "geometry": {"type": "Point", "coordinates": [-88.3626061, 42.0384194]}, "properties": {"category": "cafe", "amenity": "cafe", "name": "Mozzafiato Gelato and Coffee"}}, {"type": "Feature", "geometry": {"type": "Point", "coordinates": [-88.4415204, 41.6557874]}, "properties": {"category": "cafe", "amenity": "cafe", "name": "Starbucks"}}, {"type": "Feature", "geometry": {"type": "Point", "coordinates": [-87.7957842, 42.0404452]}, "properties": {"category": "cafe", "amenity": "cafe", "name": "Starbucks"}}, {"type": "Feature", "geometry": {"type": "Point", "coordinates": [-88.2958243, 42.1556449]}, "properties": {"category": "social_facility", "amenity": "social_facility", "name": "Adren House Care"}}, {"type": "Feature", "geometry": {"type": "Point", "coordinates": [-87.647038, 41.9243849]}, "properties": {"category": "cafe", "amenity": "cafe", "name": "Philz Coffee"}}, {"type": "Feature", "geometry": {"type": "Point", "coordinates": [-87.6331381, 41.8817552]}, "properties": {"category": "cafe", "amenity": "cafe", "name": "Goddess and the Baker"}}, {"type": "Feature", "geometry": {"type": "Point", "coordinates": [-87.6358755, 41.8963896]}, "properties": {"category": "cafe", "amenity": "cafe", "name": "Starbucks"}}, {"type": "Feature", "geometry": {"type": "Point", "coordinates": [-87.7115703, 41.9135277]}, "properties": {"category": "cafe", "amenity": "cafe", "name": "Dayglow"}}, {"type": "Feature", "geometry": {"type": "Point", "coordinates": [-87.653884, 41.8950765]}, "properties": {"category": "cafe", "amenity": "cafe", "name": "Gallery Caf\u00e9 Coffee & Art"}}, {"type": "Feature", "geometry": {"type": "Point", "coordinates": [-87.9260254, 42.138]}, "properties": {"category": "cafe", "amenity": "cafe", "name": "Arctic Spoon"}}, {"type": "Feature", "geometry": {"type": "Point", "coordinates": [-87.7703307, 42.1017382]}, "properties": {"category": "cafe", "amenity": "cafe", "name": "Starbucks"}}, {"type": "Feature", "geometry": {"type": "Point", "coordinates": [-88.3088812, 41.8826634]}, "properties": {"category": "cafe", "amenity": "cafe", "name": "Hey Sugar"}}, {"type": "Feature", "geometry": {"type": "Point", "coordinates": [-87.8023382, 42.1856892]}, "properties": {"category": "cafe", "amenity": "cafe", "name": "Starbucks"}}, {"type": "Feature", "geometry": {"type": "Point", "coordinates": [-87.6440333, 41.74202]}, "properties": {"category": "cafe", "amenity": "cafe", "name": "Afro Joe's"}}, {"type": "Feature", "geometry": {"type": "Point", "coordinates": [-88.421304, 42.184382]}, "properties": {"category": "cafe", "amenity": "cafe", "name": "Starbucks"}}, {"type": "Feature", "geometry": {"type": "Point", "coordinates": [-88.0814722, 41.5276812]}, "properties": {"category": "cafe", "amenity": "cafe", "name": "Jitters"}}, {"type": "Feature", "geometry": {"type": "Point", "coordinates": [-87.5988867, 41.794331]}, "properties": {"category": "cafe", "amenity": "cafe", "name": "Fairgrounds Coffee"}}, {"type": "Feature", "geometry": {"type": "Point", "coordinates": [-87.6204012, 41.831399]}, "properties": {"category": "cafe", "amenity": "cafe", "name": "Em\u00e9ch\u00e9 Cakery & Cafe"}}, {"type": "Feature", "geometry": {"type": "Point", "coordinates": [-87.58925, 41.799415]}, "properties": {"category": "cafe", "amenity": "cafe", "name": "Capital One Caf\u00e9"}}, {"type": "Feature", "geometry": {"type": "Point", "coordinates": [-87.5906372, 41.7993706]}, "properties": {"category": "cafe", "amenity": "cafe", "name": "Philz Coffee"}}, {"type": "Feature", "geometry": {"type": "Point", "coordinates": [-87.6268895, 41.8535791]}, "properties": {"category": "cafe", "amenity": "cafe", "name": "Momentum Coffee"}}, {"type": "Feature", "geometry": {"type": "Point", "coordinates": [-87.6455656, 41.768713]}, "properties": {"category": "cafe", "amenity": "cafe", "name": "Kusanya Cafe"}}, {"type": "Feature", "geometry": {"type": "Point", "coordinates": [-87.6821141, 41.713189]}, "properties": {"category": "cafe", "amenity": "cafe", "name": "AndySunflower Caf\u00e9"}}, {"type": "Feature", "geometry": {"type": "Point", "coordinates": [-87.6281838, 41.8369729]}, "properties": {"category": "cafe", "amenity": "cafe", "name": "John + Pat Anderson's Cafe"}}, {"type": "Feature", "geometry": {"type": "Point", "coordinates": [-87.6267071, 41.8819385]}, "properties": {"category": "cafe", "amenity": "cafe", "name": "Hanabusa"}}, {"type": "Feature", "geometry": {"type": "Point", "coordinates": [-88.464733, 41.6627802]}, "properties": {"category": "cafe", "amenity": "cafe", "name": "Starbucks"}}, {"type": "Feature", "geometry": {"type": "Point", "coordinates": [-87.5584421, 41.6004915]}, "properties": {"category": "cafe", "amenity": "cafe", "name": "Starbucks"}}, {"type": "Feature", "geometry": {"type": "Point", "coordinates": [-87.760424, 41.7961585]}, "properties": {"category": "cafe", "amenity": "cafe", "name": "Cafe Two07"}}, {"type": "Feature", "geometry": {"type": "Point", "coordinates": [-87.6677898, 41.7209514]}, "properties": {"category": "cafe", "amenity": "cafe", "name": "Munchiez"}}, {"type": "Feature", "geometry": {"type": "Point", "coordinates": [-87.7984379, 41.7018657]}, "properties": {"category": "cafe", "amenity": "cafe", "name": "La Crepe Cafeccino"}}, {"type": "Feature", "geometry": {"type": "Point", "coordinates": [-87.6389983, 41.8785403]}, "properties": {"category": "cafe", "amenity": "cafe", "name": "Starbucks"}}, {"type": "Feature", "geometry": {"type": "Point", "coordinates": [-87.6982579, 42.0343916]}, "properties": {"category": "civic", "amenity": "library", "name": "Robert Crown Branch Library"}}, {"type": "Feature", "geometry": {"type": "Point", "coordinates": [-87.7161881, 41.585737]}, "properties": {"category": "cafe", "amenity": "cafe", "name": "Starbucks"}}, {"type": "Feature", "geometry": {"type": "Point", "coordinates": [-87.6879398, 41.91015]}, "properties": {"category": "cafe", "amenity": "cafe", "name": "Drink Happy Thoughts"}}, {"type": "Feature", "geometry": {"type": "Point", "coordinates": [-87.6826532, 41.7187536]}, "properties": {"category": "cafe", "amenity": "cafe", "name": "Starbucks"}}, {"type": "Feature", "geometry": {"type": "Point", "coordinates": [-87.6589586, 41.8916577]}, "properties": {"category": "cafe", "amenity": "cafe", "name": "Starbucks"}}, {"type": "Feature", "geometry": {"type": "Point", "coordinates": [-87.8360227, 42.0531048]}, "properties": {"category": "cafe", "amenity": "cafe", "name": "Starbucks"}}, {"type": "Feature", "geometry": {"type": "Point", "coordinates": [-87.8660692, 41.9083717]}, "properties": {"category": "cafe", "amenity": "cafe", "name": "Starbucks"}}, {"type": "Feature", "geometry": {"type": "Point", "coordinates": [-87.9400763, 41.9034966]}, "properties": {"category": "social_facility", "amenity": "social_facility", "name": "Drug Rehab and Alcohol Detox Helpline"}}, {"type": "Feature", "geometry": {"type": "Point", "coordinates": [-87.7602425, 42.1341315]}, "properties": {"category": "cafe", "amenity": "cafe", "name": "Hometown Coffee & Juice"}}, {"type": "Feature", "geometry": {"type": "Point", "coordinates": [-87.964759, 42.1816761]}, "properties": {"category": "cafe", "amenity": "cafe", "name": "Starbucks"}}, {"type": "Feature", "geometry": {"type": "Point", "coordinates": [-87.6792432, 41.9759088]}, "properties": {"category": "cafe", "amenity": "cafe", "name": "Side Practice Coffee"}}, {"type": "Feature", "geometry": {"type": "Point", "coordinates": [-87.7875544, 41.8796239]}, "properties": {"category": "cafe", "amenity": "cafe", "name": "Whirlwind Coffee Company"}}, {"type": "Feature", "geometry": {"type": "Point", "coordinates": [-87.6589614, 41.9655269]}, "properties": {"category": "cafe", "amenity": "cafe", "name": "Downstate Donuts"}}, {"type": "Feature", "geometry": {"type": "Point", "coordinates": [-88.1780586, 41.7805759]}, "properties": {"category": "cafe", "amenity": "cafe", "name": "Sugar Milk Cafe"}}, {"type": "Feature", "geometry": {"type": "Point", "coordinates": [-87.6836902, 41.8956242]}, "properties": {"category": "civic", "amenity": "community_centre", "name": "Ukrainian Cultural Center"}}, {"type": "Feature", "geometry": {"type": "Point", "coordinates": [-87.701564, 41.8519681]}, "properties": {"category": "civic", "amenity": "community_centre", "name": "Latinos Progresando Resource Center"}}, {"type": "Feature", "geometry": {"type": "Point", "coordinates": [-88.1880552, 41.7628854]}, "properties": {"category": "cafe", "amenity": "cafe", "name": "Starbucks"}}, {"type": "Feature", "geometry": {"type": "Point", "coordinates": [-88.1776059, 41.7818645]}, "properties": {"category": "social_facility", "amenity": "social_facility", "name": "StoryPoint"}}, {"type": "Feature", "geometry": {"type": "Point", "coordinates": [-87.667943, 41.971241]}, "properties": {"category": "cafe", "amenity": "cafe", "name": "Pick Me Up Cafe"}}, {"type": "Feature", "geometry": {"type": "Point", "coordinates": [-87.6468633, 41.5126096]}, "properties": {"category": "social_facility", "amenity": "social_facility", "name": "Vet Center"}}, {"type": "Feature", "geometry": {"type": "Point", "coordinates": [-87.7101016, 41.8876003]}, "properties": {"category": "social_facility", "amenity": "social_facility", "name": "Breakthrough Fresh Market"}}, {"type": "Feature", "geometry": {"type": "Point", "coordinates": [-88.5342524, 41.6621086]}, "properties": {"category": "social_facility", "amenity": "social_facility", "name": "DUI & Behavioral Health Counseling Services of DeKalb - Kendall Counties"}}, {"type": "Feature", "geometry": {"type": "Point", "coordinates": [-87.9038421, 41.8462649]}, "properties": {"category": "cafe", "amenity": "cafe", "name": "Starbucks"}}, {"type": "Feature", "geometry": {"type": "Point", "coordinates": [-87.6695863, 41.9468489]}, "properties": {"category": "cafe", "amenity": "cafe", "name": "Cafe Tola #3"}}, {"type": "Feature", "geometry": {"type": "Point", "coordinates": [-87.9399659, 42.0315491]}, "properties": {"category": "social_facility", "amenity": "social_facility", "name": "Care For Soul, Inc."}}, {"type": "Feature", "geometry": {"type": "Point", "coordinates": [-87.7324364, 42.10602]}, "properties": {"category": "cafe", "amenity": "cafe", "name": "Hometown Coffee & Juice"}}, {"type": "Feature", "geometry": {"type": "Point", "coordinates": [-87.0673178, 41.5055119]}, "properties": {"category": "cafe", "amenity": "cafe", "name": "Campbell Street Cafe"}}, {"type": "Feature", "geometry": {"type": "Point", "coordinates": [-88.1738931, 41.8022267]}, "properties": {"category": "cafe", "amenity": "cafe", "name": "Starbucks"}}, {"type": "Feature", "geometry": {"type": "Point", "coordinates": [-87.6448996, 41.9390327]}, "properties": {"category": "cafe", "amenity": "cafe", "name": "Fancy Plants Cafe"}}, {"type": "Feature", "geometry": {"type": "Point", "coordinates": [-87.8283347, 42.127663]}, "properties": {"category": "cafe", "amenity": "cafe", "name": "Basu Coffee Bar & Vietnamese Eatery"}}, {"type": "Feature", "geometry": {"type": "Point", "coordinates": [-87.0261145, 41.4785432]}, "properties": {"category": "social_facility", "amenity": "social_facility", "name": "Opportunity Enterprises"}}, {"type": "Feature", "geometry": {"type": "Point", "coordinates": [-88.1479944, 41.773218]}, "properties": {"category": "cafe", "amenity": "cafe", "name": "Bistro du Bouchard"}}, {"type": "Feature", "geometry": {"type": "Point", "coordinates": [-88.4579553, 41.6609714]}, "properties": {"category": "social_facility", "amenity": "social_facility", "name": "Cedarhurst of Yorkville"}}, {"type": "Feature", "geometry": {"type": "Point", "coordinates": [-87.6552282, 41.779762]}, "properties": {"category": "social_facility", "amenity": "social_facility", "name": "IMAN Food and Wellness Center"}}, {"type": "Feature", "geometry": {"type": "Point", "coordinates": [-88.199183, 41.7917492]}, "properties": {"category": "cafe", "amenity": "cafe", "name": "Nature's Best Cafe"}}, {"type": "Feature", "geometry": {"type": "Point", "coordinates": [-87.2267531, 41.4198713]}, "properties": {"category": "cafe", "amenity": "cafe", "name": "KupKates & Camelot Coffee"}}, {"type": "Feature", "geometry": {"type": "Point", "coordinates": [-87.9490558, 42.2439049]}, "properties": {"category": "cafe", "amenity": "cafe", "name": "Tous les Jours"}}, {"type": "Feature", "geometry": {"type": "Point", "coordinates": [-87.6887046, 41.9412436]}, "properties": {"category": "cafe", "amenity": "cafe", "name": "Ten Cafe"}}, {"type": "Feature", "geometry": {"type": "Point", "coordinates": [-87.9226248, 42.1672237]}, "properties": {"category": "cafe", "amenity": "cafe", "name": "Starbucks"}}, {"type": "Feature", "geometry": {"type": "Point", "coordinates": [-87.8708286, 41.8155862]}, "properties": {"category": "cafe", "amenity": "cafe", "name": "LaGrange Breakfast Cafe"}}, {"type": "Feature", "geometry": {"type": "Point", "coordinates": [-88.1292477, 41.7912987]}, "properties": {"category": "social_facility", "amenity": "social_facility", "name": "Universal Metro Asian Services"}}, {"type": "Feature", "geometry": {"type": "Point", "coordinates": [-87.7498744, 41.8806543]}, "properties": {"category": "social_facility", "amenity": "social_facility", "name": "Primo Center"}}, {"type": "Feature", "geometry": {"type": "Point", "coordinates": [-87.6793454, 41.8510352]}, "properties": {"category": "cafe", "amenity": "cafe", "name": "Holy Grounds"}}, {"type": "Feature", "geometry": {"type": "Point", "coordinates": [-87.0703685, 41.6191963]}, "properties": {"category": "civic", "amenity": "community_centre", "name": "Hawthorne Park Community Center"}}, {"type": "Feature", "geometry": {"type": "Point", "coordinates": [-87.6693752, 41.9034884]}, "properties": {"category": "cafe", "amenity": "cafe", "name": "Philz Coffee"}}, {"type": "Feature", "geometry": {"type": "Point", "coordinates": [-88.376283, 41.7859084]}, "properties": {"category": "cafe", "amenity": "cafe", "name": "Starbucks"}}, {"type": "Feature", "geometry": {"type": "Point", "coordinates": [-88.6187387, 41.644805]}, "properties": {"category": "cafe", "amenity": "cafe", "name": "Burless"}}, {"type": "Feature", "geometry": {"type": "Point", "coordinates": [-88.6085272, 41.6448209]}, "properties": {"category": "cafe", "amenity": "cafe", "name": "Angie's Sugar Buzz Bakery"}}, {"type": "Feature", "geometry": {"type": "Point", "coordinates": [-88.3518785, 41.68469]}, "properties": {"category": "cafe", "amenity": "cafe", "name": "Village Grind Coffee & Tea Co"}}, {"type": "Feature", "geometry": {"type": "Point", "coordinates": [-87.6182673, 41.802256]}, "properties": {"category": "cafe", "amenity": "cafe", "name": "Southside Grinds Coffee Co."}}, {"type": "Feature", "geometry": {"type": "Point", "coordinates": [-87.9169526, 41.5078014]}, "properties": {"category": "cafe", "amenity": "cafe", "name": "Starbucks"}}, {"type": "Feature", "geometry": {"type": "Point", "coordinates": [-87.854202, 41.601728]}, "properties": {"category": "cafe", "amenity": "cafe", "name": "Clean Eatz"}}, {"type": "Feature", "geometry": {"type": "Point", "coordinates": [-87.6825521, 42.0454106]}, "properties": {"category": "cafe", "amenity": "cafe", "name": "Cupitol Coffee and Eatery"}}, {"type": "Feature", "geometry": {"type": "Point", "coordinates": [-87.6787234, 41.9689024]}, "properties": {"category": "cafe", "amenity": "cafe", "name": "Sweet Moon"}}, {"type": "Feature", "geometry": {"type": "Point", "coordinates": [-87.7457347, 41.9164006]}, "properties": {"category": "cafe", "amenity": "cafe", "name": "Starbucks"}}, {"type": "Feature", "geometry": {"type": "Point", "coordinates": [-87.673396, 42.0572204]}, "properties": {"category": "cafe", "amenity": "cafe", "name": "Cafe Coralie"}}, {"type": "Feature", "geometry": {"type": "Point", "coordinates": [-87.6009538, 41.789119]}, "properties": {"category": "cafe", "amenity": "cafe", "name": "Cobb Coffee Shop"}}, {"type": "Feature", "geometry": {"type": "Point", "coordinates": [-87.8027976, 41.8888479]}, "properties": {"category": "cafe", "amenity": "cafe", "name": "La Borra"}}, {"type": "Feature", "geometry": {"type": "Point", "coordinates": [-87.6028627, 41.790182]}, "properties": {"category": "cafe", "amenity": "cafe", "name": "Peach's Cafe"}}, {"type": "Feature", "geometry": {"type": "Point", "coordinates": [-87.7445237, 41.7198079]}, "properties": {"category": "cafe", "amenity": "cafe", "name": "Cork and Bean"}}, {"type": "Feature", "geometry": {"type": "Point", "coordinates": [-87.68207, 41.9591395]}, "properties": {"category": "cafe", "amenity": "cafe", "name": "Elderberries Threefold Caf\u00e9"}}, {"type": "Feature", "geometry": {"type": "Point", "coordinates": [-87.8500319, 42.0663252]}, "properties": {"category": "cafe", "amenity": "cafe", "name": "Kung Fu Tea"}}, {"type": "Feature", "geometry": {"type": "Point", "coordinates": [-87.8242217, 42.0894335]}, "properties": {"category": "cafe", "amenity": "cafe", "name": "Starbucks"}}, {"type": "Feature", "geometry": {"type": "Point", "coordinates": [-87.8196525, 42.0799692]}, "properties": {"category": "cafe", "amenity": "cafe", "name": "Corner Bakery"}}, {"type": "Feature", "geometry": {"type": "Point", "coordinates": [-88.1399163, 42.2592751]}, "properties": {"category": "cafe", "amenity": "cafe", "name": "Whisk Bakery & Coffee Shop"}}, {"type": "Feature", "geometry": {"type": "Point", "coordinates": [-87.9733196, 41.7508452]}, "properties": {"category": "cafe", "amenity": "cafe", "name": "Starbucks"}}, {"type": "Feature", "geometry": {"type": "Point", "coordinates": [-87.7135787, 41.932997]}, "properties": {"category": "cafe", "amenity": "cafe", "name": "The Brewed Coffee"}}, {"type": "Feature", "geometry": {"type": "Point", "coordinates": [-87.8687514, 42.0861051]}, "properties": {"category": "cafe", "amenity": "cafe", "name": "Palgong Tea Glenview"}}, {"type": "Feature", "geometry": {"type": "Point", "coordinates": [-87.6972239, 41.9104093]}, "properties": {"category": "cafe", "amenity": "cafe", "name": "Etheria Cafe"}}, {"type": "Feature", "geometry": {"type": "Point", "coordinates": [-87.9500557, 42.2389036]}, "properties": {"category": "cafe", "amenity": "cafe", "name": "Bearology"}}, {"type": "Feature", "geometry": {"type": "Point", "coordinates": [-88.3061258, 42.0261392]}, "properties": {"category": "cafe", "amenity": "cafe", "name": "Almar Elgin Nutrition"}}, {"type": "Feature", "geometry": {"type": "Point", "coordinates": [-87.678713, 41.9034452]}, "properties": {"category": "cafe", "amenity": "cafe", "name": "Typica Cafe"}}, {"type": "Feature", "geometry": {"type": "Point", "coordinates": [-87.8479451, 41.8215214]}, "properties": {"category": "social_facility", "amenity": "social_facility", "name": "Share Food Share Love"}}, {"type": "Feature", "geometry": {"type": "Point", "coordinates": [-87.7951471, 41.8906882]}, "properties": {"category": "social_facility", "amenity": "social_facility", "name": "Oak Park Interim Housing and Medical Respite Center"}}, {"type": "Feature", "geometry": {"type": "Point", "coordinates": [-87.6370318, 41.8878576]}, "properties": {"category": "cafe", "amenity": "cafe", "name": "Blue Bottle Coffee"}}, {"type": "Feature", "geometry": {"type": "Point", "coordinates": [-88.0399655, 42.0961693]}, "properties": {"category": "civic", "amenity": "community_centre", "name": "CYM Ukrainian Center"}}, {"type": "Feature", "geometry": {"type": "Point", "coordinates": [-87.7290184, 41.9689782]}, "properties": {"category": "cafe", "amenity": "cafe", "name": "Starbucks"}}, {"type": "Feature", "geometry": {"type": "Point", "coordinates": [-87.6497496, 41.9255674]}, "properties": {"category": "cafe", "amenity": "cafe", "name": "Happy Lemon"}}, {"type": "Feature", "geometry": {"type": "Point", "coordinates": [-87.6580587, 41.9254709]}, "properties": {"category": "civic", "amenity": "library", "name": "Chicago Public Library - Lincoln Park Branch"}}, {"type": "Feature", "geometry": {"type": "Point", "coordinates": [-87.7823334, 41.716548]}, "properties": {"category": "cafe", "amenity": "cafe", "name": "Gloria Jean's"}}, {"type": "Feature", "geometry": {"type": "Point", "coordinates": [-87.5973713, 41.7898431]}, "properties": {"category": "cafe", "amenity": "cafe", "name": "Starbucks"}}, {"type": "Feature", "geometry": {"type": "Point", "coordinates": [-87.6204428, 41.8985869]}, "properties": {"category": "cafe", "amenity": "cafe", "name": "Dollop"}}, {"type": "Feature", "geometry": {"type": "Point", "coordinates": [-87.8674247, 41.7811624]}, "properties": {"category": "cafe", "amenity": "cafe", "name": "Starbucks"}}, {"type": "Feature", "geometry": {"type": "Point", "coordinates": [-87.6155602, 41.8168156]}, "properties": {"category": "social_facility", "amenity": "social_facility", "name": "WIC Grocery"}}, {"type": "Feature", "geometry": {"type": "Point", "coordinates": [-87.8431047, 41.8219935]}, "properties": {"category": "cafe", "amenity": "cafe", "name": "Loca Mocha Cafe"}}, {"type": "Feature", "geometry": {"type": "Point", "coordinates": [-87.8438512, 41.8225795]}, "properties": {"category": "cafe", "amenity": "cafe", "name": "Balance Brookfield Nutrition"}}, {"type": "Feature", "geometry": {"type": "Point", "coordinates": [-87.7003249, 41.8842728]}, "properties": {"category": "social_facility", "amenity": "social_facility", "name": "Covenant House"}}, {"type": "Feature", "geometry": {"type": "Point", "coordinates": [-88.0332246, 42.0426758]}, "properties": {"category": "cafe", "amenity": "cafe", "name": "Corner Bakery"}}, {"type": "Feature", "geometry": {"type": "Point", "coordinates": [-87.7167371, 41.9345749]}, "properties": {"category": "cafe", "amenity": "cafe", "name": "Loaf Lounge"}}, {"type": "Feature", "geometry": {"type": "Point", "coordinates": [-88.0046213, 42.2706162]}, "properties": {"category": "cafe", "amenity": "cafe", "name": "Starbucks"}}, {"type": "Feature", "geometry": {"type": "Point", "coordinates": [-88.1276244, 41.5186521]}, "properties": {"category": "social_facility", "amenity": "social_facility", "name": "Northern Illinois Food Bank - South Suburban Center"}}, {"type": "Feature", "geometry": {"type": "Point", "coordinates": [-87.8001048, 42.1844691]}, "properties": {"category": "cafe", "amenity": "cafe", "name": "Coffee Speaks"}}, {"type": "Feature", "geometry": {"type": "Point", "coordinates": [-87.7981289, 42.1863114]}, "properties": {"category": "cafe", "amenity": "cafe", "name": "Perfect Blend"}}, {"type": "Feature", "geometry": {"type": "Point", "coordinates": [-87.8622939, 41.9916283]}, "properties": {"category": "cafe", "amenity": "cafe", "name": "Stan's Donuts & Coffee"}}, {"type": "Feature", "geometry": {"type": "Point", "coordinates": [-88.5820928, 41.5375928]}, "properties": {"category": "civic", "amenity": "library", "name": "Charles B. Phillips Public Library District"}}, {"type": "Feature", "geometry": {"type": "Point", "coordinates": [-87.6714784, 42.0000391]}, "properties": {"category": "civic", "amenity": "library", "name": "Gerber/Hart Library and Archives"}}, {"type": "Feature", "geometry": {"type": "Point", "coordinates": [-88.4470966, 41.6417644]}, "properties": {"category": "cafe", "amenity": "cafe", "name": "Juicehead Cafe"}}, {"type": "Feature", "geometry": {"type": "Point", "coordinates": [-87.6245892, 41.8256177]}, "properties": {"category": "social_facility", "amenity": "social_facility", "name": "The Renaissance Collaborative"}}, {"type": "Feature", "geometry": {"type": "Point", "coordinates": [-88.3457141, 41.6683426]}, "properties": {"category": "social_facility", "amenity": "social_facility", "name": "Bickford of Oswego"}}, {"type": "Feature", "geometry": {"type": "Point", "coordinates": [-87.6344795, 41.9108012]}, "properties": {"category": "cafe", "amenity": "cafe", "name": "Philz Coffee"}}, {"type": "Feature", "geometry": {"type": "Point", "coordinates": [-88.4984038, 41.7102404]}, "properties": {"category": "social_facility", "amenity": "social_facility", "name": "LaSalle Manor"}}, {"type": "Feature", "geometry": {"type": "Point", "coordinates": [-88.5772319, 41.5976584]}, "properties": {"category": "social_facility", "amenity": "social_facility", "name": "Dickson Valley Camp and Retreat Center"}}, {"type": "Feature", "geometry": {"type": "Point", "coordinates": [-88.4500002, 41.658158]}, "properties": {"category": "social_facility", "amenity": "social_facility", "name": "Hillside Rehab Care Center"}}, {"type": "Feature", "geometry": {"type": "Point", "coordinates": [-88.4444814, 41.6304335]}, "properties": {"category": "social_facility", "amenity": "social_facility", "name": "KC Food Pantry"}}, {"type": "Feature", "geometry": {"type": "Point", "coordinates": [-88.3262199, 41.6946358]}, "properties": {"category": "social_facility", "amenity": "social_facility", "name": "Oswegoland Senior and Community Center"}}, {"type": "Feature", "geometry": {"type": "Point", "coordinates": [-88.3485437, 41.6800427]}, "properties": {"category": "social_facility", "amenity": "social_facility", "name": "KC Food Pantry - Oswego Satellite Location"}}, {"type": "Feature", "geometry": {"type": "Point", "coordinates": [-88.3450728, 41.6788669]}, "properties": {"category": "social_facility", "amenity": "social_facility", "name": "The Pearl at The Tillers"}}, {"type": "Feature", "geometry": {"type": "Point", "coordinates": [-88.5349097, 41.6617685]}, "properties": {"category": "cafe", "amenity": "cafe", "name": "Pinky Promise Boba"}}, {"type": "Feature", "geometry": {"type": "Point", "coordinates": [-88.4422913, 41.6534202]}, "properties": {"category": "cafe", "amenity": "cafe", "name": "iBoba Bubble Tea"}}, {"type": "Feature", "geometry": {"type": "Point", "coordinates": [-88.4483288, 41.6344179]}, "properties": {"category": "cafe", "amenity": "cafe", "name": "Scooter's Coffee"}}, {"type": "Feature", "geometry": {"type": "Point", "coordinates": [-87.3341636, 41.4488672]}, "properties": {"category": "social_facility", "amenity": "social_facility", "name": "Vet Center"}}, {"type": "Feature", "geometry": {"type": "Point", "coordinates": [-87.6549744, 41.94709]}, "properties": {"category": "cafe", "amenity": "cafe", "name": "Starbucks"}}, {"type": "Feature", "geometry": {"type": "Point", "coordinates": [-87.6895887, 42.0120456]}, "properties": {"category": "cafe", "amenity": "cafe", "name": "Starbucks"}}, {"type": "Feature", "geometry": {"type": "Point", "coordinates": [-87.6788411, 41.8956893]}, "properties": {"category": "cafe", "amenity": "cafe", "name": "Starbucks"}}, {"type": "Feature", "geometry": {"type": "Point", "coordinates": [-87.6530467, 41.7798635]}, "properties": {"category": "cafe", "amenity": "cafe", "name": "Momentum Coffee"}}, {"type": "Feature", "geometry": {"type": "Point", "coordinates": [-87.8775861, 41.7899681]}, "properties": {"category": "cafe", "amenity": "cafe", "name": "Starbucks"}}, {"type": "Feature", "geometry": {"type": "Point", "coordinates": [-87.8481467, 41.6195429]}, "properties": {"category": "cafe", "amenity": "cafe", "name": "Starbucks"}}, {"type": "Feature", "geometry": {"type": "Point", "coordinates": [-87.6599611, 41.9980608]}, "properties": {"category": "cafe", "amenity": "cafe", "name": "Gong Cha"}}, {"type": "Feature", "geometry": {"type": "Point", "coordinates": [-87.0440204, 41.4674578]}, "properties": {"category": "cafe", "amenity": "cafe", "name": "Uptown Cafe"}}, {"type": "Feature", "geometry": {"type": "Point", "coordinates": [-88.2108419, 41.7643743]}, "properties": {"category": "cafe", "amenity": "cafe", "name": "Vivi Bubble Tea"}}, {"type": "Feature", "geometry": {"type": "Point", "coordinates": [-87.6494706, 41.9513404]}, "properties": {"category": "cafe", "amenity": "cafe", "name": "Pancake Cafe"}}, {"type": "Feature", "geometry": {"type": "Point", "coordinates": [-87.7402172, 41.9680015]}, "properties": {"category": "cafe", "amenity": "cafe", "name": "Coffee Chat"}}, {"type": "Feature", "geometry": {"type": "Point", "coordinates": [-87.650147, 41.8746969]}, "properties": {"category": "cafe", "amenity": "cafe", "name": "Starbucks"}}, {"type": "Feature", "geometry": {"type": "Point", "coordinates": [-87.6246491, 41.8794397]}, "properties": {"category": "cafe", "amenity": "cafe", "name": "Starbucks"}}, {"type": "Feature", "geometry": {"type": "Point", "coordinates": [-87.6256932, 41.8810135]}, "properties": {"category": "civic", "amenity": "library", "name": "John M. Flaxman Library"}}, {"type": "Feature", "geometry": {"type": "Point", "coordinates": [-88.2096822, 41.9149247]}, "properties": {"category": "cafe", "amenity": "cafe", "name": "Starbucks"}}, {"type": "Feature", "geometry": {"type": "Point", "coordinates": [-88.040151, 42.4050922]}, "properties": {"category": "civic", "amenity": "community_centre", "name": "Venetian Village Hall"}}, {"type": "Feature", "geometry": {"type": "Point", "coordinates": [-87.6997972, 42.0194682]}, "properties": {"category": "social_facility", "amenity": "social_facility", "name": "Vet Center"}}, {"type": "Feature", "geometry": {"type": "Point", "coordinates": [-87.6652931, 41.8800356]}, "properties": {"category": "cafe", "amenity": "cafe", "name": "FROTH"}}, {"type": "Feature", "geometry": {"type": "Point", "coordinates": [-87.4278796, 41.5244717]}, "properties": {"category": "cafe", "amenity": "cafe", "name": "Grindhouse Cafe"}}, {"type": "Feature", "geometry": {"type": "Point", "coordinates": [-87.6404265, 41.8824106]}, "properties": {"category": "cafe", "amenity": "cafe", "name": "Starbucks"}}, {"type": "Feature", "geometry": {"type": "Point", "coordinates": [-87.0872158, 41.4621108]}, "properties": {"category": "cafe", "amenity": "cafe", "name": "Starbucks"}}, {"type": "Feature", "geometry": {"type": "Point", "coordinates": [-87.701148, 42.0871887]}, "properties": {"category": "cafe", "amenity": "cafe", "name": "Convito Cafe and Market"}}, {"type": "Feature", "geometry": {"type": "Point", "coordinates": [-87.5986702, 41.7902433]}, "properties": {"category": "civic", "amenity": "library", "name": "Eckhart Library"}}, {"type": "Feature", "geometry": {"type": "Point", "coordinates": [-87.601987, 41.7855933]}, "properties": {"category": "civic", "amenity": "library", "name": "The Social Work Library"}}, {"type": "Feature", "geometry": {"type": "Point", "coordinates": [-87.6000621, 41.7919755]}, "properties": {"category": "civic", "amenity": "library", "name": "Special Collections Research Center"}}, {"type": "Feature", "geometry": {"type": "Point", "coordinates": [-87.7171238, 41.9351626]}, "properties": {"category": "cafe", "amenity": "cafe", "name": "Sipping Turtle Cafe"}}, {"type": "Feature", "geometry": {"type": "Point", "coordinates": [-87.7712385, 41.8949257]}, "properties": {"category": "civic", "amenity": "community_centre", "name": "Sankofa Center at AAABNA"}}, {"type": "Feature", "geometry": {"type": "Point", "coordinates": [-87.6764323, 42.0549002]}, "properties": {"category": "civic", "amenity": "library", "name": "Math Library"}}, {"type": "Feature", "geometry": {"type": "Point", "coordinates": [-88.0753794, 41.5305293]}, "properties": {"category": "civic", "amenity": "community_centre", "name": "Spanish Community Center"}}, {"type": "Feature", "geometry": {"type": "Point", "coordinates": [-88.4648375, 41.6590353]}, "properties": {"category": "social_facility", "amenity": "social_facility", "name": "Kendall County Health and Human Services"}}, {"type": "Feature", "geometry": {"type": "Point", "coordinates": [-87.6809581, 41.6543689]}, "properties": {"category": "cafe", "amenity": "cafe", "name": "Studious Coffee Shop"}}, {"type": "Feature", "geometry": {"type": "Point", "coordinates": [-87.6321374, 41.8518966]}, "properties": {"category": "cafe", "amenity": "cafe", "name": "Hey Tea"}}, {"type": "Feature", "geometry": {"type": "Point", "coordinates": [-87.6321584, 41.8515649]}, "properties": {"category": "cafe", "amenity": "cafe", "name": "Oriental Tea House"}}, {"type": "Feature", "geometry": {"type": "Point", "coordinates": [-87.628421, 41.8984478]}, "properties": {"category": "cafe", "amenity": "cafe", "name": "Big Shoulders Cafe"}}, {"type": "Feature", "geometry": {"type": "Point", "coordinates": [-87.6663067, 41.9376222]}, "properties": {"category": "cafe", "amenity": "cafe", "name": "Doppio Coffee House"}}, {"type": "Feature", "geometry": {"type": "Point", "coordinates": [-87.6927617, 41.8626549]}, "properties": {"category": "cafe", "amenity": "cafe", "name": "Momentum Coffee"}}, {"type": "Feature", "geometry": {"type": "Point", "coordinates": [-87.5883188, 41.8001461]}, "properties": {"category": "cafe", "amenity": "cafe", "name": "Stan's Donuts & Coffee"}}, {"type": "Feature", "geometry": {"type": "Point", "coordinates": [-87.8077385, 41.9606914]}, "properties": {"category": "cafe", "amenity": "cafe", "name": "Starbucks"}}, {"type": "Feature", "geometry": {"type": "Point", "coordinates": [-87.3670439, 41.5760724]}, "properties": {"category": "social_facility", "amenity": "social_facility", "name": "Aperion Care Tolleston Park"}}, {"type": "Feature", "geometry": {"type": "Point", "coordinates": [-87.686898, 41.9065596]}, "properties": {"category": "cafe", "amenity": "cafe", "name": "Sun Rey Cafe"}}, {"type": "Feature", "geometry": {"type": "Point", "coordinates": [-87.8529457, 41.8514761]}, "properties": {"category": "cafe", "amenity": "cafe", "name": "Starbucks"}}, {"type": "Feature", "geometry": {"type": "Point", "coordinates": [-87.6371084, 41.9018628]}, "properties": {"category": "cafe", "amenity": "cafe", "name": "The School House"}}, {"type": "Feature", "geometry": {"type": "Point", "coordinates": [-87.8677893, 41.9757025]}, "properties": {"category": "cafe", "amenity": "cafe", "name": "Starbucks"}}, {"type": "Feature", "geometry": {"type": "Point", "coordinates": [-87.6535388, 41.9179559]}, "properties": {"category": "cafe", "amenity": "cafe", "name": "Starbucks"}}, {"type": "Feature", "geometry": {"type": "Point", "coordinates": [-87.7757387, 41.9528919]}, "properties": {"category": "cafe", "amenity": "cafe", "name": "Chicago Billiard Cafe"}}, {"type": "Feature", "geometry": {"type": "Point", "coordinates": [-87.7869914, 41.9543481]}, "properties": {"category": "cafe", "amenity": "cafe", "name": "Gosa Tea"}}, {"type": "Feature", "geometry": {"type": "Point", "coordinates": [-87.6684041, 41.9826831]}, "properties": {"category": "cafe", "amenity": "cafe", "name": "The Understudy"}}, {"type": "Feature", "geometry": {"type": "Point", "coordinates": [-88.5367368, 41.6606717]}, "properties": {"category": "cafe", "amenity": "cafe", "name": "Scooter's Coffee"}}, {"type": "Feature", "geometry": {"type": "Point", "coordinates": [-87.7302763, 41.9100854]}, "properties": {"category": "cafe", "amenity": "cafe", "name": "Tasa Coffee Roasters"}}, {"type": "Feature", "geometry": {"type": "Point", "coordinates": [-87.6563989, 41.9631976]}, "properties": {"category": "cafe", "amenity": "cafe", "name": "Starbucks"}}, {"type": "Feature", "geometry": {"type": "Point", "coordinates": [-87.6541637, 41.9618976]}, "properties": {"category": "cafe", "amenity": "cafe", "name": "Drink Happy Thoughts"}}, {"type": "Feature", "geometry": {"type": "Point", "coordinates": [-87.6470518, 41.9597926]}, "properties": {"category": "cafe", "amenity": "cafe", "name": "Sunflower Bakery & Cafe"}}, {"type": "Feature", "geometry": {"type": "Point", "coordinates": [-88.0622587, 42.1011194]}, "properties": {"category": "civic", "amenity": "community_centre", "name": "Palatine Township Senior Citizen Center"}}, {"type": "Feature", "geometry": {"type": "Point", "coordinates": [-87.6303828, 41.8545241]}, "properties": {"category": "cafe", "amenity": "cafe", "name": "Hello Jasmine"}}, {"type": "Feature", "geometry": {"type": "Point", "coordinates": [-87.6303808, 41.8547514]}, "properties": {"category": "cafe", "amenity": "cafe", "name": "TSAoCAA"}}, {"type": "Feature", "geometry": {"type": "Point", "coordinates": [-87.6303764, 41.854445]}, "properties": {"category": "cafe", "amenity": "cafe", "name": "Autea Sweets & Eats"}}, {"type": "Feature", "geometry": {"type": "Point", "coordinates": [-87.914178, 41.7498469]}, "properties": {"category": "cafe", "amenity": "cafe", "name": "Patti's Sunrise Cafe"}}, {"type": "Feature", "geometry": {"type": "Point", "coordinates": [-87.9129699, 41.7521399]}, "properties": {"category": "cafe", "amenity": "cafe", "name": "Starbucks"}}, {"type": "Feature", "geometry": {"type": "Point", "coordinates": [-87.6344953, 41.9106006]}, "properties": {"category": "cafe", "amenity": "cafe", "name": "Kanela Breakfast Club"}}, {"type": "Feature", "geometry": {"type": "Point", "coordinates": [-87.6221824, 41.8978587]}, "properties": {"category": "cafe", "amenity": "cafe", "name": "M Burger"}}, {"type": "Feature", "geometry": {"type": "Point", "coordinates": [-87.8408828, 41.8606068]}, "properties": {"category": "cafe", "amenity": "cafe", "name": ""}}, {"type": "Feature", "geometry": {"type": "Point", "coordinates": [-87.7979501, 42.1850734]}, "properties": {"category": "cafe", "amenity": "cafe", "name": "That Little French Guy Patisserie & Caf\u00e9"}}, {"type": "Feature", "geometry": {"type": "Point", "coordinates": [-87.7591469, 42.0124534]}, "properties": {"category": "cafe", "amenity": "cafe", "name": "Qahwah House"}}, {"type": "Feature", "geometry": {"type": "Point", "coordinates": [-87.5974282, 41.7949308]}, "properties": {"category": "social_facility", "amenity": "social_facility", "name": "Love Fridge at Augustana Lutheran Church"}}, {"type": "Feature", "geometry": {"type": "Point", "coordinates": [-87.6336916, 41.8833469]}, "properties": {"category": "cafe", "amenity": "cafe", "name": "Corner Bakery"}}, {"type": "Feature", "geometry": {"type": "Point", "coordinates": [-87.6321521, 41.8807942]}, "properties": {"category": "cafe", "amenity": "cafe", "name": "Starbucks"}}, {"type": "Feature", "geometry": {"type": "Point", "coordinates": [-87.6560807, 41.9397809]}, "properties": {"category": "cafe", "amenity": "cafe", "name": "Coffee, Hip-Hop & Mental Health"}}, {"type": "Feature", "geometry": {"type": "Point", "coordinates": [-87.630754, 41.8851837]}, "properties": {"category": "cafe", "amenity": "cafe", "name": "Starbucks"}}, {"type": "Feature", "geometry": {"type": "Point", "coordinates": [-87.6247928, 41.885954]}, "properties": {"category": "cafe", "amenity": "cafe", "name": "Starbucks"}}, {"type": "Feature", "geometry": {"type": "Point", "coordinates": [-87.6360111, 41.8784243]}, "properties": {"category": "cafe", "amenity": "cafe", "name": "Joe & The Juice"}}, {"type": "Feature", "geometry": {"type": "Point", "coordinates": [-87.6449162, 41.9321635]}, "properties": {"category": "cafe", "amenity": "cafe", "name": "XO Marshmallow"}}, {"type": "Feature", "geometry": {"type": "Point", "coordinates": [-87.6470706, 41.8646081]}, "properties": {"category": "cafe", "amenity": "cafe", "name": "Starbucks"}}, {"type": "Feature", "geometry": {"type": "Point", "coordinates": [-87.6550926, 41.8817986]}, "properties": {"category": "cafe", "amenity": "cafe", "name": "Vietfive Coffee"}}, {"type": "Feature", "geometry": {"type": "Point", "coordinates": [-87.8903558, 41.974943]}, "properties": {"category": "cafe", "amenity": "cafe", "name": "The Goddess and Grocer"}}, {"type": "Feature", "geometry": {"type": "Point", "coordinates": [-88.1659173, 42.3219161]}, "properties": {"category": "cafe", "amenity": "cafe", "name": "Starbucks"}}, {"type": "Feature", "geometry": {"type": "Point", "coordinates": [-87.6604419, 41.9776104]}, "properties": {"category": "cafe", "amenity": "cafe", "name": "Starbucks"}}, {"type": "Feature", "geometry": {"type": "Point", "coordinates": [-87.6741252, 41.9470565]}, "properties": {"category": "cafe", "amenity": "cafe", "name": "Loba Pastry + Coffee"}}, {"type": "Feature", "geometry": {"type": "Point", "coordinates": [-88.0844759, 42.0478807]}, "properties": {"category": "cafe", "amenity": "cafe", "name": "Coffee Haus"}}, {"type": "Feature", "geometry": {"type": "Point", "coordinates": [-87.4635274, 41.6266163]}, "properties": {"category": "civic", "amenity": "community_centre", "name": "Martin Luther King Center"}}, {"type": "Feature", "geometry": {"type": "Point", "coordinates": [-87.6898453, 41.9185232]}, "properties": {"category": "cafe", "amenity": "cafe", "name": "Stay Caf\u00e9"}}, {"type": "Feature", "geometry": {"type": "Point", "coordinates": [-88.3538758, 41.6842388]}, "properties": {"category": "cafe", "amenity": "cafe", "name": "Oak + Bean"}}, {"type": "Feature", "geometry": {"type": "Point", "coordinates": [-87.6336979, 41.886428]}, "properties": {"category": "cafe", "amenity": "cafe", "name": "Hero Coffee Bar"}}, {"type": "Feature", "geometry": {"type": "Point", "coordinates": [-87.6273559, 41.874635]}, "properties": {"category": "cafe", "amenity": "cafe", "name": "Gong Cha"}}, {"type": "Feature", "geometry": {"type": "Point", "coordinates": [-87.6293462, 41.8964765]}, "properties": {"category": "cafe", "amenity": "cafe", "name": "Philz Coffee"}}, {"type": "Feature", "geometry": {"type": "Point", "coordinates": [-87.8138439, 41.9253785]}, "properties": {"category": "cafe", "amenity": "cafe", "name": "Ashley's Cafe & Tap"}}, {"type": "Feature", "geometry": {"type": "Point", "coordinates": [-88.3155683, 41.7069326]}, "properties": {"category": "social_facility", "amenity": "social_facility", "name": "The Reserve at Oswego"}}, {"type": "Feature", "geometry": {"type": "Point", "coordinates": [-87.6372235, 41.8827516]}, "properties": {"category": "cafe", "amenity": "cafe", "name": "Espresso and Milk"}}, {"type": "Feature", "geometry": {"type": "Point", "coordinates": [-87.6371076, 41.8776459]}, "properties": {"category": "cafe", "amenity": "cafe", "name": "Dollop"}}, {"type": "Feature", "geometry": {"type": "Point", "coordinates": [-87.6287825, 41.8829875]}, "properties": {"category": "cafe", "amenity": "cafe", "name": "Stan's Donuts & Coffee"}}, {"type": "Feature", "geometry": {"type": "Point", "coordinates": [-87.643955, 41.9222076]}, "properties": {"category": "cafe", "amenity": "cafe", "name": "Dash of Salt and Pepper"}}, {"type": "Feature", "geometry": {"type": "Point", "coordinates": [-87.5535515, 41.7517455]}, "properties": {"category": "cafe", "amenity": "cafe", "name": "Urban Luxe Caf\u00e9"}}, {"type": "Feature", "geometry": {"type": "Point", "coordinates": [-87.8143936, 42.0257825]}, "properties": {"category": "cafe", "amenity": "cafe", "name": "Starbucks"}}, {"type": "Feature", "geometry": {"type": "Point", "coordinates": [-87.629326, 41.8727693]}, "properties": {"category": "cafe", "amenity": "cafe", "name": "Necessary Coffee"}}, {"type": "Feature", "geometry": {"type": "Point", "coordinates": [-88.1698639, 41.8003856]}, "properties": {"category": "cafe", "amenity": "cafe", "name": "Starbucks"}}, {"type": "Feature", "geometry": {"type": "Point", "coordinates": [-88.6972331, 42.0977356]}, "properties": {"category": "cafe", "amenity": "cafe", "name": "OPENDOOR COFFEE"}}, {"type": "Feature", "geometry": {"type": "Point", "coordinates": [-87.6782408, 41.9106113]}, "properties": {"category": "cafe", "amenity": "cafe", "name": "Cafe Robey"}}, {"type": "Feature", "geometry": {"type": "Point", "coordinates": [-87.6260325, 41.8846556]}, "properties": {"category": "cafe", "amenity": "cafe", "name": "Starbucks"}}, {"type": "Feature", "geometry": {"type": "Point", "coordinates": [-87.631476, 41.8964746]}, "properties": {"category": "cafe", "amenity": "cafe", "name": "Gold Coast Cafe"}}, {"type": "Feature", "geometry": {"type": "Point", "coordinates": [-87.6238255, 41.8915937]}, "properties": {"category": "cafe", "amenity": "cafe", "name": "Starbucks"}}, {"type": "Feature", "geometry": {"type": "Point", "coordinates": [-87.6265091, 41.8843466]}, "properties": {"category": "cafe", "amenity": "cafe", "name": "Starbucks"}}, {"type": "Feature", "geometry": {"type": "Point", "coordinates": [-87.6242642, 41.8879142]}, "properties": {"category": "cafe", "amenity": "cafe", "name": "Starbucks"}}, {"type": "Feature", "geometry": {"type": "Point", "coordinates": [-87.6288877, 41.8859231]}, "properties": {"category": "cafe", "amenity": "cafe", "name": "Starbucks"}}, {"type": "Feature", "geometry": {"type": "Point", "coordinates": [-87.6288444, 41.903598]}, "properties": {"category": "cafe", "amenity": "cafe", "name": "Chicago tea house"}}, {"type": "Feature", "geometry": {"type": "Point", "coordinates": [-87.3382751, 41.47301]}, "properties": {"category": "cafe", "amenity": "cafe", "name": "The Region Cat Caf\u00e9"}}, {"type": "Feature", "geometry": {"type": "Point", "coordinates": [-87.6900082, 42.0131114]}, "properties": {"category": "cafe", "amenity": "cafe", "name": "Tree House Humane Society Cat Cafe"}}, {"type": "Feature", "geometry": {"type": "Point", "coordinates": [-87.6288355, 41.9033034]}, "properties": {"category": "cafe", "amenity": "cafe", "name": "Dolci Amori"}}, {"type": "Feature", "geometry": {"type": "Point", "coordinates": [-87.6583506, 41.9324567]}, "properties": {"category": "cafe", "amenity": "cafe", "name": "Big Shoulders Coffee"}}, {"type": "Feature", "geometry": {"type": "Point", "coordinates": [-88.3137649, 41.9120231]}, "properties": {"category": "cafe", "amenity": "cafe", "name": "Brunch Cafe"}}, {"type": "Feature", "geometry": {"type": "Point", "coordinates": [-87.6548223, 41.9576724]}, "properties": {"category": "civic", "amenity": "community_centre", "name": "Rec Room"}}, {"type": "Feature", "geometry": {"type": "Point", "coordinates": [-87.6591781, 41.9327217]}, "properties": {"category": "cafe", "amenity": "cafe", "name": "Vigo Coffee"}}, {"type": "Feature", "geometry": {"type": "Point", "coordinates": [-87.6699776, 41.9353279]}, "properties": {"category": "cafe", "amenity": "cafe", "name": "Starbucks"}}, {"type": "Feature", "geometry": {"type": "Point", "coordinates": [-87.4740451, 41.5843546]}, "properties": {"category": "civic", "amenity": "library", "name": "Purdue University Northwest Library"}}, {"type": "Feature", "geometry": {"type": "Point", "coordinates": [-88.2086827, 41.7778632]}, "properties": {"category": "cafe", "amenity": "cafe", "name": "Jumpin Java"}}, {"type": "Feature", "geometry": {"type": "Point", "coordinates": [-87.6479906, 41.9474714]}, "properties": {"category": "civic", "amenity": "community_centre", "name": "Third Space"}}, {"type": "Feature", "geometry": {"type": "Point", "coordinates": [-87.627433, 41.8884921]}, "properties": {"category": "cafe", "amenity": "cafe", "name": "Mojo Coffee"}}, {"type": "Feature", "geometry": {"type": "Point", "coordinates": [-87.6590233, 41.9835289]}, "properties": {"category": "cafe", "amenity": "cafe", "name": "Dulce de Leche Cafe"}}, {"type": "Feature", "geometry": {"type": "Point", "coordinates": [-88.0784685, 42.1820574]}, "properties": {"category": "social_facility", "amenity": "social_facility", "name": "The Auberge"}}, {"type": "Feature", "geometry": {"type": "Point", "coordinates": [-87.6679282, 41.8959241]}, "properties": {"category": "social_facility", "amenity": "social_facility", "name": "West Town Satellite Senior Center"}}, {"type": "Feature", "geometry": {"type": "Point", "coordinates": [-87.6876795, 41.9171488]}, "properties": {"category": "cafe", "amenity": "cafe", "name": "Arwa Yemeni Cafe"}}, {"type": "Feature", "geometry": {"type": "Point", "coordinates": [-87.6839095, 41.9143769]}, "properties": {"category": "cafe", "amenity": "cafe", "name": "thrd"}}, {"type": "Feature", "geometry": {"type": "Point", "coordinates": [-87.6287588, 41.8838937]}, "properties": {"category": "cafe", "amenity": "cafe", "name": "Starbucks"}}, {"type": "Feature", "geometry": {"type": "Point", "coordinates": [-87.6501543, 41.9400919]}, "properties": {"category": "cafe", "amenity": "cafe", "name": "Taipei Cafe"}}, {"type": "Feature", "geometry": {"type": "Point", "coordinates": [-87.9497379, 42.181913]}, "properties": {"category": "civic", "amenity": "community_centre", "name": "JCYS Northwest Family Center"}}, {"type": "Feature", "geometry": {"type": "Point", "coordinates": [-88.1275487, 41.7961927]}, "properties": {"category": "social_facility", "amenity": "social_facility", "name": "Xilin Community Center"}}, {"type": "Feature", "geometry": {"type": "Point", "coordinates": [-87.6326551, 41.8543838]}, "properties": {"category": "cafe", "amenity": "cafe", "name": "Tiger Sugar"}}, {"type": "Feature", "geometry": {"type": "Point", "coordinates": [-87.9538926, 42.1549746]}, "properties": {"category": "cafe", "amenity": "cafe", "name": "Sweet Cafe (Frozen Yogurt & Boba)"}}, {"type": "Feature", "geometry": {"type": "Point", "coordinates": [-87.9514548, 41.8622197]}, "properties": {"category": "social_facility", "amenity": "social_facility", "name": "The Roosevelt At Salt Creek"}}, {"type": "Feature", "geometry": {"type": "Point", "coordinates": [-87.9562676, 42.1557156]}, "properties": {"category": "social_facility", "amenity": "social_facility", "name": "Symphony of Buffalo Grove"}}, {"type": "Feature", "geometry": {"type": "Point", "coordinates": [-88.1914061, 42.0708662]}, "properties": {"category": "cafe", "amenity": "cafe", "name": "Starbucks"}}, {"type": "Feature", "geometry": {"type": "Point", "coordinates": [-87.4961981, 41.6789473]}, "properties": {"category": "cafe", "amenity": "cafe", "name": "Botz Coffee"}}, {"type": "Feature", "geometry": {"type": "Point", "coordinates": [-87.6527166, 41.6923699]}, "properties": {"category": "cafe", "amenity": "cafe", "name": "Erin's Cup"}}, {"type": "Feature", "geometry": {"type": "Point", "coordinates": [-87.7849352, 41.9226679]}, "properties": {"category": "social_facility", "amenity": "social_facility", "name": "Safer Foundation"}}, {"type": "Feature", "geometry": {"type": "Point", "coordinates": [-87.6347649, 41.9048051]}, "properties": {"category": "cafe", "amenity": "cafe", "name": "Starbucks"}}, {"type": "Feature", "geometry": {"type": "Point", "coordinates": [-87.7202832, 41.9371004]}, "properties": {"category": "cafe", "amenity": "cafe", "name": "Magnifico Coffee"}}, {"type": "Feature", "geometry": {"type": "Point", "coordinates": [-87.6573011, 41.9655573]}, "properties": {"category": "cafe", "amenity": "cafe", "name": "Stan's Donuts & Coffee"}}, {"type": "Feature", "geometry": {"type": "Point", "coordinates": [-87.5903073, 41.802286]}, "properties": {"category": "cafe", "amenity": "cafe", "name": "Love & Light Cafe"}}, {"type": "Feature", "geometry": {"type": "Point", "coordinates": [-87.7942112, 41.8741761]}, "properties": {"category": "cafe", "amenity": "cafe", "name": "Addis Cafe"}}, {"type": "Feature", "geometry": {"type": "Point", "coordinates": [-87.6681492, 41.714293]}, "properties": {"category": "cafe", "amenity": "cafe", "name": "Afro Joe's Coffee & Tea"}}, {"type": "Feature", "geometry": {"type": "Point", "coordinates": [-87.63591, 41.8972324]}, "properties": {"category": "cafe", "amenity": "cafe", "name": "Nomad"}}, {"type": "Feature", "geometry": {"type": "Point", "coordinates": [-87.6274663, 41.8780138]}, "properties": {"category": "cafe", "amenity": "cafe", "name": "Barnes & Noble Cafe"}}, {"type": "Feature", "geometry": {"type": "Point", "coordinates": [-87.6274544, 41.8773166]}, "properties": {"category": "cafe", "amenity": "cafe", "name": "Vivi Bubble Tea"}}, {"type": "Feature", "geometry": {"type": "Point", "coordinates": [-88.1619032, 41.5792155]}, "properties": {"category": "cafe", "amenity": "cafe", "name": "Starbucks"}}, {"type": "Feature", "geometry": {"type": "Point", "coordinates": [-87.608076, 41.6925912]}, "properties": {"category": "cafe", "amenity": "cafe", "name": "Pullman Club Coffee Shop"}}, {"type": "Feature", "geometry": {"type": "Point", "coordinates": [-87.6821332, 41.9279651]}, "properties": {"category": "cafe", "amenity": "cafe", "name": "Starbucks"}}, {"type": "Feature", "geometry": {"type": "Point", "coordinates": [-88.4361048, 42.3151649]}, "properties": {"category": "cafe", "amenity": "cafe", "name": "Penny's Place"}}, {"type": "Feature", "geometry": {"type": "Point", "coordinates": [-87.6710218, 41.9428347]}, "properties": {"category": "cafe", "amenity": "cafe", "name": "Starbucks"}}, {"type": "Feature", "geometry": {"type": "Point", "coordinates": [-87.6476199, 41.8806963]}, "properties": {"category": "cafe", "amenity": "cafe", "name": "Stan's Donuts & Coffee"}}, {"type": "Feature", "geometry": {"type": "Point", "coordinates": [-87.6574292, 41.8695234]}, "properties": {"category": "cafe", "amenity": "cafe", "name": "Gathers Tea Bar"}}, {"type": "Feature", "geometry": {"type": "Point", "coordinates": [-87.6528669, 41.8854038]}, "properties": {"category": "cafe", "amenity": "cafe", "name": "Matcha Cita"}}, {"type": "Feature", "geometry": {"type": "Point", "coordinates": [-87.6599883, 41.9733156]}, "properties": {"category": "cafe", "amenity": "cafe", "name": "Fat Miilk Uptown"}}, {"type": "Feature", "geometry": {"type": "Point", "coordinates": [-88.0852033, 42.0478553]}, "properties": {"category": "cafe", "amenity": "cafe", "name": "Dessert Cafe 365"}}, {"type": "Feature", "geometry": {"type": "Point", "coordinates": [-87.6229154, 41.8932093]}, "properties": {"category": "cafe", "amenity": "cafe", "name": "Starbucks"}}, {"type": "Feature", "geometry": {"type": "Point", "coordinates": [-88.0000887, 42.3626803]}, "properties": {"category": "cafe", "amenity": "cafe", "name": "Starbucks"}}, {"type": "Feature", "geometry": {"type": "Point", "coordinates": [-87.9164102, 42.2791041]}, "properties": {"category": "social_facility", "amenity": "social_facility", "name": "Jamaican Gardens"}}, {"type": "Feature", "geometry": {"type": "Point", "coordinates": [-87.64674, 41.8537529]}, "properties": {"category": "cafe", "amenity": "cafe", "name": "La Malinche Coffee & Tea House"}}, {"type": "Feature", "geometry": {"type": "Point", "coordinates": [-87.6570063, 41.8850673]}, "properties": {"category": "cafe", "amenity": "cafe", "name": "Drip Collective"}}, {"type": "Feature", "geometry": {"type": "Point", "coordinates": [-87.742139, 41.787973]}, "properties": {"category": "cafe", "amenity": "cafe", "name": "Caff\u00e9 Vita"}}, {"type": "Feature", "geometry": {"type": "Point", "coordinates": [-87.7419784, 41.7892762]}, "properties": {"category": "social_facility", "amenity": "social_facility", "name": "USO"}}, {"type": "Feature", "geometry": {"type": "Point", "coordinates": [-87.8376893, 41.9876135]}, "properties": {"category": "cafe", "amenity": "cafe", "name": "Starbucks"}}, {"type": "Feature", "geometry": {"type": "Point", "coordinates": [-87.7917378, 42.1370678]}, "properties": {"category": "cafe", "amenity": "cafe", "name": "Starbucks"}}, {"type": "Feature", "geometry": {"type": "Point", "coordinates": [-88.2662363, 42.3452216]}, "properties": {"category": "cafe", "amenity": "cafe", "name": "Toast and Roast"}}, {"type": "Feature", "geometry": {"type": "Point", "coordinates": [-87.8533875, 41.6512918]}, "properties": {"category": "cafe", "amenity": "cafe", "name": "Haraz"}}, {"type": "Feature", "geometry": {"type": "Point", "coordinates": [-87.6573152, 41.9397151]}, "properties": {"category": "cafe", "amenity": "cafe", "name": "Osmium Coffee"}}, {"type": "Feature", "geometry": {"type": "Point", "coordinates": [-87.6244516, 41.8711031]}, "properties": {"category": "cafe", "amenity": "cafe", "name": "Le Petit Cafe"}}, {"type": "Feature", "geometry": {"type": "Point", "coordinates": [-87.6672229, 41.9018525]}, "properties": {"category": "cafe", "amenity": "cafe", "name": "Engine Coffee"}}, {"type": "Feature", "geometry": {"type": "Point", "coordinates": [-87.6518457, 41.8578982]}, "properties": {"category": "cafe", "amenity": "cafe", "name": "Woke Soul Coffee"}}, {"type": "Feature", "geometry": {"type": "Point", "coordinates": [-87.6497352, 41.8773601]}, "properties": {"category": "civic", "amenity": "community_centre", "name": "Metro Achievement Center"}}, {"type": "Feature", "geometry": {"type": "Point", "coordinates": [-87.672975, 41.9076603]}, "properties": {"category": "cafe", "amenity": "cafe", "name": "Uni Uni Bubble Tea"}}, {"type": "Feature", "geometry": {"type": "Point", "coordinates": [-87.6500401, 41.8862659]}, "properties": {"category": "cafe", "amenity": "cafe", "name": "Good Ambler"}}, {"type": "Feature", "geometry": {"type": "Point", "coordinates": [-87.734718, 41.9646086]}, "properties": {"category": "cafe", "amenity": "cafe", "name": "Casa Cactus"}}, {"type": "Feature", "geometry": {"type": "Point", "coordinates": [-87.6664526, 41.8560676]}, "properties": {"category": "cafe", "amenity": "cafe", "name": "Jay's Bubble Tea Cafe"}}, {"type": "Feature", "geometry": {"type": "Point", "coordinates": [-87.6459264, 41.9235691]}, "properties": {"category": "cafe", "amenity": "cafe", "name": "Soloway coffee"}}, {"type": "Feature", "geometry": {"type": "Point", "coordinates": [-87.6280002, 41.8805553]}, "properties": {"category": "cafe", "amenity": "cafe", "name": "Capital One Caf\u00e9 at State Street"}}, {"type": "Feature", "geometry": {"type": "Point", "coordinates": [-87.7180606, 41.9283765]}, "properties": {"category": "cafe", "amenity": "cafe", "name": "Necessary & Sufficient Coffee"}}, {"type": "Feature", "geometry": {"type": "Point", "coordinates": [-87.6347852, 41.8536861]}, "properties": {"category": "cafe", "amenity": "cafe", "name": "Mango Mango Dessert"}}, {"type": "Feature", "geometry": {"type": "Point", "coordinates": [-87.6350699, 41.8535189]}, "properties": {"category": "cafe", "amenity": "cafe", "name": "TE'AMO Boba Bar"}}, {"type": "Feature", "geometry": {"type": "Point", "coordinates": [-87.6351397, 41.8534685]}, "properties": {"category": "cafe", "amenity": "cafe", "name": "Uni Uni Bubble Tea"}}, {"type": "Feature", "geometry": {"type": "Point", "coordinates": [-87.6329392, 41.8944919]}, "properties": {"category": "cafe", "amenity": "cafe", "name": "Happy Monday Coffee Roasters"}}, {"type": "Feature", "geometry": {"type": "Point", "coordinates": [-87.6318994, 41.8906824]}, "properties": {"category": "cafe", "amenity": "cafe", "name": "Tary"}}, {"type": "Feature", "geometry": {"type": "Point", "coordinates": [-87.7800373, 41.710064]}, "properties": {"category": "cafe", "amenity": "cafe", "name": "Qamaria"}}, {"type": "Feature", "geometry": {"type": "Point", "coordinates": [-88.2081105, 41.7552488]}, "properties": {"category": "cafe", "amenity": "cafe", "name": "Qamaria Yemeni Coffee Co."}}, {"type": "Feature", "geometry": {"type": "Point", "coordinates": [-88.668192, 42.4336999]}, "properties": {"category": "social_facility", "amenity": "social_facility", "name": "BraveHearts"}}, {"type": "Feature", "geometry": {"type": "Point", "coordinates": [-87.6747734, 41.9990005]}, "properties": {"category": "civic", "amenity": "community_centre", "name": "Chicago Industrial Arts and Design Center"}}, {"type": "Feature", "geometry": {"type": "Point", "coordinates": [-87.654811, 41.8774673]}, "properties": {"category": "cafe", "amenity": "cafe", "name": "Starbucks"}}, {"type": "Feature", "geometry": {"type": "Point", "coordinates": [-87.6970438, 41.8776307]}, "properties": {"category": "social_facility", "amenity": "social_facility", "name": "Deborah's Place"}}, {"type": "Feature", "geometry": {"type": "Point", "coordinates": [-87.7460823, 41.9749538]}, "properties": {"category": "cafe", "amenity": "cafe", "name": "Starbucks"}}, {"type": "Feature", "geometry": {"type": "Point", "coordinates": [-87.6582331, 41.9838252]}, "properties": {"category": "cafe", "amenity": "cafe", "name": "All Meal Prep Kitchen & Cafe"}}, {"type": "Feature", "geometry": {"type": "Point", "coordinates": [-87.6297237, 41.8805838]}, "properties": {"category": "cafe", "amenity": "cafe", "name": "Dollop Coffee Co."}}, {"type": "Feature", "geometry": {"type": "Point", "coordinates": [-87.6612876, 42.0057005]}, "properties": {"category": "cafe", "amenity": "cafe", "name": "Taichi Bubble Tea"}}, {"type": "Feature", "geometry": {"type": "Point", "coordinates": [-87.5831085, 41.7911116]}, "properties": {"category": "cafe", "amenity": "cafe", "name": "Stan's Donuts & Coffee"}}, {"type": "Feature", "geometry": {"type": "Point", "coordinates": [-87.6257014, 41.8770858]}, "properties": {"category": "cafe", "amenity": "cafe", "name": "Crave Coffee"}}, {"type": "Feature", "geometry": {"type": "Point", "coordinates": [-87.8594355, 42.1994988]}, "properties": {"category": "cafe", "amenity": "cafe", "name": "Newport Coffee House"}}, {"type": "Feature", "geometry": {"type": "Point", "coordinates": [-87.6246779, 41.8810315]}, "properties": {"category": "cafe", "amenity": "cafe", "name": "TE'AMO Boba Bar"}}, {"type": "Feature", "geometry": {"type": "Point", "coordinates": [-87.6248302, 41.8849122]}, "properties": {"category": "cafe", "amenity": "cafe", "name": "Dollop Coffee Co."}}, {"type": "Feature", "geometry": {"type": "Point", "coordinates": [-87.6709526, 41.9034613]}, "properties": {"category": "cafe", "amenity": "cafe", "name": "Foxtrot Market"}}, {"type": "Feature", "geometry": {"type": "Point", "coordinates": [-87.9290497, 41.8024222]}, "properties": {"category": "cafe", "amenity": "cafe", "name": "Starbucks"}}, {"type": "Feature", "geometry": {"type": "Point", "coordinates": [-87.6746977, 41.9543857]}, "properties": {"category": "cafe", "amenity": "cafe", "name": "iCafe"}}, {"type": "Feature", "geometry": {"type": "Point", "coordinates": [-87.5069463, 41.4932419]}, "properties": {"category": "cafe", "amenity": "cafe", "name": "Starbucks"}}, {"type": "Feature", "geometry": {"type": "Point", "coordinates": [-87.7069302, 41.858899]}, "properties": {"category": "cafe", "amenity": "cafe", "name": "Monday Coffee Co."}}, {"type": "Feature", "geometry": {"type": "Point", "coordinates": [-87.6506788, 41.8717846]}, "properties": {"category": "cafe", "amenity": "cafe", "name": "Chicago French Press"}}, {"type": "Feature", "geometry": {"type": "Point", "coordinates": [-87.6119192, 41.5679231]}, "properties": {"category": "civic", "amenity": "library", "name": "Thornton Public Library"}}, {"type": "Feature", "geometry": {"type": "Point", "coordinates": [-87.6411831, 41.8962617]}, "properties": {"category": "cafe", "amenity": "cafe", "name": "Starbucks"}}, {"type": "Feature", "geometry": {"type": "Point", "coordinates": [-87.687353, 41.9228996]}, "properties": {"category": "cafe", "amenity": "cafe", "name": "Allez Caf\u00e9"}}, {"type": "Feature", "geometry": {"type": "Point", "coordinates": [-87.7024676, 41.7447067]}, "properties": {"category": "social_facility", "amenity": "social_facility", "name": "New Foundation Of Hope Inc"}}, {"type": "Feature", "geometry": {"type": "Point", "coordinates": [-87.6770501, 41.9035945]}, "properties": {"category": "cafe", "amenity": "cafe", "name": "Colectivo Coffee"}}, {"type": "Feature", "geometry": {"type": "Point", "coordinates": [-87.7926311, 41.8338487]}, "properties": {"category": "cafe", "amenity": "cafe", "name": "Tastee Corner Cafe"}}, {"type": "Feature", "geometry": {"type": "Point", "coordinates": [-87.7582193, 41.8950475]}, "properties": {"category": "cafe", "amenity": "cafe", "name": "Urban Essentials Coffee Caf\u00e9"}}, {"type": "Feature", "geometry": {"type": "Point", "coordinates": [-87.6483429, 41.9216825]}, "properties": {"category": "social_facility", "amenity": "social_facility", "name": "Marillac St. Vincent"}}, {"type": "Feature", "geometry": {"type": "Point", "coordinates": [-88.379374, 41.693946]}, "properties": {"category": "cafe", "amenity": "cafe", "name": "Scooter's Coffee"}}, {"type": "Feature", "geometry": {"type": "Point", "coordinates": [-88.380724, 41.683487]}, "properties": {"category": "cafe", "amenity": "cafe", "name": "Starbucks"}}, {"type": "Feature", "geometry": {"type": "Point", "coordinates": [-88.0475518, 41.7186789]}, "properties": {"category": "cafe", "amenity": "cafe", "name": "Scooter's Coffee"}}, {"type": "Feature", "geometry": {"type": "Point", "coordinates": [-87.7376293, 41.6512363]}, "properties": {"category": "cafe", "amenity": "cafe", "name": "Starbucks"}}, {"type": "Feature", "geometry": {"type": "Point", "coordinates": [-87.8820065, 42.1671352]}, "properties": {"category": "cafe", "amenity": "cafe", "name": "Cafe de Oro"}}, {"type": "Feature", "geometry": {"type": "Point", "coordinates": [-88.0924398, 42.2431989]}, "properties": {"category": "social_facility", "amenity": "social_facility", "name": "Partners for Progress"}}, {"type": "Feature", "geometry": {"type": "Point", "coordinates": [-87.2384769, 41.4247958]}, "properties": {"category": "social_facility", "amenity": "social_facility", "name": "Winfield Township Food Pantry"}}, {"type": "Feature", "geometry": {"type": "Point", "coordinates": [-87.5843219, 41.7997516]}, "properties": {"category": "cafe", "amenity": "cafe", "name": "Sweet Drip Dessert Cafe"}}, {"type": "Feature", "geometry": {"type": "Point", "coordinates": [-87.675791, 41.9689458]}, "properties": {"category": "cafe", "amenity": "cafe", "name": "Colective Coffee"}}, {"type": "Feature", "geometry": {"type": "Point", "coordinates": [-88.1877188, 41.7088895]}, "properties": {"category": "cafe", "amenity": "cafe", "name": "Mo Tea & Banh Mi"}}, {"type": "Feature", "geometry": {"type": "Point", "coordinates": [-88.3345361, 41.7614757]}, "properties": {"category": "social_facility", "amenity": "social_facility", "name": "Scout Fridge"}}, {"type": "Feature", "geometry": {"type": "Point", "coordinates": [-88.3093141, 41.7580882]}, "properties": {"category": "social_facility", "amenity": "social_facility", "name": "OG Fridge"}}, {"type": "Feature", "geometry": {"type": "Point", "coordinates": [-87.664767, 41.9250865]}, "properties": {"category": "cafe", "amenity": "cafe", "name": "The Cuptown"}}, {"type": "Feature", "geometry": {"type": "Point", "coordinates": [-87.6617799, 41.924883]}, "properties": {"category": "cafe", "amenity": "cafe", "name": "Tsaocaa"}}, {"type": "Feature", "geometry": {"type": "Point", "coordinates": [-87.2466266, 41.4197905]}, "properties": {"category": "cafe", "amenity": "cafe", "name": "Bodega Coffee"}}, {"type": "Feature", "geometry": {"type": "Point", "coordinates": [-87.674565, 42.017788]}, "properties": {"category": "cafe", "amenity": "cafe", "name": "Starbucks"}}, {"type": "Feature", "geometry": {"type": "Point", "coordinates": [-87.6484308, 41.8851491]}, "properties": {"category": "cafe", "amenity": "cafe", "name": "Foxtrot"}}, {"type": "Feature", "geometry": {"type": "Point", "coordinates": [-87.6477575, 41.9084003]}, "properties": {"category": "cafe", "amenity": "cafe", "name": "Sweetwaters Coffee & Tea"}}, {"type": "Feature", "geometry": {"type": "Point", "coordinates": [-87.6692919, 41.9540955]}, "properties": {"category": "cafe", "amenity": "cafe", "name": "Starbucks"}}, {"type": "Feature", "geometry": {"type": "Point", "coordinates": [-87.6513379, 41.9274987]}, "properties": {"category": "cafe", "amenity": "cafe", "name": "Verz\u00eanay Chicago"}}, {"type": "Feature", "geometry": {"type": "Point", "coordinates": [-87.7775833, 41.8505688]}, "properties": {"category": "cafe", "amenity": "cafe", "name": "Poppin Panda"}}, {"type": "Feature", "geometry": {"type": "Point", "coordinates": [-87.6318364, 41.8520566]}, "properties": {"category": "cafe", "amenity": "cafe", "name": "Molly Tea"}}, {"type": "Feature", "geometry": {"type": "Point", "coordinates": [-88.1139762, 42.1101436]}, "properties": {"category": "cafe", "amenity": "cafe", "name": "Starbucks"}}, {"type": "Feature", "geometry": {"type": "Point", "coordinates": [-88.0202458, 42.0890125]}, "properties": {"category": "cafe", "amenity": "cafe", "name": "Starbucks"}}, {"type": "Feature", "geometry": {"type": "Point", "coordinates": [-88.0074281, 42.003802]}, "properties": {"category": "cafe", "amenity": "cafe", "name": "Starbucks"}}, {"type": "Feature", "geometry": {"type": "Point", "coordinates": [-87.2019538, 41.3311846]}, "properties": {"category": "cafe", "amenity": "cafe", "name": "First Brew Coffee Company"}}, {"type": "Feature", "geometry": {"type": "Point", "coordinates": [-87.6601369, 41.9780323]}, "properties": {"category": "cafe", "amenity": "cafe", "name": "The Lost Hours"}}, {"type": "Feature", "geometry": {"type": "Point", "coordinates": [-87.7430309, 42.1163168]}, "properties": {"category": "cafe", "amenity": "cafe", "name": ""}}, {"type": "Feature", "geometry": {"type": "Point", "coordinates": [-87.81097, 41.8471575]}, "properties": {"category": "cafe", "amenity": "cafe", "name": "Gloria Jean's"}}, {"type": "Feature", "geometry": {"type": "Point", "coordinates": [-87.7331237, 41.5066668]}, "properties": {"category": "cafe", "amenity": "cafe", "name": "Starbucks"}}, {"type": "Feature", "geometry": {"type": "Point", "coordinates": [-87.8915727, 42.1089499]}, "properties": {"category": "civic", "amenity": "library", "name": "Indian Trails Library District Branch"}}, {"type": "Feature", "geometry": {"type": "Point", "coordinates": [-87.628246, 41.8902027]}, "properties": {"category": "cafe", "amenity": "cafe", "name": "TBAAR"}}, {"type": "Feature", "geometry": {"type": "Point", "coordinates": [-87.6245918, 41.8915682]}, "properties": {"category": "cafe", "amenity": "cafe", "name": "TE'AMO Boba Bar"}}, {"type": "Feature", "geometry": {"type": "Point", "coordinates": [-87.6352989, 41.9032509]}, "properties": {"category": "cafe", "amenity": "cafe", "name": "Dialtone Coffee & Wine Bar"}}, {"type": "Feature", "geometry": {"type": "Point", "coordinates": [-87.9828791, 41.7180954]}, "properties": {"category": "civic", "amenity": "library", "name": "Argonne Research Library"}}, {"type": "Feature", "geometry": {"type": "Point", "coordinates": [-87.5349805, 41.7025641]}, "properties": {"category": "cafe", "amenity": "cafe", "name": "Colibr\u00ed Coffee"}}, {"type": "Feature", "geometry": {"type": "Point", "coordinates": [-88.2953301, 42.2285829]}, "properties": {"category": "cafe", "amenity": "cafe", "name": "Summer Moon Coffee"}}, {"type": "Feature", "geometry": {"type": "Point", "coordinates": [-87.4715094, 41.4880925]}, "properties": {"category": "cafe", "amenity": "cafe", "name": "Starbucks"}}, {"type": "Feature", "geometry": {"type": "Point", "coordinates": [-87.6772582, 41.9100474]}, "properties": {"category": "cafe", "amenity": "cafe", "name": "Foxtrot Market"}}, {"type": "Feature", "geometry": {"type": "Point", "coordinates": [-87.6773421, 41.899654]}, "properties": {"category": "cafe", "amenity": "cafe", "name": "Plenty Goods Cafe"}}, {"type": "Feature", "geometry": {"type": "Point", "coordinates": [-87.5106431, 41.4924886]}, "properties": {"category": "cafe", "amenity": "cafe", "name": ""}}, {"type": "Feature", "geometry": {"type": "Point", "coordinates": [-88.450085, 41.6533229]}, "properties": {"category": "social_facility", "amenity": "social_facility", "name": "CNN - Community Nutrition Network & Senior Services Association"}}, {"type": "Feature", "geometry": {"type": "Point", "coordinates": [-88.5373292, 41.6647788]}, "properties": {"category": "social_facility", "amenity": "social_facility", "name": "First Lutheran Church of Plano - Food Pantry"}}, {"type": "Feature", "geometry": {"type": "Point", "coordinates": [-88.4841918, 41.5457256]}, "properties": {"category": "social_facility", "amenity": "social_facility", "name": "Helmar Lutheran Food Pantry"}}, {"type": "Feature", "geometry": {"type": "Point", "coordinates": [-88.0094441, 42.0590151]}, "properties": {"category": "cafe", "amenity": "cafe", "name": "Ding Tea"}}, {"type": "Feature", "geometry": {"type": "Point", "coordinates": [-87.9448427, 41.7228847]}, "properties": {"category": "cafe", "amenity": "cafe", "name": "Damascus Cafe"}}, {"type": "Feature", "geometry": {"type": "Point", "coordinates": [-87.6414049, 41.853961]}, "properties": {"category": "cafe", "amenity": "cafe", "name": "Pure Tea"}}, {"type": "Feature", "geometry": {"type": "Point", "coordinates": [-87.6652413, 41.8877445]}, "properties": {"category": "cafe", "amenity": "cafe", "name": "Third Season"}}, {"type": "Feature", "geometry": {"type": "Point", "coordinates": [-88.2833032, 41.7191594]}, "properties": {"category": "cafe", "amenity": "cafe", "name": "Starbucks"}}, {"type": "Feature", "geometry": {"type": "Point", "coordinates": [-87.6485197, 41.8872184]}, "properties": {"category": "cafe", "amenity": "cafe", "name": "Caf\u00e9 Cr\u00e8merie"}}, {"type": "Feature", "geometry": {"type": "Point", "coordinates": [-87.9818928, 41.7138065]}, "properties": {"category": "cafe", "amenity": "cafe", "name": "Bistro 213"}}, {"type": "Feature", "geometry": {"type": "Point", "coordinates": [-87.8323806, 42.3597048]}, "properties": {"category": "cafe", "amenity": "cafe", "name": "Post Marketplace Cafe"}}, {"type": "Feature", "geometry": {"type": "Point", "coordinates": [-87.8273142, 42.1287087]}, "properties": {"category": "cafe", "amenity": "cafe", "name": "Leonidas"}}, {"type": "Feature", "geometry": {"type": "Point", "coordinates": [-87.6540451, 41.9215974]}, "properties": {"category": "cafe", "amenity": "cafe", "name": "Olor Coffee"}}, {"type": "Feature", "geometry": {"type": "Point", "coordinates": [-88.521709, 41.8356233]}, "properties": {"category": "civic", "amenity": "library", "name": "Kaneville Public Library"}}, {"type": "Feature", "geometry": {"type": "Point", "coordinates": [-88.3080365, 41.7563615]}, "properties": {"category": "social_facility", "amenity": "social_facility", "name": "Aurora St Charles Senior Living"}}, {"type": "Feature", "geometry": {"type": "Point", "coordinates": [-87.6936171, 41.852051]}, "properties": {"category": "civic", "amenity": "community_centre", "name": "Chicago Liberation Center"}}, {"type": "Feature", "geometry": {"type": "Point", "coordinates": [-87.7618273, 41.9530788]}, "properties": {"category": "cafe", "amenity": "cafe", "name": "Ciao Ciao Gelato Cafe"}}, {"type": "Feature", "geometry": {"type": "Point", "coordinates": [-87.6872548, 41.9669048]}, "properties": {"category": "cafe", "amenity": "cafe", "name": "Hello Jasmine"}}, {"type": "Feature", "geometry": {"type": "Point", "coordinates": [-88.0441569, 42.344714]}, "properties": {"category": "cafe", "amenity": "cafe", "name": "YHANA\u2019s Boba Cafe"}}, {"type": "Feature", "geometry": {"type": "Point", "coordinates": [-87.6744893, 41.8962673]}, "properties": {"category": "cafe", "amenity": "cafe", "name": "Altar Cafe"}}, {"type": "Feature", "geometry": {"type": "Point", "coordinates": [-87.6685113, 41.9035421]}, "properties": {"category": "cafe", "amenity": "cafe", "name": "Kung Fu Tea"}}, {"type": "Feature", "geometry": {"type": "Point", "coordinates": [-88.5382162, 41.66328]}, "properties": {"category": "civic", "amenity": "library", "name": "Plano Community Library District"}}, {"type": "Feature", "geometry": {"type": "Point", "coordinates": [-87.6504443, 41.9060607]}, "properties": {"category": "cafe", "amenity": "cafe", "name": "Printer's Row Coffee"}}, {"type": "Feature", "geometry": {"type": "Point", "coordinates": [-87.6293111, 41.9017087]}, "properties": {"category": "cafe", "amenity": "cafe", "name": "Foxtrot Market"}}, {"type": "Feature", "geometry": {"type": "Point", "coordinates": [-87.7298969, 41.7286061]}, "properties": {"category": "civic", "amenity": "library", "name": "Hometown Public Library"}}, {"type": "Feature", "geometry": {"type": "Point", "coordinates": [-87.9613806, 42.0355576]}, "properties": {"category": "civic", "amenity": "library", "name": "Mount Prospect Public Library South Branch"}}, {"type": "Feature", "geometry": {"type": "Point", "coordinates": [-88.1058748, 42.089187]}, "properties": {"category": "civic", "amenity": "library", "name": "Palatine Library District North Hoffman Branch"}}, {"type": "Feature", "geometry": {"type": "Point", "coordinates": [-88.0190543, 42.1377151]}, "properties": {"category": "civic", "amenity": "library", "name": "Palatine Library District Rand Road Branch"}}, {"type": "Feature", "geometry": {"type": "Point", "coordinates": [-87.9454862, 42.4648199]}, "properties": {"category": "cafe", "amenity": "cafe", "name": "Dunkin' Donuts"}}, {"type": "Feature", "geometry": {"type": "Point", "coordinates": [-87.6265704, 41.6077376]}, "properties": {"category": "civic", "amenity": "library", "name": "Phoenix Public Library District"}}, {"type": "Feature", "geometry": {"type": "Point", "coordinates": [-87.6519911, 41.8868771]}, "properties": {"category": "cafe", "amenity": "cafe", "name": "Discourse Coffee"}}, {"type": "Feature", "geometry": {"type": "Point", "coordinates": [-87.7085941, 41.9662632]}, "properties": {"category": "cafe", "amenity": "cafe", "name": "Khepri Cafe"}}, {"type": "Feature", "geometry": {"type": "Point", "coordinates": [-87.372569, 41.5851298]}, "properties": {"category": "social_facility", "amenity": "social_facility", "name": "Boys & Girls Club"}}, {"type": "Feature", "geometry": {"type": "Point", "coordinates": [-87.9876463, 41.7054376]}, "properties": {"category": "cafe", "amenity": "cafe", "name": "401 Grille"}}, {"type": "Feature", "geometry": {"type": "Point", "coordinates": [-87.4138043, 41.5365411]}, "properties": {"category": "civic", "amenity": "library", "name": "Lake County Public Library, Griffith-Calumet Branch"}}, {"type": "Feature", "geometry": {"type": "Point", "coordinates": [-87.4596146, 41.5556625]}, "properties": {"category": "cafe", "amenity": "cafe", "name": "Green Witch Cafe"}}, {"type": "Feature", "geometry": {"type": "Point", "coordinates": [-87.8024957, 42.0230245]}, "properties": {"category": "cafe", "amenity": "cafe", "name": "85\u00b0C Bakery Cafe"}}, {"type": "Feature", "geometry": {"type": "Point", "coordinates": [-87.6386498, 41.8787128]}, "properties": {"category": "cafe", "amenity": "cafe", "name": "Peet's Coffee"}}, {"type": "Feature", "geometry": {"type": "Point", "coordinates": [-87.8026178, 41.909231]}, "properties": {"category": "cafe", "amenity": "cafe", "name": "Starbucks"}}, {"type": "Feature", "geometry": {"type": "Point", "coordinates": [-87.7028157, 41.8429465]}, "properties": {"category": "cafe", "amenity": "cafe", "name": "Starbucks"}}, {"type": "Feature", "geometry": {"type": "Point", "coordinates": [-88.0540058, 42.3764043]}, "properties": {"category": "civic", "amenity": "library", "name": "The Hub"}}, {"type": "Feature", "geometry": {"type": "Point", "coordinates": [-88.0533239, 42.3755625]}, "properties": {"category": "cafe", "amenity": "cafe", "name": "Knights Cafe"}}, {"type": "Feature", "geometry": {"type": "Point", "coordinates": [-88.1228535, 41.797615]}, "properties": {"category": "cafe", "amenity": "cafe", "name": "Gong Cha"}}, {"type": "Feature", "geometry": {"type": "Point", "coordinates": [-87.9831383, 42.0822653]}, "properties": {"category": "cafe", "amenity": "cafe", "name": "CoCo & Blu"}}, {"type": "Feature", "geometry": {"type": "Point", "coordinates": [-87.8976409, 41.8104203]}, "properties": {"category": "cafe", "amenity": "cafe", "name": "Daydream Coffee"}}, {"type": "Feature", "geometry": {"type": "Point", "coordinates": [-87.8762845, 42.0102405]}, "properties": {"category": "cafe", "amenity": "cafe", "name": "Cuban Cafe"}}, {"type": "Feature", "geometry": {"type": "Point", "coordinates": [-87.9823736, 42.0502732]}, "properties": {"category": "cafe", "amenity": "cafe", "name": "Tous les Jours"}}, {"type": "Feature", "geometry": {"type": "Point", "coordinates": [-87.6246582, 41.8805294]}, "properties": {"category": "cafe", "amenity": "cafe", "name": "Sugary Chicago"}}, {"type": "Feature", "geometry": {"type": "Point", "coordinates": [-87.6939058, 41.9666185]}, "properties": {"category": "cafe", "amenity": "cafe", "name": "Beans & Bagels"}}, {"type": "Feature", "geometry": {"type": "Point", "coordinates": [-87.8117356, 42.204065]}, "properties": {"category": "cafe", "amenity": "cafe", "name": "Tala Coffee Roasters"}}, {"type": "Feature", "geometry": {"type": "Point", "coordinates": [-87.8409964, 42.0550253]}, "properties": {"category": "cafe", "amenity": "cafe", "name": "W Coffee & Tea"}}, {"type": "Feature", "geometry": {"type": "Point", "coordinates": [-88.0664314, 42.4656288]}, "properties": {"category": "civic", "amenity": "community_centre", "name": "Ruby's Banquet Hall"}}, {"type": "Feature", "geometry": {"type": "Point", "coordinates": [-88.0664371, 42.3452657]}, "properties": {"category": "cafe", "amenity": "cafe", "name": "Starbucks"}}, {"type": "Feature", "geometry": {"type": "Point", "coordinates": [-88.0578429, 41.5890689]}, "properties": {"category": "cafe", "amenity": "cafe", "name": "Krema Coffee Roasters"}}, {"type": "Feature", "geometry": {"type": "Point", "coordinates": [-88.0842182, 41.5302799]}, "properties": {"category": "cafe", "amenity": "cafe", "name": "Sought Out Grounds on 66"}}, {"type": "Feature", "geometry": {"type": "Point", "coordinates": [-87.7004373, 41.9392568]}, "properties": {"category": "cafe", "amenity": "cafe", "name": "Caravanserai"}}, {"type": "Feature", "geometry": {"type": "Point", "coordinates": [-88.3120178, 41.915007]}, "properties": {"category": "cafe", "amenity": "cafe", "name": "Town House Cafe"}}, {"type": "Feature", "geometry": {"type": "Point", "coordinates": [-87.6660133, 41.8084695]}, "properties": {"category": "cafe", "amenity": "cafe", "name": "Back of the Yards Coffeehouse"}}, {"type": "Feature", "geometry": {"type": "Point", "coordinates": [-88.4365484, 41.7108787]}, "properties": {"category": "civic", "amenity": "community_centre", "name": "Bristol Bay Clubhouse"}}, {"type": "Feature", "geometry": {"type": "Point", "coordinates": [-87.6320054, 41.8550679]}, "properties": {"category": "cafe", "amenity": "cafe", "name": "Ume Tea"}}, {"type": "Feature", "geometry": {"type": "Point", "coordinates": [-87.983231, 42.0503048]}, "properties": {"category": "cafe", "amenity": "cafe", "name": "Mango House Cafe"}}, {"type": "Feature", "geometry": {"type": "Point", "coordinates": [-87.7641325, 41.9969792]}, "properties": {"category": "cafe", "amenity": "cafe", "name": "Edgebrook Coffee Shop"}}, {"type": "Feature", "geometry": {"type": "Point", "coordinates": [-87.9355965, 41.7826338]}, "properties": {"category": "cafe", "amenity": "cafe", "name": "Inspy Boba And Bites"}}, {"type": "Feature", "geometry": {"type": "Point", "coordinates": [-87.6655376, 41.9372353]}, "properties": {"category": "cafe", "amenity": "cafe", "name": "Kazka"}}, {"type": "Feature", "geometry": {"type": "Point", "coordinates": [-87.7182366, 41.9815758]}, "properties": {"category": "cafe", "amenity": "cafe", "name": "Cafe Descartes"}}, {"type": "Feature", "geometry": {"type": "Point", "coordinates": [-87.6372193, 41.9239628]}, "properties": {"category": "cafe", "amenity": "cafe", "name": "Dollop Coffee Co."}}, {"type": "Feature", "geometry": {"type": "Point", "coordinates": [-87.6345586, 41.8995242]}, "properties": {"category": "cafe", "amenity": "cafe", "name": "Layla & Ringo's"}}, {"type": "Feature", "geometry": {"type": "Point", "coordinates": [-87.6788842, 41.9430855]}, "properties": {"category": "cafe", "amenity": "cafe", "name": "The Bakehouse"}}, {"type": "Feature", "geometry": {"type": "Point", "coordinates": [-87.8744659, 42.0917028]}, "properties": {"category": "cafe", "amenity": "cafe", "name": "Liquid Fusion"}}, {"type": "Feature", "geometry": {"type": "Point", "coordinates": [-87.645301, 41.9330675]}, "properties": {"category": "cafe", "amenity": "cafe", "name": "Luckycat Cafe"}}, {"type": "Feature", "geometry": {"type": "Point", "coordinates": [-87.6523452, 41.8850474]}, "properties": {"category": "cafe", "amenity": "cafe", "name": "Postcard"}}, {"type": "Feature", "geometry": {"type": "Point", "coordinates": [-87.6375238, 41.8835102]}, "properties": {"category": "cafe", "amenity": "cafe", "name": "River Roux"}}, {"type": "Feature", "geometry": {"type": "Point", "coordinates": [-87.8166564, 41.9595664]}, "properties": {"category": "cafe", "amenity": "cafe", "name": "Boon Cafe"}}, {"type": "Feature", "geometry": {"type": "Point", "coordinates": [-87.9498093, 41.7735087]}, "properties": {"category": "cafe", "amenity": "cafe", "name": "Boba Heaven"}}, {"type": "Feature", "geometry": {"type": "Point", "coordinates": [-87.6551253, 41.9400078]}, "properties": {"category": "cafe", "amenity": "cafe", "name": "Ancient Grounds"}}, {"type": "Feature", "geometry": {"type": "Point", "coordinates": [-87.7225608, 41.953879]}, "properties": {"category": "civic", "amenity": "community_centre", "name": "First Bulgarian Center"}}, {"type": "Feature", "geometry": {"type": "Point", "coordinates": [-87.7589831, 42.0329266]}, "properties": {"category": "social_facility", "amenity": "social_facility", "name": "Niles Township Food Pantry"}}, {"type": "Feature", "geometry": {"type": "Point", "coordinates": [-87.6592639, 41.8577771]}, "properties": {"category": "cafe", "amenity": "cafe", "name": "A Cup of Joe Coffeehouse"}}, {"type": "Feature", "geometry": {"type": "Point", "coordinates": [-87.6621444, 41.8691096]}, "properties": {"category": "cafe", "amenity": "cafe", "name": "OverLay Cafe"}}, {"type": "Feature", "geometry": {"type": "Point", "coordinates": [-87.6524268, 41.9216527]}, "properties": {"category": "cafe", "amenity": "cafe", "name": "Foxtrot"}}, {"type": "Feature", "geometry": {"type": "Point", "coordinates": [-87.6289627, 41.8730913]}, "properties": {"category": "cafe", "amenity": "cafe", "name": "Cafe Deko"}}, {"type": "Feature", "geometry": {"type": "Point", "coordinates": [-87.6775996, 41.9095525]}, "properties": {"category": "cafe", "amenity": "cafe", "name": "Discourse Coffee Workshop"}}, {"type": "Feature", "geometry": {"type": "Point", "coordinates": [-87.2395369, 41.5366781]}, "properties": {"category": "cafe", "amenity": "cafe", "name": "Recovery Cafe"}}, {"type": "Feature", "geometry": {"type": "Point", "coordinates": [-87.8371775, 41.6945252]}, "properties": {"category": "civic", "amenity": "library", "name": "Sylvia M. Jenkins Library"}}, {"type": "Feature", "geometry": {"type": "Point", "coordinates": [-87.6681569, 41.8764594]}, "properties": {"category": "social_facility", "amenity": "social_facility", "name": "Erie Neighborhood House"}}, {"type": "Feature", "geometry": {"type": "Point", "coordinates": [-88.1474881, 41.7736331]}, "properties": {"category": "cafe", "amenity": "cafe", "name": "Sweetwaters Coffee & Tea"}}, {"type": "Feature", "geometry": {"type": "Point", "coordinates": [-88.0770516, 42.0272173]}, "properties": {"category": "cafe", "amenity": "cafe", "name": "Vintage Cafe"}}, {"type": "Feature", "geometry": {"type": "Point", "coordinates": [-87.6318637, 41.8968107]}, "properties": {"category": "cafe", "amenity": "cafe", "name": "Nimble"}}, {"type": "Feature", "geometry": {"type": "Point", "coordinates": [-87.6615703, 41.9980706]}, "properties": {"category": "cafe", "amenity": "cafe", "name": "TBaar - Chicago"}}, {"type": "Feature", "geometry": {"type": "Point", "coordinates": [-87.7035506, 41.9175574]}, "properties": {"category": "cafe", "amenity": "cafe", "name": "Logan Collective"}}, {"type": "Feature", "geometry": {"type": "Point", "coordinates": [-87.6407165, 41.8841459]}, "properties": {"category": "cafe", "amenity": "cafe", "name": "B.I. Tea & Dim Sum"}}, {"type": "Feature", "geometry": {"type": "Point", "coordinates": [-87.6337178, 41.8843057]}, "properties": {"category": "cafe", "amenity": "cafe", "name": "Starbucks"}}, {"type": "Feature", "geometry": {"type": "Point", "coordinates": [-87.631017, 41.8783676]}, "properties": {"category": "cafe", "amenity": "cafe", "name": "Starbucks"}}, {"type": "Feature", "geometry": {"type": "Point", "coordinates": [-88.3086917, 41.7637516]}, "properties": {"category": "cafe", "amenity": "cafe", "name": "Chiya Chai Christkindl"}}, {"type": "Feature", "geometry": {"type": "Point", "coordinates": [-87.636065, 41.8856055]}, "properties": {"category": "cafe", "amenity": "cafe", "name": "Biggby Coffee"}}, {"type": "Feature", "geometry": {"type": "Point", "coordinates": [-87.6551239, 41.888012]}, "properties": {"category": "cafe", "amenity": "cafe", "name": "Bar Tutto"}}, {"type": "Feature", "geometry": {"type": "Point", "coordinates": [-87.6262876, 41.8279778]}, "properties": {"category": "civic", "amenity": "library", "name": "Chicago Bee Branch Library"}}, {"type": "Feature", "geometry": {"type": "Point", "coordinates": [-87.8772655, 41.7335497]}, "properties": {"category": "civic", "amenity": "community_centre", "name": "Young at Heart"}}, {"type": "Feature", "geometry": {"type": "Point", "coordinates": [-87.9044951, 41.9760257]}, "properties": {"category": "social_facility", "amenity": "social_facility", "name": "USO"}}, {"type": "Feature", "geometry": {"type": "Point", "coordinates": [-87.0321165, 41.467356]}, "properties": {"category": "cafe", "amenity": "cafe", "name": "Starbucks"}}, {"type": "Feature", "geometry": {"type": "Point", "coordinates": [-87.7134616, 41.8849157]}, "properties": {"category": "cafe", "amenity": "cafe", "name": "Semaphore Cafe"}}, {"type": "Feature", "geometry": {"type": "Point", "coordinates": [-87.7743839, 41.888146]}, "properties": {"category": "cafe", "amenity": "cafe", "name": "New Sound Cafe"}}, {"type": "Feature", "geometry": {"type": "Point", "coordinates": [-87.0463926, 41.493889]}, "properties": {"category": "cafe", "amenity": "cafe", "name": ""}}, {"type": "Feature", "geometry": {"type": "Point", "coordinates": [-87.7128274, 41.9565013]}, "properties": {"category": "cafe", "amenity": "cafe", "name": "Miko's Italian Ice"}}, {"type": "Feature", "geometry": {"type": "Point", "coordinates": [-87.6267262, 41.8796486]}, "properties": {"category": "cafe", "amenity": "cafe", "name": "Broadway Caf\u00e9"}}, {"type": "Feature", "geometry": {"type": "Point", "coordinates": [-87.6238137, 41.8626522]}, "properties": {"category": "cafe", "amenity": "cafe", "name": "Overflow Coffee"}}, {"type": "Feature", "geometry": {"type": "Point", "coordinates": [-87.676315, 41.9097803]}, "properties": {"category": "cafe", "amenity": "cafe", "name": "Oro Chocolate & Coffee"}}, {"type": "Feature", "geometry": {"type": "Point", "coordinates": [-87.9529778, 42.2834878]}, "properties": {"category": "cafe", "amenity": "cafe", "name": "Kung Fu Tea"}}, {"type": "Feature", "geometry": {"type": "Point", "coordinates": [-87.6442248, 41.9390782]}, "properties": {"category": "cafe", "amenity": "cafe", "name": "Mini Donut Factory"}}, {"type": "Feature", "geometry": {"type": "Point", "coordinates": [-87.9429484, 42.1524862]}, "properties": {"category": "cafe", "amenity": "cafe", "name": "Mini Donut Factory"}}, {"type": "Feature", "geometry": {"type": "Point", "coordinates": [-88.3176505, 42.243574]}, "properties": {"category": "cafe", "amenity": "cafe", "name": "Aroma Coffee & Wine"}}, {"type": "Feature", "geometry": {"type": "Point", "coordinates": [-88.3169884, 42.243187]}, "properties": {"category": "cafe", "amenity": "cafe", "name": "Grounds Coffee Bar & Cafe"}}, {"type": "Feature", "geometry": {"type": "Point", "coordinates": [-88.1210628, 41.9068102]}, "properties": {"category": "cafe", "amenity": "cafe", "name": "Manny's Cafe"}}, {"type": "Feature", "geometry": {"type": "Point", "coordinates": [-87.6304997, 41.8797353]}, "properties": {"category": "cafe", "amenity": "cafe", "name": "Sterling Caf\u00e9"}}, {"type": "Feature", "geometry": {"type": "Point", "coordinates": [-87.9283527, 41.8020581]}, "properties": {"category": "cafe", "amenity": "cafe", "name": "Caf\u00e9 La Fortuna"}}, {"type": "Feature", "geometry": {"type": "Point", "coordinates": [-87.6681477, 41.9806201]}, "properties": {"category": "cafe", "amenity": "cafe", "name": "Colectivo Coffee"}}, {"type": "Feature", "geometry": {"type": "Point", "coordinates": [-87.6605215, 41.9881646]}, "properties": {"category": "social_facility", "amenity": "social_facility", "name": "Care for Real"}}, {"type": "Feature", "geometry": {"type": "Point", "coordinates": [-87.630705, 41.886398]}, "properties": {"category": "cafe", "amenity": "cafe", "name": "The Good Eating Company"}}, {"type": "Feature", "geometry": {"type": "Point", "coordinates": [-87.6873514, 41.9760456]}, "properties": {"category": "cafe", "amenity": "cafe", "name": "Caf\u00e9 M\u00e1s"}}, {"type": "Feature", "geometry": {"type": "Point", "coordinates": [-87.6606404, 41.8587291]}, "properties": {"category": "civic", "amenity": "community_centre", "name": "Casa Michoac\u00e1n"}}, {"type": "Feature", "geometry": {"type": "Point", "coordinates": [-87.6056613, 41.7791421]}, "properties": {"category": "civic", "amenity": "community_centre", "name": "Chicago Alliance Against Racist and Political Oppression"}}, {"type": "Feature", "geometry": {"type": "Point", "coordinates": [-87.712682, 41.9318474]}, "properties": {"category": "civic", "amenity": "community_centre", "name": "Chicago Democratic Socialists of America"}}, {"type": "Feature", "geometry": {"type": "Point", "coordinates": [-88.0257732, 41.948327]}, "properties": {"category": "cafe", "amenity": "cafe", "name": "Starbucks"}}, {"type": "Feature", "geometry": {"type": "Point", "coordinates": [-88.0287573, 41.9472122]}, "properties": {"category": "social_facility", "amenity": "social_facility", "name": "Clarendale of Addison"}}, {"type": "Feature", "geometry": {"type": "Point", "coordinates": [-88.0035217, 42.2716689]}, "properties": {"category": "cafe", "amenity": "cafe", "name": "Area Coffee"}}, {"type": "Feature", "geometry": {"type": "Point", "coordinates": [-88.1971027, 41.5349912]}, "properties": {"category": "cafe", "amenity": "cafe", "name": "Critical Grind Board Game Cafe"}}, {"type": "Feature", "geometry": {"type": "Point", "coordinates": [-88.0799657, 41.9838235]}, "properties": {"category": "cafe", "amenity": "cafe", "name": "Starbucks"}}, {"type": "Feature", "geometry": {"type": "Point", "coordinates": [-87.9815169, 42.0822879]}, "properties": {"category": "cafe", "amenity": "cafe", "name": "Starbucks"}}, {"type": "Feature", "geometry": {"type": "Point", "coordinates": [-88.0178562, 42.0789619]}, "properties": {"category": "cafe", "amenity": "cafe", "name": "Starbucks"}}, {"type": "Feature", "geometry": {"type": "Point", "coordinates": [-87.9963139, 42.0518037]}, "properties": {"category": "cafe", "amenity": "cafe", "name": "Starbucks"}}, {"type": "Feature", "geometry": {"type": "Point", "coordinates": [-88.0211221, 42.1382838]}, "properties": {"category": "cafe", "amenity": "cafe", "name": "Starbucks"}}, {"type": "Feature", "geometry": {"type": "Point", "coordinates": [-87.6765857, 41.9106218]}, "properties": {"category": "cafe", "amenity": "cafe", "name": "Tap Tea"}}, {"type": "Feature", "geometry": {"type": "Point", "coordinates": [-87.8449935, 41.8227634]}, "properties": {"category": "cafe", "amenity": "cafe", "name": "Milk and Manna"}}, {"type": "Feature", "geometry": {"type": "Point", "coordinates": [-87.8335352, 41.8248408]}, "properties": {"category": "cafe", "amenity": "cafe", "name": "Drip Coffee"}}, {"type": "Feature", "geometry": {"type": "Point", "coordinates": [-87.6853924, 41.8305271]}, "properties": {"category": "cafe", "amenity": "cafe", "name": "Cafe Consume"}}, {"type": "Feature", "geometry": {"type": "Point", "coordinates": [-87.7334732, 41.8803976]}, "properties": {"category": "civic", "amenity": "community_centre", "name": "Sankofa Village Wellness Center"}}, {"type": "Feature", "geometry": {"type": "Point", "coordinates": [-88.2719294, 41.458331]}, "properties": {"category": "cafe", "amenity": "cafe", "name": "Starbucks"}}, {"type": "Feature", "geometry": {"type": "Point", "coordinates": [-87.9408606, 41.8998061]}, "properties": {"category": "cafe", "amenity": "cafe", "name": "Pilot Pete's Coffee & Treats"}}, {"type": "Feature", "geometry": {"type": "Point", "coordinates": [-88.0728611, 41.8420129]}, "properties": {"category": "cafe", "amenity": "cafe", "name": "Brew 425"}}, {"type": "Feature", "geometry": {"type": "Point", "coordinates": [-88.0110227, 41.7949543]}, "properties": {"category": "cafe", "amenity": "cafe", "name": "Pinecone Cottage Teahouse"}}, {"type": "Feature", "geometry": {"type": "Point", "coordinates": [-87.7289731, 42.0337461]}, "properties": {"category": "cafe", "amenity": "cafe", "name": "Soul Good Coffee"}}, {"type": "Feature", "geometry": {"type": "Point", "coordinates": [-88.3359913, 42.119598]}, "properties": {"category": "cafe", "amenity": "cafe", "name": ""}}, {"type": "Feature", "geometry": {"type": "Point", "coordinates": [-88.3387581, 41.9046783]}, "properties": {"category": "cafe", "amenity": "cafe", "name": "Dear Donuts"}}, {"type": "Feature", "geometry": {"type": "Point", "coordinates": [-87.7065386, 42.0306439]}, "properties": {"category": "cafe", "amenity": "cafe", "name": "Sam\u2019s Club Cafe"}}, {"type": "Feature", "geometry": {"type": "Point", "coordinates": [-87.6899294, 42.0114498]}, "properties": {"category": "cafe", "amenity": "cafe", "name": "COZY CAFE"}}, {"type": "Feature", "geometry": {"type": "Point", "coordinates": [-87.7790638, 41.7323598]}, "properties": {"category": "cafe", "amenity": "cafe", "name": "Stella's Place"}}, {"type": "Feature", "geometry": {"type": "Point", "coordinates": [-87.6664223, 41.9228283]}, "properties": {"category": "social_facility", "amenity": "social_facility", "name": "The Salvation Army Northside Adult Rehabilitation Center"}}, {"type": "Feature", "geometry": {"type": "Point", "coordinates": [-88.2664608, 42.3449502]}, "properties": {"category": "cafe", "amenity": "cafe", "name": "Toast and Roast"}}, {"type": "Feature", "geometry": {"type": "Point", "coordinates": [-87.6416421, 41.6813365]}, "properties": {"category": "social_facility", "amenity": "social_facility", "name": "Community Assistance Programs"}}, {"type": "Feature", "geometry": {"type": "Point", "coordinates": [-87.7285201, 41.9172695]}, "properties": {"category": "civic", "amenity": "community_centre", "name": "Segundo Ruiz Belvis Cultural Center"}}, {"type": "Feature", "geometry": {"type": "Point", "coordinates": [-87.748806, 41.9016145]}, "properties": {"category": "social_facility", "amenity": "social_facility", "name": "Bethel New Life"}}, {"type": "Feature", "geometry": {"type": "Point", "coordinates": [-87.6788622, 41.8711845]}, "properties": {"category": "social_facility", "amenity": "social_facility", "name": "Central West Regional Senior Center"}}, {"type": "Feature", "geometry": {"type": "Point", "coordinates": [-87.6790728, 41.871012]}, "properties": {"category": "social_facility", "amenity": "social_facility", "name": "Mayor's Office for People woith Disabilites"}}, {"type": "Feature", "geometry": {"type": "Point", "coordinates": [-88.2832607, 42.0357678]}, "properties": {"category": "cafe", "amenity": "cafe", "name": "Churros Y Chocolate"}}, {"type": "Feature", "geometry": {"type": "Point", "coordinates": [-88.2832597, 42.0361962]}, "properties": {"category": "cafe", "amenity": "cafe", "name": "Viator Coffee Co."}}, {"type": "Feature", "geometry": {"type": "Point", "coordinates": [-87.9731139, 41.8502338]}, "properties": {"category": "cafe", "amenity": "cafe", "name": "Stan's Donuts & Coffee"}}, {"type": "Feature", "geometry": {"type": "Point", "coordinates": [-87.6318982, 41.9105239]}, "properties": {"category": "cafe", "amenity": "cafe", "name": "PiniPico empe\u00f1adas"}}, {"type": "Feature", "geometry": {"type": "Point", "coordinates": [-87.6354974, 41.8882284]}, "properties": {"category": "cafe", "amenity": "cafe", "name": "Marshall\u2019s Landing"}}, {"type": "Feature", "geometry": {"type": "Point", "coordinates": [-87.9538639, 41.8491411]}, "properties": {"category": "cafe", "amenity": "cafe", "name": "Starbucks"}}, {"type": "Feature", "geometry": {"type": "Point", "coordinates": [-87.7985783, 41.7320771]}, "properties": {"category": "cafe", "amenity": "cafe", "name": "Qamaria Yemeni Coffee"}}, {"type": "Feature", "geometry": {"type": "Point", "coordinates": [-87.9222231, 42.0489394]}, "properties": {"category": "cafe", "amenity": "cafe", "name": "Scooter's Coffee"}}, {"type": "Feature", "geometry": {"type": "Point", "coordinates": [-88.2748785, 42.1021857]}, "properties": {"category": "cafe", "amenity": "cafe", "name": "Eastside Cafe: Coffee and Wine Bar"}}, {"type": "Feature", "geometry": {"type": "Point", "coordinates": [-87.2383724, 41.5511565]}, "properties": {"category": "cafe", "amenity": "cafe", "name": "Starbucks"}}, {"type": "Feature", "geometry": {"type": "Point", "coordinates": [-87.181631, 41.5511184]}, "properties": {"category": "cafe", "amenity": "cafe", "name": "Starbucks"}}, {"type": "Feature", "geometry": {"type": "Point", "coordinates": [-87.8630068, 41.8344118]}, "properties": {"category": "cafe", "amenity": "cafe", "name": "Happier Now Cafe"}}, {"type": "Feature", "geometry": {"type": "Point", "coordinates": [-88.0741495, 42.0509495]}, "properties": {"category": "cafe", "amenity": "cafe", "name": "Cafe Blessing"}}, {"type": "Feature", "geometry": {"type": "Point", "coordinates": [-88.2943694, 42.2257502]}, "properties": {"category": "cafe", "amenity": "cafe", "name": "Conscious Cup Coffee Roasters"}}, {"type": "Feature", "geometry": {"type": "Point", "coordinates": [-87.8727036, 42.0888174]}, "properties": {"category": "cafe", "amenity": "cafe", "name": "Gong Cha"}}, {"type": "Feature", "geometry": {"type": "Point", "coordinates": [-87.6470664, 41.8780808]}, "properties": {"category": "cafe", "amenity": "cafe", "name": "Moka & Co"}}, {"type": "Feature", "geometry": {"type": "Point", "coordinates": [-87.8678431, 41.9746168]}, "properties": {"category": "cafe", "amenity": "cafe", "name": "HEYTEA"}}, {"type": "Feature", "geometry": {"type": "Point", "coordinates": [-87.8674643, 41.9742624]}, "properties": {"category": "cafe", "amenity": "cafe", "name": "Tsaocca Tea"}}, {"type": "Feature", "geometry": {"type": "Point", "coordinates": [-87.955395, 41.7972009]}, "properties": {"category": "cafe", "amenity": "cafe", "name": "Tierra Distilling Co. & Cafe"}}, {"type": "Feature", "geometry": {"type": "Point", "coordinates": [-87.8677999, 41.9752424]}, "properties": {"category": "cafe", "amenity": "cafe", "name": "Starbucks"}}, {"type": "Feature", "geometry": {"type": "Point", "coordinates": [-87.6567928, 41.9835584]}, "properties": {"category": "cafe", "amenity": "cafe", "name": "Fried Egg Cafe"}}, {"type": "Feature", "geometry": {"type": "Point", "coordinates": [-87.9750371, 41.7948021]}, "properties": {"category": "cafe", "amenity": "cafe", "name": "Bacuri"}}, {"type": "Feature", "geometry": {"type": "Point", "coordinates": [-87.0298137, 41.4679978]}, "properties": {"category": "cafe", "amenity": "cafe", "name": "Dutch Bros. Coffee"}}, {"type": "Feature", "geometry": {"type": "Point", "coordinates": [-87.7191083, 41.8955855]}, "properties": {"category": "civic", "amenity": "community_centre", "name": "Mary L. Greenwood Community Center"}}, {"type": "Feature", "geometry": {"type": "Point", "coordinates": [-87.7083064, 41.9770182]}, "properties": {"category": "cafe", "amenity": "cafe", "name": "Shibam Coffee"}}, {"type": "Feature", "geometry": {"type": "Point", "coordinates": [-87.6692672, 41.8739708]}, "properties": {"category": "cafe", "amenity": "cafe", "name": "Starbucks"}}, {"type": "Feature", "geometry": {"type": "Point", "coordinates": [-87.6608888, 41.810606]}, "properties": {"category": "social_facility", "amenity": "social_facility", "name": "Love Fridge at the Plant"}}, {"type": "Feature", "geometry": {"type": "Point", "coordinates": [-87.6682856, 41.9820162]}, "properties": {"category": "cafe", "amenity": "cafe", "name": "Eli Tea Bar"}}, {"type": "Feature", "geometry": {"type": "Point", "coordinates": [-88.3129901, 41.9118069]}, "properties": {"category": "cafe", "amenity": "cafe", "name": "Maple Leaf Coffee House"}}, {"type": "Feature", "geometry": {"type": "Point", "coordinates": [-87.6495863, 41.9456073]}, "properties": {"category": "cafe", "amenity": "cafe", "name": "Roggenart European Bakery & Cafe"}}, {"type": "Feature", "geometry": {"type": "Point", "coordinates": [-87.6787078, 41.9469966]}, "properties": {"category": "cafe", "amenity": "cafe", "name": "Dot's"}}, {"type": "Feature", "geometry": {"type": "Point", "coordinates": [-87.9342418, 42.0627072]}, "properties": {"category": "cafe", "amenity": "cafe", "name": "Coco & Maple"}}, {"type": "Feature", "geometry": {"type": "Point", "coordinates": [-88.0939462, 42.1980376]}, "properties": {"category": "cafe", "amenity": "cafe", "name": "Stompin\u2019 Grounds Cafe"}}, {"type": "Feature", "geometry": {"type": "Point", "coordinates": [-87.9403221, 41.9184794]}, "properties": {"category": "cafe", "amenity": "cafe", "name": "Starbucks"}}, {"type": "Feature", "geometry": {"type": "Point", "coordinates": [-87.7086292, 41.9685773]}, "properties": {"category": "cafe", "amenity": "cafe", "name": "Nubar Cafe"}}, {"type": "Feature", "geometry": {"type": "Point", "coordinates": [-88.0060985, 42.0017754]}, "properties": {"category": "cafe", "amenity": "cafe", "name": "Bobar"}}, {"type": "Feature", "geometry": {"type": "Point", "coordinates": [-88.005063, 42.0030687]}, "properties": {"category": "cafe", "amenity": "cafe", "name": "Brittany's Bistro"}}, {"type": "Feature", "geometry": {"type": "Point", "coordinates": [-87.8052468, 42.0750249]}, "properties": {"category": "cafe", "amenity": "cafe", "name": "Hometown Coffee & Juice"}}, {"type": "Feature", "geometry": {"type": "Point", "coordinates": [-87.8031119, 42.0729545]}, "properties": {"category": "cafe", "amenity": "cafe", "name": "Straw & Bubbles"}}, {"type": "Feature", "geometry": {"type": "Point", "coordinates": [-87.6618782, 41.8864244]}, "properties": {"category": "cafe", "amenity": "cafe", "name": "Renew Cafe"}}, {"type": "Feature", "geometry": {"type": "Point", "coordinates": [-87.7621663, 42.016675]}, "properties": {"category": "social_facility", "amenity": "social_facility", "name": "WeCare In Home Care"}}, {"type": "Feature", "geometry": {"type": "Point", "coordinates": [-88.0012546, 41.6755932]}, "properties": {"category": "cafe", "amenity": "cafe", "name": "Neima"}}, {"type": "Feature", "geometry": {"type": "Point", "coordinates": [-88.0012001, 41.6736287]}, "properties": {"category": "cafe", "amenity": "cafe", "name": "Folklore Coffee"}}, {"type": "Feature", "geometry": {"type": "Point", "coordinates": [-87.6344398, 41.8953576]}, "properties": {"category": "cafe", "amenity": "cafe", "name": "OUD Coffee & Cafe"}}, {"type": "Feature", "geometry": {"type": "Point", "coordinates": [-88.3175246, 41.9164995]}, "properties": {"category": "cafe", "amenity": "cafe", "name": "Brown Butter Cafe & Bakery"}}, {"type": "Feature", "geometry": {"type": "Point", "coordinates": [-87.9407177, 42.2862642]}, "properties": {"category": "cafe", "amenity": "cafe", "name": "Tala Coffee Roasters"}}, {"type": "Feature", "geometry": {"type": "Point", "coordinates": [-88.3382373, 42.0065416]}, "properties": {"category": "cafe", "amenity": "cafe", "name": "Brew 'n Bubble"}}, {"type": "Feature", "geometry": {"type": "Point", "coordinates": [-87.616303, 41.85025]}, "properties": {"category": "cafe", "amenity": "cafe", "name": "Starbucks"}}, {"type": "Feature", "geometry": {"type": "Point", "coordinates": [-87.6195298, 41.8496985]}, "properties": {"category": "cafe", "amenity": "cafe", "name": "Starbucks"}}, {"type": "Feature", "geometry": {"type": "Point", "coordinates": [-88.0446651, 42.0071765]}, "properties": {"category": "cafe", "amenity": "cafe", "name": "Bobar"}}, {"type": "Feature", "geometry": {"type": "Point", "coordinates": [-88.0305294, 42.0026917]}, "properties": {"category": "cafe", "amenity": "cafe", "name": "Betty's Bistro"}}, {"type": "Feature", "geometry": {"type": "Point", "coordinates": [-87.7101934, 41.9248532]}, "properties": {"category": "cafe", "amenity": "cafe", "name": "Txa Txa Club"}}, {"type": "Feature", "geometry": {"type": "Point", "coordinates": [-87.6516716, 41.8724115]}, "properties": {"category": "cafe", "amenity": "cafe", "name": "Cor Coffee"}}, {"type": "Feature", "geometry": {"type": "Point", "coordinates": [-88.0957808, 41.7973517]}, "properties": {"category": "social_facility", "amenity": "social_facility", "name": "Lisle Township Food Pantry"}}, {"type": "Feature", "geometry": {"type": "Point", "coordinates": [-88.3434666, 42.385814]}, "properties": {"category": "cafe", "amenity": "cafe", "name": "Cup of Wonder"}}, {"type": "Feature", "geometry": {"type": "Point", "coordinates": [-88.1576697, 41.8695939]}, "properties": {"category": "cafe", "amenity": "cafe", "name": "Sugar Mama's Mini Donuts"}}, {"type": "Feature", "geometry": {"type": "Point", "coordinates": [-87.6206093, 41.3542627]}, "properties": {"category": "social_facility", "amenity": "social_facility", "name": "Beecher Manor"}}, {"type": "Feature", "geometry": {"type": "Point", "coordinates": [-87.9983609, 42.1786428]}, "properties": {"category": "cafe", "amenity": "cafe", "name": "Long Grove Coffee Co."}}, {"type": "Feature", "geometry": {"type": "Point", "coordinates": [-88.6137794, 42.4187662]}, "properties": {"category": "social_facility", "amenity": "social_facility", "name": "Shepherd Premier Senior Living"}}, {"type": "Feature", "geometry": {"type": "Point", "coordinates": [-87.680551, 42.0337032]}, "properties": {"category": "cafe", "amenity": "cafe", "name": "Dandelion Coffee Bar"}}, {"type": "Feature", "geometry": {"type": "Point", "coordinates": [-87.436679, 41.5522097]}, "properties": {"category": "cafe", "amenity": "cafe", "name": "Grindhouse"}}, {"type": "Feature", "geometry": {"type": "Point", "coordinates": [-87.4765138, 41.5367467]}, "properties": {"category": "cafe", "amenity": "cafe", "name": "Royaltea"}}, {"type": "Feature", "geometry": {"type": "Point", "coordinates": [-87.4638224, 41.5548368]}, "properties": {"category": "social_facility", "amenity": "social_facility", "name": "American Legion post 180"}}, {"type": "Feature", "geometry": {"type": "Point", "coordinates": [-88.6083557, 42.4067718]}, "properties": {"category": "social_facility", "amenity": "social_facility", "name": "Brown Bear Day Care"}}, {"type": "Feature", "geometry": {"type": "Point", "coordinates": [-87.7345077, 41.9756936]}, "properties": {"category": "civic", "amenity": "community_centre", "name": "Gompers Park - Auditorium & Clubroom"}}, {"type": "Feature", "geometry": {"type": "Point", "coordinates": [-87.8700162, 41.815761]}, "properties": {"category": "cafe", "amenity": "cafe", "name": "Wonderful Matcha"}}, {"type": "Feature", "geometry": {"type": "Point", "coordinates": [-87.8316261, 42.3607909]}, "properties": {"category": "cafe", "amenity": "cafe", "name": "El Patio Caf\u00e9 & Lounge"}}, {"type": "Feature", "geometry": {"type": "Point", "coordinates": [-87.3372511, 41.4979342]}, "properties": {"category": "civic", "amenity": "community_centre", "name": "Dean and Barbara White Community Center"}}, {"type": "Feature", "geometry": {"type": "Point", "coordinates": [-88.3423734, 41.8484204]}, "properties": {"category": "cafe", "amenity": "cafe", "name": "Starbucks"}}, {"type": "Feature", "geometry": {"type": "Point", "coordinates": [-88.3114103, 41.849135]}, "properties": {"category": "cafe", "amenity": "cafe", "name": "Limestone at the Library"}}, {"type": "Feature", "geometry": {"type": "Point", "coordinates": [-87.7579502, 42.0258077]}, "properties": {"category": "civic", "amenity": "library", "name": "Skokie Public Library"}}, {"type": "Feature", "geometry": {"type": "Point", "coordinates": [-87.6554342, 41.9248354]}, "properties": {"category": "civic", "amenity": "library", "name": "John T. Richardson Library"}}, {"type": "Feature", "geometry": {"type": "Point", "coordinates": [-87.7436119, 42.0258317]}, "properties": {"category": "civic", "amenity": "community_centre", "name": "Oakton Community Center"}}, {"type": "Feature", "geometry": {"type": "Point", "coordinates": [-87.6282154, 41.8763211]}, "properties": {"category": "civic", "amenity": "library", "name": "Harold Washington Library Center"}}, {"type": "Feature", "geometry": {"type": "Point", "coordinates": [-87.7381494, 42.0575428]}, "properties": {"category": "social_facility", "amenity": "social_facility", "name": "Lieberman Center"}}, {"type": "Feature", "geometry": {"type": "Point", "coordinates": [-88.1034171, 41.831181]}, "properties": {"category": "cafe", "amenity": "cafe", "name": "Starbucks"}}, {"type": "Feature", "geometry": {"type": "Point", "coordinates": [-87.6844391, 41.9627504]}, "properties": {"category": "civic", "amenity": "library", "name": "Sulzer Regional Library"}}, {"type": "Feature", "geometry": {"type": "Point", "coordinates": [-87.9754077, 41.8169037]}, "properties": {"category": "social_facility", "amenity": "social_facility", "name": "Cordia Senior Residence"}}, {"type": "Feature", "geometry": {"type": "Point", "coordinates": [-87.8011095, 42.0268775]}, "properties": {"category": "civic", "amenity": "library", "name": "Niles-Maine District Library"}}, {"type": "Feature", "geometry": {"type": "Point", "coordinates": [-87.8871911, 42.0404313]}, "properties": {"category": "civic", "amenity": "library", "name": "Des Plaines Public Library"}}, {"type": "Feature", "geometry": {"type": "Point", "coordinates": [-87.6742076, 42.0582253]}, "properties": {"category": "civic", "amenity": "library", "name": "Seeley G. Mudd Science and Engineering Library"}}, {"type": "Feature", "geometry": {"type": "Point", "coordinates": [-87.6800442, 42.0484007]}, "properties": {"category": "civic", "amenity": "library", "name": "Evanston Public Library"}}, {"type": "Feature", "geometry": {"type": "Point", "coordinates": [-88.0823596, 41.527155]}, "properties": {"category": "civic", "amenity": "library", "name": "Joliet Public Libary - Main Branch"}}, {"type": "Feature", "geometry": {"type": "Point", "coordinates": [-88.0960654, 41.532207]}, "properties": {"category": "civic", "amenity": "library", "name": "LaVerne & Dorothy Brown Library"}}, {"type": "Feature", "geometry": {"type": "Point", "coordinates": [-88.0856783, 41.6540957]}, "properties": {"category": "civic", "amenity": "library", "name": "White Oak Library - Romeoville Branch"}}, {"type": "Feature", "geometry": {"type": "Point", "coordinates": [-88.0079363, 42.001419]}, "properties": {"category": "civic", "amenity": "library", "name": "Elk Grove Village Public Library"}}, {"type": "Feature", "geometry": {"type": "Point", "coordinates": [-88.2174291, 41.4364932]}, "properties": {"category": "civic", "amenity": "community_centre", "name": "Arrowhead Community Center"}}, {"type": "Feature", "geometry": {"type": "Point", "coordinates": [-88.1663868, 41.5372964]}, "properties": {"category": "civic", "amenity": "library", "name": "Joliet Public Library - Black Road Branch"}}, {"type": "Feature", "geometry": {"type": "Point", "coordinates": [-88.2239382, 41.4336962]}, "properties": {"category": "civic", "amenity": "library", "name": "Three Rivers Public Library - Channahon Branch"}}, {"type": "Feature", "geometry": {"type": "Point", "coordinates": [-88.4242524, 41.3613779]}, "properties": {"category": "civic", "amenity": "library", "name": "Morris Public Library"}}, {"type": "Feature", "geometry": {"type": "Point", "coordinates": [-87.9360916, 42.0657415]}, "properties": {"category": "civic", "amenity": "library", "name": "Mount Prospect Public Library"}}, {"type": "Feature", "geometry": {"type": "Point", "coordinates": [-87.6358659, 41.9196704]}, "properties": {"category": "civic", "amenity": "community_centre", "name": "Lincoln Park Cultural Center"}}, {"type": "Feature", "geometry": {"type": "Point", "coordinates": [-88.1180676, 41.7298329]}, "properties": {"category": "civic", "amenity": "library", "name": "Naperville Public Library - Naper Boulevard"}}, {"type": "Feature", "geometry": {"type": "Point", "coordinates": [-88.1533803, 41.772225]}, "properties": {"category": "civic", "amenity": "community_centre", "name": "Alfred Rubin Riverwalk Community Center"}}, {"type": "Feature", "geometry": {"type": "Point", "coordinates": [-88.1147699, 41.751502]}, "properties": {"category": "cafe", "amenity": "cafe", "name": "Starbucks"}}, {"type": "Feature", "geometry": {"type": "Point", "coordinates": [-87.8964402, 42.0156777]}, "properties": {"category": "civic", "amenity": "community_centre", "name": "Lakeview Center"}}, {"type": "Feature", "geometry": {"type": "Point", "coordinates": [-88.0706583, 41.8756954]}, "properties": {"category": "civic", "amenity": "library", "name": "Glen Ellyn Public Library"}}, {"type": "Feature", "geometry": {"type": "Point", "coordinates": [-87.882819, 41.9296444]}, "properties": {"category": "civic", "amenity": "library", "name": "Franklin Park Public Library"}}, {"type": "Feature", "geometry": {"type": "Point", "coordinates": [-88.3460515, 42.1622816]}, "properties": {"category": "civic", "amenity": "library", "name": "Algonquin Area Public Library - Main Branch"}}, {"type": "Feature", "geometry": {"type": "Point", "coordinates": [-87.9410523, 42.0277817]}, "properties": {"category": "cafe", "amenity": "cafe", "name": "Avanti Caffe"}}, {"type": "Feature", "geometry": {"type": "Point", "coordinates": [-88.2638879, 42.1042425]}, "properties": {"category": "civic", "amenity": "library", "name": "Dundee Township Public Library"}}, {"type": "Feature", "geometry": {"type": "Point", "coordinates": [-88.4116412, 42.1696536]}, "properties": {"category": "civic", "amenity": "library", "name": "Huntley Area Public Library"}}, {"type": "Feature", "geometry": {"type": "Point", "coordinates": [-88.3457941, 42.0062593]}, "properties": {"category": "civic", "amenity": "library", "name": "Gail Borden Public Library - Rakow Branch"}}, {"type": "Feature", "geometry": {"type": "Point", "coordinates": [-88.4351157, 42.0850312]}, "properties": {"category": "civic", "amenity": "community_centre", "name": "Cambridge Lakes Community Center"}}, {"type": "Feature", "geometry": {"type": "Point", "coordinates": [-88.3614688, 42.0851177]}, "properties": {"category": "civic", "amenity": "community_centre", "name": "Fraternal Order of Eagles Watch City Aerie #1047"}}, {"type": "Feature", "geometry": {"type": "Point", "coordinates": [-87.8693891, 41.8176284]}, "properties": {"category": "cafe", "amenity": "cafe", "name": "Corner Bakery"}}, {"type": "Feature", "geometry": {"type": "Point", "coordinates": [-87.9815196, 42.0618152]}, "properties": {"category": "civic", "amenity": "community_centre", "name": ""}}, {"type": "Feature", "geometry": {"type": "Point", "coordinates": [-87.9402942, 42.3794093]}, "properties": {"category": "cafe", "amenity": "cafe", "name": "Starbucks"}}, {"type": "Feature", "geometry": {"type": "Point", "coordinates": [-87.997056, 42.0675414]}, "properties": {"category": "social_facility", "amenity": "social_facility", "name": "Church Creek Retirement Center"}}, {"type": "Feature", "geometry": {"type": "Point", "coordinates": [-87.6803414, 41.9125618]}, "properties": {"category": "civic", "amenity": "library", "name": "Bucktown-Wicker Park Branch Library"}}, {"type": "Feature", "geometry": {"type": "Point", "coordinates": [-87.8842109, 42.0049606]}, "properties": {"category": "cafe", "amenity": "cafe", "name": "Starbucks"}}, {"type": "Feature", "geometry": {"type": "Point", "coordinates": [-88.6020177, 42.425542]}, "properties": {"category": "civic", "amenity": "library", "name": "Harvard Diggins Library"}}, {"type": "Feature", "geometry": {"type": "Point", "coordinates": [-87.6416247, 41.5045651]}, "properties": {"category": "civic", "amenity": "library", "name": "Chicago Heights Public Library"}}, {"type": "Feature", "geometry": {"type": "Point", "coordinates": [-87.7017059, 41.9972798]}, "properties": {"category": "civic", "amenity": "community_centre", "name": "Croatian Cultural Center of Chicago"}}, {"type": "Feature", "geometry": {"type": "Point", "coordinates": [-88.0994355, 41.8295172]}, "properties": {"category": "cafe", "amenity": "cafe", "name": "Honey Jam Day Cafe"}}, {"type": "Feature", "geometry": {"type": "Point", "coordinates": [-87.7107783, 41.9945087]}, "properties": {"category": "social_facility", "amenity": "social_facility", "name": "Lincoln Village Senior Apartments"}}, {"type": "Feature", "geometry": {"type": "Point", "coordinates": [-88.1553765, 41.7706405]}, "properties": {"category": "cafe", "amenity": "cafe", "name": "Riverwalk Eatery"}}, {"type": "Feature", "geometry": {"type": "Point", "coordinates": [-87.982412, 42.0525821]}, "properties": {"category": "cafe", "amenity": "cafe", "name": "Starbucks"}}, {"type": "Feature", "geometry": {"type": "Point", "coordinates": [-88.2025278, 41.7088496]}, "properties": {"category": "civic", "amenity": "library", "name": "Naperville Public Library - 95th Street Library"}}, {"type": "Feature", "geometry": {"type": "Point", "coordinates": [-87.6788326, 41.5441586]}, "properties": {"category": "civic", "amenity": "library", "name": "Flossmoor Public Library"}}, {"type": "Feature", "geometry": {"type": "Point", "coordinates": [-87.5811039, 41.7937835]}, "properties": {"category": "social_facility", "amenity": "social_facility", "name": "Montgomery Place"}}, {"type": "Feature", "geometry": {"type": "Point", "coordinates": [-88.022627, 41.5969405]}, "properties": {"category": "cafe", "amenity": "cafe", "name": "Starbucks"}}, {"type": "Feature", "geometry": {"type": "Point", "coordinates": [-87.5935544, 41.7846577]}, "properties": {"category": "civic", "amenity": "library", "name": "Center for Research Libraries"}}, {"type": "Feature", "geometry": {"type": "Point", "coordinates": [-87.6305886, 41.9001627]}, "properties": {"category": "civic", "amenity": "library", "name": "The Newberry Library"}}, {"type": "Feature", "geometry": {"type": "Point", "coordinates": [-88.0833659, 42.0254274]}, "properties": {"category": "civic", "amenity": "library", "name": "Schaumburg Township District Library"}}, {"type": "Feature", "geometry": {"type": "Point", "coordinates": [-87.593858, 41.7957163]}, "properties": {"category": "civic", "amenity": "community_centre", "name": "Hyde Park Neighborhood Club"}}, {"type": "Feature", "geometry": {"type": "Point", "coordinates": [-87.8053175, 42.0736022]}, "properties": {"category": "cafe", "amenity": "cafe", "name": "Joe Donut"}}, {"type": "Feature", "geometry": {"type": "Point", "coordinates": [-87.8059916, 42.0734966]}, "properties": {"category": "civic", "amenity": "library", "name": "Glenview Public Library"}}, {"type": "Feature", "geometry": {"type": "Point", "coordinates": [-87.5902575, 41.8057747]}, "properties": {"category": "civic", "amenity": "library", "name": "Blackstone Memorial Library"}}, {"type": "Feature", "geometry": {"type": "Point", "coordinates": [-87.6504942, 41.8718806]}, "properties": {"category": "civic", "amenity": "library", "name": "Richard J. Daley Library"}}, {"type": "Feature", "geometry": {"type": "Point", "coordinates": [-87.6028181, 41.7905334]}, "properties": {"category": "civic", "amenity": "library", "name": "John Crerar Library"}}, {"type": "Feature", "geometry": {"type": "Point", "coordinates": [-87.7292575, 42.0047577]}, "properties": {"category": "civic", "amenity": "library", "name": "Lincolnwood Public Library"}}, {"type": "Feature", "geometry": {"type": "Point", "coordinates": [-87.7065785, 42.0106727]}, "properties": {"category": "social_facility", "amenity": "social_facility", "name": "Swartzberg House"}}, {"type": "Feature", "geometry": {"type": "Point", "coordinates": [-87.7058366, 42.0109924]}, "properties": {"category": "civic", "amenity": "community_centre", "name": "Bernard Horwich Jewish Community Center"}}, {"type": "Feature", "geometry": {"type": "Point", "coordinates": [-87.7337191, 42.0410441]}, "properties": {"category": "social_facility", "amenity": "social_facility", "name": "Shore Community Services"}}, {"type": "Feature", "geometry": {"type": "Point", "coordinates": [-87.8192634, 41.826216]}, "properties": {"category": "civic", "amenity": "library", "name": "Riverside Public Library"}}, {"type": "Feature", "geometry": {"type": "Point", "coordinates": [-87.6283346, 41.8336757]}, "properties": {"category": "civic", "amenity": "library", "name": "Paul Galvin Library"}}, {"type": "Feature", "geometry": {"type": "Point", "coordinates": [-87.8961484, 42.345563]}, "properties": {"category": "cafe", "amenity": "cafe", "name": "Starbucks"}}, {"type": "Feature", "geometry": {"type": "Point", "coordinates": [-87.6008387, 41.7919631]}, "properties": {"category": "civic", "amenity": "library", "name": "Joe and Rika Mansueto Library"}}, {"type": "Feature", "geometry": {"type": "Point", "coordinates": [-87.6222399, 41.8915318]}, "properties": {"category": "social_facility", "amenity": "social_facility", "name": "Ronald McDonald House"}}, {"type": "Feature", "geometry": {"type": "Point", "coordinates": [-87.742903, 41.8117183]}, "properties": {"category": "social_facility", "amenity": "social_facility", "name": "The Claridge at Cicero"}}, {"type": "Feature", "geometry": {"type": "Point", "coordinates": [-87.7428506, 41.8074442]}, "properties": {"category": "cafe", "amenity": "cafe", "name": "Starbucks"}}, {"type": "Feature", "geometry": {"type": "Point", "coordinates": [-87.7485382, 41.8073292]}, "properties": {"category": "social_facility", "amenity": "social_facility", "name": "Midway Pointe Senior Living"}}, {"type": "Feature", "geometry": {"type": "Point", "coordinates": [-87.7435096, 41.7981501]}, "properties": {"category": "cafe", "amenity": "cafe", "name": "Starbucks"}}, {"type": "Feature", "geometry": {"type": "Point", "coordinates": [-87.7382182, 41.7788411]}, "properties": {"category": "civic", "amenity": "community_centre", "name": "St Mary's Parish Center"}}, {"type": "Feature", "geometry": {"type": "Point", "coordinates": [-87.7305591, 41.8457485]}, "properties": {"category": "social_facility", "amenity": "social_facility", "name": "Erie Neighborhood House"}}, {"type": "Feature", "geometry": {"type": "Point", "coordinates": [-87.7277973, 41.8814783]}, "properties": {"category": "civic", "amenity": "community_centre", "name": "Off The Street Club"}}, {"type": "Feature", "geometry": {"type": "Point", "coordinates": [-87.7438026, 41.9386648]}, "properties": {"category": "social_facility", "amenity": "social_facility", "name": "Belmont Village Senior Apartment"}}, {"type": "Feature", "geometry": {"type": "Point", "coordinates": [-87.7461639, 41.9300976]}, "properties": {"category": "social_facility", "amenity": "social_facility", "name": "Senior Suites of Kelyvn Park"}}, {"type": "Feature", "geometry": {"type": "Point", "coordinates": [-87.7285931, 41.9384666]}, "properties": {"category": "social_facility", "amenity": "social_facility", "name": "St. Joseph Village of Chicago"}}, {"type": "Feature", "geometry": {"type": "Point", "coordinates": [-87.7465568, 41.9432355]}, "properties": {"category": "social_facility", "amenity": "social_facility", "name": "After School Matters"}}, {"type": "Feature", "geometry": {"type": "Point", "coordinates": [-87.7260637, 41.9553161]}, "properties": {"category": "civic", "amenity": "community_centre", "name": "Irving Park Lutheran Church Parish Hall"}}, {"type": "Feature", "geometry": {"type": "Point", "coordinates": [-87.7359222, 41.9540241]}, "properties": {"category": "social_facility", "amenity": "social_facility", "name": "Lydia Childrens Home"}}, {"type": "Feature", "geometry": {"type": "Point", "coordinates": [-87.7381952, 41.9683997]}, "properties": {"category": "civic", "amenity": "library", "name": "Mayfair Branch Library"}}, {"type": "Feature", "geometry": {"type": "Point", "coordinates": [-87.7416585, 41.9692901]}, "properties": {"category": "civic", "amenity": "community_centre", "name": "Sokol Community Center"}}, {"type": "Feature", "geometry": {"type": "Point", "coordinates": [-87.7397278, 41.9685035]}, "properties": {"category": "social_facility", "amenity": "social_facility", "name": "Mayfair Commons Senior Living"}}, {"type": "Feature", "geometry": {"type": "Point", "coordinates": [-87.7498078, 41.8078062]}, "properties": {"category": "civic", "amenity": "community_centre", "name": "The Salvation Army Midway Citadel Corps Community Center"}}, {"type": "Feature", "geometry": {"type": "Point", "coordinates": [-87.7523182, 41.8737541]}, "properties": {"category": "civic", "amenity": "community_centre", "name": "Austin Satellite Senior Center"}}, {"type": "Feature", "geometry": {"type": "Point", "coordinates": [-87.754035, 41.8733254]}, "properties": {"category": "civic", "amenity": "community_centre", "name": "BUILD"}}, {"type": "Feature", "geometry": {"type": "Point", "coordinates": [-87.7658144, 41.8890245]}, "properties": {"category": "civic", "amenity": "library", "name": "Henry W. Austin Branch Library"}}, {"type": "Feature", "geometry": {"type": "Point", "coordinates": [-87.7657981, 41.8883978]}, "properties": {"category": "civic", "amenity": "community_centre", "name": "Austin Town Hall"}}, {"type": "Feature", "geometry": {"type": "Point", "coordinates": [-87.7695276, 41.8868521]}, "properties": {"category": "social_facility", "amenity": "social_facility", "name": "Senior Suites Of Austin"}}, {"type": "Feature", "geometry": {"type": "Point", "coordinates": [-87.7479973, 41.8953147]}, "properties": {"category": "civic", "amenity": "library", "name": "West Chicago Avenue Branch Library"}}, {"type": "Feature", "geometry": {"type": "Point", "coordinates": [-87.7496275, 41.909216]}, "properties": {"category": "cafe", "amenity": "cafe", "name": "Starbucks"}}, {"type": "Feature", "geometry": {"type": "Point", "coordinates": [-87.7637732, 41.9091737]}, "properties": {"category": "cafe", "amenity": "cafe", "name": "PTCI"}}, {"type": "Feature", "geometry": {"type": "Point", "coordinates": [-87.7688945, 41.9096059]}, "properties": {"category": "civic", "amenity": "library", "name": "North Austin Branch Library"}}, {"type": "Feature", "geometry": {"type": "Point", "coordinates": [-87.7666479, 41.9334621]}, "properties": {"category": "social_facility", "amenity": "social_facility", "name": "New Life Family Center"}}, {"type": "Feature", "geometry": {"type": "Point", "coordinates": [-87.757774, 41.9311478]}, "properties": {"category": "social_facility", "amenity": "social_facility", "name": "Northwest Center"}}, {"type": "Feature", "geometry": {"type": "Point", "coordinates": [-87.7549056, 41.9389537]}, "properties": {"category": "civic", "amenity": "library", "name": "Portage-Cragin Branch Library"}}, {"type": "Feature", "geometry": {"type": "Point", "coordinates": [-87.7631979, 41.9315897]}, "properties": {"category": "civic", "amenity": "community_centre", "name": "The Miracle Center"}}, {"type": "Feature", "geometry": {"type": "Point", "coordinates": [-87.7605749, 41.9680379]}, "properties": {"category": "cafe", "amenity": "cafe", "name": "Mr. B's Caribbean Grill"}}, {"type": "Feature", "geometry": {"type": "Point", "coordinates": [-87.7619854, 41.9673682]}, "properties": {"category": "civic", "amenity": "library", "name": "Jefferson Park Branch Library"}}, {"type": "Feature", "geometry": {"type": "Point", "coordinates": [-87.761921, 41.9970523]}, "properties": {"category": "civic", "amenity": "library", "name": "Edgebrook Branch Library"}}, {"type": "Feature", "geometry": {"type": "Point", "coordinates": [-87.7822077, 41.7764739]}, "properties": {"category": "civic", "amenity": "library", "name": "Clearing Branch Library"}}, {"type": "Feature", "geometry": {"type": "Point", "coordinates": [-87.7802348, 41.7929844]}, "properties": {"category": "civic", "amenity": "library", "name": "Garfield Ridge Branch Library"}}, {"type": "Feature", "geometry": {"type": "Point", "coordinates": [-87.7739636, 41.8700657]}, "properties": {"category": "social_facility", "amenity": "social_facility", "name": "Generations at Columbus Park"}}, {"type": "Feature", "geometry": {"type": "Point", "coordinates": [-87.7861048, 41.9301787]}, "properties": {"category": "cafe", "amenity": "cafe", "name": "Starbucks"}}, {"type": "Feature", "geometry": {"type": "Point", "coordinates": [-87.7861936, 41.9367357]}, "properties": {"category": "civic", "amenity": "library", "name": "West Belmont Branch Library"}}, {"type": "Feature", "geometry": {"type": "Point", "coordinates": [-87.7724903, 41.951969]}, "properties": {"category": "civic", "amenity": "community_centre", "name": "Nebo Lutheran Church Hall"}}, {"type": "Feature", "geometry": {"type": "Point", "coordinates": [-87.7797341, 41.9532545]}, "properties": {"category": "civic", "amenity": "library", "name": "Austin-Irving Branch Library"}}, {"type": "Feature", "geometry": {"type": "Point", "coordinates": [-87.7746109, 41.9782881]}, "properties": {"category": "social_facility", "amenity": "social_facility", "name": "Senior Suites of Jefferson Park"}}, {"type": "Feature", "geometry": {"type": "Point", "coordinates": [-87.7839139, 42.0117418]}, "properties": {"category": "civic", "amenity": "community_centre", "name": ""}}, {"type": "Feature", "geometry": {"type": "Point", "coordinates": [-87.8009326, 41.7853714]}, "properties": {"category": "social_facility", "amenity": "social_facility", "name": "Senior Suites Garfield Ridge"}}, {"type": "Feature", "geometry": {"type": "Point", "coordinates": [-87.7910837, 41.9208916]}, "properties": {"category": "social_facility", "amenity": "social_facility", "name": "The Montclare Senior Residences"}}, {"type": "Feature", "geometry": {"type": "Point", "coordinates": [-87.8067186, 41.9468378]}, "properties": {"category": "cafe", "amenity": "cafe", "name": "Starbucks"}}, {"type": "Feature", "geometry": {"type": "Point", "coordinates": [-87.7984237, 41.9845145]}, "properties": {"category": "social_facility", "amenity": "social_facility", "name": "Danish Old Peoples Home"}}, {"type": "Feature", "geometry": {"type": "Point", "coordinates": [-87.8080705, 41.9851623]}, "properties": {"category": "social_facility", "amenity": "social_facility", "name": "Senior Suites of Norwood Park"}}, {"type": "Feature", "geometry": {"type": "Point", "coordinates": [-87.8106369, 41.9908761]}, "properties": {"category": "social_facility", "amenity": "social_facility", "name": "Resurrection Retirement Community"}}, {"type": "Feature", "geometry": {"type": "Point", "coordinates": [-87.7980085, 41.9921273]}, "properties": {"category": "civic", "amenity": "library", "name": "Roden Branch Library"}}, {"type": "Feature", "geometry": {"type": "Point", "coordinates": [-87.8274859, 41.9446841]}, "properties": {"category": "civic", "amenity": "community_centre", "name": "Saint Francis Borgia Parish Hall"}}, {"type": "Feature", "geometry": {"type": "Point", "coordinates": [-87.8268413, 41.9742895]}, "properties": {"category": "civic", "amenity": "community_centre", "name": "Saint Eugene Parish Center"}}, {"type": "Feature", "geometry": {"type": "Point", "coordinates": [-87.8138608, 41.9783796]}, "properties": {"category": "civic", "amenity": "library", "name": "Oriole Park Branch Library"}}, {"type": "Feature", "geometry": {"type": "Point", "coordinates": [-87.8169243, 42.003557]}, "properties": {"category": "cafe", "amenity": "cafe", "name": "Caf\u00e9 Touch\u00e9"}}, {"type": "Feature", "geometry": {"type": "Point", "coordinates": [-87.7246128, 41.749143]}, "properties": {"category": "civic", "amenity": "library", "name": "Scottsdale Branch Library"}}, {"type": "Feature", "geometry": {"type": "Point", "coordinates": [-87.7255195, 41.764899]}, "properties": {"category": "social_facility", "amenity": "social_facility", "name": "ICH-1"}}, {"type": "Feature", "geometry": {"type": "Point", "coordinates": [-87.7266314, 41.8008881]}, "properties": {"category": "civic", "amenity": "library", "name": "Archer Heights Branch Library"}}, {"type": "Feature", "geometry": {"type": "Point", "coordinates": [-87.7241343, 41.8407015]}, "properties": {"category": "social_facility", "amenity": "social_facility", "name": "Enlace Chicago"}}, {"type": "Feature", "geometry": {"type": "Point", "coordinates": [-87.7152952, 41.8520285]}, "properties": {"category": "civic", "amenity": "community_centre", "name": "Blessed Sacrament Youth Center"}}, {"type": "Feature", "geometry": {"type": "Point", "coordinates": [-87.7190843, 41.852703]}, "properties": {"category": "social_facility", "amenity": "social_facility", "name": "Lawndale Christian Health Center Senior Center"}}, {"type": "Feature", "geometry": {"type": "Point", "coordinates": [-87.7229842, 41.8521047]}, "properties": {"category": "social_facility", "amenity": "social_facility", "name": "Ogden Family Community Resource Center"}}, {"type": "Feature", "geometry": {"type": "Point", "coordinates": [-87.7248379, 41.8420966]}, "properties": {"category": "civic", "amenity": "library", "name": "John Toman Branch Library"}}, {"type": "Feature", "geometry": {"type": "Point", "coordinates": [-87.7101333, 41.8643254]}, "properties": {"category": "civic", "amenity": "library", "name": "Douglass Branch Library"}}, {"type": "Feature", "geometry": {"type": "Point", "coordinates": [-87.7252836, 41.8793196]}, "properties": {"category": "civic", "amenity": "library", "name": "Henry E. Legler Regional Library"}}, {"type": "Feature", "geometry": {"type": "Point", "coordinates": [-87.7075775, 41.9014973]}, "properties": {"category": "social_facility", "amenity": "social_facility", "name": "Association House"}}, {"type": "Feature", "geometry": {"type": "Point", "coordinates": [-87.7182678, 41.893957]}, "properties": {"category": "social_facility", "amenity": "social_facility", "name": "Senior Suites of West Humboldt Park"}}, {"type": "Feature", "geometry": {"type": "Point", "coordinates": [-87.7097478, 41.9140663]}, "properties": {"category": "social_facility", "amenity": "social_facility", "name": "Envision Unlimited Westtown Training Center"}}, {"type": "Feature", "geometry": {"type": "Point", "coordinates": [-87.7051145, 41.9104553]}, "properties": {"category": "civic", "amenity": "library", "name": "Humboldt Park Branch Library"}}, {"type": "Feature", "geometry": {"type": "Point", "coordinates": [-87.7228047, 41.9381359]}, "properties": {"category": "social_facility", "amenity": "social_facility", "name": "Northwest (Copernicus) Regional Senior Center"}}, {"type": "Feature", "geometry": {"type": "Point", "coordinates": [-87.7172933, 41.924911]}, "properties": {"category": "social_facility", "amenity": "social_facility", "name": "Infant Welfare Society of Chicago"}}, {"type": "Feature", "geometry": {"type": "Point", "coordinates": [-87.7247287, 41.9242726]}, "properties": {"category": "social_facility", "amenity": "social_facility", "name": "Aspira"}}, {"type": "Feature", "geometry": {"type": "Point", "coordinates": [-87.7097793, 41.926335]}, "properties": {"category": "social_facility", "amenity": "social_facility", "name": "Christopher House - Logan Square Family Resource Center"}}, {"type": "Feature", "geometry": {"type": "Point", "coordinates": [-87.7229294, 41.9521314]}, "properties": {"category": "civic", "amenity": "community_centre", "name": "Women\u2019s Community Club Building"}}, {"type": "Feature", "geometry": {"type": "Point", "coordinates": [-87.7137708, 41.9699793]}, "properties": {"category": "social_facility", "amenity": "social_facility", "name": "American Indian Center"}}, {"type": "Feature", "geometry": {"type": "Point", "coordinates": [-87.7135809, 41.9678762]}, "properties": {"category": "cafe", "amenity": "cafe", "name": "Nighthawk Chicago"}}, {"type": "Feature", "geometry": {"type": "Point", "coordinates": [-87.713993, 41.9754522]}, "properties": {"category": "civic", "amenity": "library", "name": "Albany Park Branch Library"}}, {"type": "Feature", "geometry": {"type": "Point", "coordinates": [-87.7123277, 41.9742157]}, "properties": {"category": "civic", "amenity": "library", "name": "Brandel Library"}}, {"type": "Feature", "geometry": {"type": "Point", "coordinates": [-87.713147, 41.9743045]}, "properties": {"category": "civic", "amenity": "community_centre", "name": "Albany Park Community Center"}}, {"type": "Feature", "geometry": {"type": "Point", "coordinates": [-87.7191773, 41.9803588]}, "properties": {"category": "civic", "amenity": "library", "name": "Ronald Williams Library"}}, {"type": "Feature", "geometry": {"type": "Point", "coordinates": [-87.705655, 42.0060622]}, "properties": {"category": "social_facility", "amenity": "social_facility", "name": "Park Plaza"}}, {"type": "Feature", "geometry": {"type": "Point", "coordinates": [-87.6870264, 41.7025498]}, "properties": {"category": "civic", "amenity": "community_centre", "name": "Munroe Park Fieldhouse"}}, {"type": "Feature", "geometry": {"type": "Point", "coordinates": [-87.7011943, 41.693099]}, "properties": {"category": "civic", "amenity": "library", "name": "Mount Greenwood Branch Library"}}, {"type": "Feature", "geometry": {"type": "Point", "coordinates": [-87.6980166, 41.7355906]}, "properties": {"category": "social_facility", "amenity": "social_facility", "name": "Vet Center"}}, {"type": "Feature", "geometry": {"type": "Point", "coordinates": [-87.7024945, 41.7376559]}, "properties": {"category": "civic", "amenity": "library", "name": "Wrightwood-Ashburn Branch Library"}}, {"type": "Feature", "geometry": {"type": "Point", "coordinates": [-87.6931744, 41.7789117]}, "properties": {"category": "civic", "amenity": "community_centre", "name": "IMAN Community Center"}}, {"type": "Feature", "geometry": {"type": "Point", "coordinates": [-87.7051041, 41.7864326]}, "properties": {"category": "social_facility", "amenity": "social_facility", "name": "Senior Suites Of Gage Park"}}, {"type": "Feature", "geometry": {"type": "Point", "coordinates": [-87.6941763, 41.7934375]}, "properties": {"category": "civic", "amenity": "library", "name": "Gage Park Branch Library"}}, {"type": "Feature", "geometry": {"type": "Point", "coordinates": [-87.7031966, 41.815056]}, "properties": {"category": "civic", "amenity": "library", "name": "Brighton Park Branch Library"}}, {"type": "Feature", "geometry": {"type": "Point", "coordinates": [-87.6855013, 42.0437435]}, "properties": {"category": "civic", "amenity": "community_centre", "name": "McGaw YMCA Children's Center"}}, {"type": "Feature", "geometry": {"type": "Point", "coordinates": [-87.6854864, 42.0452041]}, "properties": {"category": "civic", "amenity": "community_centre", "name": "McGaw YMCA"}}, {"type": "Feature", "geometry": {"type": "Point", "coordinates": [-87.5662893, 41.6201917]}, "properties": {"category": "social_facility", "amenity": "social_facility", "name": "Bernadin Manor"}}, {"type": "Feature", "geometry": {"type": "Point", "coordinates": [-87.6854748, 42.062647]}, "properties": {"category": "civic", "amenity": "community_centre", "name": "Chandler-Newberger Community Center"}}, {"type": "Feature", "geometry": {"type": "Point", "coordinates": [-87.9135021, 42.0887237]}, "properties": {"category": "civic", "amenity": "community_centre", "name": ""}}, {"type": "Feature", "geometry": {"type": "Point", "coordinates": [-87.6742079, 42.0531855]}, "properties": {"category": "civic", "amenity": "library", "name": "Northwestern University Library"}}, {"type": "Feature", "geometry": {"type": "Point", "coordinates": [-88.2008242, 41.5922132]}, "properties": {"category": "cafe", "amenity": "cafe", "name": "Starbucks"}}, {"type": "Feature", "geometry": {"type": "Point", "coordinates": [-87.8029221, 41.8415945]}, "properties": {"category": "civic", "amenity": "library", "name": "Berwyn Public Library"}}, {"type": "Feature", "geometry": {"type": "Point", "coordinates": [-87.8204309, 41.8149477]}, "properties": {"category": "civic", "amenity": "library", "name": "Lyons Public Library"}}, {"type": "Feature", "geometry": {"type": "Point", "coordinates": [-87.8712399, 41.8249467]}, "properties": {"category": "civic", "amenity": "library", "name": "La Grange Park Public Library"}}, {"type": "Feature", "geometry": {"type": "Point", "coordinates": [-87.8722494, 41.8273331]}, "properties": {"category": "social_facility", "amenity": "social_facility", "name": "The Grove"}}, {"type": "Feature", "geometry": {"type": "Point", "coordinates": [-87.8615873, 41.8033296]}, "properties": {"category": "civic", "amenity": "community_centre", "name": ""}}, {"type": "Feature", "geometry": {"type": "Point", "coordinates": [-87.7088711, 42.0487247]}, "properties": {"category": "social_facility", "amenity": "social_facility", "name": "Shore Lois Lloyd Center"}}, {"type": "Feature", "geometry": {"type": "Point", "coordinates": [-87.7094343, 42.0748993]}, "properties": {"category": "civic", "amenity": "library", "name": "Wilmette Public Library"}}, {"type": "Feature", "geometry": {"type": "Point", "coordinates": [-87.6951978, 42.0543498]}, "properties": {"category": "civic", "amenity": "community_centre", "name": "Fleetwood-Jourdain Community Center"}}, {"type": "Feature", "geometry": {"type": "Point", "coordinates": [-87.801099, 42.0251413]}, "properties": {"category": "civic", "amenity": "community_centre", "name": "Niles Human Services Center"}}, {"type": "Feature", "geometry": {"type": "Point", "coordinates": [-87.7807873, 42.0356309]}, "properties": {"category": "civic", "amenity": "library", "name": "Morton Grove Public Library"}}, {"type": "Feature", "geometry": {"type": "Point", "coordinates": [-87.686599, 42.0468008]}, "properties": {"category": "cafe", "amenity": "cafe", "name": "Philz Coffee"}}, {"type": "Feature", "geometry": {"type": "Point", "coordinates": [-87.7330615, 42.1042334]}, "properties": {"category": "civic", "amenity": "library", "name": "Winnetka Public Library"}}, {"type": "Feature", "geometry": {"type": "Point", "coordinates": [-87.6027741, 41.8044429]}, "properties": {"category": "civic", "amenity": "community_centre", "name": "Operation PUSH Community House"}}, {"type": "Feature", "geometry": {"type": "Point", "coordinates": [-87.9818815, 41.7137519]}, "properties": {"category": "cafe", "amenity": "cafe", "name": "Cafeteria (213)"}}, {"type": "Feature", "geometry": {"type": "Point", "coordinates": [-87.9370303, 41.8337013]}, "properties": {"category": "civic", "amenity": "library", "name": "Oak Brook Public Library"}}, {"type": "Feature", "geometry": {"type": "Point", "coordinates": [-87.6042693, 41.5853924]}, "properties": {"category": "civic", "amenity": "community_centre", "name": "South Holland Community Center"}}, {"type": "Feature", "geometry": {"type": "Point", "coordinates": [-88.1449496, 42.2706103]}, "properties": {"category": "civic", "amenity": "library", "name": "Wauconda Area Library"}}, {"type": "Feature", "geometry": {"type": "Point", "coordinates": [-87.8237654, 41.8462524]}, "properties": {"category": "civic", "amenity": "library", "name": "North Riverside Public Library"}}, {"type": "Feature", "geometry": {"type": "Point", "coordinates": [-87.4557075, 41.5752171]}, "properties": {"category": "civic", "amenity": "community_centre", "name": "Jean Shepherd Community Center"}}, {"type": "Feature", "geometry": {"type": "Point", "coordinates": [-87.7147219, 42.0080509]}, "properties": {"category": "social_facility", "amenity": "social_facility", "name": "Lincolnwood Place"}}, {"type": "Feature", "geometry": {"type": "Point", "coordinates": [-87.7491587, 41.7515068]}, "properties": {"category": "civic", "amenity": "community_centre", "name": "Louis S. Viverito Senior Center"}}, {"type": "Feature", "geometry": {"type": "Point", "coordinates": [-87.7493384, 41.7515646]}, "properties": {"category": "social_facility", "amenity": "social_facility", "name": ""}}, {"type": "Feature", "geometry": {"type": "Point", "coordinates": [-87.8484905, 41.8564545]}, "properties": {"category": "civic", "amenity": "community_centre", "name": "Broadview Community Center"}}, {"type": "Feature", "geometry": {"type": "Point", "coordinates": [-88.0868082, 42.3801106]}, "properties": {"category": "social_facility", "amenity": "social_facility", "name": "Hillcrest Nursing Center"}}, {"type": "Feature", "geometry": {"type": "Point", "coordinates": [-88.0363049, 42.3466707]}, "properties": {"category": "civic", "amenity": "library", "name": "Grayslake Public Library"}}, {"type": "Feature", "geometry": {"type": "Point", "coordinates": [-88.0581265, 42.4141472]}, "properties": {"category": "civic", "amenity": "library", "name": "Lake Villa District Library"}}, {"type": "Feature", "geometry": {"type": "Point", "coordinates": [-87.5999355, 41.7921638]}, "properties": {"category": "civic", "amenity": "library", "name": "Joseph Regenstein Library"}}, {"type": "Feature", "geometry": {"type": "Point", "coordinates": [-87.8305062, 42.0106824]}, "properties": {"category": "civic", "amenity": "library", "name": "Park Ridge Public Library"}}, {"type": "Feature", "geometry": {"type": "Point", "coordinates": [-88.0197158, 41.859677]}, "properties": {"category": "cafe", "amenity": "cafe", "name": "Starbucks"}}, {"type": "Feature", "geometry": {"type": "Point", "coordinates": [-88.0114564, 41.7941693]}, "properties": {"category": "civic", "amenity": "library", "name": "Downers Grove Public Library"}}, {"type": "Feature", "geometry": {"type": "Point", "coordinates": [-88.1461491, 41.5216509]}, "properties": {"category": "cafe", "amenity": "cafe", "name": "Starbucks"}}, {"type": "Feature", "geometry": {"type": "Point", "coordinates": [-88.1428353, 41.7771917]}, "properties": {"category": "civic", "amenity": "library", "name": "Oesterle Library"}}, {"type": "Feature", "geometry": {"type": "Point", "coordinates": [-87.3402808, 41.6023224]}, "properties": {"category": "civic", "amenity": "library", "name": "Gary Public Library and Cultural Center"}}, {"type": "Feature", "geometry": {"type": "Point", "coordinates": [-87.6557629, 41.8650245]}, "properties": {"category": "social_facility", "amenity": "social_facility", "name": "SOS Children's Villages of Illinois"}}, {"type": "Feature", "geometry": {"type": "Point", "coordinates": [-87.3449687, 41.5988335]}, "properties": {"category": "social_facility", "amenity": "social_facility", "name": "Carolyn Mosby Senior Living Community"}}, {"type": "Feature", "geometry": {"type": "Point", "coordinates": [-88.3145377, 41.7000872]}, "properties": {"category": "cafe", "amenity": "cafe", "name": "Starbucks"}}, {"type": "Feature", "geometry": {"type": "Point", "coordinates": [-87.6707807, 41.9403241]}, "properties": {"category": "civic", "amenity": "library", "name": "Lincoln Belmont Branch Library"}}, {"type": "Feature", "geometry": {"type": "Point", "coordinates": [-87.7237895, 42.0812345]}, "properties": {"category": "social_facility", "amenity": "social_facility", "name": "Mallinckrodt Senior Residence"}}, {"type": "Feature", "geometry": {"type": "Point", "coordinates": [-87.835704, 41.9742979]}, "properties": {"category": "social_facility", "amenity": "social_facility", "name": "The Salvation Army Norridge Citadel Corps Community Center"}}, {"type": "Feature", "geometry": {"type": "Point", "coordinates": [-87.69531, 41.8671195]}, "properties": {"category": "social_facility", "amenity": "social_facility", "name": "A Safe Haven Foundation"}}, {"type": "Feature", "geometry": {"type": "Point", "coordinates": [-87.6970237, 41.8870426]}, "properties": {"category": "social_facility", "amenity": "social_facility", "name": "Heritage Woods"}}, {"type": "Feature", "geometry": {"type": "Point", "coordinates": [-87.6982583, 41.8771309]}, "properties": {"category": "social_facility", "amenity": "social_facility", "name": "Vince & Pat Foglia Family & Youth Center"}}, {"type": "Feature", "geometry": {"type": "Point", "coordinates": [-87.6890537, 41.8954386]}, "properties": {"category": "social_facility", "amenity": "social_facility", "name": "American Ukrainian Youth Association Inc"}}, {"type": "Feature", "geometry": {"type": "Point", "coordinates": [-87.6970476, 41.8979446]}, "properties": {"category": "civic", "amenity": "library", "name": "Read / Write Library"}}, {"type": "Feature", "geometry": {"type": "Point", "coordinates": [-87.6990162, 41.9182902]}, "properties": {"category": "social_facility", "amenity": "social_facility", "name": "New Moms"}}, {"type": "Feature", "geometry": {"type": "Point", "coordinates": [-87.7036026, 41.9250773]}, "properties": {"category": "civic", "amenity": "library", "name": "Logan Square Branch Library"}}, {"type": "Feature", "geometry": {"type": "Point", "coordinates": [-87.6845351, 41.9537614]}, "properties": {"category": "civic", "amenity": "community_centre", "name": ""}}, {"type": "Feature", "geometry": {"type": "Point", "coordinates": [-87.688641, 41.9479398]}, "properties": {"category": "cafe", "amenity": "cafe", "name": "Starbucks"}}, {"type": "Feature", "geometry": {"type": "Point", "coordinates": [-87.6913127, 41.9536588]}, "properties": {"category": "social_facility", "amenity": "social_facility", "name": "Boys & Girls Club"}}, {"type": "Feature", "geometry": {"type": "Point", "coordinates": [-87.6890837, 41.9619472]}, "properties": {"category": "civic", "amenity": "community_centre", "name": "Queen of Angels Guild Hall"}}, {"type": "Feature", "geometry": {"type": "Point", "coordinates": [-87.3672001, 41.398033]}, "properties": {"category": "social_facility", "amenity": "social_facility", "name": "St. Anthony Village"}}, {"type": "Feature", "geometry": {"type": "Point", "coordinates": [-87.6892681, 41.9681098]}, "properties": {"category": "civic", "amenity": "community_centre", "name": "DANK Haus"}}, {"type": "Feature", "geometry": {"type": "Point", "coordinates": [-87.6989588, 41.9614411]}, "properties": {"category": "social_facility", "amenity": "social_facility", "name": "Senior Suites Ravenswood Manor"}}, {"type": "Feature", "geometry": {"type": "Point", "coordinates": [-87.6963387, 41.9833733]}, "properties": {"category": "civic", "amenity": "library", "name": "Budlong Woods Library Branch"}}, {"type": "Feature", "geometry": {"type": "Point", "coordinates": [-87.6981746, 41.9845564]}, "properties": {"category": "social_facility", "amenity": "social_facility", "name": "Japanese American Service Committee"}}, {"type": "Feature", "geometry": {"type": "Point", "coordinates": [-87.6905412, 41.9907963]}, "properties": {"category": "civic", "amenity": "community_centre", "name": "Trellus"}}, {"type": "Feature", "geometry": {"type": "Point", "coordinates": [-87.700941, 41.990695]}, "properties": {"category": "social_facility", "amenity": "social_facility", "name": "Trellus"}}, {"type": "Feature", "geometry": {"type": "Point", "coordinates": [-87.6998382, 41.9934858]}, "properties": {"category": "social_facility", "amenity": "social_facility", "name": "West Ridge Senior Apartments"}}, {"type": "Feature", "geometry": {"type": "Point", "coordinates": [-87.7000508, 41.9990699]}, "properties": {"category": "social_facility", "amenity": "social_facility", "name": "The ARK"}}, {"type": "Feature", "geometry": {"type": "Point", "coordinates": [-87.6962432, 42.0118791]}, "properties": {"category": "social_facility", "amenity": "social_facility", "name": "Buckingham Pavilion Nursing and Rehabilitation"}}, {"type": "Feature", "geometry": {"type": "Point", "coordinates": [-87.7035965, 42.0118014]}, "properties": {"category": "social_facility", "amenity": "social_facility", "name": "Chicago Mitzvah Campaign"}}, {"type": "Feature", "geometry": {"type": "Point", "coordinates": [-87.6751611, 41.6824552]}, "properties": {"category": "social_facility", "amenity": "social_facility", "name": "Mercy Home Girls Campus"}}, {"type": "Feature", "geometry": {"type": "Point", "coordinates": [-87.6796437, 41.6883161]}, "properties": {"category": "social_facility", "amenity": "social_facility", "name": ""}}, {"type": "Feature", "geometry": {"type": "Point", "coordinates": [-87.6738177, 41.6921816]}, "properties": {"category": "civic", "amenity": "library", "name": "George C. Walker Branch Library"}}, {"type": "Feature", "geometry": {"type": "Point", "coordinates": [-87.6799519, 41.6878784]}, "properties": {"category": "social_facility", "amenity": "social_facility", "name": "Smith Village"}}, {"type": "Feature", "geometry": {"type": "Point", "coordinates": [-87.6688211, 41.69909]}, "properties": {"category": "cafe", "amenity": "cafe", "name": "Favia Cafe & Sweets Shop"}}, {"type": "Feature", "geometry": {"type": "Point", "coordinates": [-87.6704345, 41.7063637]}, "properties": {"category": "cafe", "amenity": "cafe", "name": "Starbucks"}}, {"type": "Feature", "geometry": {"type": "Point", "coordinates": [-87.672251, 41.7213823]}, "properties": {"category": "civic", "amenity": "library", "name": "Beverly Branch Library"}}, {"type": "Feature", "geometry": {"type": "Point", "coordinates": [-87.6824647, 41.7478639]}, "properties": {"category": "social_facility", "amenity": "social_facility", "name": "BRIA of Forest Edge"}}, {"type": "Feature", "geometry": {"type": "Point", "coordinates": [-87.6684528, 41.7790786]}, "properties": {"category": "civic", "amenity": "library", "name": "West Englewood Library"}}, {"type": "Feature", "geometry": {"type": "Point", "coordinates": [-87.6830792, 41.8062192]}, "properties": {"category": "social_facility", "amenity": "social_facility", "name": "Aperion Care International"}}, {"type": "Feature", "geometry": {"type": "Point", "coordinates": [-87.6735735, 41.8301613]}, "properties": {"category": "civic", "amenity": "library", "name": "McKinley Park Branch Library"}}, {"type": "Feature", "geometry": {"type": "Point", "coordinates": [-87.6675641, 41.8576092]}, "properties": {"category": "cafe", "amenity": "cafe", "name": "Monsivais Cafe"}}, {"type": "Feature", "geometry": {"type": "Point", "coordinates": [-87.6769087, 41.8654136]}, "properties": {"category": "social_facility", "amenity": "social_facility", "name": "Children's Advocacy Center"}}, {"type": "Feature", "geometry": {"type": "Point", "coordinates": [-87.6726791, 41.8672867]}, "properties": {"category": "social_facility", "amenity": "social_facility", "name": "The Chicago Lighthouse for People Who Are Blind or Visually Impaired"}}, {"type": "Feature", "geometry": {"type": "Point", "coordinates": [-87.6750716, 41.8673565]}, "properties": {"category": "social_facility", "amenity": "social_facility", "name": "Illinois Center for Rehabilitation and Education"}}, {"type": "Feature", "geometry": {"type": "Point", "coordinates": [-87.6709278, 41.8718772]}, "properties": {"category": "civic", "amenity": "library", "name": "Library of the Health Sciences"}}, {"type": "Feature", "geometry": {"type": "Point", "coordinates": [-87.6652758, 41.8817758]}, "properties": {"category": "social_facility", "amenity": "social_facility", "name": "The Salvation Army Chicago Temple Corps Community Center"}}, {"type": "Feature", "geometry": {"type": "Point", "coordinates": [-87.6647314, 41.8818129]}, "properties": {"category": "social_facility", "amenity": "social_facility", "name": "Salvation Army Booth Manor"}}, {"type": "Feature", "geometry": {"type": "Point", "coordinates": [-87.6664429, 41.8880456]}, "properties": {"category": "social_facility", "amenity": "social_facility", "name": "Little Brothers Friends of the Elderly"}}, {"type": "Feature", "geometry": {"type": "Point", "coordinates": [-87.6796528, 41.8802906]}, "properties": {"category": "social_facility", "amenity": "social_facility", "name": "Boys & Girls Club"}}, {"type": "Feature", "geometry": {"type": "Point", "coordinates": [-87.6799131, 41.882431]}, "properties": {"category": "social_facility", "amenity": "social_facility", "name": "Michael Barlow Center"}}, {"type": "Feature", "geometry": {"type": "Point", "coordinates": [-87.6795575, 41.8810182]}, "properties": {"category": "civic", "amenity": "library", "name": "Mabel Manning Branch Library"}}, {"type": "Feature", "geometry": {"type": "Point", "coordinates": [-87.6683667, 41.8957803]}, "properties": {"category": "civic", "amenity": "library", "name": "West Town Branch Library"}}, {"type": "Feature", "geometry": {"type": "Point", "coordinates": [-87.670057, 41.8948521]}, "properties": {"category": "civic", "amenity": "community_centre", "name": "Erie Neighborhood House"}}, {"type": "Feature", "geometry": {"type": "Point", "coordinates": [-87.6813208, 41.9033866]}, "properties": {"category": "cafe", "amenity": "cafe", "name": "Purple Llama"}}, {"type": "Feature", "geometry": {"type": "Point", "coordinates": [-87.6674481, 41.9136291]}, "properties": {"category": "social_facility", "amenity": "social_facility", "name": "The Night Ministry"}}, {"type": "Feature", "geometry": {"type": "Point", "coordinates": [-87.6771954, 41.9136794]}, "properties": {"category": "cafe", "amenity": "cafe", "name": "Mindy's Hot Chocolate"}}, {"type": "Feature", "geometry": {"type": "Point", "coordinates": [-87.682801, 41.9183093]}, "properties": {"category": "cafe", "amenity": "cafe", "name": "Red June"}}, {"type": "Feature", "geometry": {"type": "Point", "coordinates": [-87.6642195, 41.9475431]}, "properties": {"category": "cafe", "amenity": "cafe", "name": "Cafe Tola #1"}}, {"type": "Feature", "geometry": {"type": "Point", "coordinates": [-87.6635466, 41.9546012]}, "properties": {"category": "civic", "amenity": "community_centre", "name": "Rizal Center"}}, {"type": "Feature", "geometry": {"type": "Point", "coordinates": [-87.6796501, 41.9684756]}, "properties": {"category": "social_facility", "amenity": "social_facility", "name": "Northeast (Levy) Senior Center"}}, {"type": "Feature", "geometry": {"type": "Point", "coordinates": [-87.6800183, 41.9684676]}, "properties": {"category": "civic", "amenity": "community_centre", "name": "Levy Senior Center"}}, {"type": "Feature", "geometry": {"type": "Point", "coordinates": [-87.6657323, 41.975955]}, "properties": {"category": "social_facility", "amenity": "social_facility", "name": "Aperion Care Wesley"}}, {"type": "Feature", "geometry": {"type": "Point", "coordinates": [-87.665418, 41.97596]}, "properties": {"category": "social_facility", "amenity": "social_facility", "name": "Aperion Care Wesley"}}, {"type": "Feature", "geometry": {"type": "Point", "coordinates": [-87.6759096, 41.9910585]}, "properties": {"category": "social_facility", "amenity": "social_facility", "name": "G&A Senior Resindence & Ravenswood"}}, {"type": "Feature", "geometry": {"type": "Point", "coordinates": [-87.6705153, 41.9950411]}, "properties": {"category": "social_facility", "amenity": "social_facility", "name": "Centro Romero"}}, {"type": "Feature", "geometry": {"type": "Point", "coordinates": [-87.6778184, 41.9993368]}, "properties": {"category": "social_facility", "amenity": "social_facility", "name": "RYZE at the Ridge"}}, {"type": "Feature", "geometry": {"type": "Point", "coordinates": [-87.6666678, 42.0070392]}, "properties": {"category": "social_facility", "amenity": "social_facility", "name": "Farwell House"}}, {"type": "Feature", "geometry": {"type": "Point", "coordinates": [-87.6641634, 42.0134496]}, "properties": {"category": "social_facility", "amenity": "social_facility", "name": "Aperion Care Lakeshore"}}, {"type": "Feature", "geometry": {"type": "Point", "coordinates": [-87.6650322, 42.0174257]}, "properties": {"category": "social_facility", "amenity": "social_facility", "name": "The Waterford Care Center"}}, {"type": "Feature", "geometry": {"type": "Point", "coordinates": [-87.6660416, 42.0178348]}, "properties": {"category": "social_facility", "amenity": "social_facility", "name": "Alden Village North"}}, {"type": "Feature", "geometry": {"type": "Point", "coordinates": [-87.6717115, 42.0184008]}, "properties": {"category": "civic", "amenity": "community_centre", "name": "Howard Area Community Center"}}, {"type": "Feature", "geometry": {"type": "Point", "coordinates": [-87.6731874, 42.0069876]}, "properties": {"category": "civic", "amenity": "library", "name": "Rogers Park Branch Library"}}, {"type": "Feature", "geometry": {"type": "Point", "coordinates": [-87.643112, 41.6780505]}, "properties": {"category": "civic", "amenity": "library", "name": "West Pullman Branch Library"}}, {"type": "Feature", "geometry": {"type": "Point", "coordinates": [-87.6427079, 41.7209304]}, "properties": {"category": "civic", "amenity": "library", "name": "Carter G. Woodson Regional Library"}}, {"type": "Feature", "geometry": {"type": "Point", "coordinates": [-87.657725, 41.7325374]}, "properties": {"category": "civic", "amenity": "library", "name": "Brainerd Branch Library"}}, {"type": "Feature", "geometry": {"type": "Point", "coordinates": [-87.6529409, 41.750707]}, "properties": {"category": "civic", "amenity": "community_centre", "name": "Englewood Community Service Center"}}, {"type": "Feature", "geometry": {"type": "Point", "coordinates": [-87.6492832, 41.7507427]}, "properties": {"category": "cafe", "amenity": "cafe", "name": "Brewer Coffee & Custard"}}, {"type": "Feature", "geometry": {"type": "Point", "coordinates": [-87.6506986, 41.7507542]}, "properties": {"category": "social_facility", "amenity": "social_facility", "name": "Senior Suites of Auburn Gresham"}}, {"type": "Feature", "geometry": {"type": "Point", "coordinates": [-87.6546887, 41.7507291]}, "properties": {"category": "social_facility", "amenity": "social_facility", "name": "St. Sabina Elders Village Apartments"}}, {"type": "Feature", "geometry": {"type": "Point", "coordinates": [-87.6432354, 41.752926]}, "properties": {"category": "social_facility", "amenity": "social_facility", "name": "St Leo's Residence for Veterans"}}, {"type": "Feature", "geometry": {"type": "Point", "coordinates": [-87.6543733, 41.7573658]}, "properties": {"category": "civic", "amenity": "library", "name": "Thurgood Marshall Branch Library"}}, {"type": "Feature", "geometry": {"type": "Point", "coordinates": [-87.6608815, 41.7688611]}, "properties": {"category": "social_facility", "amenity": "social_facility", "name": "Wheeler House Senior Residence"}}, {"type": "Feature", "geometry": {"type": "Point", "coordinates": [-87.646429, 41.772885]}, "properties": {"category": "civic", "amenity": "community_centre", "name": "The Center of Englewood"}}, {"type": "Feature", "geometry": {"type": "Point", "coordinates": [-87.6462399, 41.7685982]}, "properties": {"category": "social_facility", "amenity": "social_facility", "name": "Englewood Community Services"}}, {"type": "Feature", "geometry": {"type": "Point", "coordinates": [-87.6487384, 41.7685202]}, "properties": {"category": "civic", "amenity": "community_centre", "name": "Adele and Robert Stern Red Shield Center"}}, {"type": "Feature", "geometry": {"type": "Point", "coordinates": [-87.6488174, 41.7812089]}, "properties": {"category": "civic", "amenity": "community_centre", "name": "Primo Center"}}, {"type": "Feature", "geometry": {"type": "Point", "coordinates": [-87.6421548, 41.7795534]}, "properties": {"category": "social_facility", "amenity": "social_facility", "name": "Chicago Englwood Senior Satellite Center"}}, {"type": "Feature", "geometry": {"type": "Point", "coordinates": [-87.7171021, 41.779011]}, "properties": {"category": "cafe", "amenity": "cafe", "name": ""}}, {"type": "Feature", "geometry": {"type": "Point", "coordinates": [-87.7236109, 41.7789031]}, "properties": {"category": "civic", "amenity": "library", "name": "West Lawn Branch Library"}}, {"type": "Feature", "geometry": {"type": "Point", "coordinates": [-87.6577456, 41.8043962]}, "properties": {"category": "civic", "amenity": "community_centre", "name": "Back of the Yards Park Fieldhouse"}}, {"type": "Feature", "geometry": {"type": "Point", "coordinates": [-87.6616688, 41.8018423]}, "properties": {"category": "social_facility", "amenity": "social_facility", "name": "Su Casa"}}, {"type": "Feature", "geometry": {"type": "Point", "coordinates": [-87.6472254, 41.7945297]}, "properties": {"category": "social_facility", "amenity": "social_facility", "name": "Westhaven Homes"}}, {"type": "Feature", "geometry": {"type": "Point", "coordinates": [-87.6551506, 41.7948335]}, "properties": {"category": "civic", "amenity": "library", "name": "Sherman Park Branch Library"}}, {"type": "Feature", "geometry": {"type": "Point", "coordinates": [-87.6425942, 41.8164814]}, "properties": {"category": "civic", "amenity": "library", "name": "Canaryville Branch Library"}}, {"type": "Feature", "geometry": {"type": "Point", "coordinates": [-87.6464639, 41.8325677]}, "properties": {"category": "civic", "amenity": "library", "name": "Richard J. Daley Branch Library"}}, {"type": "Feature", "geometry": {"type": "Point", "coordinates": [-87.6556001, 41.8353553]}, "properties": {"category": "civic", "amenity": "community_centre", "name": "Wilson Community Center"}}, {"type": "Feature", "geometry": {"type": "Point", "coordinates": [-87.6452851, 41.8322377]}, "properties": {"category": "social_facility", "amenity": "social_facility", "name": "Boys & Girls Club"}}, {"type": "Feature", "geometry": {"type": "Point", "coordinates": [-87.6596395, 41.8266804]}, "properties": {"category": "cafe", "amenity": "cafe", "name": "Iron Caf\u00e9"}}, {"type": "Feature", "geometry": {"type": "Point", "coordinates": [-87.6461142, 41.8428519]}, "properties": {"category": "social_facility", "amenity": "social_facility", "name": "Senior Suites of Bridgeport"}}, {"type": "Feature", "geometry": {"type": "Point", "coordinates": [-87.6609448, 41.8575155]}, "properties": {"category": "civic", "amenity": "library", "name": "Rudy Lozano Branch Library"}}, {"type": "Feature", "geometry": {"type": "Point", "coordinates": [-87.6532072, 41.8767883]}, "properties": {"category": "civic", "amenity": "community_centre", "name": "Crown Family YMCA Center"}}, {"type": "Feature", "geometry": {"type": "Point", "coordinates": [-87.6558146, 41.878208]}, "properties": {"category": "social_facility", "amenity": "social_facility", "name": "Mercy Home for Boys & Girls"}}, {"type": "Feature", "geometry": {"type": "Point", "coordinates": [-87.6547595, 41.8837865]}, "properties": {"category": "civic", "amenity": "library", "name": "West Loop Branch Library"}}, {"type": "Feature", "geometry": {"type": "Point", "coordinates": [-87.6611299, 41.8995421]}, "properties": {"category": "social_facility", "amenity": "social_facility", "name": "Polish Roman Catholic Union of America"}}, {"type": "Feature", "geometry": {"type": "Point", "coordinates": [-87.6614231, 41.8931688]}, "properties": {"category": "social_facility", "amenity": "social_facility", "name": "Erie Neighborhood House"}}, {"type": "Feature", "geometry": {"type": "Point", "coordinates": [-87.6454151, 41.8917098]}, "properties": {"category": "social_facility", "amenity": "social_facility", "name": "The Salvation Army"}}, {"type": "Feature", "geometry": {"type": "Point", "coordinates": [-87.6458626, 41.9231343]}, "properties": {"category": "cafe", "amenity": "cafe", "name": "Countryside Cafe"}}, {"type": "Feature", "geometry": {"type": "Point", "coordinates": [-87.6598977, 41.9242278]}, "properties": {"category": "social_facility", "amenity": "social_facility", "name": "St. Mary's Home"}}, {"type": "Feature", "geometry": {"type": "Point", "coordinates": [-87.6687301, 41.8911972]}, "properties": {"category": "social_facility", "amenity": "social_facility", "name": "Esperanza Community Services"}}, {"type": "Feature", "geometry": {"type": "Point", "coordinates": [-87.6403348, 41.9247601]}, "properties": {"category": "cafe", "amenity": "cafe", "name": "Serai Cafe & Deli"}}, {"type": "Feature", "geometry": {"type": "Point", "coordinates": [-87.6448178, 41.931544]}, "properties": {"category": "social_facility", "amenity": "social_facility", "name": "Sunrise of Lincoln Park"}}, {"type": "Feature", "geometry": {"type": "Point", "coordinates": [-87.6479087, 41.9256932]}, "properties": {"category": "cafe", "amenity": "cafe", "name": "Bourgeois Pig Cafe"}}, {"type": "Feature", "geometry": {"type": "Point", "coordinates": [-87.6449425, 41.9362156]}, "properties": {"category": "civic", "amenity": "community_centre", "name": "Chabad East Lakeview Community Center"}}, {"type": "Feature", "geometry": {"type": "Point", "coordinates": [-87.6462143, 41.9403177]}, "properties": {"category": "civic", "amenity": "library", "name": "Merlo Branch Library"}}, {"type": "Feature", "geometry": {"type": "Point", "coordinates": [-87.6541094, 41.9539963]}, "properties": {"category": "social_facility", "amenity": "social_facility", "name": "Nourishing Hope"}}, {"type": "Feature", "geometry": {"type": "Point", "coordinates": [-87.6504652, 41.9549971]}, "properties": {"category": "civic", "amenity": "community_centre", "name": "Broadway Youth Center"}}, {"type": "Feature", "geometry": {"type": "Point", "coordinates": [-87.6417043, 41.952177]}, "properties": {"category": "cafe", "amenity": "cafe", "name": "Clock Tower Cafe"}}, {"type": "Feature", "geometry": {"type": "Point", "coordinates": [-87.6607481, 41.9716912]}, "properties": {"category": "civic", "amenity": "library", "name": "Bezazian Branch Library"}}, {"type": "Feature", "geometry": {"type": "Point", "coordinates": [-87.6541979, 41.9575852]}, "properties": {"category": "social_facility", "amenity": "social_facility", "name": "Eden Assisted Living"}}, {"type": "Feature", "geometry": {"type": "Point", "coordinates": [-87.6493057, 41.9636751]}, "properties": {"category": "civic", "amenity": "community_centre", "name": "Clarendon Park Community Center"}}, {"type": "Feature", "geometry": {"type": "Point", "coordinates": [-87.6501588, 41.9696305]}, "properties": {"category": "social_facility", "amenity": "social_facility", "name": "The Salvation Army"}}, {"type": "Feature", "geometry": {"type": "Point", "coordinates": [-87.6488967, 41.9616135]}, "properties": {"category": "social_facility", "amenity": "social_facility", "name": "The Carlton"}}, {"type": "Feature", "geometry": {"type": "Point", "coordinates": [-87.6509596, 41.9693939]}, "properties": {"category": "social_facility", "amenity": "social_facility", "name": "Alden Lakeland"}}, {"type": "Feature", "geometry": {"type": "Point", "coordinates": [-87.6539135, 41.9688826]}, "properties": {"category": "civic", "amenity": "community_centre", "name": "Preston Bradley Center"}}, {"type": "Feature", "geometry": {"type": "Point", "coordinates": [-87.654199, 41.958188]}, "properties": {"category": "civic", "amenity": "library", "name": "Uptown Branch Library"}}, {"type": "Feature", "geometry": {"type": "Point", "coordinates": [-87.653341, 41.9735793]}, "properties": {"category": "social_facility", "amenity": "social_facility", "name": "The SelfHelp Home"}}, {"type": "Feature", "geometry": {"type": "Point", "coordinates": [-87.6568708, 42.0007457]}, "properties": {"category": "civic", "amenity": "library", "name": "Cudahy Library"}}, {"type": "Feature", "geometry": {"type": "Point", "coordinates": [-87.6607052, 41.9919477]}, "properties": {"category": "cafe", "amenity": "cafe", "name": "Loaves and Witches"}}, {"type": "Feature", "geometry": {"type": "Point", "coordinates": [-87.6548181, 41.9952878]}, "properties": {"category": "cafe", "amenity": "cafe", "name": "The Waterfront Cafe"}}, {"type": "Feature", "geometry": {"type": "Point", "coordinates": [-87.6223799, 41.6811891]}, "properties": {"category": "social_facility", "amenity": "social_facility", "name": "Roseland Senior Housing Center"}}, {"type": "Feature", "geometry": {"type": "Point", "coordinates": [-87.6217944, 41.7210823]}, "properties": {"category": "social_facility", "amenity": "social_facility", "name": "Abbott Park Senior Center"}}, {"type": "Feature", "geometry": {"type": "Point", "coordinates": [-87.6288275, 41.736445]}, "properties": {"category": "cafe", "amenity": "cafe", "name": "Starbucks"}}, {"type": "Feature", "geometry": {"type": "Point", "coordinates": [-87.6231444, 41.7434944]}, "properties": {"category": "cafe", "amenity": "cafe", "name": "Mather\u2019s More Than a Cafe"}}, {"type": "Feature", "geometry": {"type": "Point", "coordinates": [-87.6312533, 41.7610713]}, "properties": {"category": "social_facility", "amenity": "social_facility", "name": "Maria Shelter"}}, {"type": "Feature", "geometry": {"type": "Point", "coordinates": [-87.6372462, 41.7820006]}, "properties": {"category": "civic", "amenity": "library", "name": "Kelly Branch Library"}}, {"type": "Feature", "geometry": {"type": "Point", "coordinates": [-87.656253, 42.0002565]}, "properties": {"category": "civic", "amenity": "library", "name": "Information Commons"}}, {"type": "Feature", "geometry": {"type": "Point", "coordinates": [-87.6223083, 41.8071993]}, "properties": {"category": "civic", "amenity": "library", "name": "George C. Hall Branch Library"}}, {"type": "Feature", "geometry": {"type": "Point", "coordinates": [-87.6213877, 41.8026495]}, "properties": {"category": "social_facility", "amenity": "social_facility", "name": "Fred C. Matthews III Senior Housing"}}, {"type": "Feature", "geometry": {"type": "Point", "coordinates": [-87.6227052, 41.8224341]}, "properties": {"category": "civic", "amenity": "community_centre", "name": "Elliot Donelley Youth Center"}}, {"type": "Feature", "geometry": {"type": "Point", "coordinates": [-87.6382598, 41.8238867]}, "properties": {"category": "cafe", "amenity": "cafe", "name": "Snack Shop"}}, {"type": "Feature", "geometry": {"type": "Point", "coordinates": [-87.6248149, 41.8409826]}, "properties": {"category": "civic", "amenity": "community_centre", "name": "Henry Booth House"}}, {"type": "Feature", "geometry": {"type": "Point", "coordinates": [-87.6219435, 41.8266952]}, "properties": {"category": "social_facility", "amenity": "social_facility", "name": "Matthew House"}}, {"type": "Feature", "geometry": {"type": "Point", "coordinates": [-87.6362732, 41.8538633]}, "properties": {"category": "social_facility", "amenity": "social_facility", "name": "CASL Senior Housing"}}, {"type": "Feature", "geometry": {"type": "Point", "coordinates": [-87.6355975, 41.854383]}, "properties": {"category": "social_facility", "amenity": "social_facility", "name": "Chinese-American Service League"}}, {"type": "Feature", "geometry": {"type": "Point", "coordinates": [-87.62332, 41.8512812]}, "properties": {"category": "cafe", "amenity": "cafe", "name": "Connie's Coffee"}}, {"type": "Feature", "geometry": {"type": "Point", "coordinates": [-87.6341602, 41.8523503]}, "properties": {"category": "civic", "amenity": "community_centre", "name": "Chinese Community Center"}}, {"type": "Feature", "geometry": {"type": "Point", "coordinates": [-87.6353467, 41.8511589]}, "properties": {"category": "social_facility", "amenity": "social_facility", "name": "Chinatown Elderly Apartments"}}, {"type": "Feature", "geometry": {"type": "Point", "coordinates": [-87.6359938, 41.8433274]}, "properties": {"category": "social_facility", "amenity": "social_facility", "name": "Long Life Apartments"}}, {"type": "Feature", "geometry": {"type": "Point", "coordinates": [-87.6229539, 41.8638101]}, "properties": {"category": "social_facility", "amenity": "social_facility", "name": "Senior Suites Central Station"}}, {"type": "Feature", "geometry": {"type": "Point", "coordinates": [-87.6319672, 41.8962989]}, "properties": {"category": "social_facility", "amenity": "social_facility", "name": "Access Living"}}, {"type": "Feature", "geometry": {"type": "Point", "coordinates": [-87.6337897, 41.891959]}, "properties": {"category": "social_facility", "amenity": "social_facility", "name": "Gilda's Club"}}, {"type": "Feature", "geometry": {"type": "Point", "coordinates": [-87.6246405, 41.8938857]}, "properties": {"category": "cafe", "amenity": "cafe", "name": "Starbucks Reserve"}}, {"type": "Feature", "geometry": {"type": "Point", "coordinates": [-87.6391522, 41.9008903]}, "properties": {"category": "social_facility", "amenity": "social_facility", "name": "Lower North Center"}}, {"type": "Feature", "geometry": {"type": "Point", "coordinates": [-87.6281648, 41.901698]}, "properties": {"category": "cafe", "amenity": "cafe", "name": "Whispers Coffee & Tea"}}, {"type": "Feature", "geometry": {"type": "Point", "coordinates": [-87.6365802, 41.9041392]}, "properties": {"category": "civic", "amenity": "library", "name": "Near North Branch Library"}}, {"type": "Feature", "geometry": {"type": "Point", "coordinates": [-87.6321593, 41.8952197]}, "properties": {"category": "social_facility", "amenity": "social_facility", "name": "Catholic Charities of the Archdiocese of Chicago"}}, {"type": "Feature", "geometry": {"type": "Point", "coordinates": [-87.6043219, 41.6907922]}, "properties": {"category": "social_facility", "amenity": "social_facility", "name": "Illinois DHS Family Community Resource Center in Cook County - Roseland"}}, {"type": "Feature", "geometry": {"type": "Point", "coordinates": [-87.6085429, 41.690624]}, "properties": {"category": "cafe", "amenity": "cafe", "name": "The Pullman Cafe"}}, {"type": "Feature", "geometry": {"type": "Point", "coordinates": [-87.6179864, 41.6943582]}, "properties": {"category": "civic", "amenity": "library", "name": "Pullman Branch Library"}}, {"type": "Feature", "geometry": {"type": "Point", "coordinates": [-87.6100826, 41.7202066]}, "properties": {"category": "civic", "amenity": "library", "name": "Gwendolyn Brooks Library"}}, {"type": "Feature", "geometry": {"type": "Point", "coordinates": [-87.6041691, 41.7295484]}, "properties": {"category": "social_facility", "amenity": "social_facility", "name": "Burnside Community Services Center"}}, {"type": "Feature", "geometry": {"type": "Point", "coordinates": [-87.6054951, 41.743605]}, "properties": {"category": "social_facility", "amenity": "social_facility", "name": "Senior Suites of Chatham"}}, {"type": "Feature", "geometry": {"type": "Point", "coordinates": [-87.6144743, 41.7508966]}, "properties": {"category": "civic", "amenity": "library", "name": "Whitney M. Young Jr. Branch Library"}}, {"type": "Feature", "geometry": {"type": "Point", "coordinates": [-87.6127262, 41.7732971]}, "properties": {"category": "civic", "amenity": "community_centre", "name": "Edward G. Irvin Center"}}, {"type": "Feature", "geometry": {"type": "Point", "coordinates": [-87.6062101, 41.7746696]}, "properties": {"category": "social_facility", "amenity": "social_facility", "name": "YWCA Laura Parks and Mildred Francis Center"}}, {"type": "Feature", "geometry": {"type": "Point", "coordinates": [-87.617295, 41.7643967]}, "properties": {"category": "civic", "amenity": "community_centre", "name": "Saint Columbanus Church Social Center"}}, {"type": "Feature", "geometry": {"type": "Point", "coordinates": [-87.6024423, 41.7640598]}, "properties": {"category": "social_facility", "amenity": "social_facility", "name": "Gary Comer Youth Center"}}, {"type": "Feature", "geometry": {"type": "Point", "coordinates": [-87.6068351, 41.7801319]}, "properties": {"category": "civic", "amenity": "library", "name": "Bessie Coleman Branch Library"}}, {"type": "Feature", "geometry": {"type": "Point", "coordinates": [-87.6048805, 41.7816801]}, "properties": {"category": "civic", "amenity": "community_centre", "name": "Harriet Harris Community Center"}}, {"type": "Feature", "geometry": {"type": "Point", "coordinates": [-87.6197188, 41.7968529]}, "properties": {"category": "social_facility", "amenity": "social_facility", "name": "Chicago Youth Programs"}}, {"type": "Feature", "geometry": {"type": "Point", "coordinates": [-87.604183, 41.7955572]}, "properties": {"category": "social_facility", "amenity": "social_facility", "name": "Ronald McDonald House"}}, {"type": "Feature", "geometry": {"type": "Point", "coordinates": [-87.6182061, 41.8224596]}, "properties": {"category": "social_facility", "amenity": "social_facility", "name": "Trinity Acres Senior Apartments"}}, {"type": "Feature", "geometry": {"type": "Point", "coordinates": [-87.6173583, 41.8186227]}, "properties": {"category": "social_facility", "amenity": "social_facility", "name": "Centers For New Horizons"}}, {"type": "Feature", "geometry": {"type": "Point", "coordinates": [-87.6063036, 41.8165369]}, "properties": {"category": "social_facility", "amenity": "social_facility", "name": "Centers For New Horizons: Effie Ellis Center"}}, {"type": "Feature", "geometry": {"type": "Point", "coordinates": [-87.6034234, 41.8129475]}, "properties": {"category": "social_facility", "amenity": "social_facility", "name": "Kenwood Village"}}, {"type": "Feature", "geometry": {"type": "Point", "coordinates": [-87.6072808, 41.8163407]}, "properties": {"category": "social_facility", "amenity": "social_facility", "name": "Dr. Martin Luther King Jr. Community Service Center"}}, {"type": "Feature", "geometry": {"type": "Point", "coordinates": [-87.6196264, 41.8305827]}, "properties": {"category": "social_facility", "amenity": "social_facility", "name": "All Faith Pavilion Nursing & Rehabilitation Center"}}, {"type": "Feature", "geometry": {"type": "Point", "coordinates": [-87.6177754, 41.831811]}, "properties": {"category": "civic", "amenity": "library", "name": "Dr. Martin Luther King, Jr. Branch Library"}}, {"type": "Feature", "geometry": {"type": "Point", "coordinates": [-87.5862519, 41.7463362]}, "properties": {"category": "civic", "amenity": "library", "name": "Avalon Branch Library"}}, {"type": "Feature", "geometry": {"type": "Point", "coordinates": [-87.5804472, 41.7512904]}, "properties": {"category": "social_facility", "amenity": "social_facility", "name": "Southeast (Atlas) Regional Senior Center"}}, {"type": "Feature", "geometry": {"type": "Point", "coordinates": [-87.5845926, 41.7657891]}, "properties": {"category": "social_facility", "amenity": "social_facility", "name": "Maranatha Community Youth Center"}}, {"type": "Feature", "geometry": {"type": "Point", "coordinates": [-87.5808065, 41.7664258]}, "properties": {"category": "social_facility", "amenity": "social_facility", "name": "WIC Food and Nutrition Center"}}, {"type": "Feature", "geometry": {"type": "Point", "coordinates": [-87.580414, 41.7665263]}, "properties": {"category": "social_facility", "amenity": "social_facility", "name": "ABJ Community Services"}}, {"type": "Feature", "geometry": {"type": "Point", "coordinates": [-87.5799576, 41.7658254]}, "properties": {"category": "civic", "amenity": "community_centre", "name": "Don Nash Community Center"}}, {"type": "Feature", "geometry": {"type": "Point", "coordinates": [-87.5853489, 41.7727464]}, "properties": {"category": "social_facility", "amenity": "social_facility", "name": "Good Shepherd Manor"}}, {"type": "Feature", "geometry": {"type": "Point", "coordinates": [-87.5856011, 41.7658201]}, "properties": {"category": "cafe", "amenity": "cafe", "name": "Starbucks"}}, {"type": "Feature", "geometry": {"type": "Point", "coordinates": [-87.5926859, 41.7834399]}, "properties": {"category": "social_facility", "amenity": "social_facility", "name": "Parkshore Estates"}}, {"type": "Feature", "geometry": {"type": "Point", "coordinates": [-87.5655217, 41.7132259]}, "properties": {"category": "civic", "amenity": "library", "name": "Jeffery Manor Branch Library"}}, {"type": "Feature", "geometry": {"type": "Point", "coordinates": [-87.5641888, 41.7277111]}, "properties": {"category": "civic", "amenity": "community_centre", "name": "Chicago Youth Centers - Calumet Heights"}}, {"type": "Feature", "geometry": {"type": "Point", "coordinates": [-87.5654955, 41.7574182]}, "properties": {"category": "social_facility", "amenity": "social_facility", "name": "South Central Community Services: South Shore Campus"}}, {"type": "Feature", "geometry": {"type": "Point", "coordinates": [-87.5647646, 41.7569444]}, "properties": {"category": "civic", "amenity": "community_centre", "name": "Rebecca K. Crown Youth Center"}}, {"type": "Feature", "geometry": {"type": "Point", "coordinates": [-87.5607669, 41.7605356]}, "properties": {"category": "social_facility", "amenity": "social_facility", "name": "Grand Regency Of South Shore"}}, {"type": "Feature", "geometry": {"type": "Point", "coordinates": [-87.5678669, 41.7733585]}, "properties": {"category": "social_facility", "amenity": "social_facility", "name": "Senior Suites of South Shore"}}, {"type": "Feature", "geometry": {"type": "Point", "coordinates": [-87.5637051, 41.7624417]}, "properties": {"category": "civic", "amenity": "library", "name": "South Shore Branch Library"}}, {"type": "Feature", "geometry": {"type": "Point", "coordinates": [-87.5407644, 41.6529999]}, "properties": {"category": "civic", "amenity": "community_centre", "name": "Hegewisch Community Center"}}, {"type": "Feature", "geometry": {"type": "Point", "coordinates": [-87.540537, 41.6485959]}, "properties": {"category": "social_facility", "amenity": "social_facility", "name": "Senior Suites of Hegewisch"}}, {"type": "Feature", "geometry": {"type": "Point", "coordinates": [-87.5487695, 41.6594101]}, "properties": {"category": "civic", "amenity": "library", "name": "Hegewisch Branch Library"}}, {"type": "Feature", "geometry": {"type": "Point", "coordinates": [-87.5507599, 41.7220697]}, "properties": {"category": "social_facility", "amenity": "social_facility", "name": "Institute of Women Today"}}, {"type": "Feature", "geometry": {"type": "Point", "coordinates": [-87.5501129, 41.7303828]}, "properties": {"category": "civic", "amenity": "community_centre", "name": "SkyART"}}, {"type": "Feature", "geometry": {"type": "Point", "coordinates": [-87.5492195, 41.7298007]}, "properties": {"category": "civic", "amenity": "community_centre", "name": "The Salud Center"}}, {"type": "Feature", "geometry": {"type": "Point", "coordinates": [-87.5493799, 41.7285476]}, "properties": {"category": "social_facility", "amenity": "social_facility", "name": "El Valor Ray Gonzalez Children & Family Center"}}, {"type": "Feature", "geometry": {"type": "Point", "coordinates": [-87.5517784, 41.734948]}, "properties": {"category": "civic", "amenity": "community_centre", "name": "Centro Comunitario Juan Diego"}}, {"type": "Feature", "geometry": {"type": "Point", "coordinates": [-87.5495441, 41.7303722]}, "properties": {"category": "civic", "amenity": "library", "name": "South Chicago Branch Library"}}, {"type": "Feature", "geometry": {"type": "Point", "coordinates": [-87.5336173, 41.7029532]}, "properties": {"category": "civic", "amenity": "library", "name": "Vodak-East Side Branch Library"}}, {"type": "Feature", "geometry": {"type": "Point", "coordinates": [-87.6802989, 42.0410306]}, "properties": {"category": "cafe", "amenity": "cafe", "name": "Evanston Pour"}}, {"type": "Feature", "geometry": {"type": "Point", "coordinates": [-87.675271, 42.0532205]}, "properties": {"category": "civic", "amenity": "library", "name": "Deering Library"}}, {"type": "Feature", "geometry": {"type": "Point", "coordinates": [-87.6387725, 41.7559701]}, "properties": {"category": "social_facility", "amenity": "social_facility", "name": "SOS Children's Village"}}, {"type": "Feature", "geometry": {"type": "Point", "coordinates": [-87.6084946, 41.6401838]}, "properties": {"category": "civic", "amenity": "library", "name": "Dolton Public Library"}}, {"type": "Feature", "geometry": {"type": "Point", "coordinates": [-87.600309, 41.7625709]}, "properties": {"category": "civic", "amenity": "library", "name": "Greater Grand Crossing Branch Library"}}, {"type": "Feature", "geometry": {"type": "Point", "coordinates": [-87.706176, 41.8947985]}, "properties": {"category": "civic", "amenity": "library", "name": "Richard M. Daley Branch Library"}}, {"type": "Feature", "geometry": {"type": "Point", "coordinates": [-87.6219355, 41.9018306]}, "properties": {"category": "cafe", "amenity": "cafe", "name": "Oak Street Beach Caf\u00e9"}}, {"type": "Feature", "geometry": {"type": "Point", "coordinates": [-87.6996453, 42.0413586]}, "properties": {"category": "cafe", "amenity": "cafe", "name": "Starbucks"}}, {"type": "Feature", "geometry": {"type": "Point", "coordinates": [-87.9666994, 42.3725308]}, "properties": {"category": "civic", "amenity": "community_centre", "name": "Hunt Club Park"}}, {"type": "Feature", "geometry": {"type": "Point", "coordinates": [-88.3167142, 41.8626413]}, "properties": {"category": "social_facility", "amenity": "social_facility", "name": "Holmstad Retirement Community"}}, {"type": "Feature", "geometry": {"type": "Point", "coordinates": [-87.7048349, 41.8496291]}, "properties": {"category": "civic", "amenity": "library", "name": "Little Village Branch Library"}}, {"type": "Feature", "geometry": {"type": "Point", "coordinates": [-87.7252136, 41.5127372]}, "properties": {"category": "civic", "amenity": "library", "name": "Matteson Public Library"}}, {"type": "Feature", "geometry": {"type": "Point", "coordinates": [-87.9787326, 41.5137111]}, "properties": {"category": "civic", "amenity": "library", "name": "New Lenox Public Library"}}, {"type": "Feature", "geometry": {"type": "Point", "coordinates": [-87.9287165, 41.8043967]}, "properties": {"category": "civic", "amenity": "library", "name": "Hinsdale Public Library"}}, {"type": "Feature", "geometry": {"type": "Point", "coordinates": [-87.9544762, 41.7981893]}, "properties": {"category": "civic", "amenity": "library", "name": "Clarendon Hills Public Library"}}, {"type": "Feature", "geometry": {"type": "Point", "coordinates": [-87.7648429, 42.1419121]}, "properties": {"category": "civic", "amenity": "community_centre", "name": "Takiff Center"}}, {"type": "Feature", "geometry": {"type": "Point", "coordinates": [-87.9579038, 42.3054794]}, "properties": {"category": "cafe", "amenity": "cafe", "name": "Starbucks"}}, {"type": "Feature", "geometry": {"type": "Point", "coordinates": [-88.120471, 41.5229691]}, "properties": {"category": "cafe", "amenity": "cafe", "name": "Silver Spoon Restaurant"}}, {"type": "Feature", "geometry": {"type": "Point", "coordinates": [-87.7583157, 42.1343718]}, "properties": {"category": "civic", "amenity": "library", "name": "Glencoe Public Library"}}, {"type": "Feature", "geometry": {"type": "Point", "coordinates": [-87.8610049, 42.0171574]}, "properties": {"category": "civic", "amenity": "community_centre", "name": "Maine Park Leisure Center"}}, {"type": "Feature", "geometry": {"type": "Point", "coordinates": [-87.6590954, 41.8413901]}, "properties": {"category": "social_facility", "amenity": "social_facility", "name": "Archer Avenue Senior Residences"}}, {"type": "Feature", "geometry": {"type": "Point", "coordinates": [-87.9574561, 41.9173993]}, "properties": {"category": "civic", "amenity": "community_centre", "name": "Joanne B. Wagner Community Center"}}, {"type": "Feature", "geometry": {"type": "Point", "coordinates": [-88.0127459, 41.9702435]}, "properties": {"category": "cafe", "amenity": "cafe", "name": "Fulla Beans"}}, {"type": "Feature", "geometry": {"type": "Point", "coordinates": [-87.6932951, 41.8408517]}, "properties": {"category": "social_facility", "amenity": "social_facility", "name": "California Gardens Nursing Home"}}, {"type": "Feature", "geometry": {"type": "Point", "coordinates": [-87.9414435, 41.8639821]}, "properties": {"category": "social_facility", "amenity": "social_facility", "name": "Park Place of Elmhurst"}}, {"type": "Feature", "geometry": {"type": "Point", "coordinates": [-87.7287415, 41.9382808]}, "properties": {"category": "social_facility", "amenity": "social_facility", "name": "St. Joseph Village of Chicago"}}, {"type": "Feature", "geometry": {"type": "Point", "coordinates": [-87.8139185, 41.9430663]}, "properties": {"category": "civic", "amenity": "library", "name": "Dunning Branch Library"}}, {"type": "Feature", "geometry": {"type": "Point", "coordinates": [-87.7974662, 41.7048578]}, "properties": {"category": "cafe", "amenity": "cafe", "name": "Starbucks"}}, {"type": "Feature", "geometry": {"type": "Point", "coordinates": [-87.6587061, 41.6632417]}, "properties": {"category": "civic", "amenity": "library", "name": "Calumet Park Public Library"}}, {"type": "Feature", "geometry": {"type": "Point", "coordinates": [-87.7309436, 41.7244442]}, "properties": {"category": "social_facility", "amenity": "social_facility", "name": "Ronald McDonald House"}}, {"type": "Feature", "geometry": {"type": "Point", "coordinates": [-87.476602, 41.559135]}, "properties": {"category": "civic", "amenity": "community_centre", "name": "Wicker Park Social Center"}}, {"type": "Feature", "geometry": {"type": "Point", "coordinates": [-87.8663105, 41.895741]}, "properties": {"category": "social_facility", "amenity": "social_facility", "name": "Melrose Park Senior Center"}}, {"type": "Feature", "geometry": {"type": "Point", "coordinates": [-87.7511626, 41.8807983]}, "properties": {"category": "civic", "amenity": "community_centre", "name": "The Peace Corner Youth Center"}}, {"type": "Feature", "geometry": {"type": "Point", "coordinates": [-87.6932312, 41.7496497]}, "properties": {"category": "social_facility", "amenity": "social_facility", "name": "Wrightwood Senior Apartments"}}, {"type": "Feature", "geometry": {"type": "Point", "coordinates": [-88.0075264, 41.8884908]}, "properties": {"category": "civic", "amenity": "community_centre", "name": "Lombard Community Building"}}, {"type": "Feature", "geometry": {"type": "Point", "coordinates": [-87.6382404, 41.9089728]}, "properties": {"category": "cafe", "amenity": "cafe", "name": "Kap\u00e9j Coffee"}}, {"type": "Feature", "geometry": {"type": "Point", "coordinates": [-87.6211224, 41.7047473]}, "properties": {"category": "social_facility", "amenity": "social_facility", "name": "Roseland Place Senior Apartments"}}, {"type": "Feature", "geometry": {"type": "Point", "coordinates": [-87.5654449, 41.6181829]}, "properties": {"category": "civic", "amenity": "community_centre", "name": "Sandridge Community Center"}}, {"type": "Feature", "geometry": {"type": "Point", "coordinates": [-88.1519262, 41.7723774]}, "properties": {"category": "civic", "amenity": "library", "name": "Nichols Library"}}, {"type": "Feature", "geometry": {"type": "Point", "coordinates": [-87.5641708, 41.7273759]}, "properties": {"category": "social_facility", "amenity": "social_facility", "name": "Chicago Youth Centers - Calumet Heights"}}, {"type": "Feature", "geometry": {"type": "Point", "coordinates": [-87.6258379, 41.6465]}, "properties": {"category": "civic", "amenity": "community_centre", "name": "Memorial Field House"}}, {"type": "Feature", "geometry": {"type": "Point", "coordinates": [-87.5628713, 41.5949993]}, "properties": {"category": "social_facility", "amenity": "social_facility", "name": "Green Oaks at River Oaks"}}, {"type": "Feature", "geometry": {"type": "Point", "coordinates": [-87.9061411, 41.9117624]}, "properties": {"category": "civic", "amenity": "community_centre", "name": "Grant Park Recreation Center"}}, {"type": "Feature", "geometry": {"type": "Point", "coordinates": [-87.6927982, 42.0739275]}, "properties": {"category": "cafe", "amenity": "cafe", "name": "Alchemy Coffee House"}}, {"type": "Feature", "geometry": {"type": "Point", "coordinates": [-87.690522, 42.0740658]}, "properties": {"category": "social_facility", "amenity": "social_facility", "name": "Shoreline Place of LSSI"}}, {"type": "Feature", "geometry": {"type": "Point", "coordinates": [-88.0668944, 42.0259444]}, "properties": {"category": "civic", "amenity": "community_centre", "name": "Al Larson Prairie Center for the Arts"}}, {"type": "Feature", "geometry": {"type": "Point", "coordinates": [-87.8279996, 42.0099961]}, "properties": {"category": "cafe", "amenity": "cafe", "name": "Starbucks"}}, {"type": "Feature", "geometry": {"type": "Point", "coordinates": [-87.7034574, 41.8896018]}, "properties": {"category": "social_facility", "amenity": "social_facility", "name": "Hope Manor I"}}, {"type": "Feature", "geometry": {"type": "Point", "coordinates": [-88.1299115, 41.9189426]}, "properties": {"category": "civic", "amenity": "library", "name": "Carol Stream Public Library"}}, {"type": "Feature", "geometry": {"type": "Point", "coordinates": [-88.1346787, 41.8288625]}, "properties": {"category": "cafe", "amenity": "cafe", "name": "Arrowhead Express"}}, {"type": "Feature", "geometry": {"type": "Point", "coordinates": [-88.2478407, 41.745713]}, "properties": {"category": "civic", "amenity": "library", "name": "Eola Road Branch Library"}}, {"type": "Feature", "geometry": {"type": "Point", "coordinates": [-88.0450022, 42.1231903]}, "properties": {"category": "social_facility", "amenity": "social_facility", "name": "Saint Joseph Home for the Elderly"}}, {"type": "Feature", "geometry": {"type": "Point", "coordinates": [-88.0366883, 42.1222143]}, "properties": {"category": "civic", "amenity": "library", "name": "Palatine Public Library"}}, {"type": "Feature", "geometry": {"type": "Point", "coordinates": [-87.2299405, 41.5730116]}, "properties": {"category": "social_facility", "amenity": "social_facility", "name": "Boys & Girls Club"}}, {"type": "Feature", "geometry": {"type": "Point", "coordinates": [-88.4092154, 41.9413974]}, "properties": {"category": "civic", "amenity": "community_centre", "name": "Campton Township"}}, {"type": "Feature", "geometry": {"type": "Point", "coordinates": [-87.3383404, 41.5553482]}, "properties": {"category": "civic", "amenity": "library", "name": "John W. Anderson Library/Conference Center"}}, {"type": "Feature", "geometry": {"type": "Point", "coordinates": [-87.7963498, 41.8891754]}, "properties": {"category": "civic", "amenity": "library", "name": "Oak Park Public Library"}}, {"type": "Feature", "geometry": {"type": "Point", "coordinates": [-88.0203194, 41.9708924]}, "properties": {"category": "civic", "amenity": "library", "name": "Itasca Community Library"}}, {"type": "Feature", "geometry": {"type": "Point", "coordinates": [-87.8105192, 41.5616553]}, "properties": {"category": "civic", "amenity": "library", "name": "Tinley Park Public Library"}}, {"type": "Feature", "geometry": {"type": "Point", "coordinates": [-87.9834914, 42.0876146]}, "properties": {"category": "civic", "amenity": "library", "name": "Arlington Heights Memorial Library"}}, {"type": "Feature", "geometry": {"type": "Point", "coordinates": [-87.8281823, 41.5058746]}, "properties": {"category": "civic", "amenity": "library", "name": "Frankfort Public Library"}}, {"type": "Feature", "geometry": {"type": "Point", "coordinates": [-88.0764719, 42.1091033]}, "properties": {"category": "civic", "amenity": "community_centre", "name": "Saint Nectarios Parish Hall"}}, {"type": "Feature", "geometry": {"type": "Point", "coordinates": [-87.6306738, 41.8901907]}, "properties": {"category": "cafe", "amenity": "cafe", "name": "Firecakes Donuts"}}, {"type": "Feature", "geometry": {"type": "Point", "coordinates": [-88.1579181, 41.8661738]}, "properties": {"category": "civic", "amenity": "library", "name": "Winfield Public Library"}}, {"type": "Feature", "geometry": {"type": "Point", "coordinates": [-87.8401245, 41.7514914]}, "properties": {"category": "civic", "amenity": "library", "name": "Justice Public Library"}}, {"type": "Feature", "geometry": {"type": "Point", "coordinates": [-88.1049073, 41.8667246]}, "properties": {"category": "civic", "amenity": "library", "name": "Wheaton Public Library"}}, {"type": "Feature", "geometry": {"type": "Point", "coordinates": [-87.8991994, 41.8127409]}, "properties": {"category": "civic", "amenity": "library", "name": "Thomas Ford Memorial Library"}}, {"type": "Feature", "geometry": {"type": "Point", "coordinates": [-88.5820294, 42.2387009]}, "properties": {"category": "civic", "amenity": "library", "name": "Marengo Public Library"}}, {"type": "Feature", "geometry": {"type": "Point", "coordinates": [-88.2835366, 42.1626903]}, "properties": {"category": "civic", "amenity": "library", "name": "Algonquin Public Library - East Branch"}}, {"type": "Feature", "geometry": {"type": "Point", "coordinates": [-88.1370998, 41.7853743]}, "properties": {"category": "cafe", "amenity": "cafe", "name": "Peet's Coffee"}}, {"type": "Feature", "geometry": {"type": "Point", "coordinates": [-88.1170398, 42.0356856]}, "properties": {"category": "civic", "amenity": "community_centre", "name": "Community Recreation Center (CRC)"}}, {"type": "Feature", "geometry": {"type": "Point", "coordinates": [-88.3473778, 41.7554581]}, "properties": {"category": "civic", "amenity": "library", "name": "Charles B. Phillips Library"}}, {"type": "Feature", "geometry": {"type": "Point", "coordinates": [-87.0431393, 41.4626272]}, "properties": {"category": "civic", "amenity": "library", "name": "Christopher Center for Library and Information Resources"}}, {"type": "Feature", "geometry": {"type": "Point", "coordinates": [-88.1014585, 41.901594]}, "properties": {"category": "cafe", "amenity": "cafe", "name": "Starbucks"}}, {"type": "Feature", "geometry": {"type": "Point", "coordinates": [-88.1069565, 41.8654041]}, "properties": {"category": "cafe", "amenity": "cafe", "name": "Five & Hoek Coffee Co."}}, {"type": "Feature", "geometry": {"type": "Point", "coordinates": [-88.0659636, 41.87663]}, "properties": {"category": "cafe", "amenity": "cafe", "name": "Starbucks"}}, {"type": "Feature", "geometry": {"type": "Point", "coordinates": [-88.0996292, 41.869997]}, "properties": {"category": "civic", "amenity": "library", "name": "Wheaton College Library"}}, {"type": "Feature", "geometry": {"type": "Point", "coordinates": [-88.0580359, 41.8589966]}, "properties": {"category": "cafe", "amenity": "cafe", "name": "Starbucks"}}, {"type": "Feature", "geometry": {"type": "Point", "coordinates": [-87.4841859, 41.6295222]}, "properties": {"category": "civic", "amenity": "library", "name": "East Chicago Public Library Pastrick Branch"}}, {"type": "Feature", "geometry": {"type": "Point", "coordinates": [-88.3113746, 41.8494402]}, "properties": {"category": "civic", "amenity": "library", "name": "Batavia Public Library"}}, {"type": "Feature", "geometry": {"type": "Point", "coordinates": [-88.1480576, 41.7754017]}, "properties": {"category": "social_facility", "amenity": "social_facility", "name": "Naperville Family Center"}}, {"type": "Feature", "geometry": {"type": "Point", "coordinates": [-88.1566246, 41.7864554]}, "properties": {"category": "social_facility", "amenity": "social_facility", "name": "Sunrise of Naperville North"}}, {"type": "Feature", "geometry": {"type": "Point", "coordinates": [-88.1850418, 41.7737214]}, "properties": {"category": "social_facility", "amenity": "social_facility", "name": "Turning Pointe Autism Foundation"}}, {"type": "Feature", "geometry": {"type": "Point", "coordinates": [-87.9688312, 42.2390679]}, "properties": {"category": "civic", "amenity": "library", "name": "Aspen Drive Library"}}, {"type": "Feature", "geometry": {"type": "Point", "coordinates": [-87.9693477, 42.237386]}, "properties": {"category": "civic", "amenity": "community_centre", "name": "Sullivan Community Center"}}, {"type": "Feature", "geometry": {"type": "Point", "coordinates": [-87.9649329, 42.2424683]}, "properties": {"category": "social_facility", "amenity": "social_facility", "name": "Brookdale Hawthorn Lakes \u2013 Assisted Living"}}, {"type": "Feature", "geometry": {"type": "Point", "coordinates": [-87.9640754, 42.2424039]}, "properties": {"category": "social_facility", "amenity": "social_facility", "name": "Brookdale Hawthorn Lakes"}}, {"type": "Feature", "geometry": {"type": "Point", "coordinates": [-87.9675966, 42.2388217]}, "properties": {"category": "social_facility", "amenity": "social_facility", "name": "Victory Centre"}}, {"type": "Feature", "geometry": {"type": "Point", "coordinates": [-88.1706635, 42.0203058]}, "properties": {"category": "civic", "amenity": "community_centre", "name": "Park Place Community Center"}}, {"type": "Feature", "geometry": {"type": "Point", "coordinates": [-87.935278, 42.2031459]}, "properties": {"category": "cafe", "amenity": "cafe", "name": "Starbucks"}}, {"type": "Feature", "geometry": {"type": "Point", "coordinates": [-87.9406077, 42.2280458]}, "properties": {"category": "social_facility", "amenity": "social_facility", "name": "Brookdale Assisted Living"}}, {"type": "Feature", "geometry": {"type": "Point", "coordinates": [-88.1744961, 42.0086472]}, "properties": {"category": "civic", "amenity": "library", "name": "Poplar Creek Public Library"}}, {"type": "Feature", "geometry": {"type": "Point", "coordinates": [-87.1721638, 41.6068116]}, "properties": {"category": "cafe", "amenity": "cafe", "name": "Starbucks"}}, {"type": "Feature", "geometry": {"type": "Point", "coordinates": [-87.6606996, 41.9911503]}, "properties": {"category": "civic", "amenity": "library", "name": "Edgewater Branch Library"}}, {"type": "Feature", "geometry": {"type": "Point", "coordinates": [-88.1220272, 41.9297773]}, "properties": {"category": "civic", "amenity": "community_centre", "name": "Ross Ferraro Town Center"}}, {"type": "Feature", "geometry": {"type": "Point", "coordinates": [-87.8056726, 41.8948266]}, "properties": {"category": "social_facility", "amenity": "social_facility", "name": "The Sheridan"}}, {"type": "Feature", "geometry": {"type": "Point", "coordinates": [-87.8229455, 41.9026162]}, "properties": {"category": "civic", "amenity": "library", "name": "Rebecca Crown Memorial Library"}}, {"type": "Feature", "geometry": {"type": "Point", "coordinates": [-88.0515026, 42.163165]}, "properties": {"category": "cafe", "amenity": "cafe", "name": "Gianni's Cafe"}}, {"type": "Feature", "geometry": {"type": "Point", "coordinates": [-87.9127965, 41.8840604]}, "properties": {"category": "civic", "amenity": "library", "name": "Berkeley Public Library"}}, {"type": "Feature", "geometry": {"type": "Point", "coordinates": [-87.7259825, 41.9095901]}, "properties": {"category": "social_facility", "amenity": "social_facility", "name": "North & Pulaski Apartments"}}, {"type": "Feature", "geometry": {"type": "Point", "coordinates": [-88.457004, 41.7622826]}, "properties": {"category": "civic", "amenity": "library", "name": "Sugar Grove Public Library"}}, {"type": "Feature", "geometry": {"type": "Point", "coordinates": [-88.3361104, 42.0918018]}, "properties": {"category": "cafe", "amenity": "cafe", "name": "Starbucks"}}, {"type": "Feature", "geometry": {"type": "Point", "coordinates": [-87.7072859, 41.8872186]}, "properties": {"category": "social_facility", "amenity": "social_facility", "name": "Breakthrough Urban Ministries FamilyPlex"}}, {"type": "Feature", "geometry": {"type": "Point", "coordinates": [-87.6714896, 42.0196538]}, "properties": {"category": "civic", "amenity": "community_centre", "name": "Willye B. White Park Fieldhouse"}}, {"type": "Feature", "geometry": {"type": "Point", "coordinates": [-87.6392828, 41.8968876]}, "properties": {"category": "civic", "amenity": "community_centre", "name": "Jesse White Community Center & Fieldhouse"}}, {"type": "Feature", "geometry": {"type": "Point", "coordinates": [-87.8670967, 42.2991376]}, "properties": {"category": "civic", "amenity": "community_centre", "name": "Forest City Community Center"}}, {"type": "Feature", "geometry": {"type": "Point", "coordinates": [-87.9401236, 42.2274988]}, "properties": {"category": "social_facility", "amenity": "social_facility", "name": "Brookdale Senior Living"}}, {"type": "Feature", "geometry": {"type": "Point", "coordinates": [-87.8291588, 42.4470841]}, "properties": {"category": "civic", "amenity": "community_centre", "name": ""}}, {"type": "Feature", "geometry": {"type": "Point", "coordinates": [-88.3128582, 41.7700451]}, "properties": {"category": "civic", "amenity": "community_centre", "name": "Prisco Community Center"}}, {"type": "Feature", "geometry": {"type": "Point", "coordinates": [-87.9366306, 42.1986703]}, "properties": {"category": "civic", "amenity": "library", "name": "Vernon Area Public Library"}}, {"type": "Feature", "geometry": {"type": "Point", "coordinates": [-87.870006, 41.81214]}, "properties": {"category": "civic", "amenity": "library", "name": "La Grange Public Library"}}, {"type": "Feature", "geometry": {"type": "Point", "coordinates": [-87.90986, 42.1296722]}, "properties": {"category": "civic", "amenity": "community_centre", "name": ""}}, {"type": "Feature", "geometry": {"type": "Point", "coordinates": [-88.3252897, 42.1747987]}, "properties": {"category": "social_facility", "amenity": "social_facility", "name": "Clarendale"}}, {"type": "Feature", "geometry": {"type": "Point", "coordinates": [-88.3208021, 42.2266209]}, "properties": {"category": "cafe", "amenity": "cafe", "name": "7 Brew Coffee"}}, {"type": "Feature", "geometry": {"type": "Point", "coordinates": [-88.4522728, 42.3160128]}, "properties": {"category": "civic", "amenity": "library", "name": "Woodstock Public Library"}}, {"type": "Feature", "geometry": {"type": "Point", "coordinates": [-87.9557975, 42.2873297]}, "properties": {"category": "civic", "amenity": "library", "name": "Cook Memorial Public Library"}}, {"type": "Feature", "geometry": {"type": "Point", "coordinates": [-87.8364456, 42.4457666]}, "properties": {"category": "social_facility", "amenity": "social_facility", "name": "Halia Healthcare Senior Living Home"}}, {"type": "Feature", "geometry": {"type": "Point", "coordinates": [-87.653756, 41.6785542]}, "properties": {"category": "social_facility", "amenity": "social_facility", "name": "Ray & Joan Kroc Community Center"}}, {"type": "Feature", "geometry": {"type": "Point", "coordinates": [-87.8396091, 42.4510382]}, "properties": {"category": "civic", "amenity": "library", "name": "Zion-Benton Public Library"}}, {"type": "Feature", "geometry": {"type": "Point", "coordinates": [-87.8695721, 42.0925328]}, "properties": {"category": "social_facility", "amenity": "social_facility", "name": "Brookdale Northbrook"}}, {"type": "Feature", "geometry": {"type": "Point", "coordinates": [-87.6915044, 41.9105858]}, "properties": {"category": "social_facility", "amenity": "social_facility", "name": "Chicago Community Counseling Center"}}, {"type": "Feature", "geometry": {"type": "Point", "coordinates": [-87.9152818, 42.3632115]}, "properties": {"category": "civic", "amenity": "library", "name": "Warren-Newport Public Library"}}, {"type": "Feature", "geometry": {"type": "Point", "coordinates": [-87.7523592, 42.0448559]}, "properties": {"category": "social_facility", "amenity": "social_facility", "name": "The Grove of Skokie"}}, {"type": "Feature", "geometry": {"type": "Point", "coordinates": [-87.7573459, 41.802307]}, "properties": {"category": "civic", "amenity": "community_centre", "name": "Stickney Township Community Center"}}, {"type": "Feature", "geometry": {"type": "Point", "coordinates": [-88.0799514, 41.6397521]}, "properties": {"category": "cafe", "amenity": "cafe", "name": "Cafe Romeo"}}, {"type": "Feature", "geometry": {"type": "Point", "coordinates": [-88.0688217, 41.6881828]}, "properties": {"category": "cafe", "amenity": "cafe", "name": "Starbucks"}}, {"type": "Feature", "geometry": {"type": "Point", "coordinates": [-87.6791938, 41.996067]}, "properties": {"category": "social_facility", "amenity": "social_facility", "name": "Misericordia"}}, {"type": "Feature", "geometry": {"type": "Point", "coordinates": [-88.0845765, 41.6783059]}, "properties": {"category": "social_facility", "amenity": "social_facility", "name": "Meadowbrook Manor"}}, {"type": "Feature", "geometry": {"type": "Point", "coordinates": [-87.9242955, 42.183707]}, "properties": {"category": "social_facility", "amenity": "social_facility", "name": ""}}, {"type": "Feature", "geometry": {"type": "Point", "coordinates": [-87.7795519, 41.8724138]}, "properties": {"category": "cafe", "amenity": "cafe", "name": "Buzz Cafe"}}, {"type": "Feature", "geometry": {"type": "Point", "coordinates": [-87.9953388, 41.8431954]}, "properties": {"category": "cafe", "amenity": "cafe", "name": "Starbucks"}}, {"type": "Feature", "geometry": {"type": "Point", "coordinates": [-87.9773338, 41.8454912]}, "properties": {"category": "cafe", "amenity": "cafe", "name": "Starbucks"}}, {"type": "Feature", "geometry": {"type": "Point", "coordinates": [-87.8116153, 41.9639947]}, "properties": {"category": "civic", "amenity": "library", "name": "Eisenhower Public Library"}}, {"type": "Feature", "geometry": {"type": "Point", "coordinates": [-87.8747964, 42.1096085]}, "properties": {"category": "cafe", "amenity": "cafe", "name": "Starbucks"}}, {"type": "Feature", "geometry": {"type": "Point", "coordinates": [-87.8172794, 41.9261286]}, "properties": {"category": "civic", "amenity": "library", "name": "Elmwood Park Public Library"}}, {"type": "Feature", "geometry": {"type": "Point", "coordinates": [-87.6846401, 42.0589932]}, "properties": {"category": "civic", "amenity": "community_centre", "name": "Noyes Cultural Arts Center"}}, {"type": "Feature", "geometry": {"type": "Point", "coordinates": [-88.2619841, 41.4563307]}, "properties": {"category": "civic", "amenity": "library", "name": "Three Rivers Public Library District- Minooka Branch"}}, {"type": "Feature", "geometry": {"type": "Point", "coordinates": [-88.1590224, 42.0081957]}, "properties": {"category": "civic", "amenity": "community_centre", "name": "Hanover Township Community Center"}}, {"type": "Feature", "geometry": {"type": "Point", "coordinates": [-87.7449845, 42.0654634]}, "properties": {"category": "social_facility", "amenity": "social_facility", "name": "Mather Place of Wilmette"}}, {"type": "Feature", "geometry": {"type": "Point", "coordinates": [-88.3200676, 41.7570925]}, "properties": {"category": "civic", "amenity": "library", "name": "Aurora Public Library"}}, {"type": "Feature", "geometry": {"type": "Point", "coordinates": [-88.0162543, 41.6592258]}, "properties": {"category": "civic", "amenity": "community_centre", "name": "Lemont Township Community Center"}}, {"type": "Feature", "geometry": {"type": "Point", "coordinates": [-87.9167531, 42.1671955]}, "properties": {"category": "social_facility", "amenity": "social_facility", "name": "Brentwood North Healthcare Center"}}, {"type": "Feature", "geometry": {"type": "Point", "coordinates": [-87.660919, 41.9979089]}, "properties": {"category": "cafe", "amenity": "cafe", "name": "Starbucks"}}, {"type": "Feature", "geometry": {"type": "Point", "coordinates": [-88.1342452, 41.7723485]}, "properties": {"category": "social_facility", "amenity": "social_facility", "name": "Sunrise of Naperville"}}, {"type": "Feature", "geometry": {"type": "Point", "coordinates": [-87.6321739, 41.8538412]}, "properties": {"category": "civic", "amenity": "library", "name": "Chinatown Branch Library"}}, {"type": "Feature", "geometry": {"type": "Point", "coordinates": [-87.7094096, 41.8969449]}, "properties": {"category": "social_facility", "amenity": "social_facility", "name": "The Salvation Army Freedom Center"}}, {"type": "Feature", "geometry": {"type": "Point", "coordinates": [-87.8810486, 42.1979068]}, "properties": {"category": "civic", "amenity": "library", "name": "Rolfing Library"}}, {"type": "Feature", "geometry": {"type": "Point", "coordinates": [-87.7550036, 41.8882818]}, "properties": {"category": "civic", "amenity": "community_centre", "name": "By The Hand Club for Kids"}}, {"type": "Feature", "geometry": {"type": "Point", "coordinates": [-88.3286062, 41.8090949]}, "properties": {"category": "civic", "amenity": "library", "name": "Messenger Public Library"}}, {"type": "Feature", "geometry": {"type": "Point", "coordinates": [-87.5953095, 41.7539998]}, "properties": {"category": "social_facility", "amenity": "social_facility", "name": "Montclare Senior Residences of Avalon Park"}}, {"type": "Feature", "geometry": {"type": "Point", "coordinates": [-87.7319571, 41.8466572]}, "properties": {"category": "social_facility", "amenity": "social_facility", "name": "El Valor Carlos Cantu Children & Family Center"}}, {"type": "Feature", "geometry": {"type": "Point", "coordinates": [-87.9801056, 41.9708283]}, "properties": {"category": "civic", "amenity": "library", "name": "Wood Dale Public Library"}}, {"type": "Feature", "geometry": {"type": "Point", "coordinates": [-87.717504, 41.8681055]}, "properties": {"category": "social_facility", "amenity": "social_facility", "name": "UCAN"}}, {"type": "Feature", "geometry": {"type": "Point", "coordinates": [-87.6673076, 41.7791229]}, "properties": {"category": "social_facility", "amenity": "social_facility", "name": "Mitzi Friedheim Englewood Child + Family Center"}}, {"type": "Feature", "geometry": {"type": "Point", "coordinates": [-87.6884133, 41.7580098]}, "properties": {"category": "social_facility", "amenity": "social_facility", "name": "Senior Suites Of Marquette Village"}}, {"type": "Feature", "geometry": {"type": "Point", "coordinates": [-87.9178132, 41.9051272]}, "properties": {"category": "social_facility", "amenity": "social_facility", "name": "Concord Palace Retirement And Assisted Living"}}, {"type": "Feature", "geometry": {"type": "Point", "coordinates": [-87.8784079, 42.012709]}, "properties": {"category": "civic", "amenity": "community_centre", "name": ""}}, {"type": "Feature", "geometry": {"type": "Point", "coordinates": [-87.8631069, 41.8075071]}, "properties": {"category": "social_facility", "amenity": "social_facility", "name": "Meadowbrook Manor"}}, {"type": "Feature", "geometry": {"type": "Point", "coordinates": [-88.2816885, 42.3463644]}, "properties": {"category": "cafe", "amenity": "cafe", "name": "Starbucks"}}, {"type": "Feature", "geometry": {"type": "Point", "coordinates": [-88.2756339, 42.3391198]}, "properties": {"category": "civic", "amenity": "library", "name": "McHenry Public Library"}}, {"type": "Feature", "geometry": {"type": "Point", "coordinates": [-87.8430828, 42.2794255]}, "properties": {"category": "civic", "amenity": "library", "name": "Lake Bluff Public Library"}}, {"type": "Feature", "geometry": {"type": "Point", "coordinates": [-87.7677508, 41.9674444]}, "properties": {"category": "cafe", "amenity": "cafe", "name": "Starbucks"}}, {"type": "Feature", "geometry": {"type": "Point", "coordinates": [-87.849363, 42.0533805]}, "properties": {"category": "social_facility", "amenity": "social_facility", "name": "Embark at Niles"}}, {"type": "Feature", "geometry": {"type": "Point", "coordinates": [-88.0201522, 42.2820928]}, "properties": {"category": "civic", "amenity": "library", "name": "Fremont Public Library"}}, {"type": "Feature", "geometry": {"type": "Point", "coordinates": [-87.7579158, 41.9219351]}, "properties": {"category": "civic", "amenity": "community_centre", "name": "Christopher House"}}, {"type": "Feature", "geometry": {"type": "Point", "coordinates": [-87.8570878, 42.3529821]}, "properties": {"category": "civic", "amenity": "community_centre", "name": ""}}, {"type": "Feature", "geometry": {"type": "Point", "coordinates": [-87.7826838, 41.8980304]}, "properties": {"category": "civic", "amenity": "library", "name": "Oak Park Public Library Dole Branch"}}, {"type": "Feature", "geometry": {"type": "Point", "coordinates": [-87.7991581, 41.7464108]}, "properties": {"category": "cafe", "amenity": "cafe", "name": "Starbucks"}}, {"type": "Feature", "geometry": {"type": "Point", "coordinates": [-87.7555572, 41.8507685]}, "properties": {"category": "civic", "amenity": "library", "name": "Cicero Public Library"}}, {"type": "Feature", "geometry": {"type": "Point", "coordinates": [-87.8080274, 41.8983259]}, "properties": {"category": "civic", "amenity": "library", "name": "Klinck Memorial Library"}}, {"type": "Feature", "geometry": {"type": "Point", "coordinates": [-87.6108285, 41.830325]}, "properties": {"category": "civic", "amenity": "community_centre", "name": "Arts & Recreation Center at Ellis Park"}}, {"type": "Feature", "geometry": {"type": "Point", "coordinates": [-87.1403472, 41.5400512]}, "properties": {"category": "social_facility", "amenity": "social_facility", "name": "Boys & Girls Club"}}, {"type": "Feature", "geometry": {"type": "Point", "coordinates": [-87.4690111, 41.5506429]}, "properties": {"category": "civic", "amenity": "community_centre", "name": "Lincoln Community Center"}}, {"type": "Feature", "geometry": {"type": "Point", "coordinates": [-87.0531582, 41.4883608]}, "properties": {"category": "social_facility", "amenity": "social_facility", "name": ""}}, {"type": "Feature", "geometry": {"type": "Point", "coordinates": [-87.4595973, 41.5547755]}, "properties": {"category": "civic", "amenity": "library", "name": "Highland Branch Library"}}, {"type": "Feature", "geometry": {"type": "Point", "coordinates": [-87.8939592, 42.0268802]}, "properties": {"category": "cafe", "amenity": "cafe", "name": "Starbucks"}}, {"type": "Feature", "geometry": {"type": "Point", "coordinates": [-87.8840357, 42.0386611]}, "properties": {"category": "social_facility", "amenity": "social_facility", "name": "Brookdale Des Plaines"}}, {"type": "Feature", "geometry": {"type": "Point", "coordinates": [-87.8909531, 42.0380846]}, "properties": {"category": "civic", "amenity": "community_centre", "name": "Little Bulgaria Center"}}, {"type": "Feature", "geometry": {"type": "Point", "coordinates": [-87.8934962, 42.0293274]}, "properties": {"category": "social_facility", "amenity": "social_facility", "name": "Lee Manor Rehabilitation & Nursing"}}, {"type": "Feature", "geometry": {"type": "Point", "coordinates": [-87.7093203, 41.8959701]}, "properties": {"category": "social_facility", "amenity": "social_facility", "name": "The Salvation Army Freedom Center"}}, {"type": "Feature", "geometry": {"type": "Point", "coordinates": [-87.8474341, 42.1592113]}, "properties": {"category": "civic", "amenity": "community_centre", "name": "Patty Turner Center"}}, {"type": "Feature", "geometry": {"type": "Point", "coordinates": [-87.0538405, 41.6101807]}, "properties": {"category": "civic", "amenity": "library", "name": "Westchester Public Library"}}, {"type": "Feature", "geometry": {"type": "Point", "coordinates": [-87.4418329, 41.6373832]}, "properties": {"category": "civic", "amenity": "library", "name": "East Chicago Public Library Main Branch"}}, {"type": "Feature", "geometry": {"type": "Point", "coordinates": [-87.7574461, 42.0332096]}, "properties": {"category": "social_facility", "amenity": "social_facility", "name": "Shore Community Services"}}, {"type": "Feature", "geometry": {"type": "Point", "coordinates": [-87.7210764, 42.0781284]}, "properties": {"category": "civic", "amenity": "community_centre", "name": "Warming House Youth Center"}}, {"type": "Feature", "geometry": {"type": "Point", "coordinates": [-87.5854639, 41.7853307]}, "properties": {"category": "civic", "amenity": "community_centre", "name": "Barack Obama Presidential Center"}}, {"type": "Feature", "geometry": {"type": "Point", "coordinates": [-88.1609865, 42.3936594]}, "properties": {"category": "civic", "amenity": "library", "name": "Fox Lake Public Library"}}, {"type": "Feature", "geometry": {"type": "Point", "coordinates": [-88.0793459, 41.6988262]}, "properties": {"category": "civic", "amenity": "library", "name": "Fountaindale Public Library"}}, {"type": "Feature", "geometry": {"type": "Point", "coordinates": [-88.3250854, 42.2395655]}, "properties": {"category": "civic", "amenity": "library", "name": "Crystal Lake Public Library"}}, {"type": "Feature", "geometry": {"type": "Point", "coordinates": [-87.8380895, 42.2522639]}, "properties": {"category": "civic", "amenity": "library", "name": "Lake Forest Public Library"}}, {"type": "Feature", "geometry": {"type": "Point", "coordinates": [-87.7973054, 42.1485213]}, "properties": {"category": "social_facility", "amenity": "social_facility", "name": "The Grove of Northbrook Living and Rehab Center"}}, {"type": "Feature", "geometry": {"type": "Point", "coordinates": [-87.6605908, 41.663996]}, "properties": {"category": "civic", "amenity": "community_centre", "name": "Calumet Township Community Center"}}, {"type": "Feature", "geometry": {"type": "Point", "coordinates": [-88.0669846, 41.7964285]}, "properties": {"category": "civic", "amenity": "library", "name": "Lisle Library"}}, {"type": "Feature", "geometry": {"type": "Point", "coordinates": [-87.645232, 41.7848572]}, "properties": {"category": "social_facility", "amenity": "social_facility", "name": "Hope Manor II"}}, {"type": "Feature", "geometry": {"type": "Point", "coordinates": [-87.6986488, 42.0485715]}, "properties": {"category": "civic", "amenity": "community_centre", "name": "Gibbs-Morrison Cultural Center"}}, {"type": "Feature", "geometry": {"type": "Point", "coordinates": [-88.0036525, 41.657977]}, "properties": {"category": "civic", "amenity": "library", "name": "Lemont Public Library"}}, {"type": "Feature", "geometry": {"type": "Point", "coordinates": [-87.7010183, 41.7222357]}, "properties": {"category": "civic", "amenity": "library", "name": "Evergreen Park Public Library"}}, {"type": "Feature", "geometry": {"type": "Point", "coordinates": [-87.6891175, 42.0491483]}, "properties": {"category": "social_facility", "amenity": "social_facility", "name": "YWCA Evanston/North Shore"}}, {"type": "Feature", "geometry": {"type": "Point", "coordinates": [-88.0819296, 42.1824612]}, "properties": {"category": "social_facility", "amenity": "social_facility", "name": "Avantara"}}, {"type": "Feature", "geometry": {"type": "Point", "coordinates": [-88.0864615, 42.1839892]}, "properties": {"category": "cafe", "amenity": "cafe", "name": "7 Brew Coffee"}}, {"type": "Feature", "geometry": {"type": "Point", "coordinates": [-88.1108185, 42.1950189]}, "properties": {"category": "cafe", "amenity": "cafe", "name": "Starbucks"}}, {"type": "Feature", "geometry": {"type": "Point", "coordinates": [-88.0925683, 42.184513]}, "properties": {"category": "cafe", "amenity": "cafe", "name": "Starbucks"}}, {"type": "Feature", "geometry": {"type": "Point", "coordinates": [-88.5104253, 42.362177]}, "properties": {"category": "social_facility", "amenity": "social_facility", "name": "Valley Hi Nursing Home"}}, {"type": "Feature", "geometry": {"type": "Point", "coordinates": [-87.8143311, 41.8761126]}, "properties": {"category": "civic", "amenity": "library", "name": "Forest Park Public Library"}}, {"type": "Feature", "geometry": {"type": "Point", "coordinates": [-88.2137564, 42.3346212]}, "properties": {"category": "civic", "amenity": "library", "name": "McHenry Public Library"}}, {"type": "Feature", "geometry": {"type": "Point", "coordinates": [-87.0733053, 41.6164091]}, "properties": {"category": "civic", "amenity": "library", "name": ""}}, {"type": "Feature", "geometry": {"type": "Point", "coordinates": [-88.4716139, 41.8965872]}, "properties": {"category": "civic", "amenity": "community_centre", "name": "Elburn Community Center"}}, {"type": "Feature", "geometry": {"type": "Point", "coordinates": [-87.4753774, 41.4901162]}, "properties": {"category": "civic", "amenity": "library", "name": "Dyer-Schererville Branch Library"}}, {"type": "Feature", "geometry": {"type": "Point", "coordinates": [-88.4503857, 41.6526008]}, "properties": {"category": "civic", "amenity": "library", "name": "Yorkville Public Library"}}, {"type": "Feature", "geometry": {"type": "Point", "coordinates": [-88.689067, 41.9204947]}, "properties": {"category": "civic", "amenity": "library", "name": "Cortland Library"}}, {"type": "Feature", "geometry": {"type": "Point", "coordinates": [-88.1138586, 41.885969]}, "properties": {"category": "social_facility", "amenity": "social_facility", "name": "VFW"}}, {"type": "Feature", "geometry": {"type": "Point", "coordinates": [-88.0897431, 41.9167352]}, "properties": {"category": "civic", "amenity": "library", "name": "Glendale Heights Public Library"}}, {"type": "Feature", "geometry": {"type": "Point", "coordinates": [-88.0775014, 41.9195845]}, "properties": {"category": "civic", "amenity": "community_centre", "name": "Senior Center"}}, {"type": "Feature", "geometry": {"type": "Point", "coordinates": [-88.184508, 41.9768122]}, "properties": {"category": "civic", "amenity": "library", "name": "Bartlett Public Library"}}, {"type": "Feature", "geometry": {"type": "Point", "coordinates": [-87.6645282, 41.5640193]}, "properties": {"category": "civic", "amenity": "library", "name": "Homewood Public Library"}}, {"type": "Feature", "geometry": {"type": "Point", "coordinates": [-87.9441833, 41.8985756]}, "properties": {"category": "civic", "amenity": "library", "name": "Elmhurst Public Library"}}, {"type": "Feature", "geometry": {"type": "Point", "coordinates": [-88.2236602, 41.260494]}, "properties": {"category": "civic", "amenity": "library", "name": "Fossil Ridge Public Libary"}}, {"type": "Feature", "geometry": {"type": "Point", "coordinates": [-87.8490512, 41.5116709]}, "properties": {"category": "cafe", "amenity": "cafe", "name": "Starbucks"}}, {"type": "Feature", "geometry": {"type": "Point", "coordinates": [-87.7785739, 41.9012183]}, "properties": {"category": "civic", "amenity": "community_centre", "name": "Anderson Park Center"}}, {"type": "Feature", "geometry": {"type": "Point", "coordinates": [-87.8252294, 41.8795163]}, "properties": {"category": "civic", "amenity": "community_centre", "name": "River Forest Community Center"}}, {"type": "Feature", "geometry": {"type": "Point", "coordinates": [-87.8159477, 41.8864819]}, "properties": {"category": "cafe", "amenity": "cafe", "name": "Black Fodder"}}, {"type": "Feature", "geometry": {"type": "Point", "coordinates": [-87.7993123, 41.8874809]}, "properties": {"category": "social_facility", "amenity": "social_facility", "name": "Hephzibah Childrens Association"}}, {"type": "Feature", "geometry": {"type": "Point", "coordinates": [-87.7990127, 41.9086697]}, "properties": {"category": "social_facility", "amenity": "social_facility", "name": "Berkeley Nursing & Rehab"}}, {"type": "Feature", "geometry": {"type": "Point", "coordinates": [-88.0122636, 41.7936108]}, "properties": {"category": "social_facility", "amenity": "social_facility", "name": ""}}, {"type": "Feature", "geometry": {"type": "Point", "coordinates": [-88.0181574, 42.067295]}, "properties": {"category": "social_facility", "amenity": "social_facility", "name": "Opera in Focus/NWSRA"}}, {"type": "Feature", "geometry": {"type": "Point", "coordinates": [-87.8388346, 41.8873629]}, "properties": {"category": "civic", "amenity": "library", "name": "Maywood Public Library"}}, {"type": "Feature", "geometry": {"type": "Point", "coordinates": [-87.8384145, 41.8873627]}, "properties": {"category": "civic", "amenity": "library", "name": "Maywood Public Library Annex"}}, {"type": "Feature", "geometry": {"type": "Point", "coordinates": [-87.8395202, 41.8860201]}, "properties": {"category": "civic", "amenity": "community_centre", "name": "Maywood Village Recreation"}}, {"type": "Feature", "geometry": {"type": "Point", "coordinates": [-87.8399347, 41.8860252]}, "properties": {"category": "civic", "amenity": "community_centre", "name": "Maywood Village Recreation (annex)"}}, {"type": "Feature", "geometry": {"type": "Point", "coordinates": [-87.7839592, 41.8776076]}, "properties": {"category": "civic", "amenity": "community_centre", "name": "Longfellow Center"}}, {"type": "Feature", "geometry": {"type": "Point", "coordinates": [-88.187665, 41.977555]}, "properties": {"category": "civic", "amenity": "community_centre", "name": "Bartlett Community Center"}}, {"type": "Feature", "geometry": {"type": "Point", "coordinates": [-87.814301, 41.8931586]}, "properties": {"category": "civic", "amenity": "library", "name": "River Forest Public Library"}}, {"type": "Feature", "geometry": {"type": "Point", "coordinates": [-87.9500548, 42.2388421]}, "properties": {"category": "cafe", "amenity": "cafe", "name": "Bearology"}}, {"type": "Feature", "geometry": {"type": "Point", "coordinates": [-87.8908764, 41.5617403]}, "properties": {"category": "cafe", "amenity": "cafe", "name": "Starbucks"}}, {"type": "Feature", "geometry": {"type": "Point", "coordinates": [-88.1184048, 42.0631287]}, "properties": {"category": "civic", "amenity": "library", "name": "Hoffman Estates Branch Library"}}, {"type": "Feature", "geometry": {"type": "Point", "coordinates": [-88.1211487, 42.0524441]}, "properties": {"category": "civic", "amenity": "community_centre", "name": "Scott R. Triphahn Community Center & Ice Arena"}}, {"type": "Feature", "geometry": {"type": "Point", "coordinates": [-87.8081491, 41.8793007]}, "properties": {"category": "cafe", "amenity": "cafe", "name": "Kribi Coffee"}}, {"type": "Feature", "geometry": {"type": "Point", "coordinates": [-87.727348, 42.0657259]}, "properties": {"category": "cafe", "amenity": "cafe", "name": "Sarki's Cafe"}}, {"type": "Feature", "geometry": {"type": "Point", "coordinates": [-87.6906668, 41.8769058]}, "properties": {"category": "civic", "amenity": "community_centre", "name": ""}}, {"type": "Feature", "geometry": {"type": "Point", "coordinates": [-87.8156398, 41.8754359]}, "properties": {"category": "civic", "amenity": "community_centre", "name": "Howard Mohr Community Center"}}, {"type": "Feature", "geometry": {"type": "Point", "coordinates": [-87.7231825, 42.0715654]}, "properties": {"category": "social_facility", "amenity": "social_facility", "name": "Artis Senior Living"}}, {"type": "Feature", "geometry": {"type": "Point", "coordinates": [-88.0210963, 42.2637609]}, "properties": {"category": "civic", "amenity": "community_centre", "name": "Mundelein Senior Center"}}, {"type": "Feature", "geometry": {"type": "Point", "coordinates": [-87.3637179, 41.4188838]}, "properties": {"category": "civic", "amenity": "library", "name": "Crown Point Community Library"}}, {"type": "Feature", "geometry": {"type": "Point", "coordinates": [-88.1472055, 41.3090365]}, "properties": {"category": "cafe", "amenity": "cafe", "name": "Mimi's Cafe"}}, {"type": "Feature", "geometry": {"type": "Point", "coordinates": [-87.703538, 41.7819066]}, "properties": {"category": "civic", "amenity": "library", "name": "Chicago Lawn Branch Library"}}, {"type": "Feature", "geometry": {"type": "Point", "coordinates": [-87.8043048, 41.8590214]}, "properties": {"category": "social_facility", "amenity": "social_facility", "name": "Vet Center"}}, {"type": "Feature", "geometry": {"type": "Point", "coordinates": [-87.7451487, 41.956231]}, "properties": {"category": "social_facility", "amenity": "social_facility", "name": "The Kilpatrick Renaissance"}}, {"type": "Feature", "geometry": {"type": "Point", "coordinates": [-88.3355893, 42.0108702]}, "properties": {"category": "cafe", "amenity": "cafe", "name": "Starbucks"}}, {"type": "Feature", "geometry": {"type": "Point", "coordinates": [-87.9674953, 41.6143127]}, "properties": {"category": "civic", "amenity": "library", "name": "Homer Township Public Library"}}, {"type": "Feature", "geometry": {"type": "Point", "coordinates": [-88.1553819, 41.5207121]}, "properties": {"category": "civic", "amenity": "community_centre", "name": ""}}, {"type": "Feature", "geometry": {"type": "Point", "coordinates": [-87.7404368, 41.6923232]}, "properties": {"category": "cafe", "amenity": "cafe", "name": "Starbucks"}}, {"type": "Feature", "geometry": {"type": "Point", "coordinates": [-87.8331885, 42.3619649]}, "properties": {"category": "civic", "amenity": "library", "name": "Waukegan Public Library"}}, {"type": "Feature", "geometry": {"type": "Point", "coordinates": [-87.6451011, 41.7801037]}, "properties": {"category": "cafe", "amenity": "cafe", "name": "Starbucks"}}, {"type": "Feature", "geometry": {"type": "Point", "coordinates": [-88.0829337, 41.8896517]}, "properties": {"category": "social_facility", "amenity": "social_facility", "name": "Autumn Leaves"}}, {"type": "Feature", "geometry": {"type": "Point", "coordinates": [-87.945447, 41.8971832]}, "properties": {"category": "civic", "amenity": "library", "name": "A C Buehler Library"}}, {"type": "Feature", "geometry": {"type": "Point", "coordinates": [-87.8535083, 41.6321035]}, "properties": {"category": "cafe", "amenity": "cafe", "name": "Starbucks"}}, {"type": "Feature", "geometry": {"type": "Point", "coordinates": [-88.2032674, 41.8827158]}, "properties": {"category": "civic", "amenity": "community_centre", "name": "Old Train Depot"}}, {"type": "Feature", "geometry": {"type": "Point", "coordinates": [-87.405467, 41.2910734]}, "properties": {"category": "civic", "amenity": "library", "name": "Lowell Public Library"}}, {"type": "Feature", "geometry": {"type": "Point", "coordinates": [-87.419913, 41.3020774]}, "properties": {"category": "civic", "amenity": "community_centre", "name": "Lowell VFW 6841"}}, {"type": "Feature", "geometry": {"type": "Point", "coordinates": [-87.4085157, 41.2899925]}, "properties": {"category": "cafe", "amenity": "cafe", "name": "Gold Star Cafe and Catering"}}, {"type": "Feature", "geometry": {"type": "Point", "coordinates": [-87.3997406, 41.2870131]}, "properties": {"category": "social_facility", "amenity": "social_facility", "name": "Cedar Creek Health Campus"}}, {"type": "Feature", "geometry": {"type": "Point", "coordinates": [-88.0100554, 41.7359123]}, "properties": {"category": "social_facility", "amenity": "social_facility", "name": ""}}, {"type": "Feature", "geometry": {"type": "Point", "coordinates": [-87.8984095, 41.8836596]}, "properties": {"category": "civic", "amenity": "community_centre", "name": "Eisenhower Community Center"}}, {"type": "Feature", "geometry": {"type": "Point", "coordinates": [-87.9076648, 41.8772111]}, "properties": {"category": "civic", "amenity": "library", "name": "Hillside Public Library"}}, {"type": "Feature", "geometry": {"type": "Point", "coordinates": [-87.8805204, 42.162267]}, "properties": {"category": "cafe", "amenity": "cafe", "name": "Wintergarden Cafe"}}, {"type": "Feature", "geometry": {"type": "Point", "coordinates": [-87.9321839, 41.8688815]}, "properties": {"category": "social_facility", "amenity": "social_facility", "name": ""}}, {"type": "Feature", "geometry": {"type": "Point", "coordinates": [-87.7967206, 42.184481]}, "properties": {"category": "civic", "amenity": "library", "name": "Highland Park Public Library"}}, {"type": "Feature", "geometry": {"type": "Point", "coordinates": [-87.8246244, 42.1713897]}, "properties": {"category": "cafe", "amenity": "cafe", "name": "Starbucks"}}, {"type": "Feature", "geometry": {"type": "Point", "coordinates": [-87.8107796, 42.2022178]}, "properties": {"category": "civic", "amenity": "library", "name": "Highwood Public Library"}}, {"type": "Feature", "geometry": {"type": "Point", "coordinates": [-88.0654669, 41.9432484]}, "properties": {"category": "social_facility", "amenity": "social_facility", "name": "West Suburban Nursing and Rehabilitation Center"}}, {"type": "Feature", "geometry": {"type": "Point", "coordinates": [-88.0792156, 41.9489668]}, "properties": {"category": "civic", "amenity": "library", "name": "Bloomingdale Public Library"}}, {"type": "Feature", "geometry": {"type": "Point", "coordinates": [-87.8916971, 41.5344558]}, "properties": {"category": "civic", "amenity": "library", "name": "Mokena Community Public Library"}}, {"type": "Feature", "geometry": {"type": "Point", "coordinates": [-87.981577, 41.8119297]}, "properties": {"category": "civic", "amenity": "community_centre", "name": "Liberty Park Community"}}, {"type": "Feature", "geometry": {"type": "Point", "coordinates": [-87.8007729, 42.1844779]}, "properties": {"category": "cafe", "amenity": "cafe", "name": "Curt's Cafe"}}, {"type": "Feature", "geometry": {"type": "Point", "coordinates": [-88.0451069, 41.7559066]}, "properties": {"category": "civic", "amenity": "library", "name": "Woodridge Public Library"}}, {"type": "Feature", "geometry": {"type": "Point", "coordinates": [-87.9553662, 41.7562466]}, "properties": {"category": "civic", "amenity": "library", "name": "Indian Prairie Public Library"}}, {"type": "Feature", "geometry": {"type": "Point", "coordinates": [-88.2954558, 41.7207075]}, "properties": {"category": "civic", "amenity": "library", "name": "Oswego Public Library District (Montgomery Campus)"}}, {"type": "Feature", "geometry": {"type": "Point", "coordinates": [-88.3271713, 41.7880323]}, "properties": {"category": "social_facility", "amenity": "social_facility", "name": "Avantara Aurora"}}, {"type": "Feature", "geometry": {"type": "Point", "coordinates": [-87.686681, 41.4968997]}, "properties": {"category": "social_facility", "amenity": "social_facility", "name": "Ludeman Developmental Center"}}, {"type": "Feature", "geometry": {"type": "Point", "coordinates": [-87.5811084, 41.4593246]}, "properties": {"category": "social_facility", "amenity": "social_facility", "name": "Saint James Manor & Villas"}}, {"type": "Feature", "geometry": {"type": "Point", "coordinates": [-88.0305892, 41.5894524]}, "properties": {"category": "cafe", "amenity": "cafe", "name": "Cafeteria"}}, {"type": "Feature", "geometry": {"type": "Point", "coordinates": [-87.7260672, 41.4830405]}, "properties": {"category": "civic", "amenity": "library", "name": "Richton Park Public Library"}}, {"type": "Feature", "geometry": {"type": "Point", "coordinates": [-87.5559866, 41.6168223]}, "properties": {"category": "civic", "amenity": "library", "name": "Calumet City Public Library"}}, {"type": "Feature", "geometry": {"type": "Point", "coordinates": [-87.5102467, 41.5037886]}, "properties": {"category": "social_facility", "amenity": "social_facility", "name": "Symphony of Dyer"}}, {"type": "Feature", "geometry": {"type": "Point", "coordinates": [-87.8560676, 41.7715454]}, "properties": {"category": "civic", "amenity": "library", "name": "Hodgkins Public Library"}}, {"type": "Feature", "geometry": {"type": "Point", "coordinates": [-87.9936095, 41.9322294]}, "properties": {"category": "civic", "amenity": "library", "name": "Addison Public Library"}}, {"type": "Feature", "geometry": {"type": "Point", "coordinates": [-87.8437375, 42.2794865]}, "properties": {"category": "cafe", "amenity": "cafe", "name": "Bluffington's"}}, {"type": "Feature", "geometry": {"type": "Point", "coordinates": [-87.6186933, 41.876785]}, "properties": {"category": "cafe", "amenity": "cafe", "name": "Fountain Cafe"}}, {"type": "Feature", "geometry": {"type": "Point", "coordinates": [-87.6684877, 41.9461722]}, "properties": {"category": "social_facility", "amenity": "social_facility", "name": "Artis Senior Living of Lakeview"}}, {"type": "Feature", "geometry": {"type": "Point", "coordinates": [-88.021553, 41.8344365]}, "properties": {"category": "cafe", "amenity": "cafe", "name": "Starbucks"}}, {"type": "Feature", "geometry": {"type": "Point", "coordinates": [-88.0655182, 41.7490966]}, "properties": {"category": "social_facility", "amenity": "social_facility", "name": "Cedarhurst"}}, {"type": "Feature", "geometry": {"type": "Point", "coordinates": [-87.6514935, 41.5252788]}, "properties": {"category": "social_facility", "amenity": "social_facility", "name": "Prairie Manor Rehabilitation & Healthcare"}}, {"type": "Feature", "geometry": {"type": "Point", "coordinates": [-87.5128273, 41.6075077]}, "properties": {"category": "civic", "amenity": "community_centre", "name": "Hammond Civic Center"}}, {"type": "Feature", "geometry": {"type": "Point", "coordinates": [-87.9763266, 41.7950536]}, "properties": {"category": "cafe", "amenity": "cafe", "name": "Brewed Awakening"}}, {"type": "Feature", "geometry": {"type": "Point", "coordinates": [-87.9761697, 41.8062197]}, "properties": {"category": "civic", "amenity": "library", "name": "Westmont Public Library"}}, {"type": "Feature", "geometry": {"type": "Point", "coordinates": [-88.1821816, 42.0191833]}, "properties": {"category": "civic", "amenity": "community_centre", "name": "Streamwood Community Center"}}, {"type": "Feature", "geometry": {"type": "Point", "coordinates": [-87.8489472, 42.1697845]}, "properties": {"category": "civic", "amenity": "community_centre", "name": "Jewett Park Community Center"}}, {"type": "Feature", "geometry": {"type": "Point", "coordinates": [-87.7202038, 41.6750504]}, "properties": {"category": "civic", "amenity": "library", "name": "Alsip-Merrionette Park Library"}}, {"type": "Feature", "geometry": {"type": "Point", "coordinates": [-87.3157204, 41.4689301]}, "properties": {"category": "cafe", "amenity": "cafe", "name": "Starbucks"}}, {"type": "Feature", "geometry": {"type": "Point", "coordinates": [-87.6467034, 41.9258626]}, "properties": {"category": "social_facility", "amenity": "social_facility", "name": "Belmont Living - Lincoln Park"}}, {"type": "Feature", "geometry": {"type": "Point", "coordinates": [-88.173424, 41.8034151]}, "properties": {"category": "cafe", "amenity": "cafe", "name": "Corner Bakery"}}, {"type": "Feature", "geometry": {"type": "Point", "coordinates": [-88.1826578, 41.8230622]}, "properties": {"category": "civic", "amenity": "library", "name": "Warrenville Public Library District"}}, {"type": "Feature", "geometry": {"type": "Point", "coordinates": [-88.271066, 42.0520274]}, "properties": {"category": "social_facility", "amenity": "social_facility", "name": "Life Choices"}}, {"type": "Feature", "geometry": {"type": "Point", "coordinates": [-88.2814041, 42.0374836]}, "properties": {"category": "civic", "amenity": "community_centre", "name": "YWCA Elgin"}}, {"type": "Feature", "geometry": {"type": "Point", "coordinates": [-88.2776793, 42.0439841]}, "properties": {"category": "social_facility", "amenity": "social_facility", "name": "Boys & Girls Club"}}, {"type": "Feature", "geometry": {"type": "Point", "coordinates": [-88.2732684, 42.0295095]}, "properties": {"category": "social_facility", "amenity": "social_facility", "name": "Heritage Health: Therapy & Senior Care - Elgin"}}, {"type": "Feature", "geometry": {"type": "Point", "coordinates": [-87.9578645, 42.1568999]}, "properties": {"category": "civic", "amenity": "community_centre", "name": "Scott Jacobson Community Arts Center"}}, {"type": "Feature", "geometry": {"type": "Point", "coordinates": [-87.96001, 42.1549353]}, "properties": {"category": "cafe", "amenity": "cafe", "name": "Dutch Bros. Coffee"}}, {"type": "Feature", "geometry": {"type": "Point", "coordinates": [-87.6473764, 41.6085395]}, "properties": {"category": "civic", "amenity": "library", "name": "Harvey Public Library"}}, {"type": "Feature", "geometry": {"type": "Point", "coordinates": [-88.1859274, 41.7829971]}, "properties": {"category": "social_facility", "amenity": "social_facility", "name": "St. Patrick's Residence"}}, {"type": "Feature", "geometry": {"type": "Point", "coordinates": [-88.2480004, 42.2081934]}, "properties": {"category": "social_facility", "amenity": "social_facility", "name": ""}}, {"type": "Feature", "geometry": {"type": "Point", "coordinates": [-87.9354138, 42.368777]}, "properties": {"category": "cafe", "amenity": "cafe", "name": "Bubble Tea Station"}}, {"type": "Feature", "geometry": {"type": "Point", "coordinates": [-87.8725982, 41.8133373]}, "properties": {"category": "social_facility", "amenity": "social_facility", "name": ""}}, {"type": "Feature", "geometry": {"type": "Point", "coordinates": [-87.8679605, 41.8206088]}, "properties": {"category": "social_facility", "amenity": "social_facility", "name": "Plymouth Place"}}, {"type": "Feature", "geometry": {"type": "Point", "coordinates": [-88.3146741, 41.9115163]}, "properties": {"category": "cafe", "amenity": "cafe", "name": ""}}, {"type": "Feature", "geometry": {"type": "Point", "coordinates": [-88.3134424, 41.9110996]}, "properties": {"category": "cafe", "amenity": "cafe", "name": "Arcedium Coffeehouse"}}, {"type": "Feature", "geometry": {"type": "Point", "coordinates": [-88.3059412, 42.4667604]}, "properties": {"category": "civic", "amenity": "community_centre", "name": "Richmond Village Hall"}}, {"type": "Feature", "geometry": {"type": "Point", "coordinates": [-88.3062136, 42.4513992]}, "properties": {"category": "cafe", "amenity": "cafe", "name": "Cubby Cafe"}}, {"type": "Feature", "geometry": {"type": "Point", "coordinates": [-88.304342, 42.4652683]}, "properties": {"category": "civic", "amenity": "library", "name": "Nippersink Public Library District"}}, {"type": "Feature", "geometry": {"type": "Point", "coordinates": [-88.2364513, 42.3818714]}, "properties": {"category": "civic", "amenity": "library", "name": "Johnsburg Public Library District"}}, {"type": "Feature", "geometry": {"type": "Point", "coordinates": [-88.1523874, 41.9937155]}, "properties": {"category": "civic", "amenity": "community_centre", "name": "Hanover Park Community Center"}}, {"type": "Feature", "geometry": {"type": "Point", "coordinates": [-88.4310713, 42.4711243]}, "properties": {"category": "civic", "amenity": "community_centre", "name": ""}}, {"type": "Feature", "geometry": {"type": "Point", "coordinates": [-88.6137281, 42.4187759]}, "properties": {"category": "social_facility", "amenity": "social_facility", "name": "Harvard Retirement Home"}}, {"type": "Feature", "geometry": {"type": "Point", "coordinates": [-87.7012658, 41.9007526]}, "properties": {"category": "social_facility", "amenity": "social_facility", "name": "65th Infantry Regiment \"Borinqueneers\" Veterans Housing"}}, {"type": "Feature", "geometry": {"type": "Point", "coordinates": [-87.8316209, 41.818713]}, "properties": {"category": "civic", "amenity": "community_centre", "name": "Scout Cabin"}}, {"type": "Feature", "geometry": {"type": "Point", "coordinates": [-87.8338381, 41.8282466]}, "properties": {"category": "civic", "amenity": "community_centre", "name": "Hollywood House"}}, {"type": "Feature", "geometry": {"type": "Point", "coordinates": [-88.2308154, 42.2210212]}, "properties": {"category": "civic", "amenity": "library", "name": "Cary Area Public Library"}}, {"type": "Feature", "geometry": {"type": "Point", "coordinates": [-88.0560826, 41.5899299]}, "properties": {"category": "civic", "amenity": "library", "name": "White Oak Library - Lockport Branch"}}, {"type": "Feature", "geometry": {"type": "Point", "coordinates": [-87.8381999, 41.6654531]}, "properties": {"category": "civic", "amenity": "library", "name": "Palos Park Public Library"}}, {"type": "Feature", "geometry": {"type": "Point", "coordinates": [-87.7349771, 42.1060073]}, "properties": {"category": "cafe", "amenity": "cafe", "name": "Peet's Coffee"}}, {"type": "Feature", "geometry": {"type": "Point", "coordinates": [-87.7353917, 42.1068877]}, "properties": {"category": "cafe", "amenity": "cafe", "name": "Starbucks"}}, {"type": "Feature", "geometry": {"type": "Point", "coordinates": [-87.8157346, 41.7481839]}, "properties": {"category": "civic", "amenity": "library", "name": "Bridgeview Public Library"}}, {"type": "Feature", "geometry": {"type": "Point", "coordinates": [-88.1442751, 42.0175783]}, "properties": {"category": "cafe", "amenity": "cafe", "name": "Starbucks"}}, {"type": "Feature", "geometry": {"type": "Point", "coordinates": [-88.132523, 42.047771]}, "properties": {"category": "social_facility", "amenity": "social_facility", "name": ""}}, {"type": "Feature", "geometry": {"type": "Point", "coordinates": [-88.1335641, 42.0477237]}, "properties": {"category": "social_facility", "amenity": "social_facility", "name": ""}}, {"type": "Feature", "geometry": {"type": "Point", "coordinates": [-88.2147193, 41.6144238]}, "properties": {"category": "social_facility", "amenity": "social_facility", "name": "Heritage Woods of Plainfield"}}, {"type": "Feature", "geometry": {"type": "Point", "coordinates": [-88.0921158, 42.0484753]}, "properties": {"category": "cafe", "amenity": "cafe", "name": "Starbucks"}}, {"type": "Feature", "geometry": {"type": "Point", "coordinates": [-87.6309103, 41.4501528]}, "properties": {"category": "civic", "amenity": "library", "name": "Crete Public Library"}}, {"type": "Feature", "geometry": {"type": "Point", "coordinates": [-87.7553368, 42.025189]}, "properties": {"category": "cafe", "amenity": "cafe", "name": "Don Julio Cafe"}}, {"type": "Feature", "geometry": {"type": "Point", "coordinates": [-88.6203277, 41.6460263]}, "properties": {"category": "civic", "amenity": "library", "name": "Sandwich Township Public Library"}}, {"type": "Feature", "geometry": {"type": "Point", "coordinates": [-87.5192637, 41.6459046]}, "properties": {"category": "social_facility", "amenity": "social_facility", "name": "Pulaski Park Senior Center"}}, {"type": "Feature", "geometry": {"type": "Point", "coordinates": [-87.5914995, 41.7646474]}, "properties": {"category": "social_facility", "amenity": "social_facility", "name": "Eden South Shore"}}, {"type": "Feature", "geometry": {"type": "Point", "coordinates": [-87.6858241, 41.5982331]}, "properties": {"category": "civic", "amenity": "community_centre", "name": ""}}, {"type": "Feature", "geometry": {"type": "Point", "coordinates": [-87.5552052, 41.5729113]}, "properties": {"category": "civic", "amenity": "community_centre", "name": "Eisenhower Community & Fitness Center"}}, {"type": "Feature", "geometry": {"type": "Point", "coordinates": [-87.7823358, 42.0358899]}, "properties": {"category": "cafe", "amenity": "cafe", "name": "Super Cup Coffee Shop"}}, {"type": "Feature", "geometry": {"type": "Point", "coordinates": [-87.9198666, 42.0568945]}, "properties": {"category": "civic", "amenity": "community_centre", "name": "Frisbee Senior Center"}}, {"type": "Feature", "geometry": {"type": "Point", "coordinates": [-87.7472963, 41.9901361]}, "properties": {"category": "civic", "amenity": "community_centre", "name": "Kyrgyz Community Center"}}, {"type": "Feature", "geometry": {"type": "Point", "coordinates": [-87.8399905, 42.0260564]}, "properties": {"category": "social_facility", "amenity": "social_facility", "name": "Presence"}}, {"type": "Feature", "geometry": {"type": "Point", "coordinates": [-88.3156015, 41.9121515]}, "properties": {"category": "civic", "amenity": "community_centre", "name": "Baker Community Center"}}, {"type": "Feature", "geometry": {"type": "Point", "coordinates": [-87.7626078, 41.969538]}, "properties": {"category": "cafe", "amenity": "cafe", "name": "Weston's Coffee & Tap Co."}}, {"type": "Feature", "geometry": {"type": "Point", "coordinates": [-87.7644046, 42.0107177]}, "properties": {"category": "cafe", "amenity": "cafe", "name": "C3 Coffee Bar"}}, {"type": "Feature", "geometry": {"type": "Point", "coordinates": [-87.7626494, 42.0114021]}, "properties": {"category": "cafe", "amenity": "cafe", "name": "Corner Bakery"}}, {"type": "Feature", "geometry": {"type": "Point", "coordinates": [-88.7068973, 41.3299976]}, "properties": {"category": "civic", "amenity": "library", "name": "Marseilles Public Library"}}, {"type": "Feature", "geometry": {"type": "Point", "coordinates": [-87.6709761, 41.486052]}, "properties": {"category": "social_facility", "amenity": "social_facility", "name": ""}}, {"type": "Feature", "geometry": {"type": "Point", "coordinates": [-87.9699987, 42.2364043]}, "properties": {"category": "cafe", "amenity": "cafe", "name": ""}}, {"type": "Feature", "geometry": {"type": "Point", "coordinates": [-87.5519286, 41.7354033]}, "properties": {"category": "cafe", "amenity": "cafe", "name": "Dulce's Caf\u00e9"}}, {"type": "Feature", "geometry": {"type": "Point", "coordinates": [-87.9383467, 42.2193705]}, "properties": {"category": "social_facility", "amenity": "social_facility", "name": "The Springs of Vernon Hills Alzheimer's Special Care Center"}}, {"type": "Feature", "geometry": {"type": "Point", "coordinates": [-87.770247, 42.0960826]}, "properties": {"category": "social_facility", "amenity": "social_facility", "name": "North Shore Senior Center"}}, {"type": "Feature", "geometry": {"type": "Point", "coordinates": [-87.777543, 41.9576138]}, "properties": {"category": "social_facility", "amenity": "social_facility", "name": "St. Mary of Providence"}}, {"type": "Feature", "geometry": {"type": "Point", "coordinates": [-87.7513614, 42.0261014]}, "properties": {"category": "cafe", "amenity": "cafe", "name": "Complimentary Cafe"}}, {"type": "Feature", "geometry": {"type": "Point", "coordinates": [-87.8275323, 42.249551]}, "properties": {"category": "civic", "amenity": "library", "name": "Donnelley & Lee Library"}}, {"type": "Feature", "geometry": {"type": "Point", "coordinates": [-87.9558078, 41.9524529]}, "properties": {"category": "civic", "amenity": "community_centre", "name": "Deer Grove Leisure Center"}}, {"type": "Feature", "geometry": {"type": "Point", "coordinates": [-87.699639, 42.048571]}, "properties": {"category": "social_facility", "amenity": "social_facility", "name": "Youth & Opportunity United"}}, {"type": "Feature", "geometry": {"type": "Point", "coordinates": [-88.464848, 41.6592264]}, "properties": {"category": "social_facility", "amenity": "social_facility", "name": ""}}, {"type": "Feature", "geometry": {"type": "Point", "coordinates": [-88.3093683, 41.8520998]}, "properties": {"category": "civic", "amenity": "community_centre", "name": ""}}, {"type": "Feature", "geometry": {"type": "Point", "coordinates": [-88.3069946, 41.8871949]}, "properties": {"category": "cafe", "amenity": "cafe", "name": "Geneva Diner"}}, {"type": "Feature", "geometry": {"type": "Point", "coordinates": [-88.3079153, 41.9141659]}, "properties": {"category": "civic", "amenity": "library", "name": "Saint Charles Public Library"}}, {"type": "Feature", "geometry": {"type": "Point", "coordinates": [-87.8308506, 42.1305136]}, "properties": {"category": "civic", "amenity": "library", "name": "Northbrook Public Library"}}, {"type": "Feature", "geometry": {"type": "Point", "coordinates": [-88.2673358, 41.9216377]}, "properties": {"category": "cafe", "amenity": "cafe", "name": "Starbucks"}}, {"type": "Feature", "geometry": {"type": "Point", "coordinates": [-87.8027611, 42.1468098]}, "properties": {"category": "civic", "amenity": "community_centre", "name": "Bernard Weinger Jewish Community Center"}}, {"type": "Feature", "geometry": {"type": "Point", "coordinates": [-88.0685561, 41.5070362]}, "properties": {"category": "social_facility", "amenity": "social_facility", "name": "Sunny Hill Nursing Home of Will County"}}, {"type": "Feature", "geometry": {"type": "Point", "coordinates": [-88.0455957, 42.0887996]}, "properties": {"category": "cafe", "amenity": "cafe", "name": "Coquelicot Gallery and Cafe"}}, {"type": "Feature", "geometry": {"type": "Point", "coordinates": [-88.0957865, 42.4823882]}, "properties": {"category": "civic", "amenity": "library", "name": "Antioch Public Library"}}, {"type": "Feature", "geometry": {"type": "Point", "coordinates": [-88.2545664, 42.2167563]}, "properties": {"category": "cafe", "amenity": "cafe", "name": "Starbucks"}}, {"type": "Feature", "geometry": {"type": "Point", "coordinates": [-88.4976797, 41.6647512]}, "properties": {"category": "civic", "amenity": "community_centre", "name": "Lakewood Springs North Clubhouse"}}, {"type": "Feature", "geometry": {"type": "Point", "coordinates": [-88.5035396, 41.6564848]}, "properties": {"category": "civic", "amenity": "community_centre", "name": "Lakewood Springs Clubhouse South"}}, {"type": "Feature", "geometry": {"type": "Point", "coordinates": [-87.6431638, 41.4811197]}, "properties": {"category": "social_facility", "amenity": "social_facility", "name": "South Chicago Heights Senior Center"}}, {"type": "Feature", "geometry": {"type": "Point", "coordinates": [-87.856395, 41.6188665]}, "properties": {"category": "civic", "amenity": "library", "name": "Orland Park Public Library"}}, {"type": "Feature", "geometry": {"type": "Point", "coordinates": [-88.18481, 42.0326506]}, "properties": {"category": "social_facility", "amenity": "social_facility", "name": ""}}, {"type": "Feature", "geometry": {"type": "Point", "coordinates": [-88.0343857, 42.1096842]}, "properties": {"category": "cafe", "amenity": "cafe", "name": "Spunky Dunkers Donuts"}}, {"type": "Feature", "geometry": {"type": "Point", "coordinates": [-87.5185428, 41.6966057]}, "properties": {"category": "cafe", "amenity": "cafe", "name": "Starbucks"}}, {"type": "Feature", "geometry": {"type": "Point", "coordinates": [-88.220364, 42.1975798]}, "properties": {"category": "civic", "amenity": "library", "name": "Fox River Grove Memorial Library"}}, {"type": "Feature", "geometry": {"type": "Point", "coordinates": [-87.8214123, 41.9526896]}, "properties": {"category": "social_facility", "amenity": "social_facility", "name": "Seniors Assistance Center"}}, {"type": "Feature", "geometry": {"type": "Point", "coordinates": [-87.6267622, 41.8873425]}, "properties": {"category": "cafe", "amenity": "cafe", "name": "Coco Bar"}}, {"type": "Feature", "geometry": {"type": "Point", "coordinates": [-87.6234683, 41.8973866]}, "properties": {"category": "civic", "amenity": "library", "name": "Water Works, Chicago Public Library"}}, {"type": "Feature", "geometry": {"type": "Point", "coordinates": [-88.3075174, 42.1867836]}, "properties": {"category": "social_facility", "amenity": "social_facility", "name": "Algonquin Lake In The Hills Interfaith Food Pantry"}}, {"type": "Feature", "geometry": {"type": "Point", "coordinates": [-87.7337316, 42.1082936]}, "properties": {"category": "civic", "amenity": "community_centre", "name": "Winnetka Community House"}}, {"type": "Feature", "geometry": {"type": "Point", "coordinates": [-87.6236689, 41.8793892]}, "properties": {"category": "civic", "amenity": "library", "name": "Ryerson & Burnham Libraries"}}, {"type": "Feature", "geometry": {"type": "Point", "coordinates": [-87.7870312, 41.872861]}, "properties": {"category": "civic", "amenity": "library", "name": "Oak Park Public Library Adele H. Maze Branch"}}, {"type": "Feature", "geometry": {"type": "Point", "coordinates": [-87.7319576, 41.6249764]}, "properties": {"category": "civic", "amenity": "library", "name": "Midlothian Public Library"}}, {"type": "Feature", "geometry": {"type": "Point", "coordinates": [-87.8063066, 41.9963149]}, "properties": {"category": "cafe", "amenity": "cafe", "name": "Starbucks"}}, {"type": "Feature", "geometry": {"type": "Point", "coordinates": [-87.6120288, 41.8250643]}, "properties": {"category": "civic", "amenity": "community_centre", "name": "Oakwood Center"}}, {"type": "Feature", "geometry": {"type": "Point", "coordinates": [-87.8676835, 42.1504772]}, "properties": {"category": "social_facility", "amenity": "social_facility", "name": ""}}, {"type": "Feature", "geometry": {"type": "Point", "coordinates": [-88.1046364, 41.8813681]}, "properties": {"category": "social_facility", "amenity": "social_facility", "name": ""}}, {"type": "Feature", "geometry": {"type": "Point", "coordinates": [-87.9971666, 41.8397219]}, "properties": {"category": "cafe", "amenity": "cafe", "name": "Starbucks"}}, {"type": "Feature", "geometry": {"type": "Point", "coordinates": [-87.7088276, 41.969126]}, "properties": {"category": "social_facility", "amenity": "social_facility", "name": "Darul Amaan Senior Apartments"}}, {"type": "Feature", "geometry": {"type": "Point", "coordinates": [-87.8373677, 42.2506317]}, "properties": {"category": "civic", "amenity": "community_centre", "name": "Gorton Community Center"}}, {"type": "Feature", "geometry": {"type": "Point", "coordinates": [-87.6984915, 42.0346588]}, "properties": {"category": "civic", "amenity": "community_centre", "name": "Robert Crown Community Center"}}, {"type": "Feature", "geometry": {"type": "Point", "coordinates": [-87.8008979, 42.0805502]}, "properties": {"category": "social_facility", "amenity": "social_facility", "name": "Citadel of Glenview"}}, {"type": "Feature", "geometry": {"type": "Point", "coordinates": [-87.806836, 41.9668894]}, "properties": {"category": "cafe", "amenity": "cafe", "name": "Starbucks"}}, {"type": "Feature", "geometry": {"type": "Point", "coordinates": [-87.8635904, 41.9900775]}, "properties": {"category": "civic", "amenity": "community_centre", "name": "Dunne Park Recreation Center"}}, {"type": "Feature", "geometry": {"type": "Point", "coordinates": [-88.3222148, 41.7553836]}, "properties": {"category": "cafe", "amenity": "cafe", "name": "Endiro Coffee Rostery"}}, {"type": "Feature", "geometry": {"type": "Point", "coordinates": [-87.8725035, 42.0872406]}, "properties": {"category": "social_facility", "amenity": "social_facility", "name": "Atria Glenview"}}, {"type": "Feature", "geometry": {"type": "Point", "coordinates": [-88.055608, 41.5776103]}, "properties": {"category": "civic", "amenity": "community_centre", "name": "Dellwood Park Community Center (DPCC)"}}, {"type": "Feature", "geometry": {"type": "Point", "coordinates": [-87.822582, 42.0858831]}, "properties": {"category": "social_facility", "amenity": "social_facility", "name": "Chestnut Square at The Glen"}}, {"type": "Feature", "geometry": {"type": "Point", "coordinates": [-87.8256585, 42.095721]}, "properties": {"category": "social_facility", "amenity": "social_facility", "name": "Thomas Place Senior Living"}}, {"type": "Feature", "geometry": {"type": "Point", "coordinates": [-87.9543625, 42.2866752]}, "properties": {"category": "cafe", "amenity": "cafe", "name": "Conscious Cup Coffee Roasters"}}, {"type": "Feature", "geometry": {"type": "Point", "coordinates": [-88.317503, 42.0359565]}, "properties": {"category": "social_facility", "amenity": "social_facility", "name": "River View Rehab Center"}}, {"type": "Feature", "geometry": {"type": "Point", "coordinates": [-87.7230005, 42.0761527]}, "properties": {"category": "social_facility", "amenity": "social_facility", "name": "Sunrise of Wilmette"}}, {"type": "Feature", "geometry": {"type": "Point", "coordinates": [-87.7088476, 42.0022787]}, "properties": {"category": "social_facility", "amenity": "social_facility", "name": "JCFS Abe and Ida Cooper Center"}}, {"type": "Feature", "geometry": {"type": "Point", "coordinates": [-88.105837, 42.3577511]}, "properties": {"category": "civic", "amenity": "library", "name": "Round Lake Area Public Library"}}, {"type": "Feature", "geometry": {"type": "Point", "coordinates": [-88.3091926, 41.8468351]}, "properties": {"category": "social_facility", "amenity": "social_facility", "name": "Batavia Food Pantry"}}, {"type": "Feature", "geometry": {"type": "Point", "coordinates": [-87.791883, 41.3384099]}, "properties": {"category": "civic", "amenity": "library", "name": "Peotone Public Library"}}, {"type": "Feature", "geometry": {"type": "Point", "coordinates": [-87.8478705, 42.1061894]}, "properties": {"category": "cafe", "amenity": "cafe", "name": "Starbucks"}}, {"type": "Feature", "geometry": {"type": "Point", "coordinates": [-87.8541475, 42.072407]}, "properties": {"category": "social_facility", "amenity": "social_facility", "name": "The Abington of Glenview"}}, {"type": "Feature", "geometry": {"type": "Point", "coordinates": [-88.1585508, 41.8741787]}, "properties": {"category": "social_facility", "amenity": "social_facility", "name": "Ronald McDonald House"}}, {"type": "Feature", "geometry": {"type": "Point", "coordinates": [-88.1445622, 41.8669129]}, "properties": {"category": "social_facility", "amenity": "social_facility", "name": "DuPage Care Center"}}, {"type": "Feature", "geometry": {"type": "Point", "coordinates": [-88.1418834, 42.0515958]}, "properties": {"category": "social_facility", "amenity": "social_facility", "name": "Alden Poplar Creek"}}, {"type": "Feature", "geometry": {"type": "Point", "coordinates": [-88.1433584, 42.0509826]}, "properties": {"category": "social_facility", "amenity": "social_facility", "name": "Benchmark Retirement Center"}}, {"type": "Feature", "geometry": {"type": "Point", "coordinates": [-88.3901173, 41.8806181]}, "properties": {"category": "social_facility", "amenity": "social_facility", "name": "Greenfields of Geneva"}}, {"type": "Feature", "geometry": {"type": "Point", "coordinates": [-88.142967, 41.7560846]}, "properties": {"category": "cafe", "amenity": "cafe", "name": "Starbucks"}}, {"type": "Feature", "geometry": {"type": "Point", "coordinates": [-88.3461478, 42.051925]}, "properties": {"category": "social_facility", "amenity": "social_facility", "name": ""}}, {"type": "Feature", "geometry": {"type": "Point", "coordinates": [-87.3119561, 41.5300614]}, "properties": {"category": "social_facility", "amenity": "social_facility", "name": "Sebo's Nursing Home"}}, {"type": "Feature", "geometry": {"type": "Point", "coordinates": [-87.8146345, 42.055846]}, "properties": {"category": "social_facility", "amenity": "social_facility", "name": "Belmont Village Senior Living Center"}}, {"type": "Feature", "geometry": {"type": "Point", "coordinates": [-87.2562468, 41.5335811]}, "properties": {"category": "civic", "amenity": "library", "name": "Hobart Branch Library"}}, {"type": "Feature", "geometry": {"type": "Point", "coordinates": [-88.205487, 41.8840158]}, "properties": {"category": "civic", "amenity": "library", "name": "West Chicago Public Library"}}, {"type": "Feature", "geometry": {"type": "Point", "coordinates": [-88.4686099, 41.8927384]}, "properties": {"category": "civic", "amenity": "library", "name": "Town & Country Public Library"}}, {"type": "Feature", "geometry": {"type": "Point", "coordinates": [-88.3150532, 41.9946904]}, "properties": {"category": "civic", "amenity": "library", "name": "Gail Borden Public Library - South Elgin Branch"}}, {"type": "Feature", "geometry": {"type": "Point", "coordinates": [-88.0746741, 41.9359379]}, "properties": {"category": "cafe", "amenity": "cafe", "name": "Starbucks"}}, {"type": "Feature", "geometry": {"type": "Point", "coordinates": [-88.6839329, 41.9887603]}, "properties": {"category": "civic", "amenity": "library", "name": "Sycamore Public Library"}}, {"type": "Feature", "geometry": {"type": "Point", "coordinates": [-88.0765679, 41.9824033]}, "properties": {"category": "civic", "amenity": "library", "name": "Roselle Public Library"}}, {"type": "Feature", "geometry": {"type": "Point", "coordinates": [-88.1386053, 42.0047844]}, "properties": {"category": "civic", "amenity": "library", "name": "Hanover Park Branch Library"}}, {"type": "Feature", "geometry": {"type": "Point", "coordinates": [-87.2592674, 41.5358895]}, "properties": {"category": "civic", "amenity": "community_centre", "name": ""}}, {"type": "Feature", "geometry": {"type": "Point", "coordinates": [-87.6866586, 42.0197405]}, "properties": {"category": "social_facility", "amenity": "social_facility", "name": "CJE Seniorlife-Adult Day Services"}}, {"type": "Feature", "geometry": {"type": "Point", "coordinates": [-87.7937177, 41.8301934]}, "properties": {"category": "cafe", "amenity": "cafe", "name": ""}}, {"type": "Feature", "geometry": {"type": "Point", "coordinates": [-87.9426333, 42.3492129]}, "properties": {"category": "social_facility", "amenity": "social_facility", "name": "Shepherd Premier Senior Living"}}, {"type": "Feature", "geometry": {"type": "Point", "coordinates": [-87.8613587, 41.8141993]}, "properties": {"category": "civic", "amenity": "community_centre", "name": "Community Center"}}, {"type": "Feature", "geometry": {"type": "Point", "coordinates": [-87.8534832, 41.6038302]}, "properties": {"category": "cafe", "amenity": "cafe", "name": "Starbucks"}}, {"type": "Feature", "geometry": {"type": "Point", "coordinates": [-87.9627661, 42.3483054]}, "properties": {"category": "social_facility", "amenity": "social_facility", "name": "Assisted Living by Theresa"}}, {"type": "Feature", "geometry": {"type": "Point", "coordinates": [-88.2525529, 41.7373874]}, "properties": {"category": "cafe", "amenity": "cafe", "name": "Starbucks"}}, {"type": "Feature", "geometry": {"type": "Point", "coordinates": [-88.0138362, 41.8082576]}, "properties": {"category": "cafe", "amenity": "cafe", "name": "Starbucks"}}, {"type": "Feature", "geometry": {"type": "Point", "coordinates": [-88.3230204, 41.8796455]}, "properties": {"category": "civic", "amenity": "community_centre", "name": "Sunset Community Center"}}, {"type": "Feature", "geometry": {"type": "Point", "coordinates": [-87.5835499, 41.7241767]}, "properties": {"category": "social_facility", "amenity": "social_facility", "name": "Montclare Senior Residences of Calumet Heights"}}, {"type": "Feature", "geometry": {"type": "Point", "coordinates": [-87.7427075, 41.8044546]}, "properties": {"category": "social_facility", "amenity": "social_facility", "name": "Cicero Senior Lofts"}}, {"type": "Feature", "geometry": {"type": "Point", "coordinates": [-87.6677539, 41.561332]}, "properties": {"category": "cafe", "amenity": "cafe", "name": "Starbucks"}}, {"type": "Feature", "geometry": {"type": "Point", "coordinates": [-87.9929465, 42.0761236]}, "properties": {"category": "civic", "amenity": "community_centre", "name": "Pioneer Park Community Center"}}, {"type": "Feature", "geometry": {"type": "Point", "coordinates": [-88.3131796, 41.8861013]}, "properties": {"category": "civic", "amenity": "library", "name": "Geneva Public Library"}}, {"type": "Feature", "geometry": {"type": "Point", "coordinates": [-87.8607687, 41.8171883]}, "properties": {"category": "social_facility", "amenity": "social_facility", "name": "Beds Plus"}}, {"type": "Feature", "geometry": {"type": "Point", "coordinates": [-87.9259398, 42.1391013]}, "properties": {"category": "cafe", "amenity": "cafe", "name": "Starbucks"}}, {"type": "Feature", "geometry": {"type": "Point", "coordinates": [-87.7160271, 41.8678346]}, "properties": {"category": "civic", "amenity": "community_centre", "name": "John D. & Alexandra C. Nichols Center"}}, {"type": "Feature", "geometry": {"type": "Point", "coordinates": [-87.7031703, 41.7933279]}, "properties": {"category": "cafe", "amenity": "cafe", "name": "Starbucks"}}, {"type": "Feature", "geometry": {"type": "Point", "coordinates": [-87.8413891, 42.2539873]}, "properties": {"category": "cafe", "amenity": "cafe", "name": "Hometown Coffee & Juice"}}, {"type": "Feature", "geometry": {"type": "Point", "coordinates": [-88.2280502, 41.7444529]}, "properties": {"category": "social_facility", "amenity": "social_facility", "name": "Vet Center"}}, {"type": "Feature", "geometry": {"type": "Point", "coordinates": [-87.7102412, 41.8978441]}, "properties": {"category": "social_facility", "amenity": "social_facility", "name": "The Salvation Army Shield of Hope"}}, {"type": "Feature", "geometry": {"type": "Point", "coordinates": [-87.7982784, 41.9573443]}, "properties": {"category": "social_facility", "amenity": "social_facility", "name": "Illinois Veterans' Home Chicago"}}, {"type": "Feature", "geometry": {"type": "Point", "coordinates": [-87.7443279, 41.8304608]}, "properties": {"category": "cafe", "amenity": "cafe", "name": "Starbucks"}}, {"type": "Feature", "geometry": {"type": "Point", "coordinates": [-87.6999253, 42.019968]}, "properties": {"category": "social_facility", "amenity": "social_facility", "name": "Dobson Plaza Nursing Home"}}, {"type": "Feature", "geometry": {"type": "Point", "coordinates": [-87.7907211, 42.1339857]}, "properties": {"category": "social_facility", "amenity": "social_facility", "name": "North Shore Place"}}, {"type": "Feature", "geometry": {"type": "Point", "coordinates": [-88.0884996, 42.1947927]}, "properties": {"category": "civic", "amenity": "library", "name": "Ela Area Public Library"}}, {"type": "Feature", "geometry": {"type": "Point", "coordinates": [-87.5927849, 41.5064689]}, "properties": {"category": "social_facility", "amenity": "social_facility", "name": "Ford Heights Community Service Organnization"}}, {"type": "Feature", "geometry": {"type": "Point", "coordinates": [-87.0590337, 41.4690523]}, "properties": {"category": "civic", "amenity": "library", "name": "Valparaiso Branch Library"}}, {"type": "Feature", "geometry": {"type": "Point", "coordinates": [-88.0086769, 41.753789]}, "properties": {"category": "social_facility", "amenity": "social_facility", "name": "AAUW Downers Grove Area"}}, {"type": "Feature", "geometry": {"type": "Point", "coordinates": [-87.7135713, 41.7124522]}, "properties": {"category": "social_facility", "amenity": "social_facility", "name": "Mercy Circle"}}, {"type": "Feature", "geometry": {"type": "Point", "coordinates": [-87.7332602, 42.0065578]}, "properties": {"category": "civic", "amenity": "community_centre", "name": "Lincolnwood Community Center"}}, {"type": "Feature", "geometry": {"type": "Point", "coordinates": [-88.0990181, 42.4804429]}, "properties": {"category": "civic", "amenity": "community_centre", "name": ""}}, {"type": "Feature", "geometry": {"type": "Point", "coordinates": [-88.0967715, 42.4773608]}, "properties": {"category": "cafe", "amenity": "cafe", "name": "Little Bean Coffee Company"}}, {"type": "Feature", "geometry": {"type": "Point", "coordinates": [-88.0831568, 42.4885621]}, "properties": {"category": "civic", "amenity": "community_centre", "name": "Veterans of Foreign Wars"}}, {"type": "Feature", "geometry": {"type": "Point", "coordinates": [-88.061474, 42.4658989]}, "properties": {"category": "cafe", "amenity": "cafe", "name": "Starbucks"}}, {"type": "Feature", "geometry": {"type": "Point", "coordinates": [-87.9752641, 41.7755725]}, "properties": {"category": "cafe", "amenity": "cafe", "name": "Starbucks"}}, {"type": "Feature", "geometry": {"type": "Point", "coordinates": [-87.9889352, 41.772825]}, "properties": {"category": "social_facility", "amenity": "social_facility", "name": ""}}, {"type": "Feature", "geometry": {"type": "Point", "coordinates": [-88.3738506, 41.7644356]}, "properties": {"category": "social_facility", "amenity": "social_facility", "name": "The Pearl of Orchard Valley"}}, {"type": "Feature", "geometry": {"type": "Point", "coordinates": [-87.715322, 42.0866837]}, "properties": {"category": "civic", "amenity": "community_centre", "name": "The Kenilworth Club"}}, {"type": "Feature", "geometry": {"type": "Point", "coordinates": [-87.7915244, 42.0020489]}, "properties": {"category": "social_facility", "amenity": "social_facility", "name": "Generations at Regency"}}, {"type": "Feature", "geometry": {"type": "Point", "coordinates": [-87.6991451, 41.8667279]}, "properties": {"category": "social_facility", "amenity": "social_facility", "name": "Rauner Family Veteran Studios"}}, {"type": "Feature", "geometry": {"type": "Point", "coordinates": [-88.3418499, 41.9689044]}, "properties": {"category": "social_facility", "amenity": "social_facility", "name": "Silver Glen Senior Living"}}, {"type": "Feature", "geometry": {"type": "Point", "coordinates": [-88.0827494, 41.6935956]}, "properties": {"category": "civic", "amenity": "community_centre", "name": "Levy Senior Center"}}, {"type": "Feature", "geometry": {"type": "Point", "coordinates": [-87.889263, 41.8049915]}, "properties": {"category": "cafe", "amenity": "cafe", "name": "Starbucks"}}, {"type": "Feature", "geometry": {"type": "Point", "coordinates": [-87.8934551, 41.5987753]}, "properties": {"category": "cafe", "amenity": "cafe", "name": "Cafe Miele"}}, {"type": "Feature", "geometry": {"type": "Point", "coordinates": [-87.8925727, 41.5990037]}, "properties": {"category": "social_facility", "amenity": "social_facility", "name": "Universal Metro Asian Services"}}, {"type": "Feature", "geometry": {"type": "Point", "coordinates": [-87.8948501, 41.6002067]}, "properties": {"category": "cafe", "amenity": "cafe", "name": "Starbucks"}}, {"type": "Feature", "geometry": {"type": "Point", "coordinates": [-87.6728234, 42.0204564]}, "properties": {"category": "civic", "amenity": "community_centre", "name": "Howard Area Community Center"}}, {"type": "Feature", "geometry": {"type": "Point", "coordinates": [-88.0425299, 42.2798049]}, "properties": {"category": "cafe", "amenity": "cafe", "name": "Starbucks"}}, {"type": "Feature", "geometry": {"type": "Point", "coordinates": [-87.9029546, 41.9113625]}, "properties": {"category": "civic", "amenity": "library", "name": "Northlake Public Library"}}, {"type": "Feature", "geometry": {"type": "Point", "coordinates": [-87.8258757, 42.4446325]}, "properties": {"category": "cafe", "amenity": "cafe", "name": "It's All Good"}}, {"type": "Feature", "geometry": {"type": "Point", "coordinates": [-87.8244893, 42.4483708]}, "properties": {"category": "social_facility", "amenity": "social_facility", "name": ""}}, {"type": "Feature", "geometry": {"type": "Point", "coordinates": [-87.8260132, 42.4315805]}, "properties": {"category": "social_facility", "amenity": "social_facility", "name": "Family Resource Center"}}, {"type": "Feature", "geometry": {"type": "Point", "coordinates": [-87.8264921, 42.4568663]}, "properties": {"category": "cafe", "amenity": "cafe", "name": "CoCo's Cafe"}}, {"type": "Feature", "geometry": {"type": "Point", "coordinates": [-88.1190689, 41.5249386]}, "properties": {"category": "civic", "amenity": "community_centre", "name": ""}}, {"type": "Feature", "geometry": {"type": "Point", "coordinates": [-87.8661176, 41.8402599]}, "properties": {"category": "civic", "amenity": "community_centre", "name": "Community Park District of La Grange Recreation Center"}}, {"type": "Feature", "geometry": {"type": "Point", "coordinates": [-88.3129206, 41.9117692]}, "properties": {"category": "cafe", "amenity": "cafe", "name": "Kava Diem Organic River Cafe"}}, {"type": "Feature", "geometry": {"type": "Point", "coordinates": [-88.1488401, 41.7727593]}, "properties": {"category": "cafe", "amenity": "cafe", "name": "Elite Boba"}}, {"type": "Feature", "geometry": {"type": "Point", "coordinates": [-87.8309361, 41.8001405]}, "properties": {"category": "civic", "amenity": "library", "name": "McCook Public Library"}}, {"type": "Feature", "geometry": {"type": "Point", "coordinates": [-87.8420256, 41.9298801]}, "properties": {"category": "civic", "amenity": "library", "name": "River Grove Public Library"}}, {"type": "Feature", "geometry": {"type": "Point", "coordinates": [-88.2714076, 41.8007671]}, "properties": {"category": "cafe", "amenity": "cafe", "name": "Coffee Craze"}}, {"type": "Feature", "geometry": {"type": "Point", "coordinates": [-88.2052398, 41.7254857]}, "properties": {"category": "cafe", "amenity": "cafe", "name": "Yogi's Caf\u00e9"}}, {"type": "Feature", "geometry": {"type": "Point", "coordinates": [-88.6793515, 41.5301885]}, "properties": {"category": "civic", "amenity": "library", "name": "Robert Rowe Library"}}, {"type": "Feature", "geometry": {"type": "Point", "coordinates": [-88.1843837, 41.7680249]}, "properties": {"category": "social_facility", "amenity": "social_facility", "name": "Universal Metro Asian Services"}}, {"type": "Feature", "geometry": {"type": "Point", "coordinates": [-87.6466003, 41.8376759]}, "properties": {"category": "cafe", "amenity": "cafe", "name": "Starbucks"}}, {"type": "Feature", "geometry": {"type": "Point", "coordinates": [-88.4452739, 41.6614314]}, "properties": {"category": "cafe", "amenity": "cafe", "name": "Grace Coffee and Wine"}}, {"type": "Feature", "geometry": {"type": "Point", "coordinates": [-88.1622642, 41.7469863]}, "properties": {"category": "cafe", "amenity": "cafe", "name": "Starbucks"}}, {"type": "Feature", "geometry": {"type": "Point", "coordinates": [-87.7462103, 41.9529534]}, "properties": {"category": "social_facility", "amenity": "social_facility", "name": "The Clarendale"}}, {"type": "Feature", "geometry": {"type": "Point", "coordinates": [-87.8535356, 41.6053227]}, "properties": {"category": "cafe", "amenity": "cafe", "name": "Stan's Donuts & Coffee"}}, {"type": "Feature", "geometry": {"type": "Point", "coordinates": [-88.0936628, 42.3538383]}, "properties": {"category": "cafe", "amenity": "cafe", "name": "Orale Cafe"}}, {"type": "Feature", "geometry": {"type": "Point", "coordinates": [-88.1527483, 42.278176]}, "properties": {"category": "social_facility", "amenity": "social_facility", "name": "Wauconda Island Lake Food Pantry"}}, {"type": "Feature", "geometry": {"type": "Point", "coordinates": [-87.8015968, 41.8793824]}, "properties": {"category": "social_facility", "amenity": "social_facility", "name": "Belmont Village"}}, {"type": "Feature", "geometry": {"type": "Point", "coordinates": [-87.834484, 42.0536713]}, "properties": {"category": "social_facility", "amenity": "social_facility", "name": "Elevate Care"}}, {"type": "Feature", "geometry": {"type": "Point", "coordinates": [-87.9385792, 42.0822206]}, "properties": {"category": "cafe", "amenity": "cafe", "name": "Starbucks"}}, {"type": "Feature", "geometry": {"type": "Point", "coordinates": [-87.7628052, 42.0112605]}, "properties": {"category": "cafe", "amenity": "cafe", "name": "Starbucks Caf\u00e9"}}, {"type": "Feature", "geometry": {"type": "Point", "coordinates": [-87.4549579, 41.3781206]}, "properties": {"category": "civic", "amenity": "library", "name": "Cedar Lake Branch Library"}}, {"type": "Feature", "geometry": {"type": "Point", "coordinates": [-87.7297643, 41.9728568]}, "properties": {"category": "social_facility", "amenity": "social_facility", "name": "The Salvation Army Chicago Metropolitan Headquarters"}}, {"type": "Feature", "geometry": {"type": "Point", "coordinates": [-87.8119689, 41.7180328]}, "properties": {"category": "cafe", "amenity": "cafe", "name": "Starbucks"}}, {"type": "Feature", "geometry": {"type": "Point", "coordinates": [-87.7334087, 41.855408]}, "properties": {"category": "social_facility", "amenity": "social_facility", "name": "Montclare Supportive Living Community"}}, {"type": "Feature", "geometry": {"type": "Point", "coordinates": [-87.6621391, 41.8653769]}, "properties": {"category": "social_facility", "amenity": "social_facility", "name": ""}}, {"type": "Feature", "geometry": {"type": "Point", "coordinates": [-87.6620958, 41.8646348]}, "properties": {"category": "social_facility", "amenity": "social_facility", "name": ""}}, {"type": "Feature", "geometry": {"type": "Point", "coordinates": [-87.9195803, 42.1399856]}, "properties": {"category": "social_facility", "amenity": "social_facility", "name": "The Landing on Dundee"}}, {"type": "Feature", "geometry": {"type": "Point", "coordinates": [-88.2068559, 41.7109035]}, "properties": {"category": "cafe", "amenity": "cafe", "name": "Starbucks"}}, {"type": "Feature", "geometry": {"type": "Point", "coordinates": [-87.6752908, 41.8555959]}, "properties": {"category": "social_facility", "amenity": "social_facility", "name": "El Valor Guadalupe Reyes"}}, {"type": "Feature", "geometry": {"type": "Point", "coordinates": [-87.6862471, 41.8437627]}, "properties": {"category": "social_facility", "amenity": "social_facility", "name": ""}}, {"type": "Feature", "geometry": {"type": "Point", "coordinates": [-88.0607019, 41.9340273]}, "properties": {"category": "civic", "amenity": "community_centre", "name": ""}}, {"type": "Feature", "geometry": {"type": "Point", "coordinates": [-87.7905885, 42.1475515]}, "properties": {"category": "civic", "amenity": "library", "name": "Lenhardt Library"}}, {"type": "Feature", "geometry": {"type": "Point", "coordinates": [-87.6247499, 41.8409542]}, "properties": {"category": "social_facility", "amenity": "social_facility", "name": ""}}, {"type": "Feature", "geometry": {"type": "Point", "coordinates": [-88.0382226, 42.0962504]}, "properties": {"category": "social_facility", "amenity": "social_facility", "name": "Clearbrook Getz Building"}}, {"type": "Feature", "geometry": {"type": "Point", "coordinates": [-88.2033085, 41.6090936]}, "properties": {"category": "civic", "amenity": "library", "name": "Plainfield Area Public Library"}}, {"type": "Feature", "geometry": {"type": "Point", "coordinates": [-87.6227315, 41.822302]}, "properties": {"category": "social_facility", "amenity": "social_facility", "name": "Elliot Donelley Youth Center"}}, {"type": "Feature", "geometry": {"type": "Point", "coordinates": [-87.0251499, 41.3098544]}, "properties": {"category": "civic", "amenity": "library", "name": "Kouts Branch Library"}}, {"type": "Feature", "geometry": {"type": "Point", "coordinates": [-87.7573619, 41.8022739]}, "properties": {"category": "social_facility", "amenity": "social_facility", "name": ""}}, {"type": "Feature", "geometry": {"type": "Point", "coordinates": [-87.6182166, 41.8431971]}, "properties": {"category": "social_facility", "amenity": "social_facility", "name": ""}}, {"type": "Feature", "geometry": {"type": "Point", "coordinates": [-87.0267506, 41.3136887]}, "properties": {"category": "civic", "amenity": "community_centre", "name": "St. Paul Lutheran Parish Hall"}}, {"type": "Feature", "geometry": {"type": "Point", "coordinates": [-87.8605173, 41.7898992]}, "properties": {"category": "social_facility", "amenity": "social_facility", "name": "Helping Hand Center"}}, {"type": "Feature", "geometry": {"type": "Point", "coordinates": [-88.1419549, 42.2679699]}, "properties": {"category": "civic", "amenity": "community_centre", "name": "Wauconda Park District Offices"}}, {"type": "Feature", "geometry": {"type": "Point", "coordinates": [-87.876339, 41.7320383]}, "properties": {"category": "cafe", "amenity": "cafe", "name": "Ashbary Coffee House"}}, {"type": "Feature", "geometry": {"type": "Point", "coordinates": [-87.8593046, 41.7420715]}, "properties": {"category": "civic", "amenity": "community_centre", "name": "Village of Willow Springs Community Center"}}, {"type": "Feature", "geometry": {"type": "Point", "coordinates": [-87.8522549, 41.8361979]}, "properties": {"category": "social_facility", "amenity": "social_facility", "name": "UCP Seguin"}}, {"type": "Feature", "geometry": {"type": "Point", "coordinates": [-87.7895666, 42.1488549]}, "properties": {"category": "cafe", "amenity": "cafe", "name": "Garden View Caf\u00e9"}}, {"type": "Feature", "geometry": {"type": "Point", "coordinates": [-88.2147513, 41.6145333]}, "properties": {"category": "social_facility", "amenity": "social_facility", "name": "Heritage Woods of Plainfield"}}, {"type": "Feature", "geometry": {"type": "Point", "coordinates": [-87.8434524, 41.8178195]}, "properties": {"category": "civic", "amenity": "community_centre", "name": "Saint Barbara Parish Center"}}, {"type": "Feature", "geometry": {"type": "Point", "coordinates": [-87.6617595, 41.8018625]}, "properties": {"category": "social_facility", "amenity": "social_facility", "name": ""}}, {"type": "Feature", "geometry": {"type": "Point", "coordinates": [-87.6220046, 41.7939949]}, "properties": {"category": "social_facility", "amenity": "social_facility", "name": ""}}, {"type": "Feature", "geometry": {"type": "Point", "coordinates": [-87.6814314, 41.6568972]}, "properties": {"category": "civic", "amenity": "library", "name": "Blue Island Public Library"}}, {"type": "Feature", "geometry": {"type": "Point", "coordinates": [-87.604833, 41.7815845]}, "properties": {"category": "social_facility", "amenity": "social_facility", "name": ""}}, {"type": "Feature", "geometry": {"type": "Point", "coordinates": [-87.6031837, 41.7813307]}, "properties": {"category": "social_facility", "amenity": "social_facility", "name": "AKArama Foundation Inc Community Service Center"}}, {"type": "Feature", "geometry": {"type": "Point", "coordinates": [-87.5884813, 41.7796693]}, "properties": {"category": "social_facility", "amenity": "social_facility", "name": "South Side YMCA"}}, {"type": "Feature", "geometry": {"type": "Point", "coordinates": [-87.6774652, 41.8653831]}, "properties": {"category": "social_facility", "amenity": "social_facility", "name": ""}}, {"type": "Feature", "geometry": {"type": "Point", "coordinates": [-87.6749219, 41.8673273]}, "properties": {"category": "social_facility", "amenity": "social_facility", "name": ""}}, {"type": "Feature", "geometry": {"type": "Point", "coordinates": [-87.6725058, 41.8672445]}, "properties": {"category": "social_facility", "amenity": "social_facility", "name": ""}}, {"type": "Feature", "geometry": {"type": "Point", "coordinates": [-87.6707578, 41.8676686]}, "properties": {"category": "social_facility", "amenity": "social_facility", "name": ""}}, {"type": "Feature", "geometry": {"type": "Point", "coordinates": [-87.7366851, 41.7781872]}, "properties": {"category": "social_facility", "amenity": "social_facility", "name": ""}}, {"type": "Feature", "geometry": {"type": "Point", "coordinates": [-87.6816066, 41.8299924]}, "properties": {"category": "social_facility", "amenity": "social_facility", "name": ""}}, {"type": "Feature", "geometry": {"type": "Point", "coordinates": [-87.6969654, 41.8776948]}, "properties": {"category": "social_facility", "amenity": "social_facility", "name": ""}}, {"type": "Feature", "geometry": {"type": "Point", "coordinates": [-87.9188798, 41.7535271]}, "properties": {"category": "social_facility", "amenity": "social_facility", "name": "Harvester Place"}}, {"type": "Feature", "geometry": {"type": "Point", "coordinates": [-87.7076067, 41.7795814]}, "properties": {"category": "social_facility", "amenity": "social_facility", "name": ""}}, {"type": "Feature", "geometry": {"type": "Point", "coordinates": [-87.7060068, 41.7846377]}, "properties": {"category": "social_facility", "amenity": "social_facility", "name": ""}}, {"type": "Feature", "geometry": {"type": "Point", "coordinates": [-88.2084993, 41.8947261]}, "properties": {"category": "civic", "amenity": "community_centre", "name": "ARC Center"}}, {"type": "Feature", "geometry": {"type": "Point", "coordinates": [-87.7081241, 41.7931892]}, "properties": {"category": "social_facility", "amenity": "social_facility", "name": ""}}, {"type": "Feature", "geometry": {"type": "Point", "coordinates": [-87.6987876, 41.7860655]}, "properties": {"category": "social_facility", "amenity": "social_facility", "name": ""}}, {"type": "Feature", "geometry": {"type": "Point", "coordinates": [-87.6924916, 41.7679428]}, "properties": {"category": "social_facility", "amenity": "social_facility", "name": ""}}, {"type": "Feature", "geometry": {"type": "Point", "coordinates": [-87.6826587, 41.7789061]}, "properties": {"category": "social_facility", "amenity": "social_facility", "name": ""}}, {"type": "Feature", "geometry": {"type": "Point", "coordinates": [-88.0926675, 42.4703059]}, "properties": {"category": "cafe", "amenity": "cafe", "name": "The Latte Cafe"}}, {"type": "Feature", "geometry": {"type": "Point", "coordinates": [-87.7169873, 41.7406856]}, "properties": {"category": "social_facility", "amenity": "social_facility", "name": ""}}, {"type": "Feature", "geometry": {"type": "Point", "coordinates": [-87.7962799, 41.754632]}, "properties": {"category": "social_facility", "amenity": "social_facility", "name": ""}}, {"type": "Feature", "geometry": {"type": "Point", "coordinates": [-88.0086105, 41.753744]}, "properties": {"category": "social_facility", "amenity": "social_facility", "name": ""}}, {"type": "Feature", "geometry": {"type": "Point", "coordinates": [-87.6533036, 41.8769254]}, "properties": {"category": "social_facility", "amenity": "social_facility", "name": ""}}, {"type": "Feature", "geometry": {"type": "Point", "coordinates": [-87.7470156, 41.956835]}, "properties": {"category": "cafe", "amenity": "cafe", "name": "Starbucks"}}, {"type": "Feature", "geometry": {"type": "Point", "coordinates": [-87.8167842, 42.0811389]}, "properties": {"category": "social_facility", "amenity": "social_facility", "name": "Vi at The Glen"}}, {"type": "Feature", "geometry": {"type": "Point", "coordinates": [-88.6076206, 42.2493424]}, "properties": {"category": "civic", "amenity": "library", "name": "Marengo Public Library"}}, {"type": "Feature", "geometry": {"type": "Point", "coordinates": [-88.69456, 42.0972436]}, "properties": {"category": "civic", "amenity": "library", "name": "Genoa Public Library"}}, {"type": "Feature", "geometry": {"type": "Point", "coordinates": [-88.6831835, 42.0910577]}, "properties": {"category": "social_facility", "amenity": "social_facility", "name": ""}}, {"type": "Feature", "geometry": {"type": "Point", "coordinates": [-88.6834305, 42.0909188]}, "properties": {"category": "social_facility", "amenity": "social_facility", "name": ""}}, {"type": "Feature", "geometry": {"type": "Point", "coordinates": [-87.7930819, 42.1537301]}, "properties": {"category": "social_facility", "amenity": "social_facility", "name": "Northern Suburban Special Recreation Association (NSSRA) - Mitchell L. Slotnick Center"}}, {"type": "Feature", "geometry": {"type": "Point", "coordinates": [-87.858755, 41.7421791]}, "properties": {"category": "social_facility", "amenity": "social_facility", "name": ""}}, {"type": "Feature", "geometry": {"type": "Point", "coordinates": [-87.6127216, 41.7732784]}, "properties": {"category": "social_facility", "amenity": "social_facility", "name": ""}}, {"type": "Feature", "geometry": {"type": "Point", "coordinates": [-87.6024395, 41.7640747]}, "properties": {"category": "social_facility", "amenity": "social_facility", "name": ""}}, {"type": "Feature", "geometry": {"type": "Point", "coordinates": [-87.5964266, 41.7597226]}, "properties": {"category": "social_facility", "amenity": "social_facility", "name": ""}}, {"type": "Feature", "geometry": {"type": "Point", "coordinates": [-87.5654691, 41.7574226]}, "properties": {"category": "social_facility", "amenity": "social_facility", "name": ""}}, {"type": "Feature", "geometry": {"type": "Point", "coordinates": [-87.5647896, 41.7569693]}, "properties": {"category": "social_facility", "amenity": "social_facility", "name": ""}}, {"type": "Feature", "geometry": {"type": "Point", "coordinates": [-87.5808692, 41.7512928]}, "properties": {"category": "social_facility", "amenity": "social_facility", "name": ""}}, {"type": "Feature", "geometry": {"type": "Point", "coordinates": [-88.2401239, 41.7800519]}, "properties": {"category": "cafe", "amenity": "cafe", "name": "Starbucks"}}, {"type": "Feature", "geometry": {"type": "Point", "coordinates": [-87.5433071, 41.7413009]}, "properties": {"category": "social_facility", "amenity": "social_facility", "name": ""}}, {"type": "Feature", "geometry": {"type": "Point", "coordinates": [-88.2045467, 41.6525728]}, "properties": {"category": "cafe", "amenity": "cafe", "name": "Starbucks"}}, {"type": "Feature", "geometry": {"type": "Point", "coordinates": [-87.8486246, 41.8261019]}, "properties": {"category": "civic", "amenity": "library", "name": "Linda Sokol Francis Brookfield Library"}}, {"type": "Feature", "geometry": {"type": "Point", "coordinates": [-87.0470025, 41.4931088]}, "properties": {"category": "cafe", "amenity": "cafe", "name": "Starbucks"}}, {"type": "Feature", "geometry": {"type": "Point", "coordinates": [-87.5495767, 41.7303883]}, "properties": {"category": "social_facility", "amenity": "social_facility", "name": ""}}, {"type": "Feature", "geometry": {"type": "Point", "coordinates": [-87.5491655, 41.7296756]}, "properties": {"category": "social_facility", "amenity": "social_facility", "name": ""}}, {"type": "Feature", "geometry": {"type": "Point", "coordinates": [-87.5492801, 41.7287412]}, "properties": {"category": "social_facility", "amenity": "social_facility", "name": ""}}, {"type": "Feature", "geometry": {"type": "Point", "coordinates": [-87.6906616, 41.8494007]}, "properties": {"category": "social_facility", "amenity": "social_facility", "name": ""}}, {"type": "Feature", "geometry": {"type": "Point", "coordinates": [-87.6949336, 41.8548892]}, "properties": {"category": "social_facility", "amenity": "social_facility", "name": ""}}, {"type": "Feature", "geometry": {"type": "Point", "coordinates": [-87.6953287, 41.8677249]}, "properties": {"category": "social_facility", "amenity": "social_facility", "name": ""}}, {"type": "Feature", "geometry": {"type": "Point", "coordinates": [-88.2065302, 41.7754982]}, "properties": {"category": "cafe", "amenity": "cafe", "name": "Haraz Coffee House"}}, {"type": "Feature", "geometry": {"type": "Point", "coordinates": [-87.7023776, 41.7089016]}, "properties": {"category": "social_facility", "amenity": "social_facility", "name": ""}}, {"type": "Feature", "geometry": {"type": "Point", "coordinates": [-87.7081109, 41.7178313]}, "properties": {"category": "social_facility", "amenity": "social_facility", "name": ""}}, {"type": "Feature", "geometry": {"type": "Point", "coordinates": [-87.7080107, 41.7177494]}, "properties": {"category": "civic", "amenity": "community_centre", "name": "Hamilton B. Maher Community Center"}}, {"type": "Feature", "geometry": {"type": "Point", "coordinates": [-87.7170579, 41.8864257]}, "properties": {"category": "civic", "amenity": "community_centre", "name": "Community Room"}}, {"type": "Feature", "geometry": {"type": "Point", "coordinates": [-87.8363964, 41.2489385]}, "properties": {"category": "civic", "amenity": "library", "name": "Manteno Public Library"}}, {"type": "Feature", "geometry": {"type": "Point", "coordinates": [-87.8343236, 41.2514288]}, "properties": {"category": "civic", "amenity": "community_centre", "name": ""}}, {"type": "Feature", "geometry": {"type": "Point", "coordinates": [-87.8902221, 41.7692935]}, "properties": {"category": "social_facility", "amenity": "social_facility", "name": "Briar Place Nursing Center"}}, {"type": "Feature", "geometry": {"type": "Point", "coordinates": [-87.6824254, 41.6913436]}, "properties": {"category": "social_facility", "amenity": "social_facility", "name": ""}}, {"type": "Feature", "geometry": {"type": "Point", "coordinates": [-87.7361536, 41.691918]}, "properties": {"category": "social_facility", "amenity": "social_facility", "name": ""}}, {"type": "Feature", "geometry": {"type": "Point", "coordinates": [-87.794934, 41.6915283]}, "properties": {"category": "social_facility", "amenity": "social_facility", "name": ""}}, {"type": "Feature", "geometry": {"type": "Point", "coordinates": [-87.6432603, 41.7093444]}, "properties": {"category": "social_facility", "amenity": "social_facility", "name": ""}}, {"type": "Feature", "geometry": {"type": "Point", "coordinates": [-87.7601246, 41.6970076]}, "properties": {"category": "social_facility", "amenity": "social_facility", "name": ""}}, {"type": "Feature", "geometry": {"type": "Point", "coordinates": [-87.6929708, 41.6632331]}, "properties": {"category": "social_facility", "amenity": "social_facility", "name": "The Salvation Army Crossgenerations Worship & Community Center"}}, {"type": "Feature", "geometry": {"type": "Point", "coordinates": [-87.8319992, 41.2509623]}, "properties": {"category": "social_facility", "amenity": "social_facility", "name": ""}}, {"type": "Feature", "geometry": {"type": "Point", "coordinates": [-87.8319996, 41.2512215]}, "properties": {"category": "civic", "amenity": "community_centre", "name": ""}}, {"type": "Feature", "geometry": {"type": "Point", "coordinates": [-87.0249727, 41.4902736]}, "properties": {"category": "social_facility", "amenity": "social_facility", "name": ""}}, {"type": "Feature", "geometry": {"type": "Point", "coordinates": [-87.0531835, 41.4885038]}, "properties": {"category": "social_facility", "amenity": "social_facility", "name": ""}}, {"type": "Feature", "geometry": {"type": "Point", "coordinates": [-87.7733119, 41.7385702]}, "properties": {"category": "civic", "amenity": "library", "name": "Prairie Trails Public Library"}}, {"type": "Feature", "geometry": {"type": "Point", "coordinates": [-87.8680919, 42.260058]}, "properties": {"category": "social_facility", "amenity": "social_facility", "name": ""}}, {"type": "Feature", "geometry": {"type": "Point", "coordinates": [-87.8016003, 41.823734]}, "properties": {"category": "cafe", "amenity": "cafe", "name": "Starbucks"}}, {"type": "Feature", "geometry": {"type": "Point", "coordinates": [-87.8295649, 41.6011611]}, "properties": {"category": "social_facility", "amenity": "social_facility", "name": "Vet Center"}}, {"type": "Feature", "geometry": {"type": "Point", "coordinates": [-87.3351643, 41.5959159]}, "properties": {"category": "social_facility", "amenity": "social_facility", "name": "NWI Veterans Village"}}, {"type": "Feature", "geometry": {"type": "Point", "coordinates": [-87.9589052, 42.3892576]}, "properties": {"category": "cafe", "amenity": "cafe", "name": "Bubblelicious"}}, {"type": "Feature", "geometry": {"type": "Point", "coordinates": [-87.9557073, 42.3892598]}, "properties": {"category": "cafe", "amenity": "cafe", "name": "Starbucks"}}, {"type": "Feature", "geometry": {"type": "Point", "coordinates": [-87.9774897, 42.3850771]}, "properties": {"category": "cafe", "amenity": "cafe", "name": "Starbucks"}}, {"type": "Feature", "geometry": {"type": "Point", "coordinates": [-87.7760297, 41.6818213]}, "properties": {"category": "social_facility", "amenity": "social_facility", "name": ""}}, {"type": "Feature", "geometry": {"type": "Point", "coordinates": [-87.7655601, 41.6825438]}, "properties": {"category": "social_facility", "amenity": "social_facility", "name": ""}}, {"type": "Feature", "geometry": {"type": "Point", "coordinates": [-88.1494117, 41.2975372]}, "properties": {"category": "social_facility", "amenity": "social_facility", "name": "Aperion Care"}}, {"type": "Feature", "geometry": {"type": "Point", "coordinates": [-87.3435485, 41.5904857]}, "properties": {"category": "civic", "amenity": "community_centre", "name": "Hellenic Community Center"}}, {"type": "Feature", "geometry": {"type": "Point", "coordinates": [-87.3389347, 41.5884975]}, "properties": {"category": "civic", "amenity": "community_centre", "name": ""}}, {"type": "Feature", "geometry": {"type": "Point", "coordinates": [-87.6852712, 41.8246993]}, "properties": {"category": "cafe", "amenity": "cafe", "name": "Starbucks"}}, {"type": "Feature", "geometry": {"type": "Point", "coordinates": [-87.7499686, 41.6755775]}, "properties": {"category": "social_facility", "amenity": "social_facility", "name": ""}}, {"type": "Feature", "geometry": {"type": "Point", "coordinates": [-87.7827059, 41.573576]}, "properties": {"category": "social_facility", "amenity": "social_facility", "name": ""}}, {"type": "Feature", "geometry": {"type": "Point", "coordinates": [-87.7828929, 41.5744302]}, "properties": {"category": "social_facility", "amenity": "social_facility", "name": ""}}, {"type": "Feature", "geometry": {"type": "Point", "coordinates": [-87.7838905, 41.579166]}, "properties": {"category": "social_facility", "amenity": "social_facility", "name": ""}}, {"type": "Feature", "geometry": {"type": "Point", "coordinates": [-87.7362905, 41.8948319]}, "properties": {"category": "social_facility", "amenity": "social_facility", "name": "Boys & Girls Club"}}, {"type": "Feature", "geometry": {"type": "Point", "coordinates": [-88.1189607, 41.5707703]}, "properties": {"category": "civic", "amenity": "library", "name": "White Oak Library District Crest Hill Branch"}}, {"type": "Feature", "geometry": {"type": "Point", "coordinates": [-87.9587171, 42.0032368]}, "properties": {"category": "cafe", "amenity": "cafe", "name": "Starbucks"}}, {"type": "Feature", "geometry": {"type": "Point", "coordinates": [-88.0300034, 42.336287]}, "properties": {"category": "cafe", "amenity": "cafe", "name": "Starbucks"}}, {"type": "Feature", "geometry": {"type": "Point", "coordinates": [-87.610697, 41.5994392]}, "properties": {"category": "civic", "amenity": "library", "name": "South Holland Public Libary"}}, {"type": "Feature", "geometry": {"type": "Point", "coordinates": [-87.9543496, 42.289017]}, "properties": {"category": "cafe", "amenity": "cafe", "name": "Queen Yemeni Coffee"}}, {"type": "Feature", "geometry": {"type": "Point", "coordinates": [-87.3727108, 41.6040199]}, "properties": {"category": "civic", "amenity": "community_centre", "name": "Ambridge-Mann Community Center"}}, {"type": "Feature", "geometry": {"type": "Point", "coordinates": [-87.9960392, 42.0068631]}, "properties": {"category": "civic", "amenity": "community_centre", "name": "Rainbow Falls Community Center"}}, {"type": "Feature", "geometry": {"type": "Point", "coordinates": [-87.9962106, 42.0067985]}, "properties": {"category": "cafe", "amenity": "cafe", "name": "Hide-Away Cafe"}}, {"type": "Feature", "geometry": {"type": "Point", "coordinates": [-87.8073883, 41.9830635]}, "properties": {"category": "cafe", "amenity": "cafe", "name": "Starbucks"}}, {"type": "Feature", "geometry": {"type": "Point", "coordinates": [-87.8975255, 41.7760372]}, "properties": {"category": "civic", "amenity": "library", "name": "Indian Head Park Heritage Center Library"}}, {"type": "Feature", "geometry": {"type": "Point", "coordinates": [-87.7197411, 41.9145459]}, "properties": {"category": "social_facility", "amenity": "social_facility", "name": ""}}, {"type": "Feature", "geometry": {"type": "Point", "coordinates": [-87.6512952, 41.9651413]}, "properties": {"category": "social_facility", "amenity": "social_facility", "name": "Stephens Commons"}}, {"type": "Feature", "geometry": {"type": "Point", "coordinates": [-87.5445749, 41.7273553]}, "properties": {"category": "social_facility", "amenity": "social_facility", "name": "Victory Centre of South Chicago"}}, {"type": "Feature", "geometry": {"type": "Point", "coordinates": [-87.3420013, 41.590395]}, "properties": {"category": "civic", "amenity": "community_centre", "name": ""}}, {"type": "Feature", "geometry": {"type": "Point", "coordinates": [-87.9070054, 42.0653098]}, "properties": {"category": "cafe", "amenity": "cafe", "name": "Illusion Cafe"}}, {"type": "Feature", "geometry": {"type": "Point", "coordinates": [-87.8202291, 42.2170057]}, "properties": {"category": "cafe", "amenity": "cafe", "name": "Starbucks"}}, {"type": "Feature", "geometry": {"type": "Point", "coordinates": [-87.8336487, 42.2030314]}, "properties": {"category": "social_facility", "amenity": "social_facility", "name": "Warren Barr North Shore"}}, {"type": "Feature", "geometry": {"type": "Point", "coordinates": [-87.6266936, 41.878512]}, "properties": {"category": "cafe", "amenity": "cafe", "name": "HERO Coffee Bar"}}, {"type": "Feature", "geometry": {"type": "Point", "coordinates": [-87.8131423, 41.7783199]}, "properties": {"category": "civic", "amenity": "library", "name": "Summit Public Library"}}, {"type": "Feature", "geometry": {"type": "Point", "coordinates": [-87.337759, 41.4979444]}, "properties": {"category": "social_facility", "amenity": "social_facility", "name": "Boys & Girls Club"}}, {"type": "Feature", "geometry": {"type": "Point", "coordinates": [-87.254971, 41.4046687]}, "properties": {"category": "social_facility", "amenity": "social_facility", "name": "Crown Point Christian Village"}}, {"type": "Feature", "geometry": {"type": "Point", "coordinates": [-88.4337714, 41.6163979]}, "properties": {"category": "civic", "amenity": "community_centre", "name": "Raintree Village"}}, {"type": "Feature", "geometry": {"type": "Point", "coordinates": [-87.8163166, 42.163918]}, "properties": {"category": "civic", "amenity": "community_centre", "name": "West Ridge Center"}}, {"type": "Feature", "geometry": {"type": "Point", "coordinates": [-88.1437911, 41.3076937]}, "properties": {"category": "civic", "amenity": "library", "name": "Wilmington Public Library"}}, {"type": "Feature", "geometry": {"type": "Point", "coordinates": [-87.8553983, 42.4109303]}, "properties": {"category": "cafe", "amenity": "cafe", "name": "Starbucks"}}, {"type": "Feature", "geometry": {"type": "Point", "coordinates": [-87.4656354, 41.6220131]}, "properties": {"category": "social_facility", "amenity": "social_facility", "name": ""}}, {"type": "Feature", "geometry": {"type": "Point", "coordinates": [-87.0414691, 41.5795965]}, "properties": {"category": "social_facility", "amenity": "social_facility", "name": ""}}, {"type": "Feature", "geometry": {"type": "Point", "coordinates": [-87.042743, 41.5855729]}, "properties": {"category": "social_facility", "amenity": "social_facility", "name": ""}}, {"type": "Feature", "geometry": {"type": "Point", "coordinates": [-87.0425584, 41.585799]}, "properties": {"category": "social_facility", "amenity": "social_facility", "name": ""}}, {"type": "Feature", "geometry": {"type": "Point", "coordinates": [-88.3680358, 41.7585057]}, "properties": {"category": "civic", "amenity": "library", "name": "Aurora Public Library West Branch"}}, {"type": "Feature", "geometry": {"type": "Point", "coordinates": [-87.3892865, 41.5753001]}, "properties": {"category": "civic", "amenity": "community_centre", "name": "Oak Knoll Rennaisance Community Building"}}, {"type": "Feature", "geometry": {"type": "Point", "coordinates": [-87.6464209, 41.7783251]}, "properties": {"category": "social_facility", "amenity": "social_facility", "name": "Montclare Englewood"}}, {"type": "Feature", "geometry": {"type": "Point", "coordinates": [-88.3264548, 41.7971736]}, "properties": {"category": "social_facility", "amenity": "social_facility", "name": "Ashbury Gardens of North Aurora"}}, {"type": "Feature", "geometry": {"type": "Point", "coordinates": [-88.3415627, 41.9012146]}, "properties": {"category": "cafe", "amenity": "cafe", "name": "Starbucks"}}, {"type": "Feature", "geometry": {"type": "Point", "coordinates": [-87.9239055, 41.547693]}, "properties": {"category": "social_facility", "amenity": "social_facility", "name": "Marley Oaks Assisted Living Residence"}}, {"type": "Feature", "geometry": {"type": "Point", "coordinates": [-88.3623142, 41.7656432]}, "properties": {"category": "civic", "amenity": "community_centre", "name": "Aurora Ward 5 Community Meeting Space"}}, {"type": "Feature", "geometry": {"type": "Point", "coordinates": [-87.2771973, 41.5952649]}, "properties": {"category": "social_facility", "amenity": "social_facility", "name": "Miller Beach Terrace"}}, {"type": "Feature", "geometry": {"type": "Point", "coordinates": [-87.2672477, 41.6005447]}, "properties": {"category": "cafe", "amenity": "cafe", "name": "Tiny's Coffee Bar"}}, {"type": "Feature", "geometry": {"type": "Point", "coordinates": [-87.2674929, 41.6012676]}, "properties": {"category": "civic", "amenity": "library", "name": "Gary Public Library: Carter G Woodson Branch"}}, {"type": "Feature", "geometry": {"type": "Point", "coordinates": [-87.7981589, 42.0747261]}, "properties": {"category": "civic", "amenity": "library", "name": "Hibbard Library"}}, {"type": "Feature", "geometry": {"type": "Point", "coordinates": [-88.08568, 42.1933109]}, "properties": {"category": "social_facility", "amenity": "social_facility", "name": "Zurich Meadows Senior Apartments"}}, {"type": "Feature", "geometry": {"type": "Point", "coordinates": [-88.073173, 42.1868684]}, "properties": {"category": "civic", "amenity": "community_centre", "name": "Buffalo Creek Park Community Center"}}, {"type": "Feature", "geometry": {"type": "Point", "coordinates": [-87.7090397, 41.6414001]}, "properties": {"category": "civic", "amenity": "library", "name": "William Leonard Public Library"}}, {"type": "Feature", "geometry": {"type": "Point", "coordinates": [-87.8056263, 41.9165354]}, "properties": {"category": "cafe", "amenity": "cafe", "name": "Starbucks"}}, {"type": "Feature", "geometry": {"type": "Point", "coordinates": [-87.7923517, 41.6897343]}, "properties": {"category": "civic", "amenity": "library", "name": "Worth Public Library"}}, {"type": "Feature", "geometry": {"type": "Point", "coordinates": [-87.7778761, 41.7030593]}, "properties": {"category": "civic", "amenity": "library", "name": "Chicago Ridge Public Library"}}, {"type": "Feature", "geometry": {"type": "Point", "coordinates": [-87.6206124, 41.7730832]}, "properties": {"category": "social_facility", "amenity": "social_facility", "name": ""}}, {"type": "Feature", "geometry": {"type": "Point", "coordinates": [-87.8833518, 42.3707464]}, "properties": {"category": "cafe", "amenity": "cafe", "name": "Starbucks"}}, {"type": "Feature", "geometry": {"type": "Point", "coordinates": [-87.9686632, 42.1523756]}, "properties": {"category": "civic", "amenity": "community_centre", "name": "Youth Center"}}, {"type": "Feature", "geometry": {"type": "Point", "coordinates": [-87.9410306, 42.0961424]}, "properties": {"category": "civic", "amenity": "community_centre", "name": ""}}, {"type": "Feature", "geometry": {"type": "Point", "coordinates": [-87.9425774, 42.0967317]}, "properties": {"category": "civic", "amenity": "library", "name": "Prospect Heights Public Library"}}, {"type": "Feature", "geometry": {"type": "Point", "coordinates": [-87.9168814, 42.1391647]}, "properties": {"category": "social_facility", "amenity": "social_facility", "name": ""}}, {"type": "Feature", "geometry": {"type": "Point", "coordinates": [-88.0943855, 42.1901752]}, "properties": {"category": "civic", "amenity": "community_centre", "name": ""}}, {"type": "Feature", "geometry": {"type": "Point", "coordinates": [-88.0353602, 42.1533217]}, "properties": {"category": "cafe", "amenity": "cafe", "name": "Starbucks"}}, {"type": "Feature", "geometry": {"type": "Point", "coordinates": [-87.9452894, 42.1327743]}, "properties": {"category": "civic", "amenity": "library", "name": "Indian Trails Public Library"}}, {"type": "Feature", "geometry": {"type": "Point", "coordinates": [-87.962948, 42.1966862]}, "properties": {"category": "social_facility", "amenity": "social_facility", "name": ""}}, {"type": "Feature", "geometry": {"type": "Point", "coordinates": [-87.3278413, 41.580617]}, "properties": {"category": "social_facility", "amenity": "social_facility", "name": "Simmons Loving Care"}}, {"type": "Feature", "geometry": {"type": "Point", "coordinates": [-88.1440749, 41.7862105]}, "properties": {"category": "cafe", "amenity": "cafe", "name": "Starbucks"}}, {"type": "Feature", "geometry": {"type": "Point", "coordinates": [-87.2674, 41.6044916]}, "properties": {"category": "social_facility", "amenity": "social_facility", "name": "Robinson Adult Day Services"}}, {"type": "Feature", "geometry": {"type": "Point", "coordinates": [-87.4998887, 41.6796201]}, "properties": {"category": "cafe", "amenity": "cafe", "name": "Whiting Nutrition"}}, {"type": "Feature", "geometry": {"type": "Point", "coordinates": [-87.4955968, 41.6791609]}, "properties": {"category": "cafe", "amenity": "cafe", "name": "Winey Beach Cafe"}}, {"type": "Feature", "geometry": {"type": "Point", "coordinates": [-87.490465, 41.6791594]}, "properties": {"category": "cafe", "amenity": "cafe", "name": "Grindhouse Coffee"}}, {"type": "Feature", "geometry": {"type": "Point", "coordinates": [-87.4966473, 41.6779674]}, "properties": {"category": "civic", "amenity": "community_centre", "name": "Whiting Family YMCA"}}, {"type": "Feature", "geometry": {"type": "Point", "coordinates": [-87.4939835, 41.6816538]}, "properties": {"category": "civic", "amenity": "library", "name": "Whiting Public Library"}}, {"type": "Feature", "geometry": {"type": "Point", "coordinates": [-87.8388105, 42.057902]}, "properties": {"category": "social_facility", "amenity": "social_facility", "name": "Niles Nursing & Rehabilitation"}}, {"type": "Feature", "geometry": {"type": "Point", "coordinates": [-87.3360359, 41.5465325]}, "properties": {"category": "civic", "amenity": "library", "name": "John F. Kennedy Branch Gary Public Library"}}, {"type": "Feature", "geometry": {"type": "Point", "coordinates": [-87.50856, 41.5548672]}, "properties": {"category": "civic", "amenity": "library", "name": "Munster Branch Library"}}, {"type": "Feature", "geometry": {"type": "Point", "coordinates": [-87.5496457, 41.566096]}, "properties": {"category": "civic", "amenity": "library", "name": "Lansing Public Library"}}, {"type": "Feature", "geometry": {"type": "Point", "coordinates": [-87.86458, 42.3169712]}, "properties": {"category": "cafe", "amenity": "cafe", "name": "Starbucks"}}, {"type": "Feature", "geometry": {"type": "Point", "coordinates": [-87.4763176, 41.5708482]}, "properties": {"category": "cafe", "amenity": "cafe", "name": "Starbucks"}}, {"type": "Feature", "geometry": {"type": "Point", "coordinates": [-87.80001, 41.7411149]}, "properties": {"category": "cafe", "amenity": "cafe", "name": "Melt n Dip"}}, {"type": "Feature", "geometry": {"type": "Point", "coordinates": [-87.6061775, 41.6005391]}, "properties": {"category": "cafe", "amenity": "cafe", "name": "Starbucks"}}, {"type": "Feature", "geometry": {"type": "Point", "coordinates": [-87.8159452, 41.7702276]}, "properties": {"category": "civic", "amenity": "community_centre", "name": "Bedford Park Community Center"}}, {"type": "Feature", "geometry": {"type": "Point", "coordinates": [-87.7442025, 41.6466198]}, "properties": {"category": "civic", "amenity": "library", "name": "Crestwood Public Library"}}, {"type": "Feature", "geometry": {"type": "Point", "coordinates": [-87.7461775, 41.9309664]}, "properties": {"category": "cafe", "amenity": "cafe", "name": "Starbucks"}}, {"type": "Feature", "geometry": {"type": "Point", "coordinates": [-88.0178332, 41.8854997]}, "properties": {"category": "cafe", "amenity": "cafe", "name": ""}}, {"type": "Feature", "geometry": {"type": "Point", "coordinates": [-87.8821646, 41.8509858]}, "properties": {"category": "social_facility", "amenity": "social_facility", "name": "Westchester Food Pantry"}}, {"type": "Feature", "geometry": {"type": "Point", "coordinates": [-87.881558, 41.8524322]}, "properties": {"category": "cafe", "amenity": "cafe", "name": "Aviator Coffee"}}, {"type": "Feature", "geometry": {"type": "Point", "coordinates": [-87.8360613, 42.3496274]}, "properties": {"category": "social_facility", "amenity": "social_facility", "name": "Staben Center"}}, {"type": "Feature", "geometry": {"type": "Point", "coordinates": [-87.8642678, 41.8824213]}, "properties": {"category": "social_facility", "amenity": "social_facility", "name": "Bellwood Senior Apartments"}}, {"type": "Feature", "geometry": {"type": "Point", "coordinates": [-87.8579492, 42.3256029]}, "properties": {"category": "civic", "amenity": "library", "name": "North Chicago Public Library"}}, {"type": "Feature", "geometry": {"type": "Point", "coordinates": [-87.6464141, 41.7729107]}, "properties": {"category": "social_facility", "amenity": "social_facility", "name": ""}}, {"type": "Feature", "geometry": {"type": "Point", "coordinates": [-87.7375552, 41.6037242]}, "properties": {"category": "cafe", "amenity": "cafe", "name": "Starbucks"}}, {"type": "Feature", "geometry": {"type": "Point", "coordinates": [-87.2610902, 41.616731]}, "properties": {"category": "civic", "amenity": "community_centre", "name": "Marquette Park Pavilion"}}, {"type": "Feature", "geometry": {"type": "Point", "coordinates": [-87.9883926, 42.2402494]}, "properties": {"category": "cafe", "amenity": "cafe", "name": "Scooter's Coffee"}}, {"type": "Feature", "geometry": {"type": "Point", "coordinates": [-88.3079896, 41.8495459]}, "properties": {"category": "social_facility", "amenity": "social_facility", "name": "Sturdy Shelter Food Closet"}}, {"type": "Feature", "geometry": {"type": "Point", "coordinates": [-87.832251, 41.7032744]}, "properties": {"category": "civic", "amenity": "library", "name": "Green Hills Public Library"}}, {"type": "Feature", "geometry": {"type": "Point", "coordinates": [-87.7840415, 41.6684222]}, "properties": {"category": "civic", "amenity": "library", "name": "Jennie Huizenga Memorial Library"}}, {"type": "Feature", "geometry": {"type": "Point", "coordinates": [-87.9149124, 41.7821555]}, "properties": {"category": "civic", "amenity": "community_centre", "name": "Katherine Legge Memorial Lodge"}}, {"type": "Feature", "geometry": {"type": "Point", "coordinates": [-87.708353, 41.9554779]}, "properties": {"category": "social_facility", "amenity": "social_facility", "name": "G&A Senior Residence at Kedzie"}}, {"type": "Feature", "geometry": {"type": "Point", "coordinates": [-88.1497447, 41.7727886]}, "properties": {"category": "cafe", "amenity": "cafe", "name": "Starbucks"}}, {"type": "Feature", "geometry": {"type": "Point", "coordinates": [-88.0213043, 42.0765018]}, "properties": {"category": "civic", "amenity": "library", "name": "Rolling Meadows Public Library"}}, {"type": "Feature", "geometry": {"type": "Point", "coordinates": [-87.6905016, 42.0260276]}, "properties": {"category": "civic", "amenity": "community_centre", "name": "Dr. Jorge & Luz Maria Prieto Community Center"}}, {"type": "Feature", "geometry": {"type": "Point", "coordinates": [-87.7567421, 41.6073701]}, "properties": {"category": "civic", "amenity": "library", "name": "Acorn Public Library"}}, {"type": "Feature", "geometry": {"type": "Point", "coordinates": [-88.2051715, 41.7742535]}, "properties": {"category": "cafe", "amenity": "cafe", "name": "Scooter's Coffee"}}, {"type": "Feature", "geometry": {"type": "Point", "coordinates": [-87.6826735, 41.9346835]}, "properties": {"category": "social_facility", "amenity": "social_facility", "name": "Boys & Girls Club"}}, {"type": "Feature", "geometry": {"type": "Point", "coordinates": [-87.8610028, 41.9556053]}, "properties": {"category": "civic", "amenity": "library", "name": "Schiller Park Public Library"}}, {"type": "Feature", "geometry": {"type": "Point", "coordinates": [-87.5759013, 41.4667249]}, "properties": {"category": "cafe", "amenity": "cafe", "name": "Starbucks"}}, {"type": "Feature", "geometry": {"type": "Point", "coordinates": [-87.8774725, 41.8813767]}, "properties": {"category": "civic", "amenity": "library", "name": "Bellwood Public Library"}}, {"type": "Feature", "geometry": {"type": "Point", "coordinates": [-87.6438435, 41.6201338]}, "properties": {"category": "civic", "amenity": "community_centre", "name": "Gloria Taylor Hall"}}, {"type": "Feature", "geometry": {"type": "Point", "coordinates": [-87.7806882, 42.0413871]}, "properties": {"category": "civic", "amenity": "community_centre", "name": "Morton Grove Civic Center"}}, {"type": "Feature", "geometry": {"type": "Point", "coordinates": [-87.7396339, 41.5145492]}, "properties": {"category": "civic", "amenity": "community_centre", "name": "Matteson Community Center"}}, {"type": "Feature", "geometry": {"type": "Point", "coordinates": [-87.7523244, 41.7203802]}, "properties": {"category": "civic", "amenity": "library", "name": "Oak Lawn Public Library"}}, {"type": "Feature", "geometry": {"type": "Point", "coordinates": [-87.8579655, 41.6226017]}, "properties": {"category": "civic", "amenity": "community_centre", "name": "Orland Park Civic Center"}}, {"type": "Feature", "geometry": {"type": "Point", "coordinates": [-87.7926932, 41.8144215]}, "properties": {"category": "civic", "amenity": "library", "name": "Stickney-Forest View Public Library"}}, {"type": "Feature", "geometry": {"type": "Point", "coordinates": [-87.8521802, 41.8633344]}, "properties": {"category": "civic", "amenity": "library", "name": "Broadview Public Library"}}, {"type": "Feature", "geometry": {"type": "Point", "coordinates": [-88.2142903, 41.7587173]}, "properties": {"category": "cafe", "amenity": "cafe", "name": "Banana Pudding Twist"}}, {"type": "Feature", "geometry": {"type": "Point", "coordinates": [-87.3369247, 41.5474718]}, "properties": {"category": "civic", "amenity": "community_centre", "name": "Glen Park Community Center"}}, {"type": "Feature", "geometry": {"type": "Point", "coordinates": [-87.7398647, 41.7050388]}, "properties": {"category": "cafe", "amenity": "cafe", "name": "Starbucks"}}, {"type": "Feature", "geometry": {"type": "Point", "coordinates": [-88.0178215, 41.880031]}, "properties": {"category": "civic", "amenity": "library", "name": "Helen Plum Library"}}, {"type": "Feature", "geometry": {"type": "Point", "coordinates": [-87.5584258, 41.568259]}, "properties": {"category": "cafe", "amenity": "cafe", "name": "Starbucks"}}, {"type": "Feature", "geometry": {"type": "Point", "coordinates": [-88.1403365, 42.0773928]}, "properties": {"category": "cafe", "amenity": "cafe", "name": "Starbucks"}}, {"type": "Feature", "geometry": {"type": "Point", "coordinates": [-87.559598, 41.6400163]}, "properties": {"category": "civic", "amenity": "community_centre", "name": "Burnham Community Center"}}, {"type": "Feature", "geometry": {"type": "Point", "coordinates": [-87.8850371, 41.9261833]}, "properties": {"category": "civic", "amenity": "community_centre", "name": "Leyden Township Comunity Center"}}, {"type": "Feature", "geometry": {"type": "Point", "coordinates": [-87.8853556, 41.9306764]}, "properties": {"category": "cafe", "amenity": "cafe", "name": "Starbucks"}}, {"type": "Feature", "geometry": {"type": "Point", "coordinates": [-87.871544, 41.9551911]}, "properties": {"category": "cafe", "amenity": "cafe", "name": "Starbucks"}}, {"type": "Feature", "geometry": {"type": "Point", "coordinates": [-87.7070329, 41.8588491]}, "properties": {"category": "civic", "amenity": "community_centre", "name": "Starling"}}, {"type": "Feature", "geometry": {"type": "Point", "coordinates": [-87.5768409, 41.5333522]}, "properties": {"category": "civic", "amenity": "library", "name": "Glenwood-Lynwood Public Library"}}, {"type": "Feature", "geometry": {"type": "Point", "coordinates": [-87.7341402, 41.4838484]}, "properties": {"category": "cafe", "amenity": "cafe", "name": "Starbucks"}}, {"type": "Feature", "geometry": {"type": "Point", "coordinates": [-87.8562458, 41.8943516]}, "properties": {"category": "civic", "amenity": "library", "name": "Melrose Park Public Library"}}, {"type": "Feature", "geometry": {"type": "Point", "coordinates": [-87.8416185, 41.9076863]}, "properties": {"category": "cafe", "amenity": "cafe", "name": "Starbucks"}}, {"type": "Feature", "geometry": {"type": "Point", "coordinates": [-87.8353352, 41.9282859]}, "properties": {"category": "cafe", "amenity": "cafe", "name": "Starbucks"}}, {"type": "Feature", "geometry": {"type": "Point", "coordinates": [-87.6339352, 41.4750071]}, "properties": {"category": "civic", "amenity": "library", "name": "Steger-South Chicago Heights Public Library"}}, {"type": "Feature", "geometry": {"type": "Point", "coordinates": [-87.3379066, 41.4702732]}, "properties": {"category": "cafe", "amenity": "cafe", "name": "7 Brew"}}, {"type": "Feature", "geometry": {"type": "Point", "coordinates": [-87.8255267, 41.9658526]}, "properties": {"category": "social_facility", "amenity": "social_facility", "name": "Central Baptist Village"}}, {"type": "Feature", "geometry": {"type": "Point", "coordinates": [-87.8032281, 41.9573925]}, "properties": {"category": "social_facility", "amenity": "social_facility", "name": "Norridge Gardens"}}, {"type": "Feature", "geometry": {"type": "Point", "coordinates": [-87.7009152, 41.5565184]}, "properties": {"category": "civic", "amenity": "library", "name": "Grande Prairie Public Library"}}, {"type": "Feature", "geometry": {"type": "Point", "coordinates": [-87.8713716, 41.9611048]}, "properties": {"category": "civic", "amenity": "community_centre", "name": "Village of Schiller Park Community Center"}}, {"type": "Feature", "geometry": {"type": "Point", "coordinates": [-87.8469576, 42.1694642]}, "properties": {"category": "civic", "amenity": "library", "name": "Deerfield Public Library"}}, {"type": "Feature", "geometry": {"type": "Point", "coordinates": [-87.5148107, 41.6173268]}, "properties": {"category": "civic", "amenity": "library", "name": "Hammond Public Library"}}, {"type": "Feature", "geometry": {"type": "Point", "coordinates": [-87.4714005, 41.4470009]}, "properties": {"category": "civic", "amenity": "library", "name": "St. John Branch Library"}}, {"type": "Feature", "geometry": {"type": "Point", "coordinates": [-87.848376, 42.0429084]}, "properties": {"category": "social_facility", "amenity": "social_facility", "name": "Sunrise of Park Ridge"}}, {"type": "Feature", "geometry": {"type": "Point", "coordinates": [-87.7187223, 41.6258155]}, "properties": {"category": "cafe", "amenity": "cafe", "name": "Berryfield Cafe"}}, {"type": "Feature", "geometry": {"type": "Point", "coordinates": [-87.7389089, 41.642202]}, "properties": {"category": "civic", "amenity": "community_centre", "name": "Crestwood Civic Center"}}, {"type": "Feature", "geometry": {"type": "Point", "coordinates": [-88.2041148, 41.7972585]}, "properties": {"category": "cafe", "amenity": "cafe", "name": "Starbucks"}}, {"type": "Feature", "geometry": {"type": "Point", "coordinates": [-87.6411092, 41.6342958]}, "properties": {"category": "civic", "amenity": "community_centre", "name": "Thornton Township Senior/Youth & Family Services Center"}}, {"type": "Feature", "geometry": {"type": "Point", "coordinates": [-88.124325, 41.7949633]}, "properties": {"category": "cafe", "amenity": "cafe", "name": "7 Brew Coffee"}}, {"type": "Feature", "geometry": {"type": "Point", "coordinates": [-87.8341778, 41.8721117]}, "properties": {"category": "cafe", "amenity": "cafe", "name": "Starbucks"}}, {"type": "Feature", "geometry": {"type": "Point", "coordinates": [-88.0342756, 42.1150614]}, "properties": {"category": "cafe", "amenity": "cafe", "name": "Starbucks"}}, {"type": "Feature", "geometry": {"type": "Point", "coordinates": [-87.8286652, 42.0215877]}, "properties": {"category": "civic", "amenity": "community_centre", "name": "Park Ridge Youth Campus"}}, {"type": "Feature", "geometry": {"type": "Point", "coordinates": [-87.5863325, 41.5077811]}, "properties": {"category": "social_facility", "amenity": "social_facility", "name": "Boys & Girls Club"}}, {"type": "Feature", "geometry": {"type": "Point", "coordinates": [-88.0577615, 42.1740274]}, "properties": {"category": "civic", "amenity": "community_centre", "name": "Kildeer Village Hall"}}, {"type": "Feature", "geometry": {"type": "Point", "coordinates": [-87.8899824, 41.8555315]}, "properties": {"category": "civic", "amenity": "library", "name": "Westchester Public Library"}}, {"type": "Feature", "geometry": {"type": "Point", "coordinates": [-87.6949334, 41.5867043]}, "properties": {"category": "civic", "amenity": "library", "name": "Markham Public Library"}}, {"type": "Feature", "geometry": {"type": "Point", "coordinates": [-87.1869662, 41.5787414]}, "properties": {"category": "social_facility", "amenity": "social_facility", "name": "Boys & Girls Club"}}, {"type": "Feature", "geometry": {"type": "Point", "coordinates": [-87.0402179, 41.6014198]}, "properties": {"category": "social_facility", "amenity": "social_facility", "name": ""}}, {"type": "Feature", "geometry": {"type": "Point", "coordinates": [-88.280861, 41.7897447]}, "properties": {"category": "social_facility", "amenity": "social_facility", "name": "The Grove of Fox Valley"}}, {"type": "Feature", "geometry": {"type": "Point", "coordinates": [-88.2811801, 41.7890614]}, "properties": {"category": "social_facility", "amenity": "social_facility", "name": "High Point Residence of Fox Valley"}}, {"type": "Feature", "geometry": {"type": "Point", "coordinates": [-87.5095236, 41.5459758]}, "properties": {"category": "cafe", "amenity": "cafe", "name": "Starbucks"}}, {"type": "Feature", "geometry": {"type": "Point", "coordinates": [-87.6847128, 41.4851283]}, "properties": {"category": "civic", "amenity": "library", "name": "Park Forest Public Library"}}, {"type": "Feature", "geometry": {"type": "Point", "coordinates": [-87.6708211, 41.5064318]}, "properties": {"category": "cafe", "amenity": "cafe", "name": "Starbucks"}}, {"type": "Feature", "geometry": {"type": "Point", "coordinates": [-87.9886429, 42.0057124]}, "properties": {"category": "civic", "amenity": "community_centre", "name": "Al Hattendorf Center"}}, {"type": "Feature", "geometry": {"type": "Point", "coordinates": [-87.5061204, 41.4922795]}, "properties": {"category": "cafe", "amenity": "cafe", "name": "Seven Brew Coffee"}}, {"type": "Feature", "geometry": {"type": "Point", "coordinates": [-87.6603924, 41.8696011]}, "properties": {"category": "civic", "amenity": "library", "name": "Little Italy Branch Library"}}, {"type": "Feature", "geometry": {"type": "Point", "coordinates": [-88.2044949, 41.7650812]}, "properties": {"category": "cafe", "amenity": "cafe", "name": "Stan's Donuts & Coffee"}}, {"type": "Feature", "geometry": {"type": "Point", "coordinates": [-87.6087936, 41.8135813]}, "properties": {"category": "social_facility", "amenity": "social_facility", "name": ""}}, {"type": "Feature", "geometry": {"type": "Point", "coordinates": [-88.5219006, 41.8356226]}, "properties": {"category": "civic", "amenity": "community_centre", "name": "Dave Werdin Community Center"}}, {"type": "Feature", "geometry": {"type": "Point", "coordinates": [-88.3409037, 42.1769073]}, "properties": {"category": "social_facility", "amenity": "social_facility", "name": ""}}, {"type": "Feature", "geometry": {"type": "Point", "coordinates": [-87.7938917, 41.6639737]}, "properties": {"category": "civic", "amenity": "library", "name": "Palos Heights Public Library"}}, {"type": "Feature", "geometry": {"type": "Point", "coordinates": [-87.6274526, 41.6331898]}, "properties": {"category": "civic", "amenity": "library", "name": "Riverdale Public Library"}}, {"type": "Feature", "geometry": {"type": "Point", "coordinates": [-87.9521811, 41.9525191]}, "properties": {"category": "civic", "amenity": "library", "name": "Bensenville Community Public Library"}}, {"type": "Feature", "geometry": {"type": "Point", "coordinates": [-87.9841299, 41.4217556]}, "properties": {"category": "civic", "amenity": "library", "name": "Manhattan-Elwood Public Library"}}, {"type": "Feature", "geometry": {"type": "Point", "coordinates": [-88.2807122, 41.2887551]}, "properties": {"category": "civic", "amenity": "library", "name": "Coal City Public Library District"}}, {"type": "Feature", "geometry": {"type": "Point", "coordinates": [-88.1276032, 42.1593254]}, "properties": {"category": "civic", "amenity": "library", "name": "Barrington Area Library"}}, {"type": "Feature", "geometry": {"type": "Point", "coordinates": [-87.8674259, 41.6213958]}, "properties": {"category": "civic", "amenity": "community_centre", "name": ""}}, {"type": "Feature", "geometry": {"type": "Point", "coordinates": [-88.2047288, 41.5240485]}, "properties": {"category": "civic", "amenity": "library", "name": "Shorewood-Troy Public Library"}}, {"type": "Feature", "geometry": {"type": "Point", "coordinates": [-87.6269453, 41.3421249]}, "properties": {"category": "civic", "amenity": "library", "name": "Beecher Community Library"}}, {"type": "Feature", "geometry": {"type": "Point", "coordinates": [-88.1342409, 41.5227931]}, "properties": {"category": "cafe", "amenity": "cafe", "name": "Starbucks"}}, {"type": "Feature", "geometry": {"type": "Point", "coordinates": [-87.8021808, 42.0094527]}, "properties": {"category": "social_facility", "amenity": "social_facility", "name": "St. Andrew Life Center"}}, {"type": "Feature", "geometry": {"type": "Point", "coordinates": [-88.5297434, 42.0988844]}, "properties": {"category": "civic", "amenity": "library", "name": "Ella Johnson Memorial Public Library District"}}, {"type": "Feature", "geometry": {"type": "Point", "coordinates": [-87.6451344, 41.241252]}, "properties": {"category": "civic", "amenity": "library", "name": "Grant Park Library"}}, {"type": "Feature", "geometry": {"type": "Point", "coordinates": [-88.049045, 42.417782]}, "properties": {"category": "civic", "amenity": "library", "name": "Lake Villa District Library"}}, {"type": "Feature", "geometry": {"type": "Point", "coordinates": [-88.5998901, 41.9055893]}, "properties": {"category": "civic", "amenity": "library", "name": "Maple Park Public Library"}}, {"type": "Feature", "geometry": {"type": "Point", "coordinates": [-87.7230562, 42.0934764]}, "properties": {"category": "cafe", "amenity": "cafe", "name": "Tala Coffee Roasters"}}, {"type": "Feature", "geometry": {"type": "Point", "coordinates": [-87.5733342, 41.4920588]}, "properties": {"category": "civic", "amenity": "library", "name": "McConathy Public Library"}}, {"type": "Feature", "geometry": {"type": "Point", "coordinates": [-88.1623002, 41.9514029]}, "properties": {"category": "civic", "amenity": "library", "name": "Poplar Creek Public Library Sonya Crawshaw Branch"}}, {"type": "Feature", "geometry": {"type": "Point", "coordinates": [-88.6230171, 41.6378304]}, "properties": {"category": "civic", "amenity": "library", "name": "Sandwich Public Library"}}, {"type": "Feature", "geometry": {"type": "Point", "coordinates": [-88.6096541, 41.3142859]}, "properties": {"category": "civic", "amenity": "library", "name": "Seneca Public Library District"}}, {"type": "Feature", "geometry": {"type": "Point", "coordinates": [-88.6726932, 41.6314771]}, "properties": {"category": "civic", "amenity": "library", "name": "Somonauk Public Library District"}}, {"type": "Feature", "geometry": {"type": "Point", "coordinates": [-87.9785236, 41.8847389]}, "properties": {"category": "civic", "amenity": "library", "name": "Villa Park Public Library"}}, {"type": "Feature", "geometry": {"type": "Point", "coordinates": [-88.6393129, 41.7696179]}, "properties": {"category": "civic", "amenity": "library", "name": "Hinckley Public Library District"}}, {"type": "Feature", "geometry": {"type": "Point", "coordinates": [-88.53048, 42.0975209]}, "properties": {"category": "civic", "amenity": "community_centre", "name": "Hampshire Village Hall"}}, {"type": "Feature", "geometry": {"type": "Point", "coordinates": [-87.3375365, 41.5015057]}, "properties": {"category": "social_facility", "amenity": "social_facility", "name": "Food Bank of Northwest Indiana"}}, {"type": "Feature", "geometry": {"type": "Point", "coordinates": [-87.4468203, 41.6441248]}, "properties": {"category": "social_facility", "amenity": "social_facility", "name": "Boys & Girls Club"}}, {"type": "Feature", "geometry": {"type": "Point", "coordinates": [-87.5092839, 41.6070295]}, "properties": {"category": "social_facility", "amenity": "social_facility", "name": "Boys & Girls Club"}}, {"type": "Feature", "geometry": {"type": "Point", "coordinates": [-87.2588492, 41.5710482]}, "properties": {"category": "civic", "amenity": "library", "name": "Lake Station-New Chicago Branch Library"}}, {"type": "Feature", "geometry": {"type": "Point", "coordinates": [-87.0584764, 41.5931485]}, "properties": {"category": "social_facility", "amenity": "social_facility", "name": "Boys & Girls Club"}}, {"type": "Feature", "geometry": {"type": "Point", "coordinates": [-87.0533597, 41.4775886]}, "properties": {"category": "social_facility", "amenity": "social_facility", "name": "Boys & Girls Club"}}, {"type": "Feature", "geometry": {"type": "Point", "coordinates": [-87.4182368, 41.3817344]}, "properties": {"category": "social_facility", "amenity": "social_facility", "name": "Boys & Girls Club"}}, {"type": "Feature", "geometry": {"type": "Point", "coordinates": [-87.2017849, 41.3189182]}, "properties": {"category": "civic", "amenity": "library", "name": "Hebron Branch Library"}}, {"type": "Feature", "geometry": {"type": "Point", "coordinates": [-87.1440692, 41.5365192]}, "properties": {"category": "civic", "amenity": "library", "name": "South Haven Branch Library"}}, {"type": "Feature", "geometry": {"type": "Point", "coordinates": [-87.1804696, 41.5744272]}, "properties": {"category": "civic", "amenity": "library", "name": "Portage Branch Library"}}, {"type": "Feature", "geometry": {"type": "Point", "coordinates": [-87.7927191, 42.0116208]}, "properties": {"category": "social_facility", "amenity": "social_facility", "name": "Aperion Care of Niles"}}, {"type": "Feature", "geometry": {"type": "Point", "coordinates": [-88.3125352, 42.0253422]}, "properties": {"category": "cafe", "amenity": "cafe", "name": "Starbucks"}}, {"type": "Feature", "geometry": {"type": "Point", "coordinates": [-87.8372436, 41.8840006]}, "properties": {"category": "social_facility", "amenity": "social_facility", "name": "Maywood Supportive Living"}}, {"type": "Feature", "geometry": {"type": "Point", "coordinates": [-88.4360535, 41.7109149]}, "properties": {"category": "civic", "amenity": "community_centre", "name": "Bristol Bay Clubhouse"}}, {"type": "Feature", "geometry": {"type": "Point", "coordinates": [-88.1296081, 41.9771554]}, "properties": {"category": "cafe", "amenity": "cafe", "name": "Starbucks"}}, {"type": "Feature", "geometry": {"type": "Point", "coordinates": [-88.0571558, 41.9998548]}, "properties": {"category": "social_facility", "amenity": "social_facility", "name": ""}}, {"type": "Feature", "geometry": {"type": "Point", "coordinates": [-88.0582371, 42.0003753]}, "properties": {"category": "social_facility", "amenity": "social_facility", "name": ""}}, {"type": "Feature", "geometry": {"type": "Point", "coordinates": [-88.0607207, 41.8614256]}, "properties": {"category": "social_facility", "amenity": "social_facility", "name": "Glen Ellyn Food Pantry"}}, {"type": "Feature", "geometry": {"type": "Point", "coordinates": [-87.5855422, 41.7857052]}, "properties": {"category": "civic", "amenity": "community_centre", "name": "The Forum"}}, {"type": "Feature", "geometry": {"type": "Point", "coordinates": [-87.9562894, 41.7734812]}, "properties": {"category": "social_facility", "amenity": "social_facility", "name": "Sunrise of Willowbrook"}}, {"type": "Feature", "geometry": {"type": "Point", "coordinates": [-87.6810703, 41.4299581]}, "properties": {"category": "civic", "amenity": "library", "name": "University Park Public Library"}}, {"type": "Feature", "geometry": {"type": "Point", "coordinates": [-88.1216214, 41.7954503]}, "properties": {"category": "cafe", "amenity": "cafe", "name": "Starbucks"}}, {"type": "Feature", "geometry": {"type": "Point", "coordinates": [-88.0791751, 42.3490215]}, "properties": {"category": "cafe", "amenity": "cafe", "name": "Cafezinho at Main Street Caf\u00e9"}}, {"type": "Feature", "geometry": {"type": "Point", "coordinates": [-88.0129923, 41.7499615]}, "properties": {"category": "cafe", "amenity": "cafe", "name": "Starbucks"}}, {"type": "Feature", "geometry": {"type": "Point", "coordinates": [-87.637921, 41.5048114]}, "properties": {"category": "social_facility", "amenity": "social_facility", "name": "Otto Square Veterans Housing"}}, {"type": "Feature", "geometry": {"type": "Point", "coordinates": [-88.3394597, 41.8533512]}, "properties": {"category": "cafe", "amenity": "cafe", "name": "Starbucks"}}, {"type": "Feature", "geometry": {"type": "Point", "coordinates": [-87.3594126, 41.4700894]}, "properties": {"category": "civic", "amenity": "library", "name": "Merrillville Branch Library"}}, {"type": "Feature", "geometry": {"type": "Point", "coordinates": [-88.0850569, 41.7894174]}, "properties": {"category": "social_facility", "amenity": "social_facility", "name": ""}}, {"type": "Feature", "geometry": {"type": "Point", "coordinates": [-88.0864763, 41.7892399]}, "properties": {"category": "social_facility", "amenity": "social_facility", "name": ""}}, {"type": "Feature", "geometry": {"type": "Point", "coordinates": [-88.0860115, 41.7892288]}, "properties": {"category": "social_facility", "amenity": "social_facility", "name": ""}}, {"type": "Feature", "geometry": {"type": "Point", "coordinates": [-88.0473986, 41.7601277]}, "properties": {"category": "civic", "amenity": "community_centre", "name": "Village IV Organization"}}, {"type": "Feature", "geometry": {"type": "Point", "coordinates": [-88.0392465, 42.3435206]}, "properties": {"category": "civic", "amenity": "community_centre", "name": "Village Of Grayslake"}}, {"type": "Feature", "geometry": {"type": "Point", "coordinates": [-87.6630671, 41.9261496]}, "properties": {"category": "social_facility", "amenity": "social_facility", "name": "The Vistas Lincoln Park"}}, {"type": "Feature", "geometry": {"type": "Point", "coordinates": [-88.0067343, 42.3986645]}, "properties": {"category": "civic", "amenity": "community_centre", "name": ""}}, {"type": "Feature", "geometry": {"type": "Point", "coordinates": [-87.6600749, 41.653739]}, "properties": {"category": "social_facility", "amenity": "social_facility", "name": "Senior Suites of Fay\u2019s Point"}}, {"type": "Feature", "geometry": {"type": "Point", "coordinates": [-87.7024665, 41.7089782]}, "properties": {"category": "social_facility", "amenity": "social_facility", "name": "Avantara Evergreen Park"}}, {"type": "Feature", "geometry": {"type": "Point", "coordinates": [-88.0940945, 42.4774066]}, "properties": {"category": "civic", "amenity": "community_centre", "name": "Village of Antioch Village Hall"}}, {"type": "Feature", "geometry": {"type": "Point", "coordinates": [-87.8574928, 41.8911889]}, "properties": {"category": "social_facility", "amenity": "social_facility", "name": "Hope Hall"}}, {"type": "Feature", "geometry": {"type": "Point", "coordinates": [-87.701154, 42.0551953]}, "properties": {"category": "social_facility", "amenity": "social_facility", "name": "Hill Arboreatum Apartments"}}, {"type": "Feature", "geometry": {"type": "Point", "coordinates": [-87.7261368, 41.4839448]}, "properties": {"category": "social_facility", "amenity": "social_facility", "name": "Vet Center"}}, {"type": "Feature", "geometry": {"type": "Point", "coordinates": [-88.049289, 41.5360969]}, "properties": {"category": "social_facility", "amenity": "social_facility", "name": "Hoep Manor Joliet"}}, {"type": "Feature", "geometry": {"type": "Point", "coordinates": [-87.6552121, 41.973764]}, "properties": {"category": "cafe", "amenity": "cafe", "name": "Uptown Cafe & Gallery"}}, {"type": "Feature", "geometry": {"type": "Point", "coordinates": [-87.7870724, 41.8364018]}, "properties": {"category": "civic", "amenity": "community_centre", "name": "Pavek Community Center"}}, {"type": "Feature", "geometry": {"type": "Point", "coordinates": [-88.3346127, 42.1731004]}, "properties": {"category": "cafe", "amenity": "cafe", "name": "7 Brew Coffee"}}, {"type": "Feature", "geometry": {"type": "Point", "coordinates": [-87.8974133, 41.978495]}, "properties": {"category": "cafe", "amenity": "cafe", "name": "Starbucks"}}, {"type": "Feature", "geometry": {"type": "Point", "coordinates": [-87.7983859, 41.675719]}, "properties": {"category": "cafe", "amenity": "cafe", "name": "Starbucks"}}, {"type": "Feature", "geometry": {"type": "Point", "coordinates": [-87.6327084, 41.8691989]}, "properties": {"category": "cafe", "amenity": "cafe", "name": "Chicago French Press"}}, {"type": "Feature", "geometry": {"type": "Point", "coordinates": [-87.6544327, 41.9702901]}, "properties": {"category": "social_facility", "amenity": "social_facility", "name": "Boys & Girls Club"}}, {"type": "Feature", "geometry": {"type": "Point", "coordinates": [-87.0497978, 41.5964827]}, "properties": {"category": "social_facility", "amenity": "social_facility", "name": ""}}, {"type": "Feature", "geometry": {"type": "Point", "coordinates": [-87.7623449, 41.8061402]}, "properties": {"category": "cafe", "amenity": "cafe", "name": "Starbucks"}}, {"type": "Feature", "geometry": {"type": "Point", "coordinates": [-88.2748866, 42.1021727]}, "properties": {"category": "cafe", "amenity": "cafe", "name": "Eastside Cafe: Coffee and Wine Bar"}}, {"type": "Feature", "geometry": {"type": "Point", "coordinates": [-87.9106366, 42.1443166]}, "properties": {"category": "cafe", "amenity": "cafe", "name": "Scooter's Coffee"}}, {"type": "Feature", "geometry": {"type": "Point", "coordinates": [-87.8006509, 42.0117084]}, "properties": {"category": "cafe", "amenity": "cafe", "name": "Starbucks"}}, {"type": "Feature", "geometry": {"type": "Point", "coordinates": [-87.7581718, 42.011463]}, "properties": {"category": "cafe", "amenity": "cafe", "name": "Starbucks"}}, {"type": "Feature", "geometry": {"type": "Point", "coordinates": [-87.6409062, 41.8842649]}, "properties": {"category": "cafe", "amenity": "cafe", "name": "Cupitol"}}, {"type": "Feature", "geometry": {"type": "Point", "coordinates": [-87.8162993, 41.773126]}, "properties": {"category": "civic", "amenity": "library", "name": "Bedford Park Public Library"}}, {"type": "Feature", "geometry": {"type": "Point", "coordinates": [-87.8603947, 42.1995916]}, "properties": {"category": "cafe", "amenity": "cafe", "name": "Starbucks"}}, {"type": "Feature", "geometry": {"type": "Point", "coordinates": [-87.6688192, 41.8830203]}, "properties": {"category": "social_facility", "amenity": "social_facility", "name": "McCrory Senior Apartments"}}, {"type": "Feature", "geometry": {"type": "Point", "coordinates": [-87.9331476, 42.1997417]}, "properties": {"category": "cafe", "amenity": "cafe", "name": "Strawberry Field Cafe"}}, {"type": "Feature", "geometry": {"type": "Point", "coordinates": [-87.676102, 41.854731]}, "properties": {"category": "cafe", "amenity": "cafe", "name": "L Cafecito Jumping Bean"}}, {"type": "Feature", "geometry": {"type": "Point", "coordinates": [-87.5429441, 41.6424923]}, "properties": {"category": "civic", "amenity": "community_centre", "name": "Burnham Senior Center"}}, {"type": "Feature", "geometry": {"type": "Point", "coordinates": [-87.6597667, 41.6544406]}, "properties": {"category": "social_facility", "amenity": "social_facility", "name": "Prairie Green at Fay's Point"}}, {"type": "Feature", "geometry": {"type": "Point", "coordinates": [-88.1860559, 42.3966321]}, "properties": {"category": "cafe", "amenity": "cafe", "name": "The Coffee Shop"}}, {"type": "Feature", "geometry": {"type": "Point", "coordinates": [-87.6695632, 41.7283132]}, "properties": {"category": "civic", "amenity": "community_centre", "name": "Pike House Community Cultural Center"}}, {"type": "Feature", "geometry": {"type": "Point", "coordinates": [-87.5858458, 41.7860285]}, "properties": {"category": "cafe", "amenity": "cafe", "name": ""}}, {"type": "Feature", "geometry": {"type": "Point", "coordinates": [-87.5857762, 41.7852606]}, "properties": {"category": "civic", "amenity": "library", "name": "Chicago Public Library Obama Presidential Center Branch"}}, {"type": "Feature", "geometry": {"type": "Point", "coordinates": [-88.437436, 41.3781374]}, "properties": {"category": "social_facility", "amenity": "social_facility", "name": "Regency care"}}, {"type": "Feature", "geometry": {"type": "Point", "coordinates": [-87.7607308, 42.1516812]}, "properties": {"category": "civic", "amenity": "community_centre", "name": "Lake Shore Country Club"}}, {"type": "Feature", "geometry": {"type": "Point", "coordinates": [-87.7104202, 41.8876998]}, "properties": {"category": "social_facility", "amenity": "social_facility", "name": ""}}, {"type": "Feature", "geometry": {"type": "Point", "coordinates": [-88.4268519, 42.1685157]}, "properties": {"category": "cafe", "amenity": "cafe", "name": "Lincoln House & Co."}}, {"type": "Feature", "geometry": {"type": "Point", "coordinates": [-88.6127291, 42.407059]}, "properties": {"category": "cafe", "amenity": "cafe", "name": "Starbucks"}}, {"type": "Feature", "geometry": {"type": "Point", "coordinates": [-87.6391589, 41.9008746]}, "properties": {"category": "social_facility", "amenity": "social_facility", "name": ""}}, {"type": "Feature", "geometry": {"type": "Point", "coordinates": [-87.9737549, 42.0144227]}, "properties": {"category": "social_facility", "amenity": "social_facility", "name": "Landmeier Station Apartments"}}, {"type": "Feature", "geometry": {"type": "Point", "coordinates": [-87.9783604, 42.0172795]}, "properties": {"category": "social_facility", "amenity": "social_facility", "name": "Brentwood Baptist Manor"}}, {"type": "Feature", "geometry": {"type": "Point", "coordinates": [-87.7241657, 41.8167765]}, "properties": {"category": "cafe", "amenity": "cafe", "name": "Starbucks"}}, {"type": "Feature", "geometry": {"type": "Point", "coordinates": [-87.8516569, 41.7710211]}, "properties": {"category": "civic", "amenity": "library", "name": "Hodgkins Temporary Public Library"}}]}