{"type":"FeatureCollection","features":[{"type":"Feature","properties":{"route":"100","name":"Pulse Milwaukee Line","status":"tracked","trips":3749,"low_pct":0.24,"high_pct":0.27},"geometry":{"type":"LineString","coordinates":[[-87.83661,42.04833],[-87.83663,42.04738],[-87.83383,42.04742],[-87.83281,42.04811],[-87.82963,42.04382],[-87.82046,42.03319],[-87.81795,42.03029],[-87.81704,42.02929],[-87.81672,42.02894],[-87.81559,42.02774],[-87.81261,42.02441],[-87.80934,42.0209],[-87.80887,42.02036],[-87.80881,42.0203],[-87.80816,42.01956],[-87.80807,42.01947],[-87.80741,42.01871],[-87.80688,42.01814],[-87.8066,42.01781],[-87.80597,42.01714],[-87.80458,42.0156],[-87.80356,42.01446],[-87.80348,42.01438],[-87.8023,42.01286],[-87.763,41.9703],[-87.76219,41.96972],[-87.76206,41.9703],[-87.76323,41.97062],[-87.78289,41.99258],[-87.78773,41.99717],[-87.81399,42.02609],[-87.81795,42.03029],[-87.82947,42.04381],[-87.83354,42.04932],[-87.83661,42.04833]]}},{"type":"Feature","properties":{"route":"101","name":"Pulse Dempster Line","status":"tracked","trips":3888,"low_pct":0.0,"high_pct":0.0},"geometry":{"type":"LineString","coordinates":[[-87.8827,41.99322],[-87.88258,41.99413],[-87.88284,41.99503],[-87.88445,41.99498],[-87.88448,42.0038],[-87.88467,42.00601],[-87.88482,42.00601],[-87.88669,42.00594],[-87.88852,42.00588],[-87.8906,42.00583],[-87.89183,42.00577],[-87.89203,42.00579],[-87.89404,42.00736],[-87.89438,42.00855],[-87.8944,42.02121],[-87.89409,42.02219],[-87.8943,42.03317],[-87.88764,42.04164],[-87.88742,42.04141],[-87.88676,42.04127],[-87.88301,42.03947],[-87.88238,42.03927],[-87.88028,42.03924],[-87.87863,42.03937],[-87.87831,42.03938],[-87.87481,42.03907],[-87.87386,42.03903],[-87.87377,42.039],[-87.87272,42.03899],[-87.86583,42.03908],[-87.8444,42.03984],[-87.82832,42.04013],[-87.82655,42.04023],[-87.82395,42.04025],[-87.82285,42.04034],[-87.8177,42.04044],[-87.81707,42.04053],[-87.81445,42.04061],[-87.81363,42.04062],[-87.81066,42.04069],[-87.81058,42.0407],[-87.72773,42.04069],[-87.68695,42.04125],[-87.68691,42.0456],[-87.68685,42.04637],[-87.68685,42.04687],[-87.68684,42.04708],[-87.68683,42.0478],[-87.68683,42.04796],[-87.68682,42.04848],[-87.6834,42.04847],[-87.68343,42.04704],[-87.68403,42.04704],[-87.68684,42.04708],[-87.68874,42.04711],[-87.68837,42.04127],[-87.7243,42.04077],[-87.80637,42.04085],[-87.84578,42.03992],[-87.87386,42.03903],[-87.87831,42.03938],[-87.88028,42.03924],[-87.88196,42.03925],[-87.88217,42.03925],[-87.88238,42.03927],[-87.88246,42.03929],[-87.88301,42.03947],[-87.88555,42.04073],[-87.88643,42.04112],[-87.88738,42.04155],[-87.88932,42.0423],[-87.89457,42.03544],[-87.89438,42.0317],[-87.8945,42.02252],[-87.89449,42.02199],[-87.8944,42.02121],[-87.8944,42.02096],[-87.89424,42.00932],[-87.88583,42.00937],[-87.88498,42.00676],[-87.88482,42.00601],[-87.88464,42.00458],[-87.8846,41.99489],[-87.88284,41.99489],[-87.88263,41.99423],[-87.88313,41.9938],[-87.88236,41.99168],[-87.88171,41.99137],[-87.8827,41.99322]]}},{"type":"Feature","properties":{"route":"208","name":"Golf Road","status":"tracked","trips":1924,"low_pct":0.57,"high_pct":1.14},"geometry":{"type":"LineString","coordinates":[[-88.03695,42.04124],[-88.03535,42.04121],[-88.0353,42.04334],[-88.03887,42.04326],[-88.03897,42.04412],[-88.04137,42.04455],[-88.04139,42.04605],[-88.03907,42.04601],[-88.03849,42.0464],[-88.03884,42.04682],[-88.03889,42.04686],[-88.03961,42.0472],[-88.03966,42.04723],[-88.03974,42.04729],[-88.04024,42.04769],[-88.04029,42.04772],[-88.04134,42.04775],[-88.04096,42.04924],[-88.03424,42.04931],[-88.03364,42.04986],[-88.03361,42.05055],[-88.02803,42.05073],[-87.97351,42.0513],[-87.96662,42.04905],[-87.95391,42.04728],[-87.95222,42.0472],[-87.92766,42.0478],[-87.92435,42.04813],[-87.91275,42.05017],[-87.91216,42.05061],[-87.91154,42.05185],[-87.91137,42.05215],[-87.91044,42.05356],[-87.91005,42.0536],[-87.91028,42.0539],[-87.9139,42.05365],[-87.91422,42.05344],[-87.913,42.05288],[-87.91158,42.05224],[-87.91145,42.05218],[-87.91137,42.05215],[-87.91093,42.05195],[-87.90949,42.05131],[-87.90863,42.05092],[-87.90753,42.05043],[-87.90703,42.05021],[-87.90618,42.04984],[-87.90535,42.04944],[-87.90173,42.04785],[-87.90075,42.04759],[-87.90015,42.04751],[-87.89895,42.04744],[-87.89754,42.047],[-87.89654,42.04565],[-87.89587,42.04515],[-87.8872,42.04131],[-87.88643,42.04112],[-87.88347,42.0397],[-87.88391,42.04146],[-87.88451,42.04348],[-87.88467,42.04375],[-87.88494,42.04504],[-87.88543,42.04667],[-87.88653,42.05001],[-87.88796,42.05399],[-87.88778,42.05436],[-87.88084,42.05459],[-87.87931,42.05436],[-87.87864,42.05418],[-87.8783,42.05408],[-87.87754,42.05385],[-87.87707,42.05371],[-87.8764,42.05356],[-87.87426,42.05337],[-87.87229,42.05343],[-87.87192,42.05342],[-87.86981,42.05349],[-87.84537,42.05438],[-87.84274,42.05444],[-87.84035,42.05447],[-87.84026,42.05448],[-87.83945,42.05449],[-87.83818,42.05452],[-87.83368,42.04929],[-87.83661,42.04862],[-87.83661,42.04833],[-87.83663,42.04761],[-87.83663,42.04738],[-87.83383,42.04742],[-87.83268,42.04816],[-87.83764,42.05451],[-87.81037,42.05516],[-87.75164,42.05523],[-87.7516,42.05535],[-87.75158,42.0571],[-87.75157,42.05727],[-87.75066,42.05727],[-87.75079,42.05857],[-87.75033,42.05973],[-87.75039,42.05991],[-87.75012,42.06059],[-87.75143,42.06084],[-87.75146,42.0605],[-87.75183,42.05982],[-87.75194,42.05959],[-87.75199,42.05949],[-87.75209,42.05913],[-87.752,42.0581],[-87.75162,42.05742],[-87.75157,42.05727],[-87.75158,42.0571],[-87.75159,42.05578],[-87.7516,42.05535],[-87.75162,42.05528],[-87.75164,42.05523],[-87.73934,42.05517],[-87.73726,42.05524],[-87.73716,42.05523],[-87.73474,42.05523],[-87.7299,42.05524],[-87.7295,42.05524],[-87.72845,42.05525],[-87.72629,42.05524],[-87.71591,42.05533],[-87.71486,42.05505],[-87.71115,42.05331],[-87.70976,42.05268],[-87.70807,42.05224],[-87.69893,42.05207],[-87.69894,42.05202],[-87.69896,42.05019],[-87.69899,42.04892],[-87.699,42.04884],[-87.699,42.04867],[-87.699,42.04849],[-87.69901,42.04837],[-87.6968,42.04842],[-87.69614,42.04843],[-87.69483,42.04846],[-87.69409,42.04857],[-87.69384,42.04858],[-87.69363,42.04858],[-87.69288,42.04857],[-87.69199,42.04856],[-87.69016,42.04854],[-87.6888,42.04852],[-87.68682,42.04848],[-87.6834,42.04847],[-87.68354,42.04704],[-87.69014,42.04711],[-87.69016,42.04854],[-87.69901,42.04837],[-87.699,42.04862],[-87.699,42.04884],[-87.69899,42.04892],[-87.69896,42.05009],[-87.69896,42.05019],[-87.69893,42.05207],[-87.70632,42.05194],[-87.70807,42.05224],[-87.70899,42.05243],[-87.70976,42.05268],[-87.71591,42.05533],[-87.7516,42.05535],[-87.75159,42.05578],[-87.75158,42.05656],[-87.75158,42.0571],[-87.75157,42.05727],[-87.75066,42.05727],[-87.75066,42.05849],[-87.75079,42.05857],[-87.75055,42.05922],[-87.75033,42.05973],[-87.75012,42.06059],[-87.75067,42.06083],[-87.75143,42.06084],[-87.75143,42.06067],[-87.75146,42.0605],[-87.75209,42.05913],[-87.75157,42.05727],[-87.75158,42.0571],[-87.75158,42.05656],[-87.75159,42.05578],[-87.75159,42.05557],[-87.7516,42.05535],[-87.81025,42.05527],[-87.83832,42.05465],[-87.83818,42.05452],[-87.83782,42.05414],[-87.83746,42.05375],[-87.83658,42.05285],[-87.83554,42.05174],[-87.83368,42.04929],[-87.83391,42.04926],[-87.83661,42.04862],[-87.83663,42.04761],[-87.83663,42.04738],[-87.84039,42.04725],[-87.84034,42.05093],[-87.84026,42.05448],[-87.84027,42.05461],[-87.87426,42.05337],[-87.87521,42.0534],[-87.8764,42.05356],[-87.87671,42.05363],[-87.87707,42.05371],[-87.87731,42.05378],[-87.87754,42.05385],[-87.87864,42.05418],[-87.87918,42.05432],[-87.87931,42.05436],[-87.87962,42.05442],[-87.87989,42.05447],[-87.8804,42.05455],[-87.88084,42.05459],[-87.88146,42.05462],[-87.8848,42.05459],[-87.88472,42.05644],[-87.88436,42.05683],[-87.88412,42.05695],[-87.88344,42.05727],[-87.88303,42.0575],[-87.88287,42.0576],[-87.88223,42.05814],[-87.88113,42.05876],[-87.88096,42.05938],[-87.881,42.05961],[-87.88124,42.06018],[-87.88115,42.0607],[-87.88119,42.06115],[-87.88042,42.06135],[-87.88044,42.06155],[-87.88119,42.06115],[-87.88096,42.05938],[-87.88098,42.05911],[-87.88113,42.05876],[-87.88303,42.0575],[-87.88315,42.05743],[-87.88344,42.05727],[-87.88436,42.05683],[-87.88456,42.05664],[-87.88472,42.05644],[-87.88481,42.05608],[-87.8848,42.05459],[-87.88813,42.0545],[-87.88376,42.03995],[-87.88738,42.04155],[-87.88961,42.04239],[-87.89549,42.04502],[-87.89759,42.04711],[-87.8987,42.04746],[-87.90173,42.04785],[-87.90233,42.0481],[-87.90535,42.04944],[-87.90577,42.04964],[-87.90618,42.04984],[-87.90692,42.05016],[-87.90703,42.05021],[-87.90753,42.05043],[-87.90828,42.05077],[-87.90863,42.05092],[-87.90924,42.0512],[-87.90949,42.05131],[-87.91137,42.05215],[-87.91145,42.05218],[-87.913,42.05288],[-87.91377,42.05324],[-87.91389,42.05352],[-87.91074,42.05363],[-87.91044,42.05356],[-87.9107,42.05318],[-87.91137,42.05215],[-87.91149,42.05193],[-87.91154,42.05185],[-87.9116,42.05182],[-87.91229,42.05064],[-87.91272,42.0503],[-87.92438,42.04823],[-87.94801,42.04732],[-87.95414,42.04741],[-87.96387,42.0487],[-87.96748,42.04937],[-87.97116,42.05097],[-87.97342,42.05141],[-88.03374,42.05072],[-88.03426,42.04942],[-88.04049,42.04937],[-88.04096,42.04924],[-88.0413,42.04886],[-88.04133,42.04867],[-88.04139,42.04605],[-88.04062,42.04603],[-88.03907,42.04601],[-88.03852,42.04634],[-88.03849,42.0464],[-88.0385,42.04651],[-88.03854,42.04658],[-88.03884,42.04682],[-88.03884,42.04682],[-88.03889,42.04686],[-88.04029,42.04772],[-88.04037,42.04773],[-88.04134,42.04775],[-88.04136,42.04636],[-88.04139,42.04605],[-88.04144,42.04485],[-88.04141,42.04467],[-88.04137,42.04455],[-88.04133,42.04449],[-88.03905,42.04412],[-88.03896,42.04027],[-88.0378,42.04025],[-88.03777,42.04119],[-88.03695,42.04124]]}},{"type":"Feature","properties":{"route":"209","name":"Busse Highway","status":"not on tracker"},"geometry":{"type":"LineString","coordinates":[[-87.8872,42.04131],[-87.88676,42.04127],[-87.88301,42.03947],[-87.88238,42.03927],[-87.88028,42.03924],[-87.87863,42.03937],[-87.87831,42.03938],[-87.87481,42.03907],[-87.87386,42.03903],[-87.87377,42.039],[-87.87141,42.03891],[-87.86979,42.0378],[-87.86674,42.03653],[-87.8632,42.03316],[-87.86228,42.03238],[-87.86207,42.03229],[-87.86002,42.03066],[-87.8601,42.02653],[-87.858,42.02582],[-87.85753,42.02556],[-87.85656,42.02498],[-87.85517,42.02417],[-87.85121,42.02195],[-87.85045,42.02154],[-87.84116,42.0163],[-87.83974,42.01541],[-87.83911,42.01472],[-87.83861,42.01434],[-87.83305,42.01118],[-87.83299,42.01112],[-87.82955,42.01129],[-87.82916,42.01098],[-87.82798,42.01025],[-87.82561,42.00874],[-87.82555,42.00871],[-87.82429,42.00792],[-87.82426,42.0079],[-87.824,42.00773],[-87.82311,42.00718],[-87.82297,42.00709],[-87.82247,42.00677],[-87.82237,42.0067],[-87.82004,42.00524],[-87.82132,42.00395],[-87.82133,42.00377],[-87.82134,42.00273],[-87.82136,42.00232],[-87.82136,42.00228],[-87.82139,41.99687],[-87.82164,41.99592],[-87.8217,41.99562],[-87.82212,41.99336],[-87.82325,41.98546],[-87.82332,41.98454],[-87.83668,41.98644],[-87.83665,41.98251],[-87.83829,41.98306],[-87.83837,41.98397],[-87.83914,41.98358],[-87.83741,41.98245],[-87.8364,41.9824],[-87.83649,41.9858],[-87.83608,41.98626],[-87.82333,41.98444],[-87.82139,41.99687],[-87.82132,42.00395],[-87.82117,42.00417],[-87.82004,42.00524],[-87.82297,42.00709],[-87.82555,42.00871],[-87.82681,42.00761],[-87.83167,42.01043],[-87.83183,42.01115],[-87.83299,42.01112],[-87.83861,42.01434],[-87.84116,42.0163],[-87.85517,42.02417],[-87.85753,42.02556],[-87.85755,42.02557],[-87.858,42.02582],[-87.85893,42.02628],[-87.8601,42.02653],[-87.86005,42.02687],[-87.86002,42.03066],[-87.86631,42.03639],[-87.86971,42.03787],[-87.87101,42.0391],[-87.87831,42.03938],[-87.88028,42.03924],[-87.88196,42.03925],[-87.88238,42.03927],[-87.88532,42.04062]]}},{"type":"Feature","properties":{"route":"210","name":"Lincoln Avenue","status":"not on tracker"},"geometry":{"type":"LineString","coordinates":[[-87.85533,42.09259],[-87.85562,42.0913],[-87.85391,42.09131],[-87.85146,42.09135],[-87.8503,42.09142],[-87.84918,42.09141],[-87.84939,42.08756],[-87.83944,42.08758],[-87.83961,42.07863],[-87.8395,42.07683],[-87.83955,42.07418],[-87.83956,42.07321],[-87.83956,42.07309],[-87.83879,42.07308],[-87.83812,42.07307],[-87.83675,42.07304],[-87.83653,42.07303],[-87.8176,42.07295],[-87.8174,42.07294],[-87.81539,42.07292],[-87.81535,42.07291],[-87.81524,42.07291],[-87.81038,42.07287],[-87.80226,42.07272],[-87.79897,42.07275],[-87.7998,42.07161],[-87.79996,42.07079],[-87.79927,42.04073],[-87.78662,42.04083],[-87.78487,42.04089],[-87.785,42.03631],[-87.78409,42.03603],[-87.78175,42.03537],[-87.78138,42.03531],[-87.78138,42.03528],[-87.7745,42.03539],[-87.77294,42.03516],[-87.77257,42.03505],[-87.77089,42.03445],[-87.76965,42.03425],[-87.76387,42.03458],[-87.76334,42.03459],[-87.75797,42.03324],[-87.75596,42.03092],[-87.75571,42.03037],[-87.75527,42.02934],[-87.75507,42.02887],[-87.75498,42.02866],[-87.75483,42.02832],[-87.75466,42.02791],[-87.75457,42.02781],[-87.75455,42.02779],[-87.75462,42.02663],[-87.75469,42.02631],[-87.75372,42.0263],[-87.75182,42.02627],[-87.74891,42.02625],[-87.74882,42.02624],[-87.74821,42.02624],[-87.74751,42.02624],[-87.74693,42.02625],[-87.74613,42.02522],[-87.74583,42.02379],[-87.74611,42.02313],[-87.74719,42.02177],[-87.74757,42.02109],[-87.74775,42.01831],[-87.74475,42.01584],[-87.72976,42.00409],[-87.71405,41.99437],[-87.71379,41.99481],[-87.71356,41.99503],[-87.7122,41.99621],[-87.71187,41.99658],[-87.71171,41.99731],[-87.71161,42.00635],[-87.71843,42.00669],[-87.7189,42.00725],[-87.71894,42.00875],[-87.72057,42.00973],[-87.72071,42.01097],[-87.72069,42.01176],[-87.71148,42.01185],[-87.71161,42.00635],[-87.71174,42.00183],[-87.71171,41.99731],[-87.71174,41.9969],[-87.71183,41.99666],[-87.71187,41.99658],[-87.71199,41.99641],[-87.7122,41.99621],[-87.71262,41.99583],[-87.71356,41.99503],[-87.71358,41.99501],[-87.71379,41.99481],[-87.71389,41.9947],[-87.71402,41.99449],[-87.72979,42.00426],[-87.74775,42.01831],[-87.74768,42.02054],[-87.74757,42.02109],[-87.74611,42.02313],[-87.74593,42.02346],[-87.74583,42.02379],[-87.74602,42.02525],[-87.74679,42.02624],[-87.74693,42.02625],[-87.74705,42.02625],[-87.74821,42.02624],[-87.75182,42.02627],[-87.75469,42.02631],[-87.75455,42.02779],[-87.75571,42.03037],[-87.75596,42.03092],[-87.75612,42.03119],[-87.7578,42.03327],[-87.76022,42.03406],[-87.76185,42.03437],[-87.76334,42.03459],[-87.76341,42.03459],[-87.76387,42.03458],[-87.76911,42.03426],[-87.76965,42.03425],[-87.77294,42.03516],[-87.77313,42.03519],[-87.7745,42.03539],[-87.78175,42.03537],[-87.78499,42.03637],[-87.78487,42.04089],[-87.79896,42.04107],[-87.79985,42.06895],[-87.79976,42.07138],[-87.79882,42.07287],[-87.83956,42.07309],[-87.8394,42.0781],[-87.83944,42.08758],[-87.84893,42.0877],[-87.84918,42.09141],[-87.84974,42.0914],[-87.8503,42.09142],[-87.85391,42.09131],[-87.85397,42.09259],[-87.85533,42.09259]]}},{"type":"Feature","properties":{"route":"213","name":"Green Bay Road","status":"tracked","trips":1875,"low_pct":0.0,"high_pct":0.0},"geometry":{"type":"LineString","coordinates":[[-87.79777,42.18321],[-87.79882,42.18433],[-87.80131,42.18347],[-87.80208,42.18469],[-87.80218,42.18465],[-87.80261,42.1845],[-87.80299,42.18437],[-87.8032,42.18429],[-87.80339,42.18422],[-87.80428,42.18391],[-87.80475,42.18374],[-87.8055,42.18347],[-87.80596,42.1833],[-87.8101,42.18185],[-87.81075,42.18167],[-87.81583,42.18156],[-87.81689,42.18134],[-87.81727,42.18123],[-87.81803,42.18098],[-87.81819,42.18092],[-87.81839,42.18085],[-87.81859,42.18078],[-87.81864,42.18077],[-87.8193,42.1806],[-87.81997,42.18088],[-87.8204,42.18183],[-87.8195,42.18186],[-87.81878,42.18106],[-87.81859,42.18078],[-87.81852,42.18067],[-87.8179,42.17966],[-87.81497,42.17184],[-87.81239,42.16685],[-87.81094,42.16489],[-87.80575,42.15917],[-87.80613,42.15847],[-87.80195,42.15258],[-87.80648,42.15255],[-87.81087,42.1526],[-87.81235,42.1526],[-87.81258,42.15199],[-87.81206,42.15132],[-87.81439,42.15021],[-87.81387,42.14962],[-87.81236,42.15033],[-87.81201,42.15117],[-87.81204,42.15128],[-87.81206,42.15132],[-87.81213,42.15144],[-87.81228,42.1517],[-87.81245,42.15191],[-87.8119,42.15247],[-87.81084,42.15249],[-87.80915,42.15248],[-87.80735,42.15245],[-87.80407,42.15245],[-87.80246,42.15243],[-87.80175,42.15244],[-87.80167,42.15244],[-87.80075,42.15247],[-87.79796,42.15243],[-87.7955,42.15246],[-87.77756,42.15231],[-87.7761,42.14941],[-87.77579,42.14885],[-87.77323,42.1455],[-87.76681,42.14172],[-87.76584,42.14128],[-87.7654,42.14115],[-87.76368,42.14102],[-87.76294,42.14061],[-87.74666,42.12134],[-87.74632,42.11984],[-87.74276,42.11561],[-87.74174,42.1156],[-87.73493,42.10739],[-87.7348,42.10722],[-87.73456,42.10688],[-87.7337,42.10582],[-87.73366,42.10564],[-87.73362,42.1046],[-87.73229,42.10419],[-87.72925,42.10063],[-87.72786,42.09893],[-87.72655,42.09737],[-87.72606,42.09667],[-87.72564,42.09582],[-87.7255,42.09558],[-87.72499,42.09488],[-87.72399,42.0937],[-87.72384,42.09356],[-87.72361,42.09342],[-87.72312,42.09319],[-87.72289,42.09299],[-87.71714,42.08585],[-87.71668,42.08538],[-87.7162,42.085],[-87.71605,42.08486],[-87.71553,42.0842],[-87.71429,42.08273],[-87.71326,42.08154],[-87.71272,42.08094],[-87.7115,42.0795],[-87.71077,42.07855],[-87.71042,42.07813],[-87.71021,42.0779],[-87.71012,42.07779],[-87.70979,42.07744],[-87.70949,42.07708],[-87.70828,42.07566],[-87.70772,42.07481],[-87.70666,42.07354],[-87.69126,42.05532],[-87.69117,42.05521],[-87.69105,42.05504],[-87.69105,42.05503],[-87.69046,42.05411],[-87.68931,42.05266],[-87.68842,42.05187],[-87.68818,42.05119],[-87.68843,42.05034],[-87.68853,42.04968],[-87.6888,42.04852],[-87.6816,42.04846],[-87.67895,42.04775],[-87.68053,42.04426],[-87.68057,42.04391],[-87.68058,42.04296],[-87.68058,42.04288],[-87.68059,42.04177],[-87.68059,42.04149],[-87.68059,42.04133],[-87.68059,42.04121],[-87.68059,42.04028],[-87.68055,42.03985],[-87.67904,42.03213],[-87.67848,42.02941],[-87.67815,42.02699],[-87.67811,42.02678],[-87.67799,42.02621],[-87.67713,42.02257],[-87.67691,42.02171],[-87.67676,42.0211],[-87.67665,42.02069],[-87.6764,42.01943],[-87.67524,42.01607],[-87.67292,42.01718],[-87.67292,42.01862],[-87.6737,42.01941],[-87.67627,42.01942],[-87.67799,42.02621],[-87.67848,42.02941],[-87.67887,42.03137],[-87.67904,42.03213],[-87.67971,42.03564],[-87.68055,42.03985],[-87.68058,42.0401],[-87.68059,42.04028],[-87.68059,42.04057],[-87.68059,42.04121],[-87.68059,42.04149],[-87.68058,42.04288],[-87.68057,42.04391],[-87.68056,42.04409],[-87.68053,42.04426],[-87.68035,42.04485],[-87.67968,42.04619],[-87.68266,42.047],[-87.68874,42.04711],[-87.6888,42.04852],[-87.68876,42.04883],[-87.68853,42.04968],[-87.68808,42.05074],[-87.68796,42.05124],[-87.68816,42.05178],[-87.69035,42.05399],[-87.69046,42.05411],[-87.6906,42.05432],[-87.69117,42.05521],[-87.69126,42.05532],[-87.69151,42.05562],[-87.69181,42.05598],[-87.69363,42.05814],[-87.6941,42.05878],[-87.70772,42.07489],[-87.70828,42.07566],[-87.70839,42.0758],[-87.70979,42.07744],[-87.71077,42.07855],[-87.71114,42.07906],[-87.7115,42.0795],[-87.71429,42.08273],[-87.71595,42.08474],[-87.71605,42.08486],[-87.7161,42.08491],[-87.7162,42.085],[-87.71651,42.08523],[-87.71668,42.08538],[-87.71686,42.08555],[-87.71714,42.08585],[-87.7175,42.08657],[-87.72289,42.09299],[-87.72499,42.09488],[-87.72521,42.09516],[-87.7255,42.09558],[-87.72606,42.09667],[-87.72625,42.09698],[-87.72655,42.09737],[-87.72925,42.10063],[-87.73115,42.10284],[-87.73229,42.10419],[-87.7327,42.10457],[-87.73362,42.1046],[-87.7337,42.10582],[-87.73493,42.10739],[-87.7416,42.11534],[-87.74174,42.1156],[-87.74238,42.11561],[-87.74276,42.11561],[-87.74632,42.11997],[-87.74635,42.12083],[-87.74649,42.12113],[-87.74719,42.12203],[-87.76292,42.14071],[-87.76366,42.14109],[-87.76681,42.14172],[-87.76978,42.14334],[-87.77323,42.1455],[-87.77393,42.14628],[-87.77579,42.14885],[-87.77595,42.14913],[-87.7761,42.14941],[-87.77748,42.15218],[-87.7776,42.15238],[-87.79803,42.15259],[-87.80648,42.15255],[-87.81235,42.1526],[-87.81239,42.15224],[-87.81258,42.15199],[-87.81228,42.1517],[-87.81206,42.15132],[-87.81429,42.1503],[-87.81439,42.15021],[-87.81397,42.14973],[-87.81387,42.14962],[-87.81284,42.15002],[-87.81236,42.15033],[-87.81204,42.15086],[-87.81201,42.15117],[-87.81204,42.15128],[-87.81213,42.15144],[-87.81222,42.1516],[-87.81228,42.1517],[-87.81236,42.1518],[-87.81245,42.15191],[-87.8122,42.1523],[-87.8119,42.15247],[-87.81084,42.15249],[-87.80735,42.15245],[-87.80246,42.15243],[-87.80075,42.15247],[-87.79923,42.15244],[-87.79796,42.15243],[-87.798,42.15255],[-87.79803,42.15259],[-87.79806,42.15267],[-87.79814,42.15281],[-87.8013,42.15576],[-87.80579,42.15969],[-87.81201,42.1665],[-87.81474,42.17182],[-87.81687,42.17793],[-87.81708,42.17911],[-87.81629,42.18117],[-87.81082,42.18164],[-87.8101,42.18185],[-87.80218,42.18465],[-87.8014,42.18344],[-87.79882,42.18433],[-87.79764,42.18244],[-87.79732,42.18252],[-87.79777,42.18321]]}},{"type":"Feature","properties":{"route":"215","name":"Crawford-Howard","status":"tracked","trips":1717,"low_pct":0.99,"high_pct":0.99},"geometry":{"type":"LineString","coordinates":[[-87.7505,42.05935],[-87.75013,42.06063],[-87.75143,42.06084],[-87.75209,42.05913],[-87.75164,42.05523],[-87.74694,42.05519],[-87.74701,42.04797],[-87.74671,42.04797],[-87.74652,42.04797],[-87.74647,42.04797],[-87.74646,42.04797],[-87.7463,42.04797],[-87.74592,42.04797],[-87.74586,42.04797],[-87.74576,42.04797],[-87.74538,42.04797],[-87.74472,42.04797],[-87.74453,42.04797],[-87.74333,42.04798],[-87.74212,42.04796],[-87.74067,42.04798],[-87.73004,42.04799],[-87.72769,42.04798],[-87.72848,42.01897],[-87.72842,42.01896],[-87.72836,42.01897],[-87.72796,42.01897],[-87.72723,42.01898],[-87.72653,42.01899],[-87.72412,42.019],[-87.72399,42.019],[-87.72357,42.019],[-87.72293,42.01901],[-87.72261,42.01901],[-87.72204,42.01902],[-87.71966,42.01904],[-87.719,42.01904],[-87.71887,42.01904],[-87.71643,42.01905],[-87.71378,42.01908],[-87.71355,42.01908],[-87.71333,42.01909],[-87.71309,42.01909],[-87.71291,42.0191],[-87.71203,42.01911],[-87.71186,42.01911],[-87.71181,42.01911],[-87.71128,42.01912],[-87.71109,42.01913],[-87.7104,42.01913],[-87.70766,42.01918],[-87.70594,42.01923],[-87.70555,42.01924],[-87.70506,42.01924],[-87.70194,42.01929],[-87.69725,42.01941],[-87.69019,42.01956],[-87.68945,42.01955],[-87.68833,42.01954],[-87.68793,42.01955],[-87.68775,42.01955],[-87.68653,42.01954],[-87.68547,42.01952],[-87.68526,42.01951],[-87.68462,42.01951],[-87.68346,42.0195],[-87.6832,42.0195],[-87.68283,42.0195],[-87.68228,42.01949],[-87.68082,42.01947],[-87.68067,42.01947],[-87.6801,42.01947],[-87.67985,42.01947],[-87.67977,42.01947],[-87.67802,42.01946],[-87.67766,42.01945],[-87.67673,42.01944],[-87.67524,42.01607],[-87.67292,42.01718],[-87.67292,42.01862],[-87.6737,42.01941],[-87.6756,42.0194],[-87.67578,42.0194],[-87.67633,42.01943],[-87.67673,42.01944],[-87.6769,42.01944],[-87.67802,42.01946],[-87.68653,42.01954],[-87.68755,42.01955],[-87.68775,42.01955],[-87.68945,42.01955],[-87.68995,42.01956],[-87.69019,42.01956],[-87.72836,42.01897],[-87.72755,42.04799],[-87.73004,42.04799],[-87.73356,42.04798],[-87.74067,42.04798],[-87.74092,42.04797],[-87.74212,42.04796],[-87.74321,42.04798],[-87.74333,42.04798],[-87.74378,42.04797],[-87.74453,42.04797],[-87.74688,42.04797],[-87.74675,42.05531],[-87.7516,42.05535],[-87.75157,42.05727],[-87.75066,42.05727],[-87.7505,42.05935]]}},{"type":"Feature","properties":{"route":"221","name":"Wolf Road","status":"dark"},"geometry":{"type":"LineString","coordinates":[[-87.9121,42.05248],[-87.91389,42.05352],[-87.91044,42.05356],[-87.91137,42.05215],[-87.91154,42.05185],[-87.9116,42.05182],[-87.91229,42.05064],[-87.91259,42.05036],[-87.91207,42.04857],[-87.91202,42.04791],[-87.91199,42.04672],[-87.91196,42.04584],[-87.91196,42.04564],[-87.91195,42.04536],[-87.91195,42.04505],[-87.91195,42.04493],[-87.9119,42.0436],[-87.91178,42.04294],[-87.91171,42.04272],[-87.91161,42.04253],[-87.91154,42.04236],[-87.91156,42.04231],[-87.91129,42.04192],[-87.90946,42.0403],[-87.90906,42.03938],[-87.909,42.0088],[-87.86958,42.01005],[-87.86945,42.00982],[-87.86938,42.00973],[-87.86899,42.00913],[-87.8689,42.00898],[-87.86862,42.00854],[-87.86824,42.00797],[-87.86812,42.00779],[-87.86772,42.00726],[-87.86578,42.00431],[-87.86562,42.00409],[-87.86538,42.00373],[-87.8653,42.00359],[-87.86525,42.00353],[-87.86487,42.00294],[-87.86475,42.00273],[-87.86462,42.00251],[-87.86449,42.00226],[-87.86003,41.99139],[-87.86112,41.98505],[-87.86042,41.98497],[-87.86078,41.98412],[-87.85997,41.98408],[-87.86008,41.98505],[-87.86086,41.98515],[-87.85984,41.99142],[-87.86449,42.00226],[-87.86525,42.00353],[-87.86812,42.00779],[-87.86862,42.00854],[-87.86899,42.00913],[-87.86945,42.00982],[-87.86952,42.00993],[-87.86958,42.01005],[-87.86963,42.01013],[-87.90883,42.00899],[-87.90898,42.03924],[-87.90946,42.0403],[-87.91178,42.04294],[-87.91186,42.04324],[-87.9119,42.0436],[-87.91191,42.04395],[-87.91195,42.04493],[-87.91195,42.04505],[-87.91196,42.04564],[-87.91202,42.04791],[-87.91206,42.04845],[-87.91207,42.04857],[-87.91208,42.04865],[-87.91218,42.0492],[-87.91227,42.0496],[-87.91224,42.0497],[-87.91241,42.05033],[-87.91216,42.05061],[-87.91154,42.05185],[-87.91149,42.05193],[-87.91137,42.05215],[-87.9107,42.05318],[-87.91044,42.05356],[-87.90931,42.05148],[-87.90949,42.05131],[-87.91093,42.05195],[-87.91137,42.05215],[-87.91145,42.05218],[-87.9121,42.05248]]}},{"type":"Feature","properties":{"route":"223","name":"Elk Grove - Rosemont CTA Station","status":"tracked","trips":2669,"low_pct":0.67,"high_pct":2.25},"geometry":{"type":"LineString","coordinates":[[-87.96142,41.9883],[-87.97038,41.98836],[-87.97053,42.01029],[-87.96918,42.01302],[-87.96891,42.02229],[-87.96361,42.0223],[-87.96043,42.02234],[-87.95997,42.02235],[-87.95978,42.02236],[-87.95937,42.02237],[-87.95875,42.02239],[-87.95847,42.0224],[-87.94326,42.00947],[-87.94018,42.00816],[-87.92258,42.00835],[-87.89545,42.00912],[-87.89429,42.00783],[-87.89418,42.00117],[-87.89384,42.00049],[-87.8932,41.99998],[-87.89228,41.99968],[-87.88747,41.99887],[-87.87979,41.9971],[-87.87937,41.99699],[-87.87712,41.99635],[-87.87349,41.99539],[-87.87183,41.99492],[-87.87108,41.99472],[-87.87035,41.99452],[-87.87016,41.99447],[-87.86931,41.99424],[-87.869,41.99416],[-87.8687,41.99407],[-87.86463,41.99289],[-87.85995,41.99108],[-87.86112,41.98505],[-87.86042,41.98497],[-87.8608,41.98415],[-87.8601,41.98403],[-87.86008,41.98505],[-87.86086,41.98515],[-87.85971,41.99069],[-87.85999,41.99123],[-87.86463,41.99301],[-87.86854,41.99409],[-87.8687,41.99407],[-87.87433,41.99559],[-87.87462,41.99569],[-87.87712,41.99635],[-87.87781,41.99654],[-87.87937,41.99699],[-87.87967,41.99707],[-87.87979,41.9971],[-87.8807,41.99734],[-87.88077,41.99739],[-87.88278,41.9979],[-87.88768,41.99903],[-87.89306,42.0],[-87.89407,42.00119],[-87.89411,42.00769],[-87.89554,42.00941],[-87.93968,42.00827],[-87.9402,42.00875],[-87.94042,42.02278],[-87.9596,42.02249],[-87.95997,42.02248],[-87.95997,42.02235],[-87.95997,42.02203],[-87.95983,42.01678],[-87.9598,42.01152],[-87.9595,41.9992],[-87.95943,41.98519],[-87.96119,41.98524],[-87.96142,41.9883]]}},{"type":"Feature","properties":{"route":"225","name":"Central - Howard","status":"not on tracker"},"geometry":{"type":"LineString","coordinates":[[-87.80654,42.02652],[-87.80662,42.01891],[-87.76475,42.01917],[-87.76475,42.01897],[-87.76476,42.01858],[-87.76478,42.01754],[-87.76479,42.0172],[-87.7648,42.01643],[-87.7635,42.01642],[-87.76252,42.01641],[-87.76247,42.01641],[-87.76063,42.0164],[-87.76167,42.01258],[-87.76199,42.0025],[-87.76204,42.00234],[-87.76229,42.0017],[-87.76262,42.00077],[-87.76282,42.00012],[-87.76286,42.00001],[-87.76293,41.99981],[-87.76351,41.99812],[-87.76378,41.99736],[-87.76382,41.99725],[-87.76449,41.99558],[-87.7647,41.9948],[-87.76587,41.99165],[-87.76618,41.98972],[-87.76628,41.98935],[-87.76655,41.98892],[-87.76808,41.98743],[-87.76814,41.98736],[-87.76817,41.98733],[-87.76826,41.98702],[-87.76831,41.98502],[-87.76832,41.98477],[-87.76834,41.98338],[-87.76835,41.98308],[-87.76835,41.9829],[-87.76839,41.98108],[-87.7684,41.97946],[-87.76841,41.9793],[-87.76844,41.97829],[-87.76844,41.97817],[-87.76846,41.97658],[-87.76846,41.97647],[-87.76628,41.97398],[-87.76491,41.97252],[-87.7648,41.97231],[-87.76362,41.97108],[-87.763,41.9703],[-87.76219,41.96972],[-87.76206,41.9703],[-87.76302,41.9704],[-87.76384,41.9714],[-87.76846,41.97647],[-87.76844,41.97817],[-87.76841,41.9793],[-87.76839,41.98103],[-87.76839,41.98108],[-87.76839,41.98122],[-87.76838,41.9814],[-87.76835,41.98283],[-87.76834,41.98338],[-87.76832,41.98458],[-87.76832,41.98477],[-87.76832,41.98483],[-87.76831,41.98502],[-87.76829,41.98558],[-87.76826,41.98702],[-87.76824,41.98722],[-87.76817,41.98733],[-87.76655,41.98892],[-87.76644,41.98906],[-87.76628,41.98935],[-87.76587,41.99165],[-87.76447,41.99533],[-87.76439,41.99569],[-87.76382,41.99725],[-87.76351,41.99812],[-87.76296,41.99972],[-87.76293,41.99981],[-87.76282,42.00012],[-87.76274,42.00038],[-87.76262,42.00077],[-87.76204,42.00234],[-87.76202,42.0024],[-87.76199,42.0025],[-87.76149,42.01297],[-87.76048,42.01639],[-87.76063,42.0164],[-87.7648,42.01643],[-87.76478,42.01754],[-87.76477,42.01788],[-87.76476,42.01858],[-87.76475,42.01917],[-87.80652,42.01902],[-87.8064,42.02604]]}},{"type":"Feature","properties":{"route":"226","name":"Oakton Street","status":"not on tracker"},"geometry":{"type":"LineString","coordinates":[[-87.95028,42.02227],[-87.95035,42.02254],[-87.93861,42.02275],[-87.9227,42.02285],[-87.92092,42.02293],[-87.91709,42.02316],[-87.90874,42.02338],[-87.90265,42.02367],[-87.89436,42.02389],[-87.89425,42.03335],[-87.88764,42.04164],[-87.88742,42.04141],[-87.88643,42.04112],[-87.88555,42.04073],[-87.88397,42.03996],[-87.88297,42.03945],[-87.88135,42.03925],[-87.88097,42.03881],[-87.87199,42.03374],[-87.87145,42.03337],[-87.87094,42.03294],[-87.8703,42.03238],[-87.86976,42.03199],[-87.86923,42.03165],[-87.86607,42.02982],[-87.86557,42.02954],[-87.86539,42.02945],[-87.86495,42.02922],[-87.86378,42.02863],[-87.86251,42.0279],[-87.86134,42.02719],[-87.86033,42.02662],[-87.85641,42.02489],[-87.80505,42.02628],[-87.75469,42.02631],[-87.75535,42.02552],[-87.75593,42.0248],[-87.75608,42.02463],[-87.75713,42.02338],[-87.75754,42.02293],[-87.75762,42.02283],[-87.75772,42.02271],[-87.75818,42.02215],[-87.75835,42.02194],[-87.75857,42.02164],[-87.75902,42.02093],[-87.75913,42.02068],[-87.75924,42.02036],[-87.75937,42.02014],[-87.75973,42.0191],[-87.76164,42.0129],[-87.76199,42.0025],[-87.76204,42.00234],[-87.76229,42.0017],[-87.76262,42.00077],[-87.76282,42.00012],[-87.76286,42.00001],[-87.76293,41.99981],[-87.76351,41.99812],[-87.76378,41.99736],[-87.76382,41.99725],[-87.76449,41.99558],[-87.7647,41.9948],[-87.76587,41.99165],[-87.76618,41.98972],[-87.76628,41.98935],[-87.76655,41.98892],[-87.76808,41.98743],[-87.76825,41.98717],[-87.76826,41.98709],[-87.76826,41.98702],[-87.76827,41.98667],[-87.76828,41.98624],[-87.76829,41.98558],[-87.76831,41.98502],[-87.76832,41.98477],[-87.76839,41.98108],[-87.7684,41.97946],[-87.76841,41.9793],[-87.76844,41.97829],[-87.76844,41.97817],[-87.76846,41.97658],[-87.76846,41.97647],[-87.76628,41.97398],[-87.76491,41.97252],[-87.7648,41.97231],[-87.76362,41.97108],[-87.763,41.9703],[-87.76231,41.96967],[-87.762,41.97024],[-87.76302,41.9704],[-87.76384,41.9714],[-87.76846,41.97647],[-87.76844,41.97817],[-87.76841,41.9793],[-87.76832,41.98477],[-87.76829,41.98558],[-87.76827,41.98667],[-87.76826,41.98702],[-87.76825,41.98717],[-87.76655,41.98892],[-87.76644,41.98906],[-87.76628,41.98935],[-87.76587,41.99165],[-87.76447,41.99533],[-87.76439,41.99569],[-87.76382,41.99725],[-87.76351,41.99812],[-87.76296,41.99972],[-87.76293,41.99981],[-87.76282,42.00012],[-87.76274,42.00038],[-87.76262,42.00077],[-87.76204,42.00234],[-87.76202,42.0024],[-87.76199,42.0025],[-87.76146,42.01317],[-87.75924,42.02036],[-87.75469,42.02631],[-87.80528,42.02639],[-87.85652,42.02496],[-87.86607,42.02982],[-87.87199,42.03374],[-87.88135,42.03925],[-87.88238,42.03927],[-87.88297,42.03945],[-87.88643,42.04112],[-87.88738,42.04155],[-87.88932,42.0423],[-87.89455,42.03554],[-87.89449,42.02399],[-87.90884,42.02351],[-87.91129,42.02336],[-87.91364,42.02326],[-87.91584,42.0232],[-87.91709,42.02316],[-87.91817,42.02311],[-87.9227,42.02285],[-87.94057,42.02278],[-87.95252,42.02259],[-87.95259,42.02229]]}},{"type":"Feature","properties":{"route":"230","name":"South Des Plaines","status":"not on tracker"},"geometry":{"type":"LineString","coordinates":[[-87.95043,42.03214],[-87.94658,42.03041],[-87.94414,42.02995],[-87.92086,42.03039],[-87.92093,42.03748],[-87.91358,42.0378],[-87.90684,42.038],[-87.90415,42.03814],[-87.9017,42.03824],[-87.90067,42.03826],[-87.90044,42.03827],[-87.89924,42.03832],[-87.89555,42.03845],[-87.89467,42.03847],[-87.8944,42.03843],[-87.89431,42.0384],[-87.89283,42.03774],[-87.89241,42.03754],[-87.8921,42.03741],[-87.89188,42.03731],[-87.89163,42.0372],[-87.89131,42.03711],[-87.8889,42.04009],[-87.88858,42.04052],[-87.88772,42.04153],[-87.88764,42.04164],[-87.88742,42.04141],[-87.88676,42.04127],[-87.88555,42.04073],[-87.88365,42.03979],[-87.8826,42.0366],[-87.88461,42.03652],[-87.88428,42.03166],[-87.88449,42.01713],[-87.87959,42.01711],[-87.87966,42.01231],[-87.87965,42.01204],[-87.87964,42.01117],[-87.87964,42.01112],[-87.87964,42.01015],[-87.87964,42.01001],[-87.87964,42.00995],[-87.87964,42.00983],[-87.87963,42.00843],[-87.87961,42.00772],[-87.87963,42.00253],[-87.87749,42.00258],[-87.87479,42.0027],[-87.87474,42.00068],[-87.87479,41.99726],[-87.87215,41.9967],[-87.87214,41.9955],[-87.87067,41.99555],[-87.8701,41.99555],[-87.86804,41.99561],[-87.86794,41.99561],[-87.86742,41.99563],[-87.86721,41.99563],[-87.8665,41.99566],[-87.86184,41.99577],[-87.85995,41.99108],[-87.86112,41.98505],[-87.86042,41.98497],[-87.86078,41.98412],[-87.85993,41.98413],[-87.86008,41.98505],[-87.86086,41.98515],[-87.85972,41.99088],[-87.86171,41.99578],[-87.86184,41.99577],[-87.86201,41.99576],[-87.86285,41.99574],[-87.86386,41.99572],[-87.86515,41.99568],[-87.8665,41.99566],[-87.86721,41.99563],[-87.86794,41.99561],[-87.87067,41.99555],[-87.87119,41.99552],[-87.87214,41.9955],[-87.87215,41.99657],[-87.87215,41.9967],[-87.87284,41.99675],[-87.87479,41.99726],[-87.87479,42.0027],[-87.87963,42.00253],[-87.87966,42.01231],[-87.8796,42.01252],[-87.87959,42.01711],[-87.88443,42.01702],[-87.88448,42.01707],[-87.88449,42.01713],[-87.8845,42.0172],[-87.8845,42.02427],[-87.88903,42.02417],[-87.88985,42.03717],[-87.89131,42.03711],[-87.88858,42.04052],[-87.88764,42.04164],[-87.88745,42.04157],[-87.88742,42.04141],[-87.8872,42.04131],[-87.88555,42.04073],[-87.88826,42.03724],[-87.88985,42.03717],[-87.89042,42.03714],[-87.89131,42.03711],[-87.89138,42.03712],[-87.89163,42.0372],[-87.8921,42.03741],[-87.89241,42.03754],[-87.89431,42.0384],[-87.89467,42.03847],[-87.90044,42.03827],[-87.9017,42.03824],[-87.90239,42.0382],[-87.90415,42.03814],[-87.90655,42.03804],[-87.90999,42.03802],[-87.92562,42.03739],[-87.95055,42.03727],[-87.95043,42.03214]]}},{"type":"Feature","properties":{"route":"234","name":"Wheeling - Des Plaines","status":"not on tracker"},"geometry":{"type":"LineString","coordinates":[[-87.9394,42.16972],[-87.94061,42.17107],[-87.93951,42.17177],[-87.93048,42.17136],[-87.92303,42.17173],[-87.92189,42.16818],[-87.92168,42.16741],[-87.92167,42.16734],[-87.92164,42.16724],[-87.92166,42.16707],[-87.9207,42.16397],[-87.92017,42.16264],[-87.90792,42.13981],[-87.94089,42.13918],[-87.94576,42.13885],[-87.95866,42.13894],[-87.95892,42.13754],[-87.96058,42.13652],[-87.96107,42.13573],[-87.96125,42.12752],[-87.96234,42.12667],[-87.96425,42.1265],[-87.96523,42.12612],[-87.96588,42.12533],[-87.96595,42.1244],[-87.92709,42.12419],[-87.92719,42.09524],[-87.93672,42.09528],[-87.93675,42.0934],[-87.93681,42.09256],[-87.93675,42.08955],[-87.93676,42.08918],[-87.93676,42.08892],[-87.93687,42.08825],[-87.93689,42.08326],[-87.93686,42.06579],[-87.93676,42.06363],[-87.93539,42.06303],[-87.93437,42.06256],[-87.93403,42.0624],[-87.93208,42.0614],[-87.92135,42.05656],[-87.91949,42.05577],[-87.91942,42.05574],[-87.91933,42.0557],[-87.91639,42.05439],[-87.91561,42.05404],[-87.91414,42.0534],[-87.88808,42.05435],[-87.88505,42.04507],[-87.88595,42.04491],[-87.88611,42.04351],[-87.88675,42.04281],[-87.88934,42.0429],[-87.88933,42.04233],[-87.88347,42.0397],[-87.88574,42.04763],[-87.88653,42.05001],[-87.88671,42.05036],[-87.88697,42.05114],[-87.88772,42.05328],[-87.88804,42.05423],[-87.88808,42.05435],[-87.88813,42.0545],[-87.91461,42.05362],[-87.93208,42.0614],[-87.93676,42.06363],[-87.93672,42.09528],[-87.93555,42.09528],[-87.92719,42.09524],[-87.92694,42.12431],[-87.96581,42.12451],[-87.96507,42.12608],[-87.96222,42.12659],[-87.96114,42.12742],[-87.9609,42.13579],[-87.95886,42.1374],[-87.95852,42.13882],[-87.94582,42.13874],[-87.90768,42.13969],[-87.92023,42.16297],[-87.92065,42.16409],[-87.92149,42.16695],[-87.92164,42.16724],[-87.92177,42.16773],[-87.92589,42.16788],[-87.9304,42.16878],[-87.93743,42.16836],[-87.93868,42.16877],[-87.9394,42.16972]]}},{"type":"Feature","properties":{"route":"240","name":"Dee Road","status":"not on tracker"},"geometry":{"type":"LineString","coordinates":[[-87.83886,41.98387],[-87.83914,41.98358],[-87.83836,41.983],[-87.83735,41.98243],[-87.8364,41.9824],[-87.83646,41.99654],[-87.85545,41.99612],[-87.85555,41.99739],[-87.85492,41.99937],[-87.85475,42.00039],[-87.85528,42.00337],[-87.85517,42.02417],[-87.85531,42.02426],[-87.85576,42.02452],[-87.85652,42.02496],[-87.85656,42.02498],[-87.85753,42.02556],[-87.85887,42.02626],[-87.85912,42.02634],[-87.8598,42.02646],[-87.8601,42.02653],[-87.86002,42.03028],[-87.86001,42.03391],[-87.86001,42.03878],[-87.86002,42.03931],[-87.86,42.04323],[-87.85643,42.04329],[-87.85516,42.04332],[-87.85505,42.04332],[-87.85496,42.04625],[-87.85505,42.05402],[-87.84537,42.05438],[-87.84274,42.05444],[-87.84035,42.05447],[-87.84026,42.05448],[-87.83945,42.05449],[-87.83818,42.05452],[-87.83368,42.04929],[-87.83661,42.04862],[-87.83663,42.04738],[-87.84039,42.04725],[-87.84034,42.05093],[-87.84026,42.05448],[-87.84027,42.05461],[-87.85504,42.05413],[-87.85505,42.05402],[-87.8551,42.05321],[-87.85511,42.05048],[-87.85504,42.04671],[-87.85516,42.04332],[-87.86,42.04323],[-87.86,42.04036],[-87.86002,42.03931],[-87.86002,42.03028],[-87.86005,42.02687],[-87.8601,42.02653],[-87.85531,42.02426],[-87.85538,42.00337],[-87.85487,42.00032],[-87.85568,41.99741],[-87.85568,41.99644],[-87.85552,41.99594],[-87.83647,41.99643],[-87.83665,41.98251],[-87.83829,41.98306],[-87.83831,41.98392],[-87.83886,41.98387]]}},{"type":"Feature","properties":{"route":"241","name":"Greenwood - Talcott","status":"not on tracker"},"geometry":{"type":"LineString","coordinates":[[-87.83886,41.98387],[-87.83914,41.98358],[-87.83836,41.983],[-87.83735,41.98243],[-87.8364,41.9824],[-87.83619,41.99846],[-87.83651,41.99857],[-87.83921,41.99954],[-87.84079,42.0001],[-87.842,42.00053],[-87.84322,42.00095],[-87.84443,42.0014],[-87.84497,42.00158],[-87.84564,42.00181],[-87.84781,42.00261],[-87.84951,42.00314],[-87.85526,42.00603],[-87.8553,42.0104],[-87.84558,42.01078],[-87.84496,42.0108],[-87.84315,42.01083],[-87.84073,42.0109],[-87.83906,42.01093],[-87.83798,42.01096],[-87.83767,42.01096],[-87.8371,42.01098],[-87.83705,42.01098],[-87.83685,42.01099],[-87.83662,42.01099],[-87.83645,42.011],[-87.83607,42.011],[-87.83587,42.01101],[-87.835,42.01103],[-87.83483,42.01103],[-87.83299,42.01112],[-87.83183,42.01115],[-87.83071,42.01115],[-87.83049,42.01115],[-87.83013,42.01119],[-87.82957,42.01083],[-87.82963,42.01074],[-87.82973,42.01065],[-87.83034,42.01011],[-87.83065,42.00982],[-87.83185,42.01072],[-87.83185,42.01079],[-87.83183,42.01115],[-87.82955,42.01129],[-87.8295,42.01221],[-87.82952,42.01343],[-87.82952,42.01397],[-87.82952,42.01458],[-87.82952,42.01581],[-87.82951,42.01648],[-87.82951,42.0175],[-87.82952,42.01818],[-87.82953,42.01937],[-87.82952,42.01974],[-87.82952,42.01988],[-87.82953,42.02017],[-87.82952,42.02079],[-87.82953,42.0231],[-87.82953,42.0233],[-87.82953,42.02341],[-87.82953,42.02459],[-87.82953,42.02471],[-87.82953,42.02567],[-87.82953,42.02575],[-87.84066,42.02551],[-87.84039,42.04725],[-87.83383,42.04742],[-87.83268,42.04816],[-87.83354,42.04932],[-87.83661,42.04862],[-87.83663,42.04738],[-87.84054,42.04725],[-87.84067,42.02541],[-87.82953,42.02567],[-87.82953,42.0231],[-87.82953,42.02017],[-87.82952,42.01994],[-87.82952,42.01988],[-87.82953,42.01937],[-87.82951,42.0175],[-87.82952,42.01581],[-87.82952,42.01488],[-87.82952,42.01458],[-87.82952,42.01343],[-87.82951,42.01259],[-87.8295,42.01221],[-87.82957,42.01083],[-87.82958,42.01081],[-87.82963,42.01074],[-87.83034,42.01011],[-87.83043,42.01003],[-87.83065,42.00982],[-87.83174,42.01048],[-87.83184,42.01066],[-87.83185,42.01072],[-87.83185,42.01079],[-87.83184,42.01106],[-87.83183,42.01115],[-87.83483,42.01103],[-87.83587,42.01101],[-87.83645,42.011],[-87.83662,42.01099],[-87.83705,42.01098],[-87.83767,42.01096],[-87.83788,42.01096],[-87.83798,42.01096],[-87.8381,42.01095],[-87.84073,42.0109],[-87.84558,42.01078],[-87.85265,42.01054],[-87.8553,42.0105],[-87.85538,42.00597],[-87.84951,42.00314],[-87.83619,41.99846],[-87.83665,41.98251],[-87.83829,41.98306],[-87.83831,41.98392],[-87.83886,41.98387]]}},{"type":"Feature","properties":{"route":"250","name":"Dempster Street","status":"tracked","trips":1092,"low_pct":0.0,"high_pct":0.09},"geometry":{"type":"LineString","coordinates":[[-87.88256,41.99284],[-87.88281,41.99359],[-87.88258,41.99413],[-87.88284,41.99503],[-87.88445,41.99498],[-87.88453,42.00498],[-87.88489,42.00699],[-87.88579,42.00972],[-87.89416,42.00943],[-87.89425,42.01027],[-87.8943,42.03317],[-87.88764,42.04164],[-87.88742,42.04141],[-87.88676,42.04127],[-87.88301,42.03947],[-87.88238,42.03927],[-87.88028,42.03924],[-87.87863,42.03937],[-87.87831,42.03938],[-87.87481,42.03907],[-87.87386,42.03903],[-87.87377,42.039],[-87.87272,42.03899],[-87.86583,42.03908],[-87.8444,42.03984],[-87.82832,42.04013],[-87.82655,42.04023],[-87.82395,42.04025],[-87.82285,42.04034],[-87.8177,42.04044],[-87.81707,42.04053],[-87.81445,42.04061],[-87.81363,42.04062],[-87.81066,42.04069],[-87.81058,42.0407],[-87.75222,42.04073],[-87.75218,42.04059],[-87.75237,42.04039],[-87.75207,42.03977],[-87.75189,42.03982],[-87.75222,42.04073],[-87.72539,42.04071],[-87.68695,42.04125],[-87.68691,42.0456],[-87.68685,42.04637],[-87.68685,42.04687],[-87.68684,42.04708],[-87.68683,42.0478],[-87.68683,42.04796],[-87.68682,42.04848],[-87.6834,42.04847],[-87.68343,42.04704],[-87.68403,42.04704],[-87.68684,42.04708],[-87.68874,42.04711],[-87.68837,42.04127],[-87.75224,42.04083],[-87.75222,42.04073],[-87.75218,42.04059],[-87.7523,42.04055],[-87.75237,42.04039],[-87.75218,42.03981],[-87.75207,42.03977],[-87.75189,42.03982],[-87.75218,42.04059],[-87.75222,42.04073],[-87.75224,42.04083],[-87.80637,42.04085],[-87.84578,42.03992],[-87.87386,42.03903],[-87.87831,42.03938],[-87.88028,42.03924],[-87.88196,42.03925],[-87.88217,42.03925],[-87.88238,42.03927],[-87.88246,42.03929],[-87.88301,42.03947],[-87.88555,42.04073],[-87.88643,42.04112],[-87.88738,42.04155],[-87.88932,42.0423],[-87.89457,42.03544],[-87.89424,42.00932],[-87.88583,42.00937],[-87.88464,42.00458],[-87.8846,41.99489],[-87.88284,41.99489],[-87.88263,41.99423],[-87.88313,41.9938],[-87.88236,41.99168],[-87.88171,41.99137],[-87.88256,41.99284]]}},{"type":"Feature","properties":{"route":"270","name":"Milwaukee Avenue","status":"tracked","trips":784,"low_pct":0.0,"high_pct":2.17},"geometry":{"type":"LineString","coordinates":[[-87.85533,42.09259],[-87.85562,42.0913],[-87.85391,42.09131],[-87.85146,42.09135],[-87.8503,42.09142],[-87.84918,42.09141],[-87.84929,42.08818],[-87.84983,42.08706],[-87.85322,42.08766],[-87.85824,42.0877],[-87.86692,42.08741],[-87.87033,42.08695],[-87.85584,42.07272],[-87.86224,42.06588],[-87.86435,42.06586],[-87.86478,42.06587],[-87.86478,42.06568],[-87.86477,42.06428],[-87.86479,42.06103],[-87.85993,42.0612],[-87.85671,42.06129],[-87.85668,42.06583],[-87.84897,42.06577],[-87.83585,42.05207],[-87.83368,42.04929],[-87.83661,42.04862],[-87.83661,42.04833],[-87.83663,42.04761],[-87.83663,42.04738],[-87.83555,42.0474],[-87.83484,42.04741],[-87.83383,42.04742],[-87.83281,42.04811],[-87.82963,42.04382],[-87.82046,42.03319],[-87.81795,42.03029],[-87.81704,42.02929],[-87.81672,42.02894],[-87.81559,42.02774],[-87.81261,42.02441],[-87.80934,42.0209],[-87.80887,42.02036],[-87.80881,42.0203],[-87.80816,42.01956],[-87.80807,42.01947],[-87.80741,42.01871],[-87.80688,42.01814],[-87.8066,42.01781],[-87.80597,42.01714],[-87.80458,42.0156],[-87.80445,42.01545],[-87.80402,42.01498],[-87.80356,42.01446],[-87.80348,42.01438],[-87.8023,42.01286],[-87.763,41.9703],[-87.76219,41.96972],[-87.76206,41.9703],[-87.76323,41.97062],[-87.78289,41.99258],[-87.78773,41.99717],[-87.81399,42.02609],[-87.81795,42.03029],[-87.82947,42.04381],[-87.83088,42.04568],[-87.83219,42.04749],[-87.83257,42.04801],[-87.83268,42.04816],[-87.83273,42.04823],[-87.83313,42.04877],[-87.83354,42.04932],[-87.83368,42.04929],[-87.83391,42.04926],[-87.83661,42.04862],[-87.83663,42.04761],[-87.83663,42.04738],[-87.83383,42.04742],[-87.83367,42.04774],[-87.83338,42.04787],[-87.83281,42.04811],[-87.83268,42.04816],[-87.83476,42.05107],[-87.83549,42.05194],[-87.84886,42.06587],[-87.85847,42.06589],[-87.85919,42.06588],[-87.86196,42.06588],[-87.86224,42.06588],[-87.86431,42.06587],[-87.86435,42.06586],[-87.86478,42.06587],[-87.86479,42.06103],[-87.85671,42.06129],[-87.85668,42.06588],[-87.85847,42.06589],[-87.86224,42.06588],[-87.85573,42.07279],[-87.87009,42.08687],[-87.8669,42.08734],[-87.85475,42.08759],[-87.85226,42.08742],[-87.84999,42.08664],[-87.84914,42.08803],[-87.84918,42.09141],[-87.84974,42.0914],[-87.8503,42.09142],[-87.85391,42.09131],[-87.85397,42.09259],[-87.85533,42.09259]]}},{"type":"Feature","properties":{"route":"272","name":"Milwaukee Avenue North","status":"tracked","trips":974,"low_pct":0.41,"high_pct":0.41},"geometry":{"type":"LineString","coordinates":[[-87.95225,42.24167],[-87.95204,42.24103],[-87.95134,42.24111],[-87.95136,42.24037],[-87.94473,42.24041],[-87.94379,42.23527],[-87.94166,42.2278],[-87.93526,42.21458],[-87.93307,42.20654],[-87.93333,42.20241],[-87.93318,42.20074],[-87.93152,42.19705],[-87.93125,42.1963],[-87.93114,42.19594],[-87.93094,42.19538],[-87.93083,42.19506],[-87.9305,42.19411],[-87.93036,42.19369],[-87.92984,42.19232],[-87.9297,42.19192],[-87.92677,42.18343],[-87.92397,42.17497],[-87.92189,42.16818],[-87.92168,42.16741],[-87.92167,42.16734],[-87.92164,42.16724],[-87.92166,42.16707],[-87.9203,42.16294],[-87.90761,42.13919],[-87.90323,42.13459],[-87.90066,42.13009],[-87.89735,42.12467],[-87.8961,42.12211],[-87.89423,42.11544],[-87.88794,42.10493],[-87.88469,42.10218],[-87.87967,42.09667],[-87.87259,42.08921],[-87.85267,42.06961],[-87.83554,42.05174],[-87.83368,42.04929],[-87.83661,42.04862],[-87.83663,42.04738],[-87.83383,42.04742],[-87.83268,42.04816],[-87.83568,42.05215],[-87.85178,42.06889],[-87.8662,42.08293],[-87.88469,42.10218],[-87.88761,42.10472],[-87.89405,42.11538],[-87.89646,42.12332],[-87.90302,42.1343],[-87.90323,42.13459],[-87.90397,42.13555],[-87.90434,42.13599],[-87.90752,42.13941],[-87.92023,42.16297],[-87.92065,42.16409],[-87.92149,42.16695],[-87.92164,42.16724],[-87.92177,42.16773],[-87.92589,42.16788],[-87.9304,42.16878],[-87.93765,42.16838],[-87.93891,42.16895],[-87.94061,42.17107],[-87.9394,42.17178],[-87.93207,42.17142],[-87.93194,42.17519],[-87.93473,42.17746],[-87.93558,42.17875],[-87.93471,42.18351],[-87.93585,42.18551],[-87.93584,42.18843],[-87.92851,42.1884],[-87.9297,42.19192],[-87.93125,42.1963],[-87.93145,42.19684],[-87.93152,42.19705],[-87.93155,42.19712],[-87.93184,42.19786],[-87.93181,42.19795],[-87.93305,42.20077],[-87.93294,42.20652],[-87.93509,42.21447],[-87.94168,42.22828],[-87.94374,42.236],[-87.94488,42.24275],[-87.94618,42.24251],[-87.94654,42.24307],[-87.94826,42.24271],[-87.94873,42.24193],[-87.9497,42.24157],[-87.95225,42.24167]]}},{"type":"Feature","properties":{"route":"290","name":"Touhy Avenue","status":"tracked","trips":3300,"low_pct":0.7,"high_pct":0.85},"geometry":{"type":"LineString","coordinates":[[-87.83886,41.98387],[-87.83914,41.98358],[-87.83836,41.983],[-87.83735,41.98243],[-87.8364,41.9824],[-87.83647,41.99643],[-87.83157,41.99654],[-87.83119,41.99662],[-87.83123,41.99697],[-87.83121,42.00383],[-87.83119,42.00487],[-87.8312,42.00572],[-87.83117,42.00755],[-87.83118,42.00786],[-87.83119,42.00831],[-87.83065,42.00982],[-87.83174,42.01048],[-87.83183,42.01115],[-87.8292,42.01134],[-87.82807,42.01129],[-87.82596,42.01126],[-87.82535,42.01127],[-87.82472,42.01128],[-87.82411,42.01129],[-87.82257,42.01132],[-87.81729,42.01142],[-87.8157,42.01147],[-87.81514,42.01149],[-87.81222,42.01156],[-87.81158,42.01158],[-87.81111,42.01159],[-87.81028,42.01161],[-87.80923,42.01164],[-87.80909,42.01165],[-87.80788,42.01168],[-87.80736,42.01169],[-87.80734,42.01169],[-87.80732,42.01169],[-87.80728,42.01169],[-87.80695,42.0117],[-87.80684,42.0117],[-87.80253,42.01168],[-87.79818,42.01254],[-87.79754,42.0125],[-87.79616,42.01235],[-87.79514,42.01224],[-87.7939,42.01212],[-87.79209,42.01192],[-87.79177,42.0119],[-87.79104,42.01193],[-87.78848,42.01203],[-87.74673,42.01169],[-87.72794,42.01168],[-87.72517,42.01176],[-87.72275,42.01177],[-87.72269,42.01177],[-87.72251,42.01177],[-87.72133,42.01176],[-87.71924,42.01175],[-87.71866,42.01175],[-87.71784,42.01176],[-87.71751,42.01175],[-87.71697,42.01176],[-87.71646,42.01176],[-87.71596,42.01178],[-87.7159,42.01179],[-87.71526,42.01179],[-87.71422,42.01181],[-87.7139,42.01181],[-87.71377,42.01181],[-87.71094,42.01186],[-87.70864,42.01189],[-87.70861,42.01189],[-87.70683,42.01193],[-87.70625,42.01195],[-87.70613,42.01195],[-87.70588,42.01196],[-87.70444,42.01198],[-87.70354,42.01201],[-87.70182,42.01205],[-87.69974,42.01211],[-87.69951,42.01211],[-87.69918,42.01212],[-87.69775,42.01214],[-87.69761,42.01214],[-87.69753,42.01214],[-87.69737,42.01215],[-87.69707,42.01216],[-87.69499,42.01221],[-87.69214,42.01226],[-87.69034,42.01231],[-87.68385,42.01224],[-87.68344,42.01225],[-87.6831,42.01233],[-87.68301,42.01239],[-87.68278,42.0125],[-87.68257,42.01259],[-87.68002,42.01383],[-87.67829,42.01462],[-87.67689,42.01531],[-87.67576,42.01583],[-87.67545,42.01597],[-87.67524,42.01607],[-87.67292,42.01718],[-87.67292,42.01862],[-87.6737,42.01941],[-87.6764,42.01943],[-87.67524,42.01607],[-87.67829,42.01462],[-87.67907,42.01428],[-87.68002,42.01383],[-87.68278,42.0125],[-87.6831,42.01233],[-87.68323,42.01228],[-87.68344,42.01225],[-87.69034,42.01231],[-87.69163,42.01229],[-87.69214,42.01226],[-87.69253,42.01226],[-87.69499,42.01221],[-87.69572,42.01219],[-87.69707,42.01216],[-87.69761,42.01214],[-87.69953,42.01211],[-87.69974,42.01211],[-87.70354,42.01201],[-87.70423,42.01199],[-87.70444,42.01198],[-87.70907,42.01188],[-87.71646,42.01176],[-87.731,42.0118],[-87.73599,42.01173],[-87.78054,42.01209],[-87.78803,42.01208],[-87.79177,42.0119],[-87.79754,42.0125],[-87.79797,42.01254],[-87.79818,42.01254],[-87.80262,42.01179],[-87.80503,42.01176],[-87.82257,42.01132],[-87.82904,42.01134],[-87.8292,42.01134],[-87.82955,42.01129],[-87.82958,42.01081],[-87.83065,42.00982],[-87.83114,42.00932],[-87.83119,42.00831],[-87.83121,42.00383],[-87.83119,41.99662],[-87.83646,41.99654],[-87.83647,41.99643],[-87.83647,41.99582],[-87.83649,41.99464],[-87.83653,41.992],[-87.83653,41.99109],[-87.83659,41.98821],[-87.83667,41.98733],[-87.83665,41.98251],[-87.83829,41.98306],[-87.83831,41.98392],[-87.83886,41.98387]]}},{"type":"Feature","properties":{"route":"301","name":"Roosevelt Road","status":"tracked","trips":1977,"low_pct":0.25,"high_pct":0.4},"geometry":{"type":"LineString","coordinates":[[-87.95486,41.84845],[-87.95561,41.84956],[-87.95658,41.84945],[-87.95617,41.84826],[-87.95506,41.84758],[-87.95477,41.84757],[-87.95404,41.84757],[-87.9527,41.84762],[-87.9525,41.84762],[-87.95244,41.84762],[-87.95232,41.84763],[-87.95208,41.84763],[-87.95169,41.84765],[-87.95119,41.84766],[-87.95039,41.84768],[-87.9503,41.84768],[-87.9498,41.84769],[-87.94968,41.84771],[-87.94898,41.84813],[-87.949,41.8489],[-87.9489,41.84895],[-87.94555,41.84909],[-87.94548,41.84695],[-87.92916,41.84737],[-87.92963,41.85671],[-87.92994,41.85892],[-87.93269,41.86682],[-87.93392,41.86971],[-87.91659,41.87405],[-87.91612,41.87385],[-87.91456,41.87423],[-87.91421,41.87423],[-87.91044,41.87316],[-87.90248,41.87083],[-87.90204,41.86271],[-87.8188,41.86469],[-87.8188,41.86497],[-87.8188,41.86555],[-87.81884,41.86674],[-87.81885,41.86718],[-87.81881,41.86783],[-87.81875,41.86796],[-87.81799,41.86909],[-87.81719,41.8702],[-87.81701,41.87044],[-87.81606,41.87173],[-87.81587,41.87198],[-87.81575,41.87212],[-87.81565,41.87237],[-87.81534,41.87355],[-87.81514,41.87448],[-87.81512,41.87456],[-87.81771,41.87476],[-87.81514,41.87448],[-87.81575,41.87212],[-87.81881,41.86783],[-87.81885,41.86741],[-87.81885,41.86718],[-87.8188,41.86478],[-87.90204,41.86271],[-87.90233,41.87083],[-87.90248,41.87083],[-87.90251,41.87083],[-87.90261,41.87086],[-87.91421,41.87423],[-87.91612,41.87385],[-87.91666,41.87415],[-87.93408,41.86978],[-87.92989,41.85829],[-87.92959,41.84762],[-87.94548,41.8471],[-87.94555,41.84909],[-87.94886,41.84896],[-87.9489,41.84895],[-87.949,41.8489],[-87.9489,41.8484],[-87.94893,41.84825],[-87.94898,41.84813],[-87.94901,41.84807],[-87.9493,41.84782],[-87.94951,41.84774],[-87.94968,41.84771],[-87.9498,41.84769],[-87.95005,41.84769],[-87.9503,41.84768],[-87.95073,41.84767],[-87.95169,41.84765],[-87.9527,41.84762],[-87.95375,41.84758],[-87.95404,41.84757],[-87.95452,41.84758],[-87.95442,41.84814],[-87.95486,41.84845]]}},{"type":"Feature","properties":{"route":"302","name":"Ogden - Stanley","status":"tracked","trips":674,"low_pct":1.48,"high_pct":1.93},"geometry":{"type":"LineString","coordinates":[[-87.74409,41.85134],[-87.75409,41.85119],[-87.75409,41.85114],[-87.75409,41.85108],[-87.75407,41.85066],[-87.75405,41.85022],[-87.75404,41.84977],[-87.75403,41.84941],[-87.75401,41.84885],[-87.754,41.8485],[-87.754,41.8484],[-87.75395,41.84657],[-87.75394,41.84612],[-87.75393,41.84595],[-87.75393,41.84577],[-87.75393,41.84566],[-87.7613,41.84557],[-87.7617,41.84556],[-87.76239,41.84555],[-87.76373,41.84552],[-87.7637,41.8437],[-87.76435,41.84369],[-87.76493,41.84368],[-87.76588,41.84366],[-87.76616,41.84366],[-87.76738,41.84364],[-87.76982,41.8436],[-87.77077,41.84359],[-87.77097,41.84359],[-87.77106,41.84359],[-87.7735,41.84354],[-87.77378,41.84354],[-87.77403,41.84353],[-87.77595,41.84351],[-87.77687,41.84349],[-87.77697,41.84349],[-87.77832,41.84347],[-87.77842,41.84347],[-87.77953,41.84346],[-87.77965,41.84346],[-87.78027,41.84345],[-87.78109,41.84343],[-87.78201,41.84342],[-87.78209,41.84341],[-87.78331,41.8434],[-87.7833,41.84322],[-87.78329,41.84294],[-87.78328,41.8427],[-87.78327,41.84248],[-87.78324,41.84067],[-87.78324,41.83974],[-87.78322,41.83883],[-87.7831,41.83586],[-87.79832,41.83243],[-87.79885,41.83233],[-87.79899,41.8323],[-87.80165,41.83171],[-87.80273,41.83144],[-87.80293,41.83142],[-87.80278,41.82367],[-87.80319,41.82353],[-87.80355,41.8234],[-87.80367,41.82335],[-87.80445,41.82306],[-87.80492,41.82288],[-87.80508,41.82282],[-87.80879,41.82152],[-87.81197,41.82058],[-87.81299,41.82043],[-87.81311,41.82041],[-87.81454,41.82027],[-87.81461,41.82027],[-87.81551,41.82021],[-87.81651,41.82008],[-87.8179,41.81994],[-87.81831,41.8199],[-87.82106,41.81963],[-87.82257,41.8193],[-87.82276,41.8192],[-87.82639,41.81639],[-87.82717,41.81601],[-87.82848,41.81585],[-87.83375,41.81613],[-87.83459,41.81616],[-87.83471,41.81616],[-87.83481,41.81616],[-87.83788,41.8163],[-87.84242,41.81652],[-87.84256,41.81653],[-87.84274,41.81654],[-87.84286,41.81655],[-87.84351,41.81658],[-87.84376,41.8166],[-87.8445,41.81663],[-87.84521,41.81666],[-87.84628,41.81672],[-87.84643,41.81673],[-87.84713,41.81676],[-87.85012,41.8169],[-87.85031,41.81691],[-87.85048,41.81691],[-87.85077,41.81693],[-87.85245,41.81701],[-87.85257,41.81702],[-87.85295,41.81704],[-87.85311,41.81704],[-87.85349,41.81707],[-87.85471,41.81712],[-87.8575,41.81726],[-87.85969,41.81739],[-87.85979,41.81739],[-87.85994,41.81739],[-87.86147,41.81746],[-87.8629,41.81728],[-87.86455,41.81666],[-87.8649,41.81656],[-87.86607,41.81678],[-87.86968,41.81599],[-87.86978,41.81795],[-87.86803,41.8177],[-87.86723,41.81741],[-87.86639,41.81694],[-87.86607,41.81678],[-87.86589,41.81669],[-87.86528,41.81654],[-87.86501,41.81655],[-87.8649,41.81656],[-87.86469,41.81661],[-87.86455,41.81666],[-87.86324,41.81717],[-87.86301,41.81725],[-87.8629,41.81728],[-87.86278,41.81731],[-87.86147,41.81746],[-87.85969,41.81739],[-87.85957,41.81737],[-87.8575,41.81726],[-87.85349,41.81707],[-87.85311,41.81704],[-87.85048,41.81691],[-87.85039,41.81691],[-87.85031,41.81691],[-87.85012,41.8169],[-87.8493,41.81686],[-87.84767,41.81679],[-87.84654,41.81673],[-87.84643,41.81673],[-87.84593,41.8167],[-87.84521,41.81666],[-87.84376,41.8166],[-87.83788,41.8163],[-87.83375,41.81613],[-87.83277,41.81606],[-87.82848,41.81585],[-87.82774,41.81588],[-87.82696,41.81605],[-87.82624,41.81639],[-87.82257,41.8193],[-87.82243,41.81934],[-87.82106,41.81963],[-87.81197,41.82058],[-87.81021,41.82105],[-87.80879,41.82152],[-87.80839,41.82167],[-87.80508,41.82282],[-87.80265,41.82371],[-87.80293,41.83142],[-87.8028,41.83143],[-87.80273,41.83144],[-87.80224,41.83156],[-87.80165,41.83171],[-87.7831,41.83586],[-87.78313,41.8371],[-87.78322,41.83883],[-87.78331,41.8434],[-87.77965,41.84346],[-87.77842,41.84347],[-87.77595,41.84351],[-87.77471,41.84352],[-87.77403,41.84353],[-87.77378,41.84354],[-87.77371,41.84354],[-87.7735,41.84354],[-87.77278,41.84356],[-87.77106,41.84359],[-87.7637,41.8437],[-87.76372,41.84459],[-87.76373,41.84552],[-87.75393,41.84566],[-87.75409,41.85108],[-87.74383,41.85123]]}},{"type":"Feature","properties":{"route":"303","name":"Forest Park - Rosemont","status":"tracked","trips":1198,"low_pct":0.0,"high_pct":0.67},"geometry":{"type":"LineString","coordinates":[[-87.84335,41.90727],[-87.84336,41.90751],[-87.84469,41.90749],[-87.84492,41.90748],[-87.84493,41.90781],[-87.84494,41.90813],[-87.84495,41.90827],[-87.85711,41.90804],[-87.8571,41.90754],[-87.85705,41.90614],[-87.85704,41.90574],[-87.85699,41.90423],[-87.85686,41.90095],[-87.85686,41.90076],[-87.85686,41.90067],[-87.85686,41.9005],[-87.85675,41.89683],[-87.85661,41.8941],[-87.85665,41.89234],[-87.85653,41.89081],[-87.85655,41.89044],[-87.85668,41.89008],[-87.85662,41.88811],[-87.85616,41.87858],[-87.82022,41.87933],[-87.82014,41.87878],[-87.8201,41.8787],[-87.81977,41.87823],[-87.81962,41.87801],[-87.81954,41.87777],[-87.81952,41.87657],[-87.81947,41.87516],[-87.81941,41.87497],[-87.81771,41.87476],[-87.81731,41.87448],[-87.81593,41.87444],[-87.81594,41.87461],[-87.81941,41.87497],[-87.81954,41.87777],[-87.81957,41.87791],[-87.81962,41.87801],[-87.8201,41.8787],[-87.82014,41.87878],[-87.8202,41.87897],[-87.82022,41.87933],[-87.84504,41.87887],[-87.85616,41.87858],[-87.85624,41.8789],[-87.85651,41.88585],[-87.85662,41.88811],[-87.85662,41.88828],[-87.85668,41.89008],[-87.85662,41.89031],[-87.85655,41.89044],[-87.8565,41.89087],[-87.85653,41.89234],[-87.85711,41.90791],[-87.84494,41.90813],[-87.84492,41.90748],[-87.84468,41.9072],[-87.84335,41.90727]]}},{"type":"Feature","properties":{"route":"305","name":"East Roosevelt","status":"tracked","trips":1382,"low_pct":0.87,"high_pct":1.09},"geometry":{"type":"LineString","coordinates":[[-87.81656,41.87407],[-87.81534,41.87355],[-87.81565,41.87237],[-87.81575,41.87212],[-87.81587,41.87198],[-87.81606,41.87173],[-87.81701,41.87044],[-87.81719,41.8702],[-87.81799,41.86909],[-87.81875,41.86796],[-87.81881,41.86783],[-87.81885,41.86718],[-87.8188,41.86469],[-87.80661,41.8649],[-87.80428,41.86501],[-87.8037,41.865],[-87.80157,41.86503],[-87.80127,41.86503],[-87.80024,41.86505],[-87.7971,41.86511],[-87.79697,41.86511],[-87.79248,41.86519],[-87.7892,41.86524],[-87.78904,41.86524],[-87.78886,41.86525],[-87.78766,41.86527],[-87.78615,41.86529],[-87.78517,41.86532],[-87.78272,41.86536],[-87.78149,41.86538],[-87.78026,41.86539],[-87.77902,41.86541],[-87.77859,41.86541],[-87.77818,41.86541],[-87.77782,41.8654],[-87.76549,41.86559],[-87.76478,41.86561],[-87.76463,41.86561],[-87.76432,41.86562],[-87.76296,41.86565],[-87.76225,41.86566],[-87.76163,41.86567],[-87.7597,41.8657],[-87.75968,41.8657],[-87.75964,41.8657],[-87.75904,41.86571],[-87.75857,41.86572],[-87.75829,41.86572],[-87.75453,41.86577],[-87.7548,41.87297],[-87.74503,41.87315],[-87.74473,41.86592],[-87.80157,41.86503],[-87.8051,41.86503],[-87.8188,41.86478],[-87.81881,41.86783],[-87.81575,41.87212],[-87.81571,41.8722],[-87.81565,41.87237],[-87.81558,41.8727],[-87.81534,41.87355],[-87.81525,41.87394],[-87.81656,41.87407]]}},{"type":"Feature","properties":{"route":"307","name":"Harlem","status":"tracked","trips":2958,"low_pct":0.1,"high_pct":0.14},"geometry":{"type":"LineString","coordinates":[[-87.80359,41.76344],[-87.80134,41.76348],[-87.80131,41.76271],[-87.80021,41.76273],[-87.80031,41.76428],[-87.80069,41.76527],[-87.8014,41.76616],[-87.80396,41.7683],[-87.80473,41.77044],[-87.8042,41.77246],[-87.80118,41.77595],[-87.80081,41.77685],[-87.80622,41.92404],[-87.80305,41.92356],[-87.80162,41.92358],[-87.80163,41.92381],[-87.80305,41.92356],[-87.80344,41.92359],[-87.80622,41.92404],[-87.80276,41.82111],[-87.80192,41.80676],[-87.80205,41.79726],[-87.80099,41.77683],[-87.80438,41.77242],[-87.80488,41.77038],[-87.8043,41.76854],[-87.80122,41.76577],[-87.80042,41.76402],[-87.80036,41.76273],[-87.80131,41.76271],[-87.80272,41.76266],[-87.80402,41.76264],[-87.80405,41.76343],[-87.80199,41.76347]]}},{"type":"Feature","properties":{"route":"308","name":"Medical Center","status":"tracked","trips":2051,"low_pct":0.15,"high_pct":1.17},"geometry":{"type":"LineString","coordinates":[[-87.83926,41.86029],[-87.83936,41.8621],[-87.83781,41.86438],[-87.83586,41.86437],[-87.83423,41.86441],[-87.83412,41.86446],[-87.83403,41.86446],[-87.83389,41.86447],[-87.8334,41.86448],[-87.83332,41.86449],[-87.83264,41.8645],[-87.82976,41.8645],[-87.82927,41.86455],[-87.82143,41.86469],[-87.8188,41.86469],[-87.8188,41.86497],[-87.8188,41.86555],[-87.81884,41.86674],[-87.81885,41.86718],[-87.81881,41.86783],[-87.81875,41.86796],[-87.81799,41.86909],[-87.81719,41.8702],[-87.81701,41.87044],[-87.81606,41.87173],[-87.81587,41.87198],[-87.81575,41.87212],[-87.81565,41.87237],[-87.81534,41.87355],[-87.81514,41.87448],[-87.81512,41.87456],[-87.81771,41.87476],[-87.81514,41.87448],[-87.81575,41.87212],[-87.81881,41.86783],[-87.81885,41.86741],[-87.81885,41.86718],[-87.8188,41.86478],[-87.82143,41.86469],[-87.82741,41.86456],[-87.82927,41.86455],[-87.82948,41.8646],[-87.83255,41.86454],[-87.8334,41.86448],[-87.83335,41.86174],[-87.83388,41.86173],[-87.83353,41.85549],[-87.83387,41.85475],[-87.83697,41.85464],[-87.8379,41.85315],[-87.83904,41.85357],[-87.83926,41.86029]]}},{"type":"Feature","properties":{"route":"309","name":"Lake Street","status":"tracked","trips":1139,"low_pct":0.0,"high_pct":0.18},"geometry":{"type":"LineString","coordinates":[[-87.9406,41.89983],[-87.93999,41.89979],[-87.93994,41.90242],[-87.93993,41.90396],[-87.93993,41.90435],[-87.9399,41.90495],[-87.93987,41.90628],[-87.92328,41.90647],[-87.90329,41.90706],[-87.90326,41.90177],[-87.88464,41.89723],[-87.88124,41.89691],[-87.87561,41.89729],[-87.87475,41.89713],[-87.87387,41.89695],[-87.87363,41.8969],[-87.87261,41.89666],[-87.87232,41.89659],[-87.87143,41.89637],[-87.86957,41.89591],[-87.86916,41.89581],[-87.8666,41.89524],[-87.86339,41.89472],[-87.86275,41.8946],[-87.86196,41.89446],[-87.86035,41.8942],[-87.86011,41.89415],[-87.83347,41.88869],[-87.83316,41.8886],[-87.83196,41.88809],[-87.83186,41.88806],[-87.80247,41.88865],[-87.80079,41.88866],[-87.80042,41.88868],[-87.79847,41.88869],[-87.79831,41.8887],[-87.79812,41.88869],[-87.7961,41.88869],[-87.78679,41.88835],[-87.78654,41.88839],[-87.7863,41.88838],[-87.78303,41.88828],[-87.78252,41.88826],[-87.78209,41.88825],[-87.78148,41.88823],[-87.7802,41.8882],[-87.77799,41.88813],[-87.77537,41.888],[-87.77201,41.88795],[-87.77198,41.88712],[-87.77979,41.88708],[-87.77982,41.88818],[-87.78148,41.88823],[-87.7863,41.88838],[-87.78665,41.88844],[-87.7961,41.88869],[-87.83186,41.88806],[-87.83316,41.8886],[-87.83326,41.88864],[-87.83347,41.88869],[-87.8666,41.89524],[-87.86857,41.89572],[-87.86916,41.89581],[-87.87143,41.89637],[-87.87168,41.89643],[-87.87232,41.89659],[-87.87261,41.89666],[-87.87323,41.89681],[-87.87363,41.8969],[-87.87475,41.89713],[-87.87508,41.89719],[-87.87561,41.89729],[-87.87573,41.89731],[-87.87586,41.89737],[-87.88112,41.89701],[-87.88468,41.89739],[-87.90325,41.90186],[-87.90314,41.90721],[-87.93987,41.90628],[-87.93993,41.90435],[-87.93994,41.9025],[-87.93994,41.90242],[-87.93995,41.90223],[-87.93995,41.90212],[-87.9416,41.90214],[-87.94165,41.90013],[-87.9406,41.89983]]}},{"type":"Feature","properties":{"route":"310","name":"West Madison - Hillside","status":"tracked","trips":807,"low_pct":0.12,"high_pct":5.2},"geometry":{"type":"LineString","coordinates":[[-87.90077,41.87007],[-87.89504,41.87053],[-87.89531,41.87113],[-87.89687,41.87189],[-87.89619,41.87271],[-87.90249,41.87434],[-87.90265,41.87764],[-87.90027,41.87822],[-87.89905,41.87855],[-87.89661,41.87919],[-87.88931,41.88103],[-87.88718,41.8815],[-87.86368,41.88197],[-87.86357,41.87936],[-87.86135,41.87938],[-87.86097,41.87923],[-87.86016,41.87875],[-87.85989,41.87861],[-87.85939,41.87851],[-87.85867,41.87852],[-87.85393,41.87864],[-87.85363,41.87864],[-87.85269,41.87868],[-87.8524,41.87869],[-87.85134,41.87871],[-87.84874,41.87877],[-87.84504,41.87887],[-87.84452,41.87887],[-87.84005,41.87894],[-87.83885,41.87897],[-87.83828,41.87898],[-87.83763,41.87899],[-87.8352,41.87903],[-87.83468,41.87904],[-87.82022,41.87933],[-87.82014,41.87878],[-87.8201,41.8787],[-87.81977,41.87823],[-87.81962,41.87801],[-87.81954,41.87777],[-87.81952,41.87657],[-87.81947,41.87516],[-87.81941,41.87497],[-87.81771,41.87476],[-87.81685,41.87442],[-87.81589,41.87451],[-87.81594,41.87461],[-87.81941,41.87497],[-87.81954,41.87777],[-87.81957,41.87791],[-87.81962,41.87801],[-87.8201,41.8787],[-87.82014,41.87878],[-87.8202,41.87897],[-87.82022,41.87933],[-87.84504,41.87887],[-87.8524,41.87869],[-87.85867,41.87852],[-87.85932,41.87851],[-87.85939,41.87851],[-87.85967,41.87853],[-87.85989,41.87861],[-87.86135,41.87938],[-87.86344,41.87936],[-87.86355,41.88208],[-87.88718,41.8815],[-87.88809,41.88133],[-87.88931,41.88103],[-87.90027,41.87822],[-87.90191,41.87781],[-87.90265,41.87764],[-87.90279,41.87761],[-87.90244,41.87003],[-87.90077,41.87007]]}},{"type":"Feature","properties":{"route":"311","name":"Oak Park Avenue","status":"tracked","trips":1631,"low_pct":0.0,"high_pct":0.0},"geometry":{"type":"LineString","coordinates":[[-87.82488,41.80588],[-87.81918,41.80607],[-87.80883,41.80626],[-87.80701,41.80663],[-87.80568,41.80721],[-87.80423,41.80808],[-87.80305,41.80845],[-87.79202,41.80867],[-87.79207,41.81051],[-87.79217,41.81376],[-87.79228,41.81685],[-87.79232,41.81747],[-87.79233,41.81821],[-87.79237,41.81939],[-87.79238,41.81956],[-87.79239,41.81977],[-87.7924,41.82023],[-87.79243,41.82087],[-87.79243,41.82095],[-87.79244,41.82134],[-87.79244,41.82174],[-87.79244,41.82187],[-87.79244,41.82206],[-87.79244,41.82303],[-87.79244,41.82317],[-87.79252,41.825],[-87.7927,41.83047],[-87.79292,41.83552],[-87.79354,41.85693],[-87.79371,41.86335],[-87.79371,41.86544],[-87.79428,41.88033],[-87.79506,41.90899],[-87.78495,41.90912],[-87.78496,41.90922],[-87.78499,41.90972],[-87.78457,41.90971],[-87.7845,41.90922],[-87.78475,41.90922],[-87.78496,41.90922],[-87.78601,41.9092],[-87.78661,41.90919],[-87.78822,41.90917],[-87.79507,41.9091],[-87.79428,41.88033],[-87.79403,41.8749],[-87.79371,41.86544],[-87.79292,41.83552],[-87.79285,41.83322],[-87.7927,41.83047],[-87.79244,41.82317],[-87.79243,41.82087],[-87.79232,41.81747],[-87.79217,41.81376],[-87.79202,41.80867],[-87.8027,41.80849],[-87.80305,41.80845],[-87.80347,41.80836],[-87.80408,41.80814],[-87.80423,41.80808],[-87.8044,41.808],[-87.80462,41.80788],[-87.80568,41.80721],[-87.80641,41.80686],[-87.80701,41.80663],[-87.80815,41.80635],[-87.80883,41.80626],[-87.80984,41.80622],[-87.8193,41.80606],[-87.82069,41.8045],[-87.82503,41.80249],[-87.82535,41.80587],[-87.82488,41.80588]]}},{"type":"Feature","properties":{"route":"313","name":"St. Charles Rd.","status":"tracked","trips":1212,"low_pct":0.0,"high_pct":0.08},"geometry":{"type":"LineString","coordinates":[[-88.02447,41.83149],[-88.02549,41.83146],[-88.02535,41.83337],[-88.02215,41.83379],[-88.02092,41.83393],[-88.02084,41.83395],[-88.02035,41.83401],[-88.01376,41.83484],[-88.01001,41.83556],[-88.00535,41.8369],[-88.0031,41.83791],[-88.00338,41.83902],[-88.00332,41.83945],[-88.00325,41.83979],[-88.00324,41.84006],[-88.00328,41.84059],[-88.00522,41.8413],[-88.00436,41.84258],[-88.00627,41.84262],[-88.00641,41.8457],[-87.99187,41.8459],[-87.99357,41.87836],[-87.98798,41.8783],[-87.98663,41.87827],[-87.96907,41.87899],[-87.96911,41.88179],[-87.96914,41.88502],[-87.96914,41.88522],[-87.96914,41.88559],[-87.96914,41.88572],[-87.96914,41.88594],[-87.96914,41.88612],[-87.96914,41.88633],[-87.96914,41.88664],[-87.96919,41.89007],[-87.9425,41.89038],[-87.92466,41.88984],[-87.91206,41.88958],[-87.91061,41.88952],[-87.90822,41.88945],[-87.90813,41.88945],[-87.90749,41.88943],[-87.90738,41.88942],[-87.907,41.88941],[-87.90684,41.8894],[-87.89727,41.88913],[-87.89665,41.88912],[-87.89657,41.88912],[-87.89647,41.88912],[-87.89637,41.88912],[-87.89612,41.88911],[-87.89569,41.8891],[-87.892,41.889],[-87.89077,41.88896],[-87.88894,41.88892],[-87.88271,41.88872],[-87.88164,41.88836],[-87.88129,41.88803],[-87.88049,41.88712],[-87.87969,41.88674],[-87.87366,41.88679],[-87.87332,41.88683],[-87.87051,41.88718],[-87.86875,41.8874],[-87.86856,41.88743],[-87.86847,41.88744],[-87.86827,41.88746],[-87.86754,41.88755],[-87.86438,41.88797],[-87.86423,41.88798],[-87.86388,41.88802],[-87.86377,41.88803],[-87.86401,41.89482],[-87.83831,41.88952],[-87.83519,41.889],[-87.835,41.88896],[-87.83477,41.88892],[-87.83463,41.8889],[-87.83445,41.88887],[-87.83382,41.88876],[-87.83374,41.88874],[-87.83347,41.88869],[-87.83326,41.88864],[-87.83196,41.88809],[-87.83181,41.88805],[-87.83125,41.88802],[-87.83046,41.88803],[-87.82498,41.88812],[-87.81155,41.88838],[-87.81068,41.88847],[-87.80247,41.88865],[-87.80079,41.88866],[-87.80042,41.88868],[-87.79847,41.88869],[-87.79831,41.8887],[-87.79812,41.88869],[-87.7961,41.88869],[-87.79449,41.88865],[-87.78679,41.88835],[-87.78654,41.88839],[-87.78639,41.88834],[-87.7864,41.88838],[-87.7863,41.88838],[-87.78303,41.88828],[-87.78209,41.88825],[-87.78148,41.88823],[-87.7802,41.8882],[-87.77799,41.88813],[-87.77537,41.888],[-87.77201,41.88795],[-87.77198,41.88712],[-87.77979,41.88708],[-87.77982,41.88818],[-87.78148,41.88823],[-87.7863,41.88838],[-87.78665,41.88844],[-87.79139,41.88854],[-87.79449,41.88865],[-87.79482,41.88865],[-87.7961,41.88869],[-87.79831,41.8887],[-87.80042,41.88868],[-87.80079,41.88866],[-87.80179,41.88866],[-87.80247,41.88865],[-87.83181,41.88805],[-87.83326,41.88864],[-87.83336,41.88867],[-87.83347,41.88869],[-87.83831,41.88952],[-87.8594,41.89401],[-87.86035,41.8942],[-87.86339,41.89472],[-87.86373,41.89477],[-87.86413,41.89483],[-87.86388,41.88802],[-87.86754,41.88755],[-87.87325,41.88683],[-87.87344,41.88681],[-87.87366,41.88679],[-87.87912,41.88668],[-87.87969,41.88674],[-87.88164,41.88836],[-87.88215,41.88861],[-87.88271,41.88872],[-87.88491,41.88878],[-87.88894,41.88892],[-87.89569,41.8891],[-87.89727,41.88913],[-87.90064,41.88924],[-87.90684,41.8894],[-87.91045,41.88951],[-87.91061,41.88952],[-87.91183,41.88957],[-87.91206,41.88958],[-87.91217,41.88963],[-87.9425,41.89038],[-87.96347,41.89025],[-87.96919,41.89007],[-87.96917,41.88732],[-87.96914,41.88664],[-87.96911,41.88179],[-87.96907,41.8791],[-87.96907,41.87899],[-87.99357,41.87836],[-87.99208,41.846],[-88.00642,41.84582],[-88.00627,41.84262],[-88.00458,41.84266],[-88.00436,41.84258],[-88.00424,41.84251],[-88.00374,41.84217],[-88.00339,41.84165],[-88.00335,41.84152],[-88.00334,41.84128],[-88.00331,41.8408],[-88.00328,41.84059],[-88.00511,41.8412],[-88.00522,41.8413],[-88.0048,41.84197],[-88.00436,41.84258],[-88.00374,41.84217],[-88.00345,41.84179],[-88.00339,41.84165],[-88.00337,41.84157],[-88.00335,41.84152],[-88.00331,41.8408],[-88.00328,41.84059],[-88.00328,41.8404],[-88.00324,41.84006],[-88.00325,41.83989],[-88.00325,41.83979],[-88.00373,41.83895],[-88.00325,41.83797],[-88.01204,41.83522],[-88.02087,41.83414],[-88.02084,41.83395],[-88.02076,41.83353],[-88.02077,41.83335],[-88.02198,41.83331],[-88.02195,41.8316],[-88.02447,41.83149]]}},{"type":"Feature","properties":{"route":"314","name":"Ridgeland Avenue","status":"tracked","trips":628,"low_pct":1.43,"high_pct":2.39},"geometry":{"type":"LineString","coordinates":[[-87.78252,41.88826],[-87.77982,41.88818],[-87.77978,41.88752],[-87.77979,41.88708],[-87.78302,41.88698],[-87.78313,41.88698],[-87.7844,41.88697],[-87.78456,41.88696],[-87.78468,41.88696],[-87.78457,41.88522],[-87.78395,41.86605],[-87.78395,41.86578],[-87.78394,41.86533],[-87.78391,41.86416],[-87.78388,41.86365],[-87.78387,41.8635],[-87.78378,41.85986],[-87.78361,41.85253],[-87.78346,41.84888],[-87.78327,41.84248],[-87.78324,41.84067],[-87.78324,41.83974],[-87.78322,41.83883],[-87.78318,41.83791],[-87.78313,41.8371],[-87.78311,41.83635],[-87.78308,41.83529],[-87.78309,41.83469],[-87.78294,41.83156],[-87.78264,41.82151],[-87.77875,41.82147],[-87.76303,41.82169],[-87.76313,41.82294],[-87.76234,41.82294],[-87.7621,41.82294],[-87.76218,41.82364],[-87.76262,41.82359],[-87.76259,41.82294],[-87.76313,41.82294],[-87.76314,41.8218],[-87.78264,41.82151],[-87.78309,41.83469],[-87.78311,41.83635],[-87.78312,41.8367],[-87.78313,41.8371],[-87.78322,41.83883],[-87.78324,41.84067],[-87.78325,41.84126],[-87.78327,41.84248],[-87.78387,41.8635],[-87.78456,41.88696],[-87.78465,41.88833],[-87.78252,41.88826]]}},{"type":"Feature","properties":{"route":"315","name":"Austin Boulevard","status":"tracked","trips":3437,"low_pct":0.06,"high_pct":0.06},"geometry":{"type":"LineString","coordinates":[[-87.77408,41.88801],[-87.77201,41.88795],[-87.77198,41.88712],[-87.7749,41.88709],[-87.77434,41.86995],[-87.77432,41.86941],[-87.77425,41.86912],[-87.77416,41.86728],[-87.77415,41.86717],[-87.77405,41.86364],[-87.77403,41.86218],[-87.77402,41.86195],[-87.77402,41.86181],[-87.77399,41.86084],[-87.77395,41.85854],[-87.77391,41.85777],[-87.77389,41.85719],[-87.77379,41.8548],[-87.77375,41.85268],[-87.77369,41.8508],[-87.77368,41.85028],[-87.77367,41.84991],[-87.77362,41.8479],[-87.7736,41.8472],[-87.77359,41.84686],[-87.77358,41.8466],[-87.77355,41.84549],[-87.77355,41.84537],[-87.77352,41.84445],[-87.77351,41.84419],[-87.77351,41.84387],[-87.7735,41.84362],[-87.7735,41.84354],[-87.77349,41.84322],[-87.77348,41.84301],[-87.77345,41.84204],[-87.77337,41.83878],[-87.7734,41.83708],[-87.77309,41.82894],[-87.77279,41.82895],[-87.77248,41.82895],[-87.77064,41.82898],[-87.77025,41.82899],[-87.77005,41.82898],[-87.76997,41.82899],[-87.76963,41.82899],[-87.76943,41.829],[-87.7682,41.82902],[-87.7674,41.82902],[-87.76713,41.82903],[-87.76694,41.82903],[-87.76625,41.82904],[-87.76594,41.82904],[-87.76574,41.82904],[-87.7647,41.82906],[-87.76451,41.82907],[-87.76414,41.82907],[-87.76331,41.82908],[-87.76282,41.80737],[-87.76264,41.80737],[-87.76203,41.80739],[-87.76191,41.8074],[-87.7602,41.80741],[-87.75975,41.80742],[-87.75852,41.80744],[-87.75789,41.80744],[-87.75781,41.80744],[-87.75734,41.80745],[-87.75696,41.80745],[-87.75656,41.80746],[-87.75547,41.80748],[-87.7554,41.80748],[-87.75444,41.80748],[-87.75168,41.80752],[-87.75047,41.80754],[-87.74934,41.80755],[-87.7485,41.80756],[-87.74808,41.80757],[-87.74559,41.8076],[-87.74467,41.80763],[-87.74438,41.80764],[-87.74321,41.80764],[-87.7429,41.79527],[-87.74165,41.79218],[-87.74157,41.78426],[-87.73958,41.78431],[-87.73824,41.78569],[-87.73873,41.78632],[-87.73938,41.78633],[-87.74001,41.78433],[-87.74124,41.78465],[-87.74149,41.79206],[-87.74272,41.79524],[-87.74303,41.80764],[-87.74438,41.80764],[-87.74559,41.8076],[-87.75168,41.80752],[-87.7602,41.80741],[-87.76082,41.80741],[-87.76191,41.8074],[-87.76264,41.80737],[-87.76331,41.82908],[-87.76445,41.82907],[-87.76565,41.82905],[-87.76574,41.82904],[-87.76625,41.82904],[-87.7682,41.82902],[-87.76997,41.82899],[-87.77005,41.82898],[-87.77064,41.82898],[-87.77309,41.82894],[-87.77421,41.87104],[-87.77439,41.87368],[-87.77478,41.8853],[-87.77486,41.8863],[-87.77487,41.88658],[-87.77489,41.88691],[-87.7749,41.88709],[-87.7749,41.88714],[-87.77491,41.88734],[-87.7749,41.88803],[-87.77408,41.88801]]}},{"type":"Feature","properties":{"route":"316","name":"Laramie Avenue","status":"tracked","trips":1276,"low_pct":0.63,"high_pct":1.1},"geometry":{"type":"LineString","coordinates":[[-87.76238,41.82366],[-87.76259,41.82294],[-87.76313,41.82294],[-87.76324,41.82727],[-87.76331,41.82908],[-87.7535,41.82919],[-87.75369,41.8379],[-87.75359,41.83927],[-87.75391,41.84505],[-87.7548,41.87297],[-87.74503,41.87315],[-87.74473,41.86592],[-87.75453,41.86577],[-87.75395,41.84657],[-87.75391,41.84505],[-87.75395,41.84405],[-87.75365,41.83865],[-87.75369,41.8379],[-87.75361,41.83562],[-87.7535,41.82919],[-87.75389,41.82923],[-87.76331,41.82908],[-87.76313,41.82294],[-87.76234,41.82294],[-87.7621,41.82294],[-87.76238,41.82366]]}},{"type":"Feature","properties":{"route":"317","name":"Westchester","status":"tracked","trips":1337,"low_pct":0.0,"high_pct":3.44},"geometry":{"type":"LineString","coordinates":[[-87.87803,41.85608],[-87.87879,41.85606],[-87.87917,41.86331],[-87.87812,41.86333],[-87.87763,41.86335],[-87.87749,41.86335],[-87.87822,41.87801],[-87.86838,41.87825],[-87.86338,41.8779],[-87.86344,41.87936],[-87.86167,41.8794],[-87.86122,41.87934],[-87.86097,41.87923],[-87.86016,41.87875],[-87.85989,41.87861],[-87.85939,41.87851],[-87.85867,41.87852],[-87.85393,41.87864],[-87.85363,41.87864],[-87.85269,41.87868],[-87.8524,41.87869],[-87.85134,41.87871],[-87.84874,41.87877],[-87.84504,41.87887],[-87.84452,41.87887],[-87.84005,41.87894],[-87.83885,41.87897],[-87.83828,41.87898],[-87.83763,41.87899],[-87.8352,41.87903],[-87.83468,41.87904],[-87.82022,41.87933],[-87.82014,41.87878],[-87.8201,41.8787],[-87.81977,41.87823],[-87.81962,41.87801],[-87.81954,41.87777],[-87.81952,41.87657],[-87.81947,41.87516],[-87.81941,41.87497],[-87.81771,41.87476],[-87.81685,41.87442],[-87.81589,41.87455],[-87.81941,41.87497],[-87.81954,41.87777],[-87.81957,41.87791],[-87.81962,41.87801],[-87.8201,41.8787],[-87.82014,41.87878],[-87.8202,41.87897],[-87.82022,41.87933],[-87.84504,41.87887],[-87.8524,41.87869],[-87.85867,41.87852],[-87.85932,41.87851],[-87.85939,41.87851],[-87.86122,41.87934],[-87.86135,41.87938],[-87.86167,41.8794],[-87.86357,41.87936],[-87.86349,41.87791],[-87.86838,41.87825],[-87.87423,41.87812],[-87.87822,41.87801],[-87.87768,41.86425],[-87.87764,41.86346],[-87.87763,41.86335],[-87.87758,41.86272],[-87.87747,41.86158],[-87.87736,41.85976],[-87.87722,41.8561],[-87.87803,41.85608]]}},{"type":"Feature","properties":{"route":"318","name":"West North Avenue","status":"tracked","trips":3207,"low_pct":0.0,"high_pct":0.0},"geometry":{"type":"LineString","coordinates":[[-87.90815,41.90507],[-87.90319,41.90514],[-87.90313,41.90706],[-87.80585,41.9088],[-87.80478,41.87967],[-87.81379,41.87949],[-87.81382,41.87943],[-87.81454,41.87668],[-87.81474,41.87609],[-87.81498,41.87513],[-87.81512,41.87456],[-87.81771,41.87476],[-87.81514,41.87448],[-87.81512,41.87456],[-87.81508,41.87473],[-87.81498,41.87513],[-87.81481,41.87579],[-87.81474,41.87609],[-87.81382,41.87943],[-87.80467,41.87967],[-87.80567,41.90892],[-87.90815,41.90712],[-87.90815,41.90507]]}},{"type":"Feature","properties":{"route":"319","name":"Grand Avenue","status":"tracked","trips":910,"low_pct":1.32,"high_pct":1.43},"geometry":{"type":"LineString","coordinates":[[-87.90316,41.90773],[-87.90412,41.93083],[-87.90051,41.93078],[-87.89518,41.93057],[-87.88445,41.93025],[-87.88164,41.93023],[-87.87905,41.93015],[-87.87741,41.9301],[-87.87718,41.9301],[-87.87618,41.93006],[-87.87549,41.93004],[-87.87254,41.92996],[-87.87176,41.92993],[-87.87133,41.92992],[-87.86966,41.92985],[-87.86645,41.92976],[-87.86597,41.92975],[-87.86557,41.92973],[-87.86517,41.92972],[-87.85956,41.9292],[-87.8589,41.92917],[-87.8585,41.92916],[-87.85703,41.92916],[-87.85494,41.92919],[-87.85443,41.92919],[-87.85421,41.92919],[-87.8541,41.92919],[-87.85299,41.92919],[-87.85299,41.92919],[-87.85286,41.92919],[-87.84838,41.92923],[-87.84824,41.92923],[-87.84812,41.92924],[-87.8481,41.92924],[-87.84796,41.92925],[-87.84784,41.92926],[-87.84752,41.92929],[-87.84741,41.92931],[-87.84704,41.92937],[-87.84565,41.92969],[-87.84518,41.92978],[-87.84395,41.92998],[-87.84163,41.92958],[-87.84152,41.92956],[-87.8408,41.92946],[-87.84069,41.92944],[-87.84049,41.92941],[-87.83925,41.9292],[-87.83917,41.92918],[-87.83909,41.92917],[-87.83801,41.92901],[-87.83766,41.92896],[-87.83662,41.92878],[-87.82082,41.9263],[-87.81823,41.92592],[-87.81361,41.92514],[-87.80344,41.92359],[-87.80305,41.92356],[-87.80162,41.92358],[-87.80164,41.92395],[-87.80344,41.92359],[-87.84395,41.92998],[-87.84704,41.92937],[-87.8481,41.92924],[-87.85494,41.92919],[-87.85533,41.92918],[-87.85703,41.92916],[-87.85712,41.92916],[-87.8585,41.92916],[-87.86517,41.92972],[-87.86597,41.92975],[-87.86646,41.92976],[-87.86767,41.92979],[-87.86847,41.92981],[-87.86879,41.92982],[-87.86888,41.92982],[-87.86966,41.92985],[-87.86995,41.92985],[-87.87254,41.92996],[-87.88106,41.93022],[-87.88164,41.93023],[-87.88199,41.93024],[-87.88391,41.93028],[-87.88808,41.93048],[-87.90422,41.93093],[-87.90332,41.90759]]}},{"type":"Feature","properties":{"route":"322","name":"Cermak Road - 22nd St.","status":"tracked","trips":3481,"low_pct":0.03,"high_pct":0.03},"geometry":{"type":"LineString","coordinates":[[-88.0047,41.84211],[-88.00436,41.84258],[-88.00339,41.84165],[-88.00335,41.84143],[-88.00324,41.84006],[-88.00326,41.83972],[-88.00373,41.83895],[-88.00324,41.83774],[-87.9874,41.84436],[-87.9833,41.84566],[-87.95758,41.84669],[-87.95763,41.84989],[-87.9566,41.84988],[-87.95658,41.84945],[-87.95558,41.84954],[-87.95525,41.84922],[-87.95527,41.84898],[-87.95524,41.8489],[-87.95442,41.84814],[-87.95452,41.84758],[-87.95426,41.84757],[-87.95404,41.84757],[-87.95398,41.84671],[-87.95361,41.84671],[-87.8145,41.85021],[-87.81003,41.85021],[-87.81003,41.84976],[-87.80997,41.84955],[-87.8099,41.84947],[-87.81012,41.84906],[-87.81015,41.84877],[-87.81012,41.84849],[-87.81001,41.84812],[-87.8084,41.84815],[-87.80832,41.84815],[-87.80833,41.84849],[-87.80834,41.84865],[-87.80835,41.84882],[-87.80837,41.84945],[-87.8084,41.85024],[-87.80451,41.8503],[-87.80424,41.8503],[-87.80383,41.85031],[-87.80379,41.85031],[-87.80281,41.85033],[-87.80232,41.85033],[-87.79978,41.85038],[-87.79716,41.85051],[-87.78841,41.85057],[-87.75409,41.85108],[-87.7541,41.85174],[-87.75895,41.85169],[-87.75898,41.85112],[-87.80379,41.85043],[-87.80379,41.85031],[-87.80377,41.84996],[-87.80375,41.84928],[-87.80365,41.84771],[-87.80669,41.84756],[-87.80671,41.84689],[-87.80827,41.84671],[-87.80835,41.84882],[-87.80835,41.849],[-87.80837,41.8495],[-87.8099,41.84947],[-87.81001,41.84812],[-87.80832,41.84815],[-87.80834,41.84865],[-87.80837,41.8495],[-87.80983,41.84946],[-87.8099,41.84947],[-87.80992,41.85034],[-87.95363,41.84688],[-87.95392,41.84758],[-87.95452,41.84758],[-87.95446,41.84806],[-87.95442,41.84814],[-87.95521,41.84877],[-87.95558,41.84954],[-87.95575,41.84957],[-87.95658,41.84945],[-87.9566,41.84997],[-87.95785,41.85002],[-87.95783,41.8471],[-87.95825,41.84674],[-87.9831,41.84588],[-87.98672,41.84481],[-88.0027,41.83819],[-88.00336,41.83894],[-88.00338,41.83909],[-88.00331,41.83932],[-88.00332,41.83945],[-88.00329,41.83957],[-88.00326,41.83972],[-88.00325,41.83979],[-88.00324,41.84006],[-88.00328,41.84059],[-88.0052,41.84125],[-88.0047,41.84211]]}},{"type":"Feature","properties":{"route":"330","name":"Mannheim - LaGrange Roads","status":"tracked","trips":2125,"low_pct":0.09,"high_pct":0.24},"geometry":{"type":"LineString","coordinates":[[-87.88256,41.99284],[-87.8828,41.99779],[-87.86463,41.99289],[-87.85991,41.99077],[-87.86056,41.98749],[-87.8607,41.98679],[-87.86096,41.98578],[-87.86104,41.98545],[-87.8611,41.98518],[-87.86112,41.98505],[-87.86042,41.98497],[-87.86038,41.98478],[-87.86075,41.98457],[-87.86078,41.98412],[-87.86003,41.98404],[-87.85982,41.98445],[-87.85986,41.98471],[-87.86008,41.98505],[-87.8602,41.98506],[-87.8611,41.98518],[-87.86235,41.97957],[-87.86283,41.97699],[-87.87668,41.97625],[-87.87924,41.9778],[-87.87663,41.9689],[-87.87672,41.96579],[-87.87866,41.9624],[-87.88456,41.95743],[-87.88538,41.95611],[-87.88573,41.95441],[-87.88388,41.90796],[-87.88387,41.90226],[-87.88297,41.8708],[-87.8818,41.84986],[-87.87495,41.83598],[-87.87403,41.83349],[-87.8736,41.83185],[-87.87344,41.83107],[-87.87262,41.82702],[-87.8726,41.82693],[-87.87256,41.82677],[-87.87238,41.82615],[-87.87194,41.82476],[-87.87099,41.82323],[-87.87056,41.82237],[-87.87016,41.81983],[-87.86978,41.81795],[-87.86975,41.81761],[-87.86974,41.81732],[-87.86974,41.81719],[-87.86974,41.81707],[-87.86953,41.8124],[-87.86941,41.80888],[-87.86934,41.80415],[-87.86812,41.77595],[-87.86671,41.77596],[-87.86605,41.777],[-87.86096,41.77996],[-87.86238,41.78044],[-87.8628,41.78091],[-87.85853,41.78285],[-87.85869,41.78523],[-87.8589,41.79066],[-87.84222,41.79108],[-87.84213,41.79107],[-87.83863,41.79361],[-87.83283,41.79804],[-87.83121,41.79698],[-87.81321,41.79068],[-87.81142,41.79077],[-87.80841,41.79164],[-87.79956,41.79194],[-87.79956,41.79229],[-87.80876,41.79172],[-87.81328,41.79091],[-87.8288,41.79657],[-87.8321,41.79876],[-87.84213,41.79107],[-87.8589,41.79066],[-87.85873,41.78291],[-87.86287,41.78098],[-87.86238,41.78044],[-87.86142,41.78026],[-87.86096,41.77996],[-87.86316,41.77843],[-87.86605,41.777],[-87.86612,41.77692],[-87.868,41.77691],[-87.86975,41.81761],[-87.87016,41.81983],[-87.87042,41.82219],[-87.87238,41.82615],[-87.8738,41.83303],[-87.87414,41.83427],[-87.87892,41.84458],[-87.88143,41.8492],[-87.88167,41.85006],[-87.88292,41.87228],[-87.8837,41.90771],[-87.88555,41.95465],[-87.88423,41.95745],[-87.87879,41.96195],[-87.87694,41.96449],[-87.87627,41.96686],[-87.87652,41.97013],[-87.87583,41.97167],[-87.87581,41.97612],[-87.86275,41.97687],[-87.86088,41.98503],[-87.86042,41.98497],[-87.86038,41.98487],[-87.86038,41.98478],[-87.86059,41.9847],[-87.86075,41.98457],[-87.8608,41.98437],[-87.86078,41.98412],[-87.8607,41.98409],[-87.86003,41.98404],[-87.85986,41.98426],[-87.85982,41.98445],[-87.85982,41.98453],[-87.85986,41.98471],[-87.86004,41.98492],[-87.86008,41.98505],[-87.86086,41.98515],[-87.8611,41.98518],[-87.86145,41.98521],[-87.86188,41.98526],[-87.86229,41.98531],[-87.86244,41.98532],[-87.86458,41.98416],[-87.87049,41.98429],[-87.87694,41.98221],[-87.87738,41.98386],[-87.87853,41.98536],[-87.8788,41.98997],[-87.87956,41.99193],[-87.87991,41.99215],[-87.87912,41.99063],[-87.88075,41.99074],[-87.88164,41.99125],[-87.88256,41.99284]]}},{"type":"Feature","properties":{"route":"331","name":"Cumberland - 5th Avenue","status":"tracked","trips":1879,"low_pct":0.11,"high_pct":0.16},"geometry":{"type":"LineString","coordinates":[[-87.84071,41.82471],[-87.84081,41.82288],[-87.84274,41.82253],[-87.84342,41.82236],[-87.84397,41.82226],[-87.85137,41.82747],[-87.85181,41.83487],[-87.84569,41.83503],[-87.84447,41.83505],[-87.84326,41.83508],[-87.84196,41.83511],[-87.83279,41.83529],[-87.82926,41.83535],[-87.83007,41.83641],[-87.83056,41.83674],[-87.83111,41.83701],[-87.83188,41.83738],[-87.83208,41.83749],[-87.83275,41.83801],[-87.83351,41.83949],[-87.83267,41.84228],[-87.83262,41.84306],[-87.8327,41.84957],[-87.83292,41.85384],[-87.83304,41.85476],[-87.83389,41.85492],[-87.83388,41.85497],[-87.8336,41.85523],[-87.83353,41.85549],[-87.83354,41.85561],[-87.83356,41.85614],[-87.83365,41.8588],[-87.83388,41.86173],[-87.83335,41.86174],[-87.83336,41.86229],[-87.83341,41.86366],[-87.8334,41.86448],[-87.8383,41.86438],[-87.83856,41.86299],[-87.84289,41.8631],[-87.84289,41.86205],[-87.83936,41.8621],[-87.83863,41.86287],[-87.83856,41.86299],[-87.83847,41.86315],[-87.83834,41.86347],[-87.83828,41.86391],[-87.8383,41.86438],[-87.8383,41.86442],[-87.8383,41.86457],[-87.83839,41.86622],[-87.83852,41.86986],[-87.83858,41.87094],[-87.83888,41.87988],[-87.83966,41.89923],[-87.83971,41.90012],[-87.83986,41.90806],[-87.84001,41.9116],[-87.84004,41.91325],[-87.84005,41.91381],[-87.84007,41.91441],[-87.84007,41.91446],[-87.84046,41.91443],[-87.8408,41.91443],[-87.841,41.91527],[-87.84146,41.91531],[-87.84156,41.91527],[-87.84252,41.91443],[-87.84248,41.91385],[-87.84185,41.91394],[-87.84105,41.91434],[-87.84037,41.91437],[-87.84007,41.91437],[-87.84007,41.91446],[-87.84012,41.9155],[-87.84025,41.91859],[-87.84035,41.91945],[-87.84041,41.92172],[-87.84036,41.92205],[-87.84048,41.92254],[-87.8439,41.92596],[-87.84601,41.9296],[-87.84386,41.92997],[-87.84163,41.92958],[-87.83925,41.9292],[-87.83662,41.92878],[-87.83581,41.92867],[-87.83582,41.92918],[-87.83581,41.92976],[-87.83582,41.93035],[-87.83585,41.93121],[-87.83588,41.93239],[-87.83588,41.93298],[-87.83595,41.93518],[-87.83596,41.93551],[-87.83597,41.93566],[-87.836,41.93634],[-87.83604,41.93756],[-87.83618,41.94004],[-87.83621,41.94045],[-87.83622,41.94064],[-87.83624,41.94089],[-87.8363,41.94363],[-87.8366,41.95023],[-87.83664,41.95267],[-87.83641,41.98251],[-87.83829,41.98306],[-87.83847,41.984],[-87.83913,41.98355],[-87.8375,41.98249],[-87.83664,41.98239],[-87.83685,41.95023],[-87.83581,41.92867],[-87.84386,41.92997],[-87.84426,41.92995],[-87.84565,41.92969],[-87.84607,41.92958],[-87.84614,41.92957],[-87.8439,41.92596],[-87.84058,41.9223],[-87.84041,41.92172],[-87.84033,41.92018],[-87.84035,41.91945],[-87.84038,41.9194],[-87.84038,41.91848],[-87.84024,41.91446],[-87.8408,41.91443],[-87.84083,41.9149],[-87.841,41.91527],[-87.84108,41.91531],[-87.84146,41.91531],[-87.84252,41.91443],[-87.84249,41.91412],[-87.84248,41.91385],[-87.84105,41.91434],[-87.84024,41.91437],[-87.83994,41.90568],[-87.83988,41.9056],[-87.83971,41.90012],[-87.83888,41.87988],[-87.8386,41.87261],[-87.83858,41.87094],[-87.83853,41.86996],[-87.83852,41.86986],[-87.83845,41.86804],[-87.83839,41.86622],[-87.8383,41.86442],[-87.8383,41.86438],[-87.83829,41.86407],[-87.83828,41.86391],[-87.83856,41.86299],[-87.83918,41.86314],[-87.84289,41.8631],[-87.84286,41.86216],[-87.84289,41.86205],[-87.84106,41.86213],[-87.83936,41.8621],[-87.83873,41.86273],[-87.83863,41.86287],[-87.83856,41.86299],[-87.83847,41.86315],[-87.8384,41.86328],[-87.83834,41.86347],[-87.83823,41.86403],[-87.83781,41.86438],[-87.83341,41.86418],[-87.83341,41.86375],[-87.83341,41.86366],[-87.83341,41.8635],[-87.83335,41.86174],[-87.83388,41.86173],[-87.83353,41.85549],[-87.83356,41.85532],[-87.8336,41.85523],[-87.83389,41.85492],[-87.83387,41.85475],[-87.83304,41.85476],[-87.83262,41.84306],[-87.83351,41.83949],[-87.83322,41.83863],[-87.83275,41.83801],[-87.83244,41.83774],[-87.83208,41.83749],[-87.83188,41.83738],[-87.83056,41.83674],[-87.83039,41.83664],[-87.83007,41.83641],[-87.82963,41.836],[-87.82926,41.83535],[-87.85181,41.83487],[-87.85162,41.82747],[-87.84397,41.82226],[-87.84274,41.82253],[-87.84149,41.82273],[-87.84081,41.82288],[-87.84102,41.82479],[-87.84071,41.82471]]}},{"type":"Feature","properties":{"route":"332","name":"River Road - York Road","status":"tracked","trips":761,"low_pct":0.0,"high_pct":0.66},"geometry":{"type":"LineString","coordinates":[[-87.91,41.9642],[-87.90923,41.9642],[-87.90861,41.9642],[-87.90756,41.96418],[-87.90739,41.96405],[-87.91654,41.96408],[-87.91672,41.96154],[-87.91631,41.96044],[-87.91626,41.96023],[-87.91622,41.95938],[-87.91838,41.95935],[-87.92175,41.9594],[-87.92593,41.95939],[-87.92733,41.95934],[-87.93262,41.95846],[-87.9343,41.9585],[-87.93421,41.95761],[-87.93349,41.95653],[-87.93203,41.95588],[-87.92724,41.95523],[-87.91981,41.95508],[-87.91419,41.95344],[-87.91394,41.95371],[-87.91374,41.95389],[-87.91347,41.95407],[-87.91097,41.95526],[-87.90994,41.95406],[-87.90937,41.95433],[-87.90875,41.95463],[-87.9085,41.95478],[-87.90863,41.95488],[-87.9089,41.95486],[-87.90898,41.95452],[-87.90937,41.95433],[-87.90957,41.95424],[-87.90994,41.95406],[-87.90897,41.95297],[-87.9058,41.95211],[-87.90453,41.95227],[-87.90429,41.95212],[-87.90446,41.95202],[-87.90473,41.95216],[-87.9058,41.95211],[-87.90888,41.95293],[-87.90897,41.95297],[-87.90906,41.95304],[-87.90916,41.95314],[-87.90968,41.95376],[-87.90994,41.95406],[-87.91006,41.9542],[-87.91097,41.95526],[-87.91104,41.95536],[-87.91363,41.95413],[-87.91433,41.95349],[-87.91419,41.95344],[-87.91405,41.9534],[-87.91395,41.95336],[-87.91344,41.95321],[-87.91127,41.95251],[-87.90976,41.95207],[-87.90583,41.95132],[-87.89967,41.95088],[-87.89702,41.95139],[-87.89643,41.95081],[-87.89527,41.95067],[-87.89322,41.95069],[-87.89294,41.95071],[-87.89276,41.95072],[-87.89252,41.95072],[-87.89216,41.95073],[-87.89058,41.95074],[-87.88872,41.95079],[-87.8882,41.9508],[-87.88756,41.95081],[-87.88555,41.95083],[-87.88555,41.95465],[-87.88485,41.95664],[-87.87838,41.96236],[-87.87652,41.9656],[-87.87349,41.96566],[-87.87139,41.96569],[-87.87045,41.9657],[-87.87019,41.96571],[-87.86855,41.96575],[-87.86775,41.96576],[-87.86732,41.96577],[-87.86731,41.96577],[-87.86685,41.96578],[-87.86678,41.96578],[-87.86643,41.96579],[-87.86447,41.96585],[-87.86436,41.96581],[-87.86149,41.96589],[-87.86191,41.97171],[-87.86275,41.97687],[-87.86088,41.98503],[-87.86038,41.98487],[-87.8607,41.98409],[-87.85997,41.98408],[-87.85986,41.98471],[-87.8611,41.98518],[-87.86292,41.97635],[-87.86192,41.97124],[-87.86164,41.96599],[-87.87678,41.9656],[-87.87866,41.9624],[-87.88503,41.9568],[-87.88568,41.95493],[-87.88573,41.95083],[-87.88756,41.95081],[-87.888,41.9508],[-87.8882,41.9508],[-87.88849,41.95079],[-87.88872,41.95079],[-87.88995,41.95076],[-87.89058,41.95074],[-87.8907,41.95074],[-87.89252,41.95072],[-87.89276,41.95072],[-87.89322,41.95069],[-87.8936,41.95069],[-87.89527,41.95067],[-87.89615,41.95073],[-87.89632,41.95077],[-87.89643,41.95081],[-87.89658,41.95088],[-87.89675,41.95102],[-87.89687,41.95119],[-87.89702,41.95139],[-87.89713,41.95156],[-87.89965,41.95108],[-87.90555,41.95148],[-87.91406,41.95358],[-87.91097,41.95526],[-87.91023,41.9544],[-87.91006,41.9542],[-87.90997,41.95409],[-87.90994,41.95406],[-87.90965,41.9542],[-87.90957,41.95424],[-87.90937,41.95433],[-87.90916,41.95443],[-87.90898,41.95452],[-87.90875,41.95463],[-87.90856,41.95474],[-87.9085,41.95478],[-87.90855,41.95484],[-87.90863,41.95488],[-87.9088,41.95489],[-87.9089,41.95486],[-87.90994,41.95406],[-87.90968,41.95376],[-87.90943,41.95345],[-87.90916,41.95314],[-87.90897,41.95297],[-87.90888,41.95293],[-87.90871,41.95285],[-87.9058,41.95211],[-87.90502,41.95211],[-87.90473,41.95216],[-87.90453,41.95227],[-87.90435,41.95223],[-87.90429,41.95212],[-87.90436,41.95204],[-87.90446,41.95202],[-87.9058,41.95211],[-87.90753,41.95253],[-87.90871,41.95285],[-87.90888,41.95293],[-87.90897,41.95297],[-87.90906,41.95304],[-87.90916,41.95314],[-87.90943,41.95345],[-87.90968,41.95376],[-87.90994,41.95406],[-87.90997,41.95409],[-87.91006,41.9542],[-87.91023,41.9544],[-87.91097,41.95526],[-87.91104,41.95536],[-87.91327,41.95433],[-87.91363,41.95413],[-87.91381,41.95401],[-87.9142,41.95362],[-87.91983,41.95521],[-87.9273,41.95537],[-87.93184,41.95598],[-87.93327,41.9566],[-87.93402,41.95766],[-87.93408,41.95835],[-87.93285,41.95841],[-87.92733,41.95934],[-87.92711,41.95935],[-87.92593,41.95939],[-87.91838,41.95935],[-87.917,41.95939],[-87.91622,41.95938],[-87.91672,41.96154],[-87.91674,41.96378],[-87.91654,41.96408],[-87.91,41.9642]]}},{"type":"Feature","properties":{"route":"348","name":"Harvey - Riverdale - Blue Island","status":"not on tracker"},"geometry":{"type":"LineString","coordinates":[[-87.6782,41.65677],[-87.67819,41.66259],[-87.68012,41.66271],[-87.68007,41.65543],[-87.67851,41.65547],[-87.67668,41.65549],[-87.67158,41.65559],[-87.67019,41.65563],[-87.66058,41.65865],[-87.66038,41.65866],[-87.65848,41.65928],[-87.65771,41.65939],[-87.65605,41.65941],[-87.65597,41.65944],[-87.65457,41.65948],[-87.65169,41.65982],[-87.64146,41.66202],[-87.64113,41.65179],[-87.64159,41.64449],[-87.61723,41.6446],[-87.61724,41.64683],[-87.61724,41.64751],[-87.6178,41.64767],[-87.61724,41.64776],[-87.61715,41.6253],[-87.61722,41.62377],[-87.61705,41.61144],[-87.61707,41.60926],[-87.61713,41.60898],[-87.61712,41.60811],[-87.61712,41.60563],[-87.61746,41.6056],[-87.61745,41.60503],[-87.61696,41.60503],[-87.61697,41.60601],[-87.61698,41.60811],[-87.61701,41.60918],[-87.61707,41.60926],[-87.61707,41.60945],[-87.62182,41.60998],[-87.62219,41.61011],[-87.62316,41.61053],[-87.62342,41.61063],[-87.62451,41.611],[-87.62612,41.61102],[-87.63094,41.61103],[-87.63092,41.61309],[-87.63095,41.61398],[-87.63094,41.61539],[-87.63828,41.61532],[-87.63921,41.6165],[-87.63956,41.6169],[-87.63983,41.61723],[-87.64134,41.61721],[-87.64133,41.61659],[-87.64135,41.61354],[-87.64283,41.6108],[-87.64332,41.60991],[-87.64383,41.60992],[-87.6435,41.61173],[-87.64233,41.61173],[-87.64135,41.61354],[-87.64134,41.61721],[-87.64003,41.61721],[-87.63983,41.61723],[-87.63828,41.61532],[-87.63809,41.61539],[-87.63094,41.61539],[-87.63092,41.61309],[-87.63094,41.61268],[-87.63094,41.61103],[-87.62451,41.611],[-87.62426,41.61094],[-87.62342,41.61063],[-87.62219,41.61011],[-87.62192,41.61001],[-87.62182,41.60998],[-87.6184,41.60957],[-87.61707,41.60945],[-87.61713,41.60898],[-87.61712,41.60563],[-87.61745,41.60503],[-87.61711,41.60503],[-87.61696,41.60503],[-87.61698,41.60811],[-87.617,41.60899],[-87.61701,41.60918],[-87.61707,41.60926],[-87.61707,41.60945],[-87.61705,41.61144],[-87.61705,41.6129],[-87.61698,41.61476],[-87.61706,41.62379],[-87.61715,41.6253],[-87.61721,41.62993],[-87.61723,41.63349],[-87.61722,41.63831],[-87.61724,41.64751],[-87.61762,41.64754],[-87.6178,41.64767],[-87.61762,41.64778],[-87.61724,41.64776],[-87.61724,41.64751],[-87.61724,41.64706],[-87.61724,41.64683],[-87.61723,41.64497],[-87.61723,41.6446],[-87.64143,41.64458],[-87.64097,41.65179],[-87.64131,41.66206],[-87.64146,41.66202],[-87.6426,41.6617],[-87.64501,41.66109],[-87.65169,41.65982],[-87.65857,41.65937],[-87.67019,41.65563],[-87.67051,41.65561],[-87.67158,41.65559],[-87.67554,41.65552],[-87.67668,41.65549],[-87.67718,41.65549],[-87.67851,41.65547],[-87.67934,41.65545],[-87.68007,41.65543],[-87.68005,41.6545],[-87.67858,41.65537],[-87.67851,41.65547],[-87.67843,41.65557],[-87.67828,41.65587],[-87.6782,41.65677]]}},{"type":"Feature","properties":{"route":"349","name":"South Western","status":"tracked","trips":3230,"low_pct":0.96,"high_pct":1.02},"geometry":{"type":"LineString","coordinates":[[-87.68254,41.75069],[-87.68287,41.75068],[-87.68291,41.74867],[-87.68236,41.72651],[-87.68006,41.65455],[-87.67988,41.65398],[-87.68055,41.64711],[-87.68044,41.64666],[-87.67941,41.64049],[-87.6793,41.64006],[-87.67894,41.63867],[-87.67809,41.63545],[-87.67762,41.63363],[-87.67727,41.63235],[-87.6764,41.62894],[-87.67603,41.62747],[-87.67596,41.62718],[-87.6756,41.62595],[-87.67477,41.62259],[-87.66084,41.62264],[-87.66084,41.62083],[-87.66083,41.6191],[-87.66079,41.6149],[-87.6608,41.61174],[-87.66079,41.61037],[-87.66079,41.60992],[-87.65837,41.60991],[-87.65714,41.6099],[-87.64383,41.60992],[-87.64324,41.61173],[-87.64332,41.60991],[-87.64383,41.60992],[-87.64392,41.60992],[-87.64622,41.60993],[-87.66079,41.60992],[-87.6608,41.61174],[-87.66079,41.61356],[-87.66079,41.6149],[-87.66084,41.62264],[-87.67414,41.62273],[-87.67469,41.62311],[-87.67596,41.62718],[-87.67727,41.63235],[-87.67736,41.63268],[-87.67762,41.63363],[-87.67894,41.63867],[-87.67906,41.63916],[-87.6793,41.64006],[-87.67941,41.64049],[-87.67946,41.64074],[-87.68044,41.64666],[-87.67974,41.65386],[-87.67822,41.65612],[-87.67817,41.66253],[-87.68012,41.66271],[-87.68018,41.66346],[-87.68287,41.74975],[-87.68287,41.75052],[-87.68154,41.75054],[-87.68254,41.75069]]}},{"type":"Feature","properties":{"route":"350","name":"Sibley","status":"tracked","trips":3175,"low_pct":3.97,"high_pct":4.41},"geometry":{"type":"LineString","coordinates":[[-87.64347,41.61115],[-87.6435,41.61173],[-87.64233,41.61173],[-87.64135,41.61354],[-87.64117,41.61901],[-87.64133,41.62258],[-87.60023,41.62251],[-87.59841,41.62257],[-87.59538,41.62257],[-87.59069,41.6226],[-87.59029,41.62258],[-87.5762,41.62271],[-87.55858,41.62265],[-87.53501,41.62278],[-87.53469,41.62273],[-87.53239,41.62186],[-87.5303,41.62105],[-87.53,41.62095],[-87.52978,41.62093],[-87.52633,41.62095],[-87.52599,41.62093],[-87.52356,41.62],[-87.52257,41.62165],[-87.52511,41.62261],[-87.52513,41.62061],[-87.52567,41.62086],[-87.52584,41.6209],[-87.52599,41.62093],[-87.52613,41.62094],[-87.52633,41.62095],[-87.52908,41.62093],[-87.52978,41.62093],[-87.52994,41.62094],[-87.53,41.62095],[-87.53007,41.62097],[-87.5303,41.62105],[-87.53469,41.62273],[-87.53482,41.62276],[-87.53501,41.62278],[-87.64148,41.62269],[-87.64135,41.61354],[-87.64283,41.6108],[-87.64332,41.60991],[-87.64383,41.60992],[-87.64347,41.61115]]}},{"type":"Feature","properties":{"route":"352","name":"Halsted","status":"tracked","trips":4567,"low_pct":0.31,"high_pct":0.39},"geometry":{"type":"LineString","coordinates":[[-87.6382,41.50199],[-87.63722,41.50086],[-87.63621,41.50066],[-87.63545,41.50453],[-87.63636,41.6009],[-87.64376,41.60093],[-87.64806,41.6009],[-87.64736,41.60234],[-87.64622,41.60448],[-87.64589,41.60507],[-87.64524,41.6063],[-87.64451,41.60767],[-87.64426,41.60813],[-87.64392,41.60876],[-87.64366,41.60925],[-87.64332,41.60991],[-87.64383,41.60992],[-87.6435,41.61173],[-87.64324,41.61173],[-87.64298,41.61173],[-87.64233,41.61173],[-87.64135,41.61354],[-87.64117,41.61901],[-87.64147,41.64257],[-87.64097,41.65179],[-87.64315,41.72139],[-87.62489,41.72162],[-87.62485,41.72175],[-87.6249,41.72275],[-87.62395,41.72277],[-87.6239,41.72177],[-87.62408,41.72177],[-87.6244,41.72176],[-87.62485,41.72175],[-87.62504,41.72175],[-87.6258,41.72172],[-87.64328,41.72149],[-87.64115,41.65384],[-87.6416,41.64356],[-87.64135,41.61354],[-87.64199,41.61235],[-87.64233,41.61173],[-87.64298,41.61173],[-87.64324,41.61173],[-87.64302,41.61045],[-87.64332,41.60991],[-87.64345,41.60965],[-87.64366,41.60925],[-87.64582,41.6052],[-87.64606,41.60476],[-87.64622,41.60448],[-87.64641,41.60411],[-87.64718,41.60267],[-87.64736,41.60234],[-87.64753,41.60202],[-87.64822,41.60083],[-87.6365,41.6009],[-87.63557,41.50452],[-87.63599,41.50248],[-87.63851,41.50246],[-87.6382,41.50199]]}},{"type":"Feature","properties":{"route":"353","name":"95th/Dan Ryan CTA-Calumet City-Homewood","status":"tracked","trips":1761,"low_pct":4.88,"high_pct":5.11},"geometry":{"type":"LineString","coordinates":[[-87.62491,41.72128],[-87.62489,41.72162],[-87.62458,41.72161],[-87.62399,41.72162],[-87.62389,41.72163],[-87.62376,41.72162],[-87.62046,41.72172],[-87.62032,41.72177],[-87.59175,41.72219],[-87.59067,41.72226],[-87.58763,41.72229],[-87.58579,41.72234],[-87.58522,41.72235],[-87.58508,41.7114],[-87.58556,41.71032],[-87.58715,41.70891],[-87.58731,41.70843],[-87.58731,41.70837],[-87.58731,41.7078],[-87.5873,41.70769],[-87.587,41.70769],[-87.58409,41.70774],[-87.5808,41.70779],[-87.58075,41.70779],[-87.58075,41.7079],[-87.58076,41.70814],[-87.58076,41.70815],[-87.5808,41.70821],[-87.58079,41.70835],[-87.58105,41.70862],[-87.58247,41.70864],[-87.58169,41.70887],[-87.58105,41.70862],[-87.58084,41.70844],[-87.58079,41.70835],[-87.5808,41.70821],[-87.58075,41.7079],[-87.58731,41.7078],[-87.58789,41.70608],[-87.5926,41.70253],[-87.60091,41.68751],[-87.6019,41.68499],[-87.60171,41.67668],[-87.60111,41.67454],[-87.60026,41.67318],[-87.59143,41.6629],[-87.59119,41.66169],[-87.59229,41.66039],[-87.59889,41.65937],[-87.6173,41.65914],[-87.6173,41.65905],[-87.6173,41.65881],[-87.6173,41.65771],[-87.61727,41.65627],[-87.61728,41.65578],[-87.61728,41.65558],[-87.61726,41.65399],[-87.61725,41.65362],[-87.61726,41.65266],[-87.61724,41.65181],[-87.61726,41.65104],[-87.61726,41.65075],[-87.61728,41.65031],[-87.61725,41.64896],[-87.61724,41.64793],[-87.61724,41.64776],[-87.61724,41.64751],[-87.6178,41.64767],[-87.61724,41.64776],[-87.61724,41.64751],[-87.61724,41.64683],[-87.61724,41.64676],[-87.6172,41.64673],[-87.61559,41.6455],[-87.61402,41.64433],[-87.61361,41.64403],[-87.61102,41.64209],[-87.61005,41.64137],[-87.60993,41.6412],[-87.60988,41.64065],[-87.6098,41.64058],[-87.60968,41.64051],[-87.60937,41.64029],[-87.60747,41.63892],[-87.60756,41.63833],[-87.60749,41.62403],[-87.60753,41.62261],[-87.60746,41.62094],[-87.60742,41.61717],[-87.60742,41.61582],[-87.60741,41.61537],[-87.60502,41.61534],[-87.60297,41.61533],[-87.60026,41.61533],[-87.59779,41.61528],[-87.59774,41.58628],[-87.55882,41.58643],[-87.55857,41.59335],[-87.55894,41.60106],[-87.56386,41.60106],[-87.56377,41.59953],[-87.56321,41.59869],[-87.56345,41.59612],[-87.5617,41.59549],[-87.55882,41.59544],[-87.55897,41.58654],[-87.5976,41.58635],[-87.59765,41.61538],[-87.60741,41.61537],[-87.60747,41.63892],[-87.6098,41.64058],[-87.60983,41.64061],[-87.60988,41.64065],[-87.61005,41.64137],[-87.61361,41.64403],[-87.61559,41.6455],[-87.61724,41.64676],[-87.61724,41.64751],[-87.61762,41.64754],[-87.6178,41.64767],[-87.61762,41.64778],[-87.61724,41.64776],[-87.61728,41.65031],[-87.61727,41.65063],[-87.61726,41.65075],[-87.61724,41.65181],[-87.61725,41.65244],[-87.61726,41.65266],[-87.61725,41.65348],[-87.61725,41.65362],[-87.61728,41.65558],[-87.61727,41.65627],[-87.6173,41.65905],[-87.60066,41.65913],[-87.59049,41.66033],[-87.58921,41.66034],[-87.58911,41.66034],[-87.58898,41.66034],[-87.5887,41.66034],[-87.58807,41.66034],[-87.5876,41.66029],[-87.58701,41.65963],[-87.58769,41.6593],[-87.58847,41.65974],[-87.58898,41.66034],[-87.58911,41.66049],[-87.58938,41.66078],[-87.59997,41.67309],[-87.60074,41.67419],[-87.6015,41.67648],[-87.60176,41.68449],[-87.60132,41.68638],[-87.59541,41.69734],[-87.59305,41.70053],[-87.58731,41.70569],[-87.58327,41.7076],[-87.58075,41.70779],[-87.58075,41.70784],[-87.58075,41.7079],[-87.58076,41.70805],[-87.58076,41.70812],[-87.58076,41.70814],[-87.58076,41.70815],[-87.58076,41.70817],[-87.5808,41.70821],[-87.58079,41.70835],[-87.58086,41.70846],[-87.58084,41.70844],[-87.58079,41.70835],[-87.5808,41.70821],[-87.58078,41.70819],[-87.58076,41.70817],[-87.58076,41.70815],[-87.58076,41.70814],[-87.58076,41.70812],[-87.58076,41.70805],[-87.58075,41.7079],[-87.58376,41.70803],[-87.58436,41.70847],[-87.58504,41.72236],[-87.6239,41.72177],[-87.62389,41.72163],[-87.62388,41.72089],[-87.62391,41.72086],[-87.62491,41.72087],[-87.62491,41.72128]]}},{"type":"Feature","properties":{"route":"354","name":"Harvey - Oak Forest Loop","status":"tracked","trips":634,"low_pct":3.15,"high_pct":7.73},"geometry":{"type":"MultiLineString","coordinates":[[[-87.64349,41.61157],[-87.6446,41.61173],[-87.6446,41.61063],[-87.6446,41.61049],[-87.6446,41.61038],[-87.6446,41.61024],[-87.6446,41.60992],[-87.67104,41.60988],[-87.67057,41.60849],[-87.67043,41.60805],[-87.66967,41.60574],[-87.66924,41.60445],[-87.66874,41.60293],[-87.6681,41.60082],[-87.66745,41.59902],[-87.66572,41.59356],[-87.66554,41.58634],[-87.72333,41.58622],[-87.72572,41.58664],[-87.72892,41.58816],[-87.73003,41.58851],[-87.73151,41.58872],[-87.73548,41.58872],[-87.73587,41.58898],[-87.73722,41.62518],[-87.68513,41.62613],[-87.68288,41.62569],[-87.6786,41.6232],[-87.67651,41.62263],[-87.6718,41.62268],[-87.66813,41.62267],[-87.6669,41.62266],[-87.6661,41.62266],[-87.66588,41.62266],[-87.6657,41.62266],[-87.66326,41.62266],[-87.65965,41.62263],[-87.65945,41.62264],[-87.65726,41.62264],[-87.65708,41.62263],[-87.65599,41.62264],[-87.65253,41.62263],[-87.6516,41.62263],[-87.65112,41.62263],[-87.65104,41.61983],[-87.64993,41.61809],[-87.64916,41.61763],[-87.64817,41.61719],[-87.64785,41.61719],[-87.64594,41.6172],[-87.64473,41.61721],[-87.6446,41.61721],[-87.6446,41.61707],[-87.64459,41.61538],[-87.64459,41.61354],[-87.64459,41.61302],[-87.64459,41.61266],[-87.6446,41.61201],[-87.6446,41.61188],[-87.6446,41.61173],[-87.6446,41.61076],[-87.6446,41.61063],[-87.6446,41.61049],[-87.6446,41.60992],[-87.64383,41.60992],[-87.64349,41.61157]],[[-87.64349,41.61157],[-87.6435,41.61173],[-87.6446,41.61173],[-87.6446,41.61721],[-87.64594,41.6172],[-87.64766,41.61719],[-87.64785,41.61719],[-87.64817,41.61719],[-87.64993,41.61809],[-87.65065,41.61886],[-87.65104,41.61983],[-87.6511,41.62035],[-87.65112,41.62263],[-87.67639,41.6228],[-87.67859,41.62346],[-87.68257,41.62574],[-87.68534,41.62626],[-87.73737,41.6253],[-87.73599,41.58859],[-87.7303,41.58849],[-87.72594,41.58663],[-87.72329,41.58614],[-87.66554,41.58624],[-87.66554,41.58634],[-87.66555,41.58723],[-87.66554,41.58944],[-87.66556,41.58992],[-87.66556,41.59234],[-87.66572,41.59356],[-87.66797,41.60081],[-87.66874,41.60293],[-87.66894,41.60354],[-87.66924,41.60445],[-87.67043,41.60805],[-87.67051,41.6083],[-87.67057,41.60849],[-87.67062,41.60862],[-87.67104,41.60988],[-87.64383,41.60992],[-87.64349,41.61064],[-87.64349,41.61157]]]}},{"type":"Feature","properties":{"route":"356","name":"Harvey - Homewood - Tinley Park","status":"tracked","trips":1483,"low_pct":2.09,"high_pct":9.17},"geometry":{"type":"LineString","coordinates":[[-87.79897,41.55271],[-87.79655,41.55326],[-87.79555,41.55403],[-87.79618,41.55844],[-87.76866,41.55891],[-87.76699,41.55863],[-87.76472,41.55774],[-87.76335,41.55735],[-87.7604,41.55702],[-87.73564,41.55709],[-87.73166,41.55703],[-87.72738,41.55713],[-87.72606,41.55712],[-87.71661,41.55714],[-87.71356,41.55718],[-87.71279,41.55718],[-87.71267,41.55718],[-87.7125,41.55718],[-87.71177,41.55718],[-87.71129,41.55718],[-87.70955,41.55718],[-87.70906,41.55718],[-87.70828,41.55718],[-87.70666,41.55719],[-87.70481,41.55719],[-87.702,41.5572],[-87.70169,41.55721],[-87.69964,41.55719],[-87.69826,41.55712],[-87.6653,41.55721],[-87.6654,41.56419],[-87.66734,41.56477],[-87.66728,41.56488],[-87.66678,41.56595],[-87.66472,41.5699],[-87.66473,41.57038],[-87.66478,41.57049],[-87.66486,41.57063],[-87.66508,41.57102],[-87.66529,41.5714],[-87.66544,41.57179],[-87.66404,41.57234],[-87.66311,41.57318],[-87.66064,41.57803],[-87.66071,41.60077],[-87.64809,41.60084],[-87.64283,41.6108],[-87.64298,41.61173],[-87.64302,41.61045],[-87.64818,41.6009],[-87.66084,41.60089],[-87.66078,41.57787],[-87.66322,41.57322],[-87.66545,41.57188],[-87.66544,41.57179],[-87.66541,41.57169],[-87.66529,41.5714],[-87.66516,41.57115],[-87.66508,41.57102],[-87.66478,41.57049],[-87.66473,41.57038],[-87.66469,41.57007],[-87.66472,41.5699],[-87.66541,41.56852],[-87.66678,41.56595],[-87.66734,41.56477],[-87.66696,41.5647],[-87.6654,41.56419],[-87.66544,41.5573],[-87.73307,41.55716],[-87.7604,41.55702],[-87.76203,41.55712],[-87.76335,41.55735],[-87.76699,41.55863],[-87.76774,41.5588],[-87.76866,41.55891],[-87.79918,41.55852],[-87.79927,41.55749],[-87.80054,41.55614],[-87.80068,41.55363],[-87.80009,41.5528],[-87.79897,41.55271]]}},{"type":"Feature","properties":{"route":"357","name":"Lincoln Highway","status":"tracked","trips":1535,"low_pct":7.75,"high_pct":13.55},"geometry":{"type":"LineString","coordinates":[[-87.73973,41.49965],[-87.73968,41.50232],[-87.73114,41.50227],[-87.73008,41.5009],[-87.73003,41.5008],[-87.73,41.50068],[-87.72596,41.50082],[-87.7249,41.50158],[-87.72346,41.5032],[-87.72272,41.50473],[-87.7227,41.50606],[-87.6997,41.50608],[-87.69976,41.5059],[-87.6998,41.5056],[-87.69925,41.50554],[-87.69896,41.50572],[-87.69907,41.50579],[-87.69951,41.50577],[-87.69975,41.50579],[-87.69974,41.50585],[-87.6996,41.50608],[-87.6713,41.50595],[-87.64111,41.50605],[-87.64065,41.50245],[-87.63851,41.50246],[-87.63849,41.50241],[-87.63834,41.50203],[-87.63825,41.50187],[-87.63802,41.50178],[-87.63791,41.5018],[-87.63786,41.50181],[-87.63779,41.50182],[-87.63768,41.50184],[-87.63794,41.50246],[-87.63728,41.50247],[-87.63656,41.50247],[-87.63599,41.50248],[-87.63549,41.50407],[-87.63547,41.50609],[-87.58731,41.50626],[-87.58737,41.5118],[-87.59216,41.51182],[-87.5921,41.50628],[-87.63561,41.50619],[-87.63599,41.50248],[-87.63851,41.50246],[-87.63786,41.50181],[-87.63794,41.50246],[-87.63851,41.50246],[-87.63939,41.50246],[-87.63995,41.50247],[-87.64054,41.50245],[-87.64098,41.50616],[-87.6646,41.50604],[-87.67591,41.50625],[-87.69895,41.50624],[-87.69954,41.50623],[-87.69964,41.50622],[-87.69976,41.5059],[-87.69974,41.50585],[-87.6998,41.5056],[-87.69952,41.50556],[-87.69925,41.50554],[-87.699,41.5056],[-87.69896,41.50572],[-87.69975,41.50579],[-87.69974,41.50585],[-87.69954,41.50623],[-87.72769,41.50623],[-87.72763,41.50466],[-87.72284,41.50452],[-87.72567,41.50112],[-87.72661,41.50081],[-87.72922,41.50089],[-87.72963,41.50086],[-87.73003,41.5008],[-87.73024,41.50075],[-87.7305,41.50071],[-87.73245,41.50066],[-87.73246,41.49923],[-87.73964,41.49923],[-87.73973,41.49965]]}},{"type":"Feature","properties":{"route":"358","name":"Torrence","status":"tracked","trips":759,"low_pct":7.25,"high_pct":7.25},"geometry":{"type":"LineString","coordinates":[[-87.63818,41.50196],[-87.63768,41.50184],[-87.63794,41.50246],[-87.63995,41.50247],[-87.64065,41.50245],[-87.64029,41.5002],[-87.64022,41.49959],[-87.64017,41.49922],[-87.64014,41.49901],[-87.63999,41.49789],[-87.63991,41.49723],[-87.63986,41.49691],[-87.63984,41.49674],[-87.63972,41.49567],[-87.63968,41.49544],[-87.63954,41.49443],[-87.6393,41.49247],[-87.63927,41.49229],[-87.63924,41.49206],[-87.63921,41.49182],[-87.6392,41.49176],[-87.63917,41.49148],[-87.63914,41.49121],[-87.63907,41.49069],[-87.63903,41.49031],[-87.63898,41.48994],[-87.63895,41.48975],[-87.6389,41.4893],[-87.63864,41.48725],[-87.63861,41.48702],[-87.63857,41.48667],[-87.63854,41.48643],[-87.63852,41.48626],[-87.6385,41.4861],[-87.63845,41.48576],[-87.6384,41.48544],[-87.63836,41.48519],[-87.63835,41.48506],[-87.63825,41.48429],[-87.63813,41.48339],[-87.6381,41.48314],[-87.63601,41.46976],[-87.63543,41.46976],[-87.6353,41.46976],[-87.63453,41.46975],[-87.61925,41.46982],[-87.61594,41.46976],[-87.61608,41.4828],[-87.60463,41.48524],[-87.59903,41.48573],[-87.59518,41.48575],[-87.57747,41.48703],[-87.56748,41.48833],[-87.558,41.49128],[-87.5589,41.5831],[-87.55857,41.59335],[-87.55893,41.60037],[-87.55908,41.62242],[-87.5592,41.62771],[-87.55916,41.62777],[-87.55915,41.62979],[-87.55915,41.63001],[-87.55915,41.63012],[-87.55916,41.63056],[-87.55934,41.64469],[-87.55921,41.65686],[-87.55906,41.65791],[-87.55861,41.65814],[-87.53994,41.64388],[-87.53928,41.63168],[-87.53992,41.62477],[-87.53972,41.627],[-87.54693,41.62972],[-87.54915,41.63001],[-87.55797,41.63006],[-87.55831,41.63001],[-87.5586,41.63001],[-87.55915,41.63001],[-87.55927,41.63001],[-87.55907,41.60002],[-87.55868,41.59301],[-87.559,41.57853],[-87.55814,41.49134],[-87.56752,41.48842],[-87.57781,41.48711],[-87.59898,41.48584],[-87.60473,41.48533],[-87.61608,41.48291],[-87.61608,41.4828],[-87.61607,41.48083],[-87.61607,41.47811],[-87.61603,41.47195],[-87.61609,41.46987],[-87.63601,41.46976],[-87.63661,41.47342],[-87.6381,41.48314],[-87.63836,41.48517],[-87.63845,41.48576],[-87.63849,41.48602],[-87.6385,41.4861],[-87.6386,41.48696],[-87.6389,41.4893],[-87.63907,41.49069],[-87.63907,41.49069],[-87.63911,41.49101],[-87.63914,41.49121],[-87.63915,41.49132],[-87.63918,41.49155],[-87.63921,41.49182],[-87.63924,41.49206],[-87.6393,41.49247],[-87.63942,41.49338],[-87.63954,41.49443],[-87.63972,41.49567],[-87.64017,41.49922],[-87.63658,41.49922],[-87.63621,41.50066],[-87.63726,41.50089],[-87.63794,41.50246],[-87.63851,41.50246],[-87.63818,41.50196]]}},{"type":"Feature","properties":{"route":"359","name":"Robbins - South Kedzie Avenue","status":"tracked","trips":1113,"low_pct":5.12,"high_pct":5.39},"geometry":{"type":"LineString","coordinates":[[-87.69425,41.56487],[-87.69428,41.56991],[-87.69427,41.57096],[-87.69428,41.57169],[-87.69428,41.57197],[-87.69429,41.5747],[-87.6946,41.60871],[-87.69477,41.60956],[-87.69522,41.61046],[-87.69735,41.61287],[-87.69789,41.61484],[-87.69794,41.61582],[-87.69808,41.61902],[-87.69817,41.62288],[-87.69825,41.62354],[-87.69823,41.62535],[-87.69881,41.64054],[-87.69895,41.64054],[-87.70012,41.64052],[-87.70108,41.6405],[-87.70129,41.6405],[-87.70373,41.64045],[-87.70528,41.64043],[-87.7084,41.63766],[-87.70853,41.63853],[-87.70856,41.63968],[-87.70857,41.63987],[-87.70882,41.64582],[-87.70889,41.64767],[-87.70857,41.64767],[-87.70646,41.64769],[-87.70588,41.6477],[-87.70401,41.64775],[-87.70277,41.64778],[-87.70174,41.6478],[-87.7016,41.6478],[-87.70021,41.64782],[-87.69922,41.64784],[-87.697,41.64789],[-87.69477,41.64921],[-87.69192,41.64964],[-87.69197,41.65083],[-87.69199,41.65101],[-87.69209,41.65391],[-87.69191,41.6544],[-87.69121,41.65535],[-87.67029,41.65562],[-87.66548,41.65707],[-87.66554,41.6572],[-87.66556,41.6584],[-87.66559,41.65928],[-87.66562,41.65971],[-87.66576,41.66282],[-87.65361,41.66305],[-87.65379,41.66852],[-87.64953,41.66859],[-87.64912,41.66859],[-87.64771,41.66862],[-87.64222,41.66869],[-87.64155,41.6687],[-87.64315,41.72139],[-87.62389,41.72163],[-87.6239,41.72177],[-87.64328,41.72149],[-87.64171,41.6687],[-87.64222,41.66869],[-87.64588,41.66864],[-87.64771,41.66862],[-87.65379,41.66852],[-87.65366,41.66488],[-87.65361,41.66305],[-87.66578,41.66289],[-87.66554,41.6572],[-87.66553,41.65715],[-87.66548,41.65707],[-87.66995,41.6557],[-87.67029,41.65562],[-87.6898,41.65526],[-87.69121,41.65535],[-87.69209,41.65391],[-87.69192,41.64964],[-87.69376,41.64945],[-87.69477,41.64921],[-87.69591,41.64869],[-87.697,41.64789],[-87.69805,41.64787],[-87.69922,41.64784],[-87.7014,41.6478],[-87.7016,41.6478],[-87.70277,41.64778],[-87.70378,41.64776],[-87.70401,41.64775],[-87.70523,41.64772],[-87.70588,41.6477],[-87.70857,41.64767],[-87.70871,41.64767],[-87.70889,41.64767],[-87.70859,41.64036],[-87.70618,41.64041],[-87.69895,41.64054],[-87.69788,41.61368],[-87.6973,41.61255],[-87.69529,41.61037],[-87.69474,41.60868],[-87.69446,41.5717],[-87.69428,41.57169],[-87.69311,41.57169],[-87.69042,41.5717],[-87.69008,41.56809],[-87.69345,41.56503],[-87.69425,41.56487]]}},{"type":"Feature","properties":{"route":"360","name":"Harvey-Amazon Monee","status":"not on tracker"},"geometry":{"type":"LineString","coordinates":[[-87.77149,41.42545],[-87.76691,41.42562],[-87.76693,41.42685],[-87.76636,41.4268],[-87.75767,41.42689],[-87.75893,41.42869],[-87.75908,41.43027],[-87.75707,41.45717],[-87.74487,41.48839],[-87.74306,41.49545],[-87.74211,41.50295],[-87.73947,41.50596],[-87.64111,41.50605],[-87.64089,41.50428],[-87.64077,41.50428],[-87.63962,41.50428],[-87.63859,41.50429],[-87.63794,41.50246],[-87.63851,41.50246],[-87.63848,41.50217],[-87.63831,41.50179],[-87.63768,41.50184],[-87.63794,41.50246],[-87.63599,41.50248],[-87.63549,41.50407],[-87.63545,41.50453],[-87.63642,41.60815],[-87.63658,41.60815],[-87.63666,41.60815],[-87.63834,41.6081],[-87.64066,41.60809],[-87.64426,41.60813],[-87.64332,41.60991],[-87.64383,41.60992],[-87.6435,41.61173],[-87.64302,41.61045],[-87.64426,41.60813],[-87.63658,41.60815],[-87.63558,41.5134],[-87.63557,41.50452],[-87.63599,41.50248],[-87.63656,41.50247],[-87.63794,41.50246],[-87.63851,41.50246],[-87.63831,41.50179],[-87.63802,41.50178],[-87.63768,41.50184],[-87.63773,41.50197],[-87.63794,41.50246],[-87.63829,41.50337],[-87.63859,41.50429],[-87.64077,41.50428],[-87.64098,41.50616],[-87.74486,41.5062],[-87.74461,41.50503],[-87.74279,41.50279],[-87.74352,41.49489],[-87.74556,41.48746],[-87.75609,41.4611],[-87.75754,41.45651],[-87.75964,41.42966],[-87.76118,41.42801],[-87.76147,41.42696],[-87.7754,41.42681],[-87.77536,41.4256],[-87.77149,41.42545]]}},{"type":"Feature","properties":{"route":"361","name":"Harvey - Laraway Crossings Express","status":"not on tracker"},"geometry":{"type":"LineString","coordinates":[[-88.07143,41.4874],[-88.07139,41.48647],[-88.07074,41.48649],[-88.07043,41.48649],[-88.07008,41.4865],[-88.06991,41.4865],[-88.06986,41.48651],[-88.06946,41.48653],[-88.06943,41.48554],[-88.06941,41.48469],[-88.06999,41.48468],[-88.07021,41.48468],[-88.07044,41.48468],[-88.07087,41.48467],[-88.07086,41.48421],[-88.07024,41.48423],[-88.07021,41.48468],[-88.06999,41.48468],[-88.06977,41.48469],[-88.06941,41.48469],[-88.06943,41.48517],[-88.06943,41.48554],[-88.08024,41.48567],[-88.08083,41.50244],[-88.0569,41.50305],[-88.05599,41.50307],[-88.05542,41.50308],[-88.05364,41.50311],[-88.05298,41.50314],[-88.05025,41.50315],[-88.04249,41.50334],[-88.04255,41.50638],[-88.04257,41.50673],[-88.04262,41.50847],[-88.04263,41.50862],[-88.04263,41.50897],[-88.04259,41.50983],[-88.04262,41.51126],[-88.03969,41.51293],[-88.00374,41.51383],[-87.99946,41.51453],[-87.99575,41.51615],[-87.99284,41.51853],[-87.99119,41.52098],[-87.98969,41.52579],[-87.9883,41.52827],[-87.98587,41.53075],[-87.98201,41.53301],[-87.92573,41.54626],[-87.91274,41.55163],[-87.90862,41.55206],[-87.83676,41.55309],[-87.83185,41.55262],[-87.82555,41.55094],[-87.82241,41.55052],[-87.77836,41.55128],[-87.77516,41.55187],[-87.772,41.55289],[-87.75063,41.56244],[-87.74343,41.56472],[-87.73764,41.56825],[-87.70848,41.58127],[-87.70082,41.58286],[-87.69461,41.58218],[-87.69442,41.58619],[-87.65589,41.58634],[-87.65573,41.58661],[-87.65229,41.59303],[-87.65202,41.59359],[-87.64885,41.59947],[-87.64874,41.5996],[-87.64283,41.6108],[-87.64298,41.61173],[-87.64302,41.61045],[-87.65589,41.58634],[-87.69455,41.58631],[-87.69476,41.58478],[-87.69714,41.58355],[-87.70454,41.5826],[-87.70925,41.5812],[-87.7356,41.56942],[-87.74321,41.56696],[-87.74957,41.56315],[-87.77164,41.55326],[-87.77572,41.55195],[-87.78145,41.55126],[-87.82162,41.55067],[-87.82512,41.55103],[-87.83234,41.55288],[-87.83635,41.55326],[-87.91029,41.55221],[-87.91504,41.55117],[-87.92292,41.54749],[-87.92693,41.54617],[-87.98013,41.53391],[-87.98388,41.53235],[-87.98739,41.52972],[-87.9896,41.52666],[-87.99127,41.52167],[-87.99261,41.51925],[-87.99504,41.51691],[-87.99908,41.51493],[-88.00499,41.51404],[-88.03819,41.51335],[-88.04008,41.51362],[-88.04273,41.51516],[-88.0427,41.51378],[-88.04268,41.51302],[-88.04264,41.51164],[-88.04262,41.51126],[-88.04261,41.51099],[-88.0426,41.51054],[-88.04249,41.50334],[-88.04789,41.50322],[-88.05025,41.50315],[-88.05179,41.50312],[-88.05298,41.50314],[-88.05651,41.50306],[-88.0569,41.50305],[-88.05865,41.503],[-88.06047,41.50294],[-88.06166,41.50291],[-88.06096,41.48127],[-88.06935,41.48109],[-88.06935,41.48261],[-88.06941,41.48469],[-88.06943,41.48517],[-88.06943,41.48554],[-88.06944,41.48604],[-88.06946,41.48653],[-88.07008,41.4865],[-88.07015,41.48769],[-88.07144,41.48765],[-88.07139,41.48647],[-88.07043,41.48649],[-88.06991,41.4865],[-88.06946,41.48653],[-88.06944,41.48604],[-88.06943,41.48554],[-88.06943,41.48517],[-88.06941,41.48469],[-88.06977,41.48469],[-88.06999,41.48468],[-88.07021,41.48468],[-88.07087,41.48467],[-88.07087,41.48438]]}},{"type":"Feature","properties":{"route":"364","name":"159th Street","status":"tracked","trips":2830,"low_pct":0.28,"high_pct":0.28},"geometry":{"type":"LineString","coordinates":[[-87.84911,41.60843],[-87.84911,41.60863],[-87.84829,41.60866],[-87.84815,41.60866],[-87.84848,41.61695],[-87.84846,41.61704],[-87.85054,41.6179],[-87.85183,41.61933],[-87.8524,41.62144],[-87.85184,41.62216],[-87.85136,41.6222],[-87.85083,41.62219],[-87.84949,41.6222],[-87.84941,41.6222],[-87.84869,41.62221],[-87.84867,41.62166],[-87.8485,41.62168],[-87.84867,41.62181],[-87.84869,41.62221],[-87.84882,41.62221],[-87.84909,41.6222],[-87.84941,41.6222],[-87.85121,41.6222],[-87.85136,41.6222],[-87.85161,41.62219],[-87.85184,41.62216],[-87.85201,41.62212],[-87.85221,41.62199],[-87.8524,41.62144],[-87.8523,41.62023],[-87.85183,41.61933],[-87.85132,41.61867],[-87.85085,41.61815],[-87.85054,41.6179],[-87.85041,41.61782],[-87.85025,41.61771],[-87.84953,41.61734],[-87.84879,41.61708],[-87.8486,41.61698],[-87.84859,41.61628],[-87.84858,41.61613],[-87.84857,41.61592],[-87.84847,41.61348],[-87.84839,41.61136],[-87.84838,41.61115],[-87.84837,41.61095],[-87.84834,41.61005],[-87.84832,41.60933],[-87.84829,41.60866],[-87.84828,41.6083],[-87.84825,41.60736],[-87.84813,41.60439],[-87.84804,41.60138],[-87.71618,41.6036],[-87.71398,41.60333],[-87.70773,41.60111],[-87.7056,41.60073],[-87.66071,41.60077],[-87.66079,41.60811],[-87.66022,41.60812],[-87.65838,41.60811],[-87.65716,41.6081],[-87.65108,41.60812],[-87.6446,41.60812],[-87.6446,41.60992],[-87.64383,41.60992],[-87.6435,41.61173],[-87.64324,41.61173],[-87.64302,41.61045],[-87.64332,41.60991],[-87.64366,41.60925],[-87.64582,41.6052],[-87.64606,41.60476],[-87.64622,41.60448],[-87.64641,41.60411],[-87.64687,41.60324],[-87.64718,41.60267],[-87.64753,41.60202],[-87.64822,41.60083],[-87.62883,41.60086],[-87.62462,41.59366],[-87.61701,41.59367],[-87.61701,41.5942],[-87.61701,41.59478],[-87.61701,41.59518],[-87.61701,41.59555],[-87.61701,41.59589],[-87.61702,41.59658],[-87.61703,41.59907],[-87.61698,41.60083],[-87.61444,41.60088],[-87.59032,41.60083],[-87.58988,41.60078],[-87.56415,41.60094],[-87.56377,41.59953],[-87.56321,41.59869],[-87.56368,41.59666],[-87.56345,41.59612],[-87.5617,41.59549],[-87.55908,41.59542],[-87.55868,41.59545],[-87.55883,41.5975],[-87.55894,41.60095],[-87.5453,41.6009],[-87.53944,41.59941],[-87.53951,41.61551],[-87.5299,41.61552],[-87.52991,41.6157],[-87.52991,41.61599],[-87.52991,41.61643],[-87.52992,41.61734],[-87.52992,41.61783],[-87.52993,41.61917],[-87.52993,41.6193],[-87.52993,41.61993],[-87.52994,41.62094],[-87.52599,41.62093],[-87.52567,41.62086],[-87.52548,41.62078],[-87.52513,41.62061],[-87.5251,41.6206],[-87.52356,41.62],[-87.52257,41.62165],[-87.52511,41.62261],[-87.52515,41.6218],[-87.52513,41.62061],[-87.52513,41.61915],[-87.52993,41.61917],[-87.52991,41.61643],[-87.52991,41.6157],[-87.5299,41.61552],[-87.53963,41.61551],[-87.53958,41.59955],[-87.54553,41.60101],[-87.55025,41.60107],[-87.55472,41.60104],[-87.55768,41.60108],[-87.56386,41.60106],[-87.56377,41.59953],[-87.56332,41.59892],[-87.56321,41.59869],[-87.56345,41.59612],[-87.56253,41.59564],[-87.5617,41.59549],[-87.55987,41.5954],[-87.55908,41.59542],[-87.55882,41.59544],[-87.55868,41.59545],[-87.55876,41.59658],[-87.55883,41.5975],[-87.55889,41.59898],[-87.55894,41.60106],[-87.56337,41.60105],[-87.56356,41.60106],[-87.56386,41.60106],[-87.56416,41.60106],[-87.56928,41.60105],[-87.57705,41.60102],[-87.58835,41.6009],[-87.59032,41.60083],[-87.59328,41.60081],[-87.6094,41.60082],[-87.61444,41.60088],[-87.61457,41.60093],[-87.61698,41.60094],[-87.61709,41.60094],[-87.61701,41.59367],[-87.6195,41.59365],[-87.62462,41.59366],[-87.62889,41.60097],[-87.64806,41.6009],[-87.64751,41.60195],[-87.64753,41.60202],[-87.64736,41.60234],[-87.64622,41.60448],[-87.64366,41.60925],[-87.64345,41.60965],[-87.64332,41.60991],[-87.64383,41.60992],[-87.64349,41.61064],[-87.6435,41.61173],[-87.6446,41.61173],[-87.6446,41.60812],[-87.65716,41.6081],[-87.66079,41.60811],[-87.66084,41.60089],[-87.70549,41.6008],[-87.7139,41.60342],[-87.71606,41.60371],[-87.84789,41.6015],[-87.84838,41.61489],[-87.84848,41.61695],[-87.84846,41.61704],[-87.84953,41.61734],[-87.85054,41.6179],[-87.85132,41.61867],[-87.85153,41.61893],[-87.85172,41.61917],[-87.85183,41.61933],[-87.85222,41.62002],[-87.8523,41.62023],[-87.85235,41.62046],[-87.85236,41.62059],[-87.85236,41.62073],[-87.8524,41.62144],[-87.85227,41.62191],[-87.85221,41.62199],[-87.85208,41.62208],[-87.85201,41.62212],[-87.85194,41.62214],[-87.85184,41.62216],[-87.85175,41.62218],[-87.85161,41.62219],[-87.85136,41.6222],[-87.85121,41.6222],[-87.85083,41.62219],[-87.85029,41.62219],[-87.85011,41.62219],[-87.84949,41.6222],[-87.84941,41.6222],[-87.8493,41.6222],[-87.84909,41.6222],[-87.84888,41.62221],[-87.84882,41.62221],[-87.84869,41.62221],[-87.84867,41.622],[-87.84867,41.62181],[-87.84867,41.62166],[-87.84855,41.62161],[-87.8485,41.62168],[-87.84869,41.62221],[-87.84882,41.62221],[-87.84888,41.62221],[-87.84909,41.6222],[-87.8493,41.6222],[-87.84941,41.6222],[-87.84949,41.6222],[-87.85029,41.62219],[-87.85083,41.62219],[-87.85121,41.6222],[-87.85136,41.6222],[-87.85161,41.62219],[-87.85175,41.62218],[-87.85184,41.62216],[-87.85194,41.62214],[-87.85201,41.62212],[-87.85208,41.62208],[-87.85215,41.62203],[-87.85221,41.62199],[-87.85227,41.62191],[-87.8524,41.62161],[-87.8524,41.62144],[-87.85236,41.62059],[-87.8523,41.62023],[-87.85226,41.62014],[-87.85222,41.62002],[-87.85205,41.6197],[-87.85183,41.61933],[-87.85182,41.61931],[-87.85172,41.61917],[-87.85132,41.61867],[-87.85121,41.61856],[-87.85085,41.61815],[-87.85062,41.61796],[-87.85054,41.6179],[-87.85025,41.61771],[-87.84989,41.61751],[-87.84953,41.61734],[-87.8486,41.61698],[-87.84859,41.61668],[-87.84859,41.61628],[-87.84857,41.61592],[-87.84837,41.61095],[-87.84832,41.60933],[-87.84829,41.60866],[-87.84825,41.60736],[-87.84907,41.60731],[-87.84911,41.60843]]}},{"type":"Feature","properties":{"route":"366","name":"Park Forest - Chicago Heights","status":"tracked","trips":1069,"low_pct":10.76,"high_pct":26.38},"geometry":{"type":"LineString","coordinates":[[-87.68138,41.4827],[-87.67774,41.48368],[-87.67915,41.48751],[-87.67921,41.48785],[-87.67924,41.48804],[-87.67926,41.48866],[-87.67909,41.49036],[-87.67617,41.4916],[-87.67606,41.49156],[-87.67592,41.49156],[-87.6757,41.49152],[-87.67419,41.4915],[-87.67423,41.49737],[-87.67361,41.49718],[-87.6725,41.49713],[-87.67223,41.49719],[-87.67056,41.4982],[-87.67025,41.49828],[-87.66454,41.49829],[-87.66454,41.49958],[-87.66455,41.50041],[-87.66454,41.5013],[-87.66457,41.50238],[-87.66387,41.50238],[-87.65965,41.50237],[-87.65669,41.50237],[-87.65658,41.50237],[-87.65632,41.50237],[-87.65249,41.50239],[-87.64887,41.50239],[-87.64463,41.50241],[-87.64054,41.50245],[-87.63995,41.50247],[-87.63851,41.50246],[-87.63768,41.50184],[-87.63794,41.50246],[-87.63995,41.50247],[-87.64463,41.50241],[-87.64669,41.50241],[-87.64887,41.50239],[-87.65491,41.50237],[-87.65632,41.50237],[-87.65639,41.50237],[-87.65658,41.50237],[-87.65951,41.50237],[-87.66457,41.50238],[-87.66454,41.49829],[-87.66766,41.4983],[-87.67025,41.49828],[-87.67223,41.49719],[-87.67436,41.4974],[-87.67419,41.4916],[-87.67617,41.4916],[-87.67688,41.49105],[-87.67909,41.49036],[-87.67924,41.48804],[-87.67915,41.48751],[-87.67903,41.48702],[-87.67873,41.48612],[-87.67858,41.48532],[-87.67867,41.48495],[-87.68123,41.48451],[-87.68414,41.48465],[-87.68411,41.48376],[-87.68277,41.48354],[-87.68195,41.48253],[-87.68138,41.4827]]}},{"type":"Feature","properties":{"route":"367","name":"University Park - Park Forest","status":"tracked","trips":738,"low_pct":25.47,"high_pct":26.15},"geometry":{"type":"LineString","coordinates":[[-87.6844,41.44873],[-87.6849,41.44853],[-87.6865,41.4485],[-87.68651,41.44579],[-87.68647,41.44536],[-87.68521,41.44313],[-87.685,41.44249],[-87.6818,41.44207],[-87.68012,41.44205],[-87.67862,41.4421],[-87.67745,41.4421],[-87.67744,41.43863],[-87.67766,41.43815],[-87.6777,41.43805],[-87.67778,41.43783],[-87.67832,41.43601],[-87.67863,41.43557],[-87.68017,41.43357],[-87.6804,41.43305],[-87.68035,41.42752],[-87.67704,41.42754],[-87.67426,41.42755],[-87.67248,41.42757],[-87.67068,41.42758],[-87.67067,41.43121],[-87.67075,41.43357],[-87.67081,41.43843],[-87.67083,41.43873],[-87.67086,41.44038],[-87.67087,41.44181],[-87.67081,41.44551],[-87.67111,41.4653],[-87.67168,41.46647],[-87.67395,41.4687],[-87.67412,41.47407],[-87.6768,41.47394],[-87.68184,41.4759],[-87.68129,41.47673],[-87.68128,41.47821],[-87.68135,41.47837],[-87.68185,41.4791],[-87.6819,41.47923],[-87.68188,41.48062],[-87.682,41.48114],[-87.68299,41.48218],[-87.67774,41.48368],[-87.67844,41.48502],[-87.68123,41.48451],[-87.68389,41.4847],[-87.68412,41.48389],[-87.6837,41.48271],[-87.68214,41.48114],[-87.6819,41.47923],[-87.68188,41.47917],[-87.68185,41.4791],[-87.68163,41.47883],[-87.68135,41.47837],[-87.68129,41.47826],[-87.68128,41.47821],[-87.68128,41.47817],[-87.68125,41.47752],[-87.68129,41.47673],[-87.68138,41.47654],[-87.68184,41.4759],[-87.67803,41.47438],[-87.6768,41.47394],[-87.67427,41.47394],[-87.67415,41.46884],[-87.67129,41.46541],[-87.67068,41.42758],[-87.67234,41.42757],[-87.67248,41.42757],[-87.68035,41.42752],[-87.68043,41.43244],[-87.6804,41.43305],[-87.68033,41.43329],[-87.68017,41.43357],[-87.67832,41.43601],[-87.67744,41.43863],[-87.6774,41.43968],[-87.67745,41.4421],[-87.685,41.44249],[-87.68647,41.44536],[-87.6865,41.4485],[-87.6863,41.44851],[-87.6849,41.44853],[-87.68482,41.44924],[-87.68423,41.44918],[-87.6844,41.44873]]}},{"type":"Feature","properties":{"route":"379","name":"Midway - Orland Park","status":"tracked","trips":1585,"low_pct":0.32,"high_pct":0.44},"geometry":{"type":"LineString","coordinates":[[-87.84911,41.60843],[-87.84911,41.60863],[-87.84829,41.60866],[-87.84815,41.60866],[-87.84843,41.61614],[-87.85333,41.61602],[-87.85347,41.61956],[-87.85199,41.6196],[-87.85227,41.62191],[-87.84869,41.62221],[-87.84867,41.62166],[-87.8485,41.62168],[-87.84867,41.62181],[-87.84869,41.62221],[-87.84941,41.6222],[-87.85121,41.6222],[-87.85161,41.62219],[-87.85201,41.62212],[-87.85221,41.62199],[-87.85227,41.62191],[-87.85232,41.62183],[-87.8524,41.62144],[-87.85205,41.6197],[-87.85348,41.61965],[-87.85379,41.64584],[-87.85475,41.67494],[-87.85528,41.67674],[-87.85648,41.67874],[-87.85667,41.67991],[-87.8553,41.68386],[-87.85541,41.68859],[-87.83122,41.68914],[-87.83123,41.68972],[-87.83124,41.68992],[-87.83128,41.69085],[-87.83131,41.69155],[-87.83133,41.69212],[-87.83156,41.69282],[-87.83203,41.69328],[-87.83354,41.69455],[-87.83473,41.69373],[-87.83477,41.69369],[-87.83464,41.69261],[-87.83339,41.69193],[-87.83349,41.69349],[-87.83404,41.69404],[-87.83345,41.69446],[-87.83354,41.69455],[-87.83412,41.69503],[-87.83417,41.69513],[-87.83605,41.6967],[-87.83643,41.69752],[-87.83641,41.69821],[-87.83668,41.7036],[-87.8367,41.70412],[-87.8367,41.70435],[-87.83671,41.70455],[-87.83688,41.70902],[-87.83689,41.70912],[-87.83693,41.71002],[-87.83694,41.71039],[-87.83696,41.71092],[-87.83705,41.71274],[-87.83712,41.71456],[-87.83717,41.71636],[-87.83722,41.71731],[-87.83725,41.7179],[-87.83727,41.71816],[-87.83731,41.71965],[-87.8374,41.72201],[-87.8374,41.72228],[-87.83752,41.72508],[-87.83754,41.72546],[-87.83755,41.72607],[-87.83761,41.72733],[-87.83796,41.73257],[-87.83791,41.73262],[-87.83807,41.734],[-87.83842,41.74455],[-87.83854,41.74558],[-87.83862,41.74726],[-87.74126,41.74909],[-87.74234,41.78246],[-87.74155,41.78391],[-87.73963,41.78429],[-87.73918,41.78459],[-87.73824,41.78569],[-87.73861,41.78626],[-87.73938,41.78633],[-87.74001,41.78433],[-87.74153,41.78435],[-87.74251,41.78254],[-87.74147,41.74922],[-87.83867,41.74737],[-87.83656,41.69754],[-87.83606,41.69654],[-87.83354,41.69455],[-87.83477,41.69369],[-87.83475,41.6928],[-87.83464,41.69261],[-87.83371,41.69192],[-87.83339,41.69193],[-87.83346,41.6933],[-87.83349,41.69349],[-87.83361,41.69369],[-87.83404,41.69404],[-87.83345,41.69446],[-87.83156,41.69282],[-87.83122,41.68923],[-87.85558,41.6887],[-87.85552,41.68362],[-87.8568,41.67995],[-87.85664,41.6788],[-87.85493,41.67494],[-87.85395,41.64656],[-87.85399,41.63299],[-87.85391,41.62777],[-87.85382,41.6248],[-87.85369,41.62144],[-87.85364,41.61965],[-87.85363,41.61956],[-87.85199,41.6196],[-87.8524,41.62144],[-87.8524,41.62161],[-87.85232,41.62183],[-87.85227,41.62191],[-87.85221,41.62199],[-87.85208,41.62208],[-87.85201,41.62212],[-87.85184,41.62216],[-87.85161,41.62219],[-87.85136,41.6222],[-87.85121,41.6222],[-87.85083,41.62219],[-87.84949,41.6222],[-87.84941,41.6222],[-87.84909,41.6222],[-87.84882,41.62221],[-87.84869,41.62221],[-87.84867,41.622],[-87.84867,41.62181],[-87.84867,41.62166],[-87.84855,41.62161],[-87.8485,41.62168],[-87.84869,41.62221],[-87.85221,41.62199],[-87.85227,41.62191],[-87.85232,41.62183],[-87.85237,41.62172],[-87.8524,41.62161],[-87.8524,41.62144],[-87.85236,41.62059],[-87.85205,41.6197],[-87.85323,41.61966],[-87.85364,41.61965],[-87.85349,41.61591],[-87.84857,41.61602],[-87.84837,41.61095],[-87.84832,41.60933],[-87.84829,41.60866],[-87.84825,41.60736],[-87.84907,41.60731],[-87.84911,41.60843]]}},{"type":"Feature","properties":{"route":"381","name":"95th Street","status":"tracked","trips":3521,"low_pct":0.11,"high_pct":0.11},"geometry":{"type":"LineString","coordinates":[[-87.83476,41.69317],[-87.83464,41.69261],[-87.83339,41.69193],[-87.83349,41.69349],[-87.83404,41.69404],[-87.83345,41.69446],[-87.83354,41.69455],[-87.83412,41.69503],[-87.83417,41.69513],[-87.8353,41.69605],[-87.83516,41.69639],[-87.83349,41.69641],[-87.82793,41.69653],[-87.82739,41.69653],[-87.82309,41.69661],[-87.81903,41.69669],[-87.8188,41.6967],[-87.81824,41.69671],[-87.81766,41.69673],[-87.81711,41.69674],[-87.81699,41.69674],[-87.81725,41.70396],[-87.80827,41.70416],[-87.80827,41.70426],[-87.80831,41.70546],[-87.80833,41.70596],[-87.80834,41.70614],[-87.80834,41.70626],[-87.80835,41.70661],[-87.80838,41.70729],[-87.80839,41.70758],[-87.8084,41.70767],[-87.8084,41.70853],[-87.80841,41.70906],[-87.8067,41.7091],[-87.80633,41.7091],[-87.80622,41.70911],[-87.80285,41.70918],[-87.80301,41.71247],[-87.80655,41.71535],[-87.80866,41.71539],[-87.80876,41.7173],[-87.80894,41.71763],[-87.80902,41.71772],[-87.80928,41.71799],[-87.80935,41.7181],[-87.80944,41.71865],[-87.77974,41.71956],[-87.75915,41.7197],[-87.74933,41.71987],[-87.74582,41.71999],[-87.74524,41.72001],[-87.74492,41.72001],[-87.73594,41.72018],[-87.7355,41.7202],[-87.72986,41.72024],[-87.72911,41.72032],[-87.72035,41.72042],[-87.71036,41.72063],[-87.69973,41.72069],[-87.69898,41.72077],[-87.69688,41.72078],[-87.69645,41.7208],[-87.69471,41.72082],[-87.69338,41.72084],[-87.69322,41.72085],[-87.69196,41.72086],[-87.69142,41.72086],[-87.69097,41.72085],[-87.6887,41.72089],[-87.68084,41.72088],[-87.62489,41.72162],[-87.62485,41.72175],[-87.6249,41.72275],[-87.62395,41.72277],[-87.6239,41.72177],[-87.62408,41.72177],[-87.6244,41.72176],[-87.62485,41.72175],[-87.62504,41.72175],[-87.6258,41.72172],[-87.72137,41.72055],[-87.74582,41.71999],[-87.77975,41.71969],[-87.80945,41.71876],[-87.80944,41.71865],[-87.80944,41.71853],[-87.80942,41.71834],[-87.80935,41.7181],[-87.80932,41.71805],[-87.80928,41.71799],[-87.80894,41.71763],[-87.80883,41.71746],[-87.80876,41.7173],[-87.80872,41.71698],[-87.80866,41.71539],[-87.80681,41.71541],[-87.80655,41.71535],[-87.80422,41.71348],[-87.80301,41.71247],[-87.80296,41.71226],[-87.80285,41.70918],[-87.8067,41.7091],[-87.80737,41.70908],[-87.80841,41.70906],[-87.80827,41.70426],[-87.81739,41.70406],[-87.81711,41.69674],[-87.82309,41.69661],[-87.83153,41.69645],[-87.83145,41.69304],[-87.83354,41.69455],[-87.83475,41.69371],[-87.83476,41.69317]]}},{"type":"Feature","properties":{"route":"383","name":"South Cicero","status":"tracked","trips":2408,"low_pct":0.08,"high_pct":0.08},"geometry":{"type":"LineString","coordinates":[[-87.73641,41.60293],[-87.73813,41.65079],[-87.74564,41.6507],[-87.74534,41.65387],[-87.74321,41.65609],[-87.75238,41.6613],[-87.73852,41.66165],[-87.73904,41.67504],[-87.73872,41.67735],[-87.73876,41.67882],[-87.73952,41.68525],[-87.7407,41.72015],[-87.74097,41.72422],[-87.74083,41.73636],[-87.74234,41.7824],[-87.74155,41.78391],[-87.73953,41.78433],[-87.73824,41.78569],[-87.73904,41.7864],[-87.74001,41.78433],[-87.74153,41.78435],[-87.74251,41.78226],[-87.74103,41.73724],[-87.74131,41.73266],[-87.74095,41.7214],[-87.73949,41.68286],[-87.73884,41.67813],[-87.73919,41.67511],[-87.73876,41.66218],[-87.73918,41.66183],[-87.75314,41.66153],[-87.74342,41.65606],[-87.74551,41.65382],[-87.74597,41.65197],[-87.74574,41.65062],[-87.73828,41.6507],[-87.73655,41.60274]]}},{"type":"Feature","properties":{"route":"384","name":"Narragansett - Ridgeland","status":"tracked","trips":573,"low_pct":0.0,"high_pct":0.7},"geometry":{"type":"LineString","coordinates":[[-87.78399,41.6903],[-87.77876,41.69035],[-87.77933,41.70499],[-87.78649,41.70501],[-87.7795,41.70966],[-87.78033,41.73261],[-87.77955,41.73402],[-87.77977,41.73586],[-87.77986,41.73933],[-87.77993,41.74029],[-87.77989,41.74034],[-87.78,41.74207],[-87.78003,41.74298],[-87.78017,41.74663],[-87.78021,41.74753],[-87.78024,41.74842],[-87.74126,41.74909],[-87.74234,41.78246],[-87.74155,41.78391],[-87.73963,41.78429],[-87.73918,41.78459],[-87.73824,41.78569],[-87.73873,41.78632],[-87.73938,41.78633],[-87.74001,41.78433],[-87.74153,41.78435],[-87.74251,41.78254],[-87.74147,41.74922],[-87.78024,41.74853],[-87.78024,41.74842],[-87.78023,41.7481],[-87.78021,41.74753],[-87.7802,41.74736],[-87.78017,41.74663],[-87.7801,41.74481],[-87.78003,41.74298],[-87.78,41.74207],[-87.77999,41.74185],[-87.77998,41.74033],[-87.77986,41.73933],[-87.77973,41.734],[-87.78047,41.73273],[-87.77964,41.7097],[-87.79382,41.70036],[-87.79788,41.69832],[-87.79754,41.68995],[-87.78399,41.6903]]}},{"type":"Feature","properties":{"route":"385","name":"87th / 111th / 127th","status":"not on tracker"},"geometry":{"type":"LineString","coordinates":[[-87.74321,41.65421],[-87.74113,41.65302],[-87.74048,41.65366],[-87.74372,41.6555],[-87.7433,41.65599],[-87.73837,41.65314],[-87.73814,41.64716],[-87.73529,41.64728],[-87.73354,41.64724],[-87.72965,41.64728],[-87.72359,41.64741],[-87.7223,41.64746],[-87.72108,41.64745],[-87.71862,41.64753],[-87.70889,41.64767],[-87.70882,41.64582],[-87.70874,41.64396],[-87.70859,41.64036],[-87.70618,41.64041],[-87.70373,41.64045],[-87.70129,41.6405],[-87.70108,41.6405],[-87.70012,41.64052],[-87.69895,41.64054],[-87.69881,41.64054],[-87.69901,41.64607],[-87.69548,41.64893],[-87.69192,41.64964],[-87.69197,41.65083],[-87.69199,41.65101],[-87.69209,41.65391],[-87.69191,41.6544],[-87.69121,41.65535],[-87.68007,41.65543],[-87.67975,41.65439],[-87.67864,41.6553],[-87.6782,41.65636],[-87.67817,41.66253],[-87.67827,41.6627],[-87.6806,41.66274],[-87.68096,41.66273],[-87.68128,41.66272],[-87.68282,41.66268],[-87.6851,41.66263],[-87.68544,41.66263],[-87.69236,41.6625],[-87.69292,41.66248],[-87.69709,41.66241],[-87.69849,41.66245],[-87.70463,41.66235],[-87.70458,41.66137],[-87.70181,41.6615],[-87.70231,41.66185],[-87.70239,41.66204],[-87.70242,41.66227],[-87.70243,41.66238],[-87.70463,41.66235],[-87.70838,41.66231],[-87.71912,41.66214],[-87.72027,41.69128],[-87.7793,41.69044],[-87.83122,41.68923],[-87.83156,41.69282],[-87.83203,41.69328],[-87.83354,41.69455],[-87.83473,41.69373],[-87.83477,41.69369],[-87.83464,41.69261],[-87.83339,41.69193],[-87.83349,41.69349],[-87.83404,41.69404],[-87.83345,41.69446],[-87.83354,41.69455],[-87.83412,41.69503],[-87.83417,41.69513],[-87.83605,41.6967],[-87.83642,41.6974],[-87.83641,41.69821],[-87.83646,41.69829],[-87.83668,41.7036],[-87.8367,41.70412],[-87.8367,41.70435],[-87.83671,41.70455],[-87.83688,41.70902],[-87.83689,41.70912],[-87.83693,41.71002],[-87.83694,41.71039],[-87.83696,41.71092],[-87.83702,41.71185],[-87.83708,41.71365],[-87.83711,41.71441],[-87.83712,41.71456],[-87.83717,41.71636],[-87.83722,41.71731],[-87.83725,41.7179],[-87.83727,41.71816],[-87.81782,41.7185],[-87.81831,41.73039],[-87.81855,41.73307],[-87.74099,41.73446],[-87.74083,41.73636],[-87.74234,41.7824],[-87.74155,41.78391],[-87.73953,41.78433],[-87.73824,41.78569],[-87.73897,41.78639],[-87.73938,41.78633],[-87.74001,41.78433],[-87.74153,41.78435],[-87.74251,41.78245],[-87.74103,41.73724],[-87.74129,41.73468],[-87.81854,41.73315],[-87.81855,41.73307],[-87.81851,41.73226],[-87.81855,41.73211],[-87.81797,41.71861],[-87.83727,41.71825],[-87.83727,41.71816],[-87.83717,41.71636],[-87.83647,41.6986],[-87.83646,41.69829],[-87.83656,41.69776],[-87.83654,41.69739],[-87.83606,41.69654],[-87.83354,41.69455],[-87.83477,41.69369],[-87.83475,41.6928],[-87.83464,41.69261],[-87.83371,41.69192],[-87.83339,41.69193],[-87.83346,41.6933],[-87.83349,41.69349],[-87.83361,41.69369],[-87.83404,41.69404],[-87.83345,41.69446],[-87.83156,41.69282],[-87.83122,41.68914],[-87.72041,41.69127],[-87.71925,41.66206],[-87.70463,41.66224],[-87.70458,41.66137],[-87.70204,41.6614],[-87.70181,41.6615],[-87.70242,41.66227],[-87.68009,41.66253],[-87.68007,41.65543],[-87.6898,41.65526],[-87.69121,41.65535],[-87.69209,41.65391],[-87.69192,41.64964],[-87.69397,41.64942],[-87.69548,41.64893],[-87.69666,41.64819],[-87.69915,41.64594],[-87.69895,41.64054],[-87.70618,41.64041],[-87.70738,41.64039],[-87.70859,41.64036],[-87.70882,41.64582],[-87.70889,41.6475],[-87.70889,41.64767],[-87.738,41.64728],[-87.73822,41.6532],[-87.74333,41.65617],[-87.74451,41.65494],[-87.74321,41.65421]]}},{"type":"Feature","properties":{"route":"386","name":"South Harlem","status":"tracked","trips":1235,"low_pct":0.08,"high_pct":0.08},"geometry":{"type":"LineString","coordinates":[[-87.79897,41.55271],[-87.79655,41.55326],[-87.79555,41.55403],[-87.79618,41.55844],[-87.78377,41.55866],[-87.78382,41.56023],[-87.78387,41.56135],[-87.78391,41.56303],[-87.78438,41.57595],[-87.7844,41.57627],[-87.78443,41.57678],[-87.78449,41.5792],[-87.78467,41.58421],[-87.78471,41.58476],[-87.78472,41.58779],[-87.78486,41.59012],[-87.78498,41.59344],[-87.7851,41.59568],[-87.78513,41.59658],[-87.78515,41.5974],[-87.78516,41.59767],[-87.78517,41.59776],[-87.79035,41.59759],[-87.79106,41.59712],[-87.79179,41.59535],[-87.79383,41.59507],[-87.79472,41.62137],[-87.79601,41.62535],[-87.79508,41.63041],[-87.79799,41.70448],[-87.80827,41.70426],[-87.80841,41.70906],[-87.79817,41.70927],[-87.80027,41.76404],[-87.80055,41.76501],[-87.80115,41.7659],[-87.8042,41.76867],[-87.80463,41.77141],[-87.80404,41.77269],[-87.80099,41.77621],[-87.80083,41.77725],[-87.74222,41.77836],[-87.7422,41.78301],[-87.74117,41.78415],[-87.73973,41.78427],[-87.73918,41.78459],[-87.73824,41.78569],[-87.73893,41.78639],[-87.73938,41.78633],[-87.74001,41.78433],[-87.74153,41.78435],[-87.7424,41.78303],[-87.74239,41.77847],[-87.80101,41.77739],[-87.80117,41.77625],[-87.80405,41.77291],[-87.80478,41.77141],[-87.80436,41.76863],[-87.80117,41.76571],[-87.80041,41.7639],[-87.79832,41.70927],[-87.80841,41.70906],[-87.80827,41.70416],[-87.79813,41.70437],[-87.79524,41.63157],[-87.79618,41.62524],[-87.79487,41.62128],[-87.79397,41.59493],[-87.79173,41.59523],[-87.79099,41.59707],[-87.79032,41.59752],[-87.78516,41.59767],[-87.78487,41.58778],[-87.78378,41.55874],[-87.79918,41.55852],[-87.79927,41.55749],[-87.80054,41.55614],[-87.80068,41.55363],[-87.80009,41.5528],[-87.79897,41.55271]]}},{"type":"Feature","properties":{"route":"390","name":"Midway CTA - UPS Hodgkins Limited","status":"tracked","trips":314,"low_pct":0.0,"high_pct":0.0},"geometry":{"type":"LineString","coordinates":[[-87.88495,41.74707],[-87.88341,41.74908],[-87.88249,41.75025],[-87.88231,41.75017],[-87.88171,41.75063],[-87.87963,41.75362],[-87.88663,41.75342],[-87.88612,41.73962],[-87.88599,41.73908],[-87.88557,41.73859],[-87.87717,41.73199],[-87.87141,41.73553],[-87.85774,41.74229],[-87.84783,41.74461],[-87.84096,41.74716],[-87.72183,41.74945],[-87.72209,41.75509],[-87.73264,41.75501],[-87.73409,41.75413],[-87.7368,41.75343],[-87.74143,41.75436],[-87.74234,41.78246],[-87.74155,41.78391],[-87.73953,41.78433],[-87.73824,41.78569],[-87.73904,41.7864],[-87.74001,41.78433],[-87.74153,41.78435],[-87.74251,41.78254],[-87.74147,41.74922],[-87.8431,41.74724],[-87.84992,41.74427],[-87.85779,41.74236],[-87.87141,41.73553],[-87.87712,41.73216],[-87.88594,41.73933],[-87.88629,41.74637],[-87.88539,41.74651],[-87.88341,41.74908],[-87.88276,41.74992],[-87.88249,41.75025],[-87.88207,41.75048]]}},{"type":"Feature","properties":{"route":"392","name":"Green Line Cicero CTA - UPS Hodgkins Limited","status":"tracked","trips":158,"low_pct":2.53,"high_pct":3.8},"geometry":{"type":"MultiLineString","coordinates":[[[-87.88495,41.74707],[-87.88341,41.74908],[-87.88249,41.75025],[-87.88231,41.75017],[-87.88171,41.75063],[-87.87963,41.75362],[-87.88663,41.75342],[-87.88726,41.76995],[-87.88514,41.77094],[-87.88448,41.77123],[-87.8838,41.77154],[-87.88367,41.7716],[-87.88321,41.7718],[-87.8831,41.77185],[-87.88199,41.77236],[-87.88144,41.7726],[-87.88043,41.77305],[-87.87956,41.7734],[-87.86827,41.77853],[-87.86802,41.77345],[-87.86791,41.77274],[-87.86776,41.76697],[-87.8676,41.76373],[-87.86759,41.76277],[-87.86756,41.76239],[-87.86755,41.76188],[-87.86754,41.76165],[-87.86754,41.76161],[-87.86751,41.76133],[-87.86794,41.76035],[-87.86907,41.76042],[-87.86906,41.7612],[-87.86759,41.76164],[-87.86754,41.76165],[-87.86748,41.76166],[-87.86742,41.76166],[-87.86157,41.76249],[-87.85335,41.76362],[-87.85122,41.76421],[-87.84887,41.76579],[-87.84239,41.77384],[-87.83576,41.78008],[-87.8291,41.78498],[-87.81866,41.79525],[-87.81504,41.79638],[-87.80814,41.79654],[-87.76299,41.81069],[-87.76277,41.81105],[-87.76275,41.81303],[-87.76351,41.83638],[-87.7629,41.83639],[-87.76229,41.8364],[-87.76104,41.83641],[-87.75988,41.83642],[-87.75675,41.83648],[-87.75613,41.83648],[-87.74541,41.83665],[-87.74175,41.83669],[-87.73957,41.8367],[-87.73858,41.83671],[-87.73654,41.83674],[-87.73502,41.83677],[-87.73408,41.83677],[-87.7333,41.83678],[-87.73291,41.83679],[-87.73285,41.83679],[-87.73213,41.8368],[-87.73052,41.83682],[-87.73042,41.83682],[-87.72919,41.83683],[-87.72802,41.83684],[-87.7271,41.83684],[-87.72434,41.83689],[-87.72437,41.83815],[-87.72441,41.83918],[-87.72445,41.84105],[-87.72447,41.84181],[-87.72452,41.84364],[-87.72455,41.84426],[-87.72458,41.84472],[-87.72457,41.84486],[-87.72461,41.84632],[-87.72473,41.85082],[-87.72474,41.85164],[-87.74427,41.85134],[-87.74452,41.85871],[-87.74475,41.86684],[-87.74484,41.87209],[-87.74523,41.88008],[-87.7453,41.88183],[-87.74536,41.88391],[-87.74541,41.88495],[-87.74542,41.88537],[-87.74544,41.88596],[-87.74546,41.88619],[-87.74548,41.8869]],[[-87.74546,41.88636],[-87.74546,41.88619],[-87.74545,41.88602],[-87.74544,41.88596],[-87.74536,41.88391],[-87.74534,41.88314],[-87.7453,41.88183],[-87.74523,41.88012],[-87.74523,41.88008],[-87.74528,41.88001],[-87.74528,41.87985],[-87.74498,41.87145],[-87.74482,41.86693],[-87.74475,41.86684],[-87.7447,41.86543],[-87.74452,41.85871],[-87.74427,41.85122],[-87.72474,41.85148],[-87.72473,41.85082],[-87.72458,41.84472],[-87.72434,41.83689],[-87.72633,41.83687],[-87.7271,41.83684],[-87.72788,41.83684],[-87.72802,41.83684],[-87.73042,41.83682],[-87.73858,41.83671],[-87.74541,41.83665],[-87.75488,41.8365],[-87.75613,41.83648],[-87.75661,41.83648],[-87.75675,41.83648],[-87.75982,41.83642],[-87.76229,41.8364],[-87.76351,41.83638],[-87.76291,41.81136],[-87.79263,41.80163],[-87.80254,41.7992],[-87.80829,41.79677],[-87.81536,41.79655],[-87.81869,41.79549],[-87.82059,41.7941],[-87.82979,41.78467],[-87.83564,41.78046],[-87.8392,41.77721],[-87.84356,41.77299],[-87.84912,41.76588],[-87.85149,41.76432],[-87.8642,41.76254],[-87.86708,41.76376],[-87.86753,41.76496],[-87.86804,41.77863],[-87.88737,41.77],[-87.88639,41.74637],[-87.88539,41.74651],[-87.88341,41.74908],[-87.88276,41.74992],[-87.88249,41.75025],[-87.88207,41.75048]]]}},{"type":"Feature","properties":{"route":"395","name":"95th/Dan Ryan CTA - UPS Hodgkins Limited","status":"tracked","trips":409,"low_pct":3.18,"high_pct":3.18},"geometry":{"type":"LineString","coordinates":[[-87.88495,41.74707],[-87.88341,41.74908],[-87.88249,41.75025],[-87.88231,41.75017],[-87.88171,41.75063],[-87.87962,41.75355],[-87.87714,41.7536],[-87.87714,41.75368],[-87.87713,41.75408],[-87.87712,41.75421],[-87.87691,41.75452],[-87.87577,41.75481],[-87.87255,41.75383],[-87.87243,41.75377],[-87.87238,41.75375],[-87.87222,41.75368],[-87.8719,41.75352],[-87.8702,41.75272],[-87.8691,41.75217],[-87.86524,41.75034],[-87.86461,41.75003],[-87.86162,41.74861],[-87.86123,41.74842],[-87.85961,41.74766],[-87.85689,41.74666],[-87.85325,41.74626],[-87.84531,41.7466],[-87.84055,41.74539],[-87.82988,41.74118],[-87.81281,41.72915],[-87.81062,41.72658],[-87.80742,41.72017],[-87.80736,41.71977],[-87.8069,41.71871],[-87.80684,41.71856],[-87.80677,41.71841],[-87.80666,41.71805],[-87.80741,41.71754],[-87.80797,41.71823],[-87.80703,41.7187],[-87.8069,41.71871],[-87.80613,41.71873],[-87.80544,41.71876],[-87.80424,41.71878],[-87.80224,41.7188],[-87.79898,41.71919],[-87.78479,41.71946],[-87.75915,41.7197],[-87.74933,41.71987],[-87.74582,41.71999],[-87.74524,41.72001],[-87.74492,41.72001],[-87.73594,41.72018],[-87.7355,41.7202],[-87.72986,41.72024],[-87.72911,41.72032],[-87.72035,41.72042],[-87.71036,41.72063],[-87.69973,41.72069],[-87.69898,41.72077],[-87.69688,41.72078],[-87.69645,41.7208],[-87.69471,41.72082],[-87.69338,41.72084],[-87.69322,41.72085],[-87.69196,41.72086],[-87.69142,41.72086],[-87.69097,41.72085],[-87.6887,41.72089],[-87.67844,41.72091],[-87.62624,41.72162],[-87.62503,41.72161],[-87.62489,41.72162],[-87.62484,41.72162],[-87.62458,41.72161],[-87.62389,41.72163],[-87.62388,41.72089],[-87.62491,41.72087],[-87.62489,41.72162],[-87.62485,41.72175],[-87.72137,41.72055],[-87.74582,41.71999],[-87.77975,41.71969],[-87.79946,41.71928],[-87.80486,41.71884],[-87.80628,41.71943],[-87.81045,41.72677],[-87.81245,41.72913],[-87.82368,41.73733],[-87.83144,41.74218],[-87.84364,41.74655],[-87.84624,41.74683],[-87.8541,41.7467],[-87.85671,41.74719],[-87.85815,41.74776],[-87.87148,41.75395],[-87.87196,41.75416],[-87.87221,41.75426],[-87.87316,41.75522],[-87.87206,41.75574],[-87.87135,41.75493],[-87.87157,41.75457],[-87.87196,41.75416],[-87.87238,41.75375],[-87.87278,41.75331],[-87.87422,41.75374],[-87.87646,41.75371],[-87.87714,41.75368],[-87.87854,41.75366],[-87.88007,41.75361],[-87.88098,41.7535],[-87.88663,41.75342],[-87.88639,41.74637],[-87.88539,41.74651],[-87.88341,41.74908],[-87.88276,41.74992],[-87.88249,41.75025],[-87.88207,41.75048]]}},{"type":"Feature","properties":{"route":"410","name":"East Niles Local","status":"not on tracker"},"geometry":{"type":"LineString","coordinates":[[-87.83606,42.05017],[-87.83663,42.04738],[-87.83383,42.04742],[-87.83254,42.04821],[-87.83191,42.04839],[-87.83155,42.04823],[-87.8315,42.0485],[-87.83065,42.04875],[-87.8306,42.0488],[-87.83056,42.04885],[-87.8305,42.04893],[-87.82875,42.05094],[-87.82569,42.0501],[-87.82571,42.04762],[-87.82575,42.04676],[-87.82577,42.04521],[-87.82582,42.0439],[-87.82963,42.04382],[-87.82655,42.04023],[-87.81979,42.04039],[-87.81987,42.0332],[-87.81128,42.03338],[-87.81125,42.03704],[-87.81123,42.038],[-87.81119,42.03889],[-87.81121,42.04069],[-87.8101,42.04064],[-87.80637,42.04071],[-87.80428,42.04071],[-87.80391,42.03901],[-87.80317,42.03523],[-87.80155,42.03073],[-87.80197,42.02853],[-87.80224,42.02736],[-87.80209,42.02735],[-87.80199,42.02735],[-87.8013,42.02736],[-87.80129,42.0272],[-87.80172,42.02693],[-87.80171,42.02719],[-87.8013,42.02736],[-87.80199,42.02735],[-87.80209,42.02735],[-87.80224,42.02736],[-87.80273,42.02641],[-87.81414,42.02609],[-87.81129,42.02299],[-87.81076,42.02246],[-87.80657,42.02257],[-87.80662,42.01891],[-87.80269,42.01891],[-87.79115,42.01911],[-87.79112,42.0166],[-87.79083,42.01508],[-87.78876,42.01201],[-87.76954,42.01189],[-87.76852,42.01165],[-87.76894,42.00929],[-87.7675,42.00923],[-87.76744,42.01436],[-87.77038,42.01446],[-87.77053,42.01199],[-87.78876,42.01201],[-87.79029,42.01394],[-87.79069,42.01472],[-87.79083,42.01508],[-87.79094,42.01544],[-87.79112,42.0166],[-87.79101,42.01922],[-87.80652,42.01902],[-87.80646,42.02257],[-87.80652,42.02257],[-87.80692,42.02257],[-87.80894,42.02254],[-87.81076,42.02246],[-87.81389,42.02599],[-87.80227,42.02631],[-87.80209,42.02735],[-87.8013,42.02736],[-87.80129,42.0272],[-87.80171,42.02719],[-87.80191,42.02719],[-87.80195,42.02665],[-87.80129,42.0272],[-87.8013,42.02736],[-87.80198,42.02735],[-87.80199,42.02735],[-87.80209,42.02735],[-87.80155,42.03073],[-87.80175,42.03097],[-87.80317,42.03523],[-87.80333,42.03598],[-87.80391,42.03901],[-87.804,42.03941],[-87.80407,42.03975],[-87.80412,42.03998],[-87.8042,42.04033],[-87.80428,42.04071],[-87.80431,42.04087],[-87.80637,42.04085],[-87.80637,42.04071],[-87.80636,42.0403],[-87.80636,42.03912],[-87.8063,42.03898],[-87.80633,42.03808],[-87.81123,42.038],[-87.81128,42.03338],[-87.81495,42.03327],[-87.81987,42.0332],[-87.81977,42.03997],[-87.81979,42.04039],[-87.81981,42.04052],[-87.82589,42.04043],[-87.82571,42.04762],[-87.82568,42.04945],[-87.82569,42.0501],[-87.82705,42.05019],[-87.82875,42.05094],[-87.8306,42.0488],[-87.83065,42.04875],[-87.83072,42.04871],[-87.83094,42.04863],[-87.83126,42.04855],[-87.8315,42.0485],[-87.83162,42.04847],[-87.83172,42.04845],[-87.83191,42.04839],[-87.8316,42.04821],[-87.83155,42.04823],[-87.83146,42.04832],[-87.8315,42.0485],[-87.83172,42.04845],[-87.83191,42.04839],[-87.83203,42.04836],[-87.8321,42.04834],[-87.83226,42.0483],[-87.83254,42.04821],[-87.83359,42.04778],[-87.8342,42.04919],[-87.8349,42.04903],[-87.83576,42.05112],[-87.83646,42.05094],[-87.83606,42.05017]]}},{"type":"Feature","properties":{"route":"411","name":"West Niles Local","status":"not on tracker"},"geometry":{"type":"LineString","coordinates":[[-87.83606,42.05017],[-87.83625,42.04913],[-87.83623,42.04872],[-87.83661,42.04862],[-87.83663,42.04738],[-87.83555,42.0474],[-87.83558,42.04633],[-87.83562,42.04372],[-87.83588,42.04371],[-87.83619,42.04371],[-87.83655,42.0437],[-87.83657,42.0437],[-87.83666,42.0437],[-87.83794,42.04367],[-87.83854,42.04366],[-87.8387,42.04366],[-87.83898,42.04365],[-87.83924,42.04365],[-87.83933,42.04364],[-87.83987,42.04363],[-87.84034,42.04362],[-87.84059,42.04361],[-87.84062,42.04086],[-87.84249,42.04071],[-87.84547,42.04071],[-87.84543,42.0398],[-87.84064,42.03993],[-87.84073,42.02908],[-87.84067,42.02908],[-87.83946,42.02911],[-87.83823,42.02913],[-87.83701,42.02917],[-87.83601,42.02919],[-87.83579,42.02919],[-87.8358,42.02878],[-87.83288,42.02887],[-87.83164,42.02889],[-87.83151,42.0289],[-87.83136,42.02891],[-87.82934,42.02894],[-87.82907,42.02894],[-87.82893,42.02894],[-87.82772,42.02903],[-87.82743,42.0294],[-87.81734,42.02963],[-87.81559,42.02774],[-87.81261,42.02441],[-87.80934,42.0209],[-87.80887,42.02036],[-87.8076,42.01894],[-87.80662,42.01891],[-87.80658,42.01833],[-87.8066,42.01716],[-87.80659,42.01608],[-87.80663,42.01276],[-87.80664,42.0117],[-87.80245,42.01168],[-87.79857,42.01252],[-87.79848,42.01239],[-87.79678,42.01226],[-87.79671,42.01241],[-87.7939,42.01212],[-87.79209,42.01192],[-87.79177,42.0119],[-87.79104,42.01193],[-87.78848,42.01203],[-87.788,42.01197],[-87.76954,42.01189],[-87.76852,42.01165],[-87.76894,42.00929],[-87.7675,42.00923],[-87.76744,42.01436],[-87.77038,42.01446],[-87.77053,42.01199],[-87.78803,42.01208],[-87.79177,42.0119],[-87.79189,42.0119],[-87.79209,42.01192],[-87.79313,42.01203],[-87.7939,42.01212],[-87.79616,42.01235],[-87.79671,42.01241],[-87.79711,42.01246],[-87.79754,42.0125],[-87.79818,42.01254],[-87.79842,42.01253],[-87.79857,42.01252],[-87.79671,42.01241],[-87.79754,42.0125],[-87.79797,42.01254],[-87.79818,42.01254],[-87.79857,42.01252],[-87.79899,42.01246],[-87.79909,42.01248],[-87.80237,42.0118],[-87.80664,42.0117],[-87.80659,42.01608],[-87.8066,42.01703],[-87.8066,42.01716],[-87.8066,42.01781],[-87.80688,42.01814],[-87.80741,42.01871],[-87.80887,42.02036],[-87.80921,42.02076],[-87.80934,42.0209],[-87.80954,42.02112],[-87.81069,42.02238],[-87.81114,42.02286],[-87.81399,42.02609],[-87.81734,42.02963],[-87.82236,42.02949],[-87.82743,42.0294],[-87.82893,42.02894],[-87.8358,42.02878],[-87.8358,42.02904],[-87.83579,42.02919],[-87.83701,42.02917],[-87.84059,42.02909],[-87.84054,42.03272],[-87.84048,42.04004],[-87.84247,42.04],[-87.84249,42.04071],[-87.84286,42.04078],[-87.84547,42.04071],[-87.84547,42.04051],[-87.84543,42.0398],[-87.8444,42.03984],[-87.84048,42.03993],[-87.84048,42.04004],[-87.84048,42.04031],[-87.84048,42.04053],[-87.84047,42.04101],[-87.84046,42.04185],[-87.84045,42.04221],[-87.84044,42.04361],[-87.84034,42.04362],[-87.83938,42.04364],[-87.83933,42.04364],[-87.8387,42.04366],[-87.83794,42.04367],[-87.83688,42.0437],[-87.83666,42.0437],[-87.83655,42.0437],[-87.83588,42.04371],[-87.83562,42.04372],[-87.83555,42.0474],[-87.83603,42.04739],[-87.83663,42.04738],[-87.83663,42.04761],[-87.83661,42.04862],[-87.83623,42.04872],[-87.83572,42.05],[-87.83618,42.05101],[-87.83646,42.05094],[-87.83606,42.05017]]}},{"type":"Feature","properties":{"route":"412","name":"Niles North Circulator","status":"not on tracker"},"geometry":{"type":"LineString","coordinates":[[-87.83606,42.05017],[-87.83624,42.04887],[-87.83368,42.04929],[-87.83281,42.04811],[-87.83146,42.04832],[-87.83268,42.04816],[-87.83568,42.05215],[-87.83215,42.05293],[-87.83215,42.05361],[-87.83364,42.05362],[-87.83374,42.05475],[-87.83461,42.05473],[-87.83469,42.05604],[-87.8381,42.05596],[-87.83777,42.05524],[-87.83604,42.05522],[-87.83603,42.0547],[-87.84975,42.05432],[-87.85043,42.05529],[-87.85414,42.05534],[-87.8542,42.05457],[-87.85503,42.05458],[-87.85498,42.05807],[-87.8539,42.05811],[-87.8539,42.05764],[-87.85499,42.05733],[-87.85498,42.05638],[-87.855,42.05589],[-87.85501,42.05508],[-87.85503,42.05458],[-87.85504,42.05413],[-87.85505,42.05402],[-87.84042,42.05447],[-87.84045,42.05269],[-87.83929,42.05279],[-87.83785,42.05367],[-87.83756,42.05218],[-87.83606,42.05017]]}},{"type":"Feature","properties":{"route":"421","name":"Wilmette Avenue","status":"not on tracker"},"geometry":{"type":"LineString","coordinates":[[-87.77335,42.10832],[-87.77082,42.10561],[-87.77077,42.10524],[-87.77077,42.10512],[-87.77077,42.10502],[-87.77078,42.10412],[-87.7708,42.10341],[-87.7708,42.10321],[-87.77081,42.10298],[-87.77081,42.10293],[-87.77083,42.10249],[-87.77084,42.10189],[-87.77081,42.10147],[-87.77053,42.10111],[-87.77021,42.10078],[-87.77021,42.10078],[-87.77002,42.1006],[-87.7691,42.09967],[-87.7682,42.09873],[-87.768,42.09851],[-87.7675,42.09799],[-87.76745,42.09794],[-87.76709,42.09756],[-87.76701,42.09748],[-87.76693,42.0974],[-87.76684,42.0973],[-87.76655,42.09685],[-87.76645,42.09558],[-87.76638,42.0951],[-87.76619,42.09419],[-87.76617,42.09394],[-87.76631,42.08693],[-87.76633,42.08525],[-87.7663,42.08516],[-87.76142,42.08502],[-87.76141,42.08451],[-87.76141,42.08412],[-87.76143,42.0823],[-87.76144,42.08208],[-87.76146,42.0814],[-87.76146,42.08098],[-87.76147,42.07963],[-87.76148,42.07952],[-87.75445,42.07943],[-87.75344,42.07795],[-87.75183,42.0762],[-87.75188,42.07217],[-87.73444,42.07165],[-87.72409,42.07181],[-87.72376,42.07188],[-87.72249,42.07231],[-87.72243,42.07232],[-87.72221,42.07233],[-87.72185,42.07236],[-87.72063,42.07244],[-87.71867,42.07259],[-87.71848,42.0726],[-87.71796,42.07263],[-87.71649,42.07262],[-87.7148,42.07269],[-87.71094,42.07337],[-87.71041,42.07374],[-87.70962,42.07428],[-87.71077,42.07566],[-87.70889,42.07653],[-87.70856,42.07667],[-87.70834,42.0767],[-87.70683,42.07669],[-87.70479,42.07665],[-87.701,42.0766],[-87.70005,42.07657],[-87.69369,42.07651],[-87.69217,42.0765],[-87.6919,42.0765],[-87.69193,42.07379],[-87.68928,42.07375],[-87.68926,42.07646],[-87.6919,42.0765],[-87.70005,42.07657],[-87.70834,42.0767],[-87.70898,42.07648],[-87.70807,42.07535],[-87.71094,42.07337],[-87.71158,42.07316],[-87.7148,42.07269],[-87.72249,42.07231],[-87.72409,42.07181],[-87.75188,42.07217],[-87.75185,42.07429],[-87.75183,42.0762],[-87.75434,42.07954],[-87.76147,42.07963],[-87.76141,42.08412],[-87.76142,42.08502],[-87.76576,42.08507],[-87.7663,42.08516],[-87.76617,42.09394],[-87.76638,42.0951],[-87.76645,42.09558],[-87.76652,42.09673],[-87.76655,42.09685],[-87.76664,42.09707],[-87.76684,42.0973],[-87.76709,42.09756],[-87.7691,42.09967],[-87.77021,42.10078],[-87.77053,42.10111],[-87.77073,42.10135],[-87.77081,42.10147],[-87.77083,42.10159],[-87.77084,42.10189],[-87.77083,42.10233],[-87.77083,42.10249],[-87.77078,42.10412],[-87.77077,42.10524],[-87.77079,42.10548],[-87.77082,42.10561],[-87.7738,42.10881],[-87.77374,42.10828],[-87.77335,42.10832]]}},{"type":"Feature","properties":{"route":"422","name":"Linden CTA/Glenview/Northbrook Court","status":"not on tracker"},"geometry":{"type":"LineString","coordinates":[[-87.8143,42.1503],[-87.81406,42.14955],[-87.81452,42.14932],[-87.81481,42.14894],[-87.81508,42.14868],[-87.817,42.14821],[-87.81751,42.14838],[-87.81882,42.14913],[-87.81972,42.14916],[-87.82019,42.14926],[-87.82107,42.14982],[-87.82146,42.15093],[-87.82113,42.15154],[-87.82115,42.15263],[-87.83556,42.15282],[-87.82808,42.14169],[-87.82801,42.14166],[-87.82669,42.13988],[-87.82116,42.13304],[-87.82402,42.1311],[-87.82459,42.1306],[-87.82493,42.13029],[-87.82518,42.13006],[-87.82532,42.12993],[-87.82534,42.12991],[-87.82581,42.12948],[-87.82597,42.12934],[-87.82604,42.12927],[-87.82621,42.12913],[-87.82734,42.1285],[-87.82834,42.1279],[-87.82845,42.12782],[-87.82918,42.12656],[-87.82934,42.11778],[-87.82942,42.1165],[-87.82945,42.10556],[-87.79906,42.10535],[-87.79782,42.09209],[-87.7982,42.08728],[-87.79897,42.07275],[-87.79909,42.07246],[-87.7998,42.07161],[-87.80318,42.07162],[-87.80416,42.07165],[-87.80554,42.07159],[-87.80552,42.07243],[-87.80551,42.07276],[-87.80471,42.07276],[-87.80124,42.07272],[-87.79989,42.07277],[-87.79919,42.07276],[-87.79897,42.07275],[-87.79885,42.07275],[-87.79856,42.07276],[-87.79726,42.07272],[-87.79491,42.07275],[-87.79416,42.07252],[-87.79129,42.0707],[-87.78581,42.06955],[-87.78069,42.06894],[-87.77726,42.06889],[-87.77156,42.06883],[-87.77156,42.06729],[-87.77152,42.06654],[-87.77141,42.06568],[-87.77106,42.06482],[-87.77101,42.0647],[-87.77085,42.06439],[-87.7706,42.0639],[-87.76986,42.06249],[-87.75145,42.0624],[-87.75144,42.06059],[-87.75205,42.05859],[-87.75079,42.05857],[-87.75033,42.05973],[-87.75039,42.05991],[-87.75013,42.06063],[-87.75143,42.06084],[-87.75145,42.0624],[-87.74661,42.06238],[-87.74657,42.06723],[-87.74686,42.06833],[-87.74753,42.06972],[-87.75025,42.07396],[-87.75135,42.07557],[-87.75283,42.07735],[-87.75407,42.07903],[-87.75392,42.07943],[-87.7511,42.07943],[-87.7364,42.07926],[-87.73447,42.07922],[-87.73417,42.07922],[-87.73413,42.07922],[-87.73365,42.07922],[-87.73332,42.07921],[-87.73303,42.07921],[-87.73298,42.07921],[-87.73105,42.07919],[-87.73023,42.07917],[-87.72992,42.07917],[-87.72739,42.07913],[-87.72666,42.07912],[-87.72253,42.07907],[-87.72177,42.07906],[-87.72148,42.07906],[-87.72129,42.07905],[-87.72093,42.07905],[-87.72067,42.07905],[-87.72031,42.07905],[-87.72015,42.07904],[-87.71552,42.07898],[-87.71108,42.07896],[-87.71077,42.07855],[-87.71042,42.07813],[-87.71021,42.0779],[-87.71012,42.07779],[-87.70979,42.07744],[-87.70918,42.07672],[-87.70898,42.07648],[-87.6919,42.0765],[-87.69193,42.07379],[-87.68928,42.07375],[-87.68926,42.07646],[-87.6919,42.0765],[-87.70005,42.07657],[-87.70834,42.0767],[-87.70898,42.07648],[-87.70979,42.07744],[-87.71077,42.07855],[-87.71098,42.07883],[-87.71108,42.07896],[-87.75451,42.07954],[-87.75034,42.07403],[-87.74672,42.06739],[-87.74675,42.06252],[-87.75146,42.06254],[-87.75145,42.0624],[-87.75144,42.06219],[-87.75143,42.06177],[-87.75143,42.06151],[-87.75143,42.06084],[-87.75143,42.06067],[-87.75144,42.06059],[-87.75207,42.0593],[-87.75205,42.05859],[-87.75085,42.05858],[-87.75079,42.05857],[-87.75055,42.05922],[-87.75033,42.05973],[-87.75013,42.06063],[-87.75067,42.06083],[-87.75143,42.06084],[-87.75143,42.06177],[-87.75143,42.062],[-87.75144,42.06219],[-87.75145,42.0624],[-87.75146,42.06254],[-87.76988,42.06267],[-87.77141,42.06568],[-87.77146,42.06883],[-87.78069,42.06894],[-87.78268,42.06912],[-87.78581,42.06955],[-87.78779,42.06993],[-87.79129,42.0707],[-87.79491,42.07275],[-87.79584,42.07275],[-87.79591,42.07278],[-87.79882,42.07287],[-87.79896,42.07286],[-87.79897,42.07275],[-87.799,42.07264],[-87.79909,42.07246],[-87.79948,42.07204],[-87.7998,42.07161],[-87.80554,42.07159],[-87.80551,42.07276],[-87.80124,42.07272],[-87.80064,42.07272],[-87.79989,42.07277],[-87.79897,42.07275],[-87.79885,42.07275],[-87.79882,42.07287],[-87.79842,42.07887],[-87.79827,42.08432],[-87.79796,42.08896],[-87.79783,42.0916],[-87.79782,42.09209],[-87.79783,42.09238],[-87.79785,42.09283],[-87.79781,42.0929],[-87.79893,42.10546],[-87.8293,42.10568],[-87.82918,42.12656],[-87.82866,42.12759],[-87.82845,42.12782],[-87.82621,42.12913],[-87.82106,42.13309],[-87.8219,42.13402],[-87.82669,42.13988],[-87.82727,42.14063],[-87.82801,42.14166],[-87.83073,42.14583],[-87.83263,42.14848],[-87.83534,42.15271],[-87.82118,42.15249],[-87.82113,42.15154],[-87.82143,42.15118],[-87.82146,42.15093],[-87.82145,42.15062],[-87.82107,42.14982],[-87.82086,42.14965],[-87.82019,42.14926],[-87.81882,42.14913],[-87.817,42.14821],[-87.81543,42.14848],[-87.81524,42.14857],[-87.81508,42.14868],[-87.81495,42.14878],[-87.81481,42.14894],[-87.81464,42.14921],[-87.81452,42.14932],[-87.81438,42.14941],[-87.81422,42.14948],[-87.81406,42.14955],[-87.81338,42.14981],[-87.81284,42.15002],[-87.8128,42.15004],[-87.81338,42.15071],[-87.8143,42.1503]]}},{"type":"Feature","properties":{"route":"423","name":"Linden CTA - The Glen - Harlem L CTA","status":"not on tracker"},"geometry":{"type":"LineString","coordinates":[[-87.80829,41.98204],[-87.80785,41.9826],[-87.80757,41.98264],[-87.80703,41.98264],[-87.80688,41.98264],[-87.80687,41.98275],[-87.80696,41.98344],[-87.8069,41.99001],[-87.8069,41.99013],[-87.80687,41.9918],[-87.80686,41.99203],[-87.80685,41.99269],[-87.80686,41.9931],[-87.80681,41.99534],[-87.80681,41.99606],[-87.8068,41.99654],[-87.8068,41.99667],[-87.8068,41.997],[-87.80678,41.99748],[-87.80668,42.00716],[-87.80667,42.00807],[-87.80669,42.00909],[-87.80661,42.01045],[-87.80664,42.01129],[-87.80664,42.0117],[-87.80663,42.01276],[-87.80663,42.01294],[-87.80661,42.01352],[-87.80659,42.01608],[-87.8066,42.01781],[-87.80651,42.01891],[-87.80639,42.02693],[-87.80645,42.02835],[-87.80644,42.02996],[-87.80644,42.03018],[-87.80643,42.03059],[-87.80642,42.03072],[-87.8064,42.0319],[-87.80636,42.03497],[-87.80635,42.03573],[-87.80635,42.03625],[-87.80635,42.0364],[-87.80635,42.0365],[-87.80625,42.03912],[-87.80618,42.04259],[-87.80624,42.04368],[-87.80617,42.0473],[-87.80618,42.04803],[-87.80619,42.04817],[-87.80612,42.05249],[-87.80594,42.05708],[-87.80597,42.05971],[-87.80593,42.06334],[-87.80593,42.06389],[-87.80557,42.06922],[-87.80554,42.07159],[-87.80551,42.07283],[-87.8055,42.07308],[-87.8055,42.07346],[-87.80551,42.07371],[-87.8058,42.07438],[-87.80613,42.07496],[-87.80682,42.0762],[-87.80725,42.07712],[-87.80795,42.07846],[-87.80891,42.0802],[-87.80906,42.08049],[-87.80942,42.08143],[-87.80957,42.08183],[-87.81182,42.08743],[-87.8134,42.08742],[-87.81353,42.08747],[-87.82009,42.08747],[-87.82162,42.08706],[-87.82184,42.08745],[-87.82481,42.0932],[-87.82439,42.09568],[-87.82432,42.09996],[-87.82343,42.10194],[-87.82339,42.10554],[-87.78786,42.10525],[-87.78599,42.10476],[-87.78302,42.10222],[-87.78221,42.10184],[-87.78115,42.10162],[-87.75151,42.10122],[-87.75149,42.1038],[-87.75147,42.10483],[-87.75147,42.10516],[-87.75146,42.1057],[-87.75146,42.10603],[-87.74602,42.10595],[-87.74172,42.10592],[-87.73948,42.10588],[-87.73684,42.10583],[-87.73543,42.10581],[-87.73493,42.10581],[-87.7344,42.1058],[-87.73388,42.10581],[-87.7337,42.10582],[-87.73305,42.10587],[-87.73256,42.10589],[-87.72548,42.1058],[-87.72501,42.10582],[-87.71628,42.0979],[-87.71511,42.09679],[-87.71286,42.09475],[-87.71228,42.09419],[-87.71179,42.09387],[-87.7028,42.08883],[-87.70038,42.08724],[-87.70001,42.08692],[-87.69988,42.08678],[-87.6998,42.08668],[-87.69954,42.08637],[-87.69947,42.08631],[-87.69927,42.08614],[-87.69916,42.08604],[-87.69876,42.0857],[-87.69815,42.08519],[-87.69738,42.08457],[-87.69729,42.08446],[-87.69724,42.08426],[-87.69724,42.08393],[-87.69726,42.08317],[-87.69726,42.08311],[-87.69716,42.08293],[-87.68796,42.07666],[-87.68843,42.07645],[-87.68865,42.07645],[-87.68926,42.07646],[-87.6919,42.0765],[-87.69193,42.07379],[-87.68928,42.07375],[-87.68927,42.07511],[-87.68926,42.07646],[-87.68925,42.07709],[-87.68903,42.07737],[-87.69716,42.08293],[-87.69724,42.08302],[-87.69726,42.08311],[-87.69726,42.08317],[-87.69724,42.08426],[-87.69725,42.08437],[-87.69729,42.08446],[-87.69731,42.08449],[-87.69738,42.08457],[-87.69947,42.08631],[-87.69954,42.08637],[-87.70001,42.08692],[-87.70021,42.0871],[-87.70038,42.08724],[-87.70212,42.0884],[-87.7028,42.08883],[-87.71228,42.09419],[-87.72501,42.10582],[-87.73256,42.10589],[-87.73273,42.10588],[-87.73305,42.10587],[-87.73388,42.10581],[-87.7343,42.1058],[-87.7344,42.1058],[-87.73477,42.10581],[-87.73493,42.10581],[-87.73684,42.10583],[-87.74172,42.10592],[-87.75146,42.10603],[-87.75146,42.10575],[-87.75146,42.1057],[-87.75151,42.10122],[-87.78117,42.10169],[-87.78286,42.10218],[-87.78559,42.1046],[-87.7865,42.10508],[-87.78749,42.1053],[-87.82358,42.10566],[-87.82362,42.10211],[-87.82451,42.10012],[-87.825,42.09314],[-87.82201,42.08741],[-87.82165,42.08693],[-87.81998,42.08735],[-87.81182,42.08743],[-87.80906,42.08049],[-87.80795,42.07846],[-87.80682,42.0762],[-87.8058,42.07438],[-87.80559,42.07396],[-87.80551,42.07371],[-87.80597,42.06509],[-87.80616,42.05386],[-87.80705,41.98334],[-87.80703,41.98275],[-87.80703,41.98264],[-87.80703,41.98247],[-87.80704,41.98222],[-87.80705,41.98183],[-87.80706,41.98157],[-87.80699,41.98105],[-87.80868,41.98155],[-87.80829,41.98204]]}},{"type":"Feature","properties":{"route":"471","name":"Highland Park-Northbrook Court","status":"tracked","trips":413,"low_pct":0.0,"high_pct":5.57},"geometry":{"type":"LineString","coordinates":[[-87.8493,42.16762],[-87.8494,42.16804],[-87.84848,42.16801],[-87.84834,42.16547],[-87.84737,42.16476],[-87.84423,42.16472],[-87.84177,42.16166],[-87.83486,42.15174],[-87.83619,42.15134],[-87.83454,42.14924],[-87.8333,42.14966],[-87.83534,42.15271],[-87.82317,42.1526],[-87.82118,42.15249],[-87.82139,42.15027],[-87.82036,42.14935],[-87.81882,42.14913],[-87.81719,42.14824],[-87.81567,42.1484],[-87.8128,42.15004],[-87.81338,42.15071],[-87.81429,42.1503],[-87.81387,42.14962],[-87.81284,42.15002],[-87.8128,42.15004],[-87.81269,42.15009],[-87.8123,42.1504],[-87.81201,42.15117],[-87.81245,42.15191],[-87.8119,42.15247],[-87.80167,42.15244],[-87.80695,42.15985],[-87.81294,42.15987],[-87.81555,42.16439],[-87.81589,42.16467],[-87.81819,42.16641],[-87.81849,42.16881],[-87.81914,42.17053],[-87.8221,42.17339],[-87.82051,42.17571],[-87.82071,42.17662],[-87.82284,42.17671],[-87.82273,42.17887],[-87.8169,42.18127],[-87.81105,42.18159],[-87.81082,42.18164],[-87.81075,42.18167],[-87.8101,42.18185],[-87.80596,42.1833],[-87.8057,42.1834],[-87.8055,42.18347],[-87.80475,42.18374],[-87.80428,42.18391],[-87.80339,42.18422],[-87.80218,42.18465],[-87.8014,42.18344],[-87.79882,42.18433],[-87.79764,42.18244],[-87.79732,42.18252],[-87.79882,42.18433],[-87.80131,42.18347],[-87.80208,42.18469],[-87.80218,42.18465],[-87.8032,42.18429],[-87.80339,42.18422],[-87.80376,42.18409],[-87.80428,42.18391],[-87.80596,42.1833],[-87.80886,42.1823],[-87.8101,42.18185],[-87.81057,42.18171],[-87.81075,42.18167],[-87.81171,42.18162],[-87.81531,42.1816],[-87.81713,42.18127],[-87.82214,42.17947],[-87.8229,42.17874],[-87.82298,42.1766],[-87.82121,42.17662],[-87.82124,42.17595],[-87.82051,42.17571],[-87.82138,42.17439],[-87.8221,42.17339],[-87.81925,42.17074],[-87.81914,42.17053],[-87.81897,42.17018],[-87.81852,42.16894],[-87.81849,42.16881],[-87.81843,42.16716],[-87.81822,42.16646],[-87.81819,42.16641],[-87.81813,42.16635],[-87.81726,42.1657],[-87.81589,42.16467],[-87.81572,42.16454],[-87.81555,42.16439],[-87.81513,42.16385],[-87.81439,42.16257],[-87.81383,42.16151],[-87.81294,42.15987],[-87.8126,42.15923],[-87.81237,42.15882],[-87.81191,42.15796],[-87.81166,42.15741],[-87.80928,42.15311],[-87.80915,42.15257],[-87.83541,42.15282],[-87.8396,42.15899],[-87.84423,42.16472],[-87.84626,42.16473],[-87.84737,42.16476],[-87.84752,42.16498],[-87.84834,42.16547],[-87.84849,42.16564],[-87.84849,42.16733],[-87.8493,42.16762]]}},{"type":"Feature","properties":{"route":"472","name":"Highland Park - Highwood","status":"tracked","trips":415,"low_pct":1.45,"high_pct":1.93},"geometry":{"type":"LineString","coordinates":[[-87.82276,42.18754],[-87.82197,42.18753],[-87.82223,42.18836],[-87.8228,42.18829],[-87.82285,42.18836],[-87.82289,42.18841],[-87.82308,42.18875],[-87.82321,42.18895],[-87.80353,42.1888],[-87.80357,42.18686],[-87.8014,42.18344],[-87.79882,42.18433],[-87.79764,42.18244],[-87.79732,42.18252],[-87.79823,42.18338],[-87.79764,42.18244],[-87.79782,42.1807],[-87.79532,42.18066],[-87.79578,42.18145],[-87.79827,42.18529],[-87.80005,42.18809],[-87.80024,42.18847],[-87.80031,42.18903],[-87.80018,42.19406],[-87.80062,42.19466],[-87.80087,42.19478],[-87.80109,42.19485],[-87.80124,42.1949],[-87.80133,42.19493],[-87.80163,42.19502],[-87.80188,42.19511],[-87.80203,42.19517],[-87.80234,42.19551],[-87.80237,42.19577],[-87.80236,42.19683],[-87.80237,42.19745],[-87.80237,42.19848],[-87.80236,42.19938],[-87.8024,42.19971],[-87.8043,42.20193],[-87.80429,42.20342],[-87.80948,42.2034],[-87.80962,42.20362],[-87.80988,42.20406],[-87.81004,42.20432],[-87.81015,42.2045],[-87.81019,42.20457],[-87.81076,42.2055],[-87.81081,42.20559],[-87.81088,42.20571],[-87.81148,42.20671],[-87.8117,42.20707],[-87.81365,42.20702],[-87.81244,42.20536],[-87.81097,42.20342],[-87.80916,42.20099],[-87.80895,42.20072],[-87.80837,42.1998],[-87.82517,42.19983],[-87.82515,42.21122],[-87.82499,42.21162],[-87.82353,42.21321],[-87.82322,42.21364],[-87.82281,42.21616],[-87.82108,42.2168],[-87.82191,42.21802],[-87.82278,42.21802],[-87.8228,42.21639],[-87.8228,42.21629],[-87.82281,42.21616],[-87.82282,42.21606],[-87.82317,42.21376],[-87.82322,42.21364],[-87.82329,42.21353],[-87.82343,42.21332],[-87.82353,42.21321],[-87.82482,42.21181],[-87.82499,42.21162],[-87.82509,42.21146],[-87.82515,42.21122],[-87.82522,42.20655],[-87.82517,42.19983],[-87.8111,42.19976],[-87.80837,42.1998],[-87.8086,42.20021],[-87.80895,42.20072],[-87.81097,42.20342],[-87.81243,42.20535],[-87.81365,42.20702],[-87.812,42.20701],[-87.8117,42.20707],[-87.81092,42.20579],[-87.81088,42.20571],[-87.81076,42.2055],[-87.81015,42.2045],[-87.81004,42.20432],[-87.80988,42.20406],[-87.80971,42.20378],[-87.80962,42.20362],[-87.8095,42.20343],[-87.80948,42.2034],[-87.80909,42.20342],[-87.80429,42.20342],[-87.80429,42.20323],[-87.8043,42.20193],[-87.80393,42.20181],[-87.8024,42.19971],[-87.80237,42.19958],[-87.80236,42.19938],[-87.80234,42.19551],[-87.80062,42.19466],[-87.80037,42.19443],[-87.80018,42.19406],[-87.80024,42.18847],[-87.79578,42.18145],[-87.7954,42.18079],[-87.79532,42.18066],[-87.79588,42.18052],[-87.79782,42.1807],[-87.79732,42.18252],[-87.79882,42.18433],[-87.80131,42.18347],[-87.80347,42.1869],[-87.80353,42.1888],[-87.80737,42.1888],[-87.82321,42.18895],[-87.82276,42.18754]]}},{"type":"Feature","properties":{"route":"501","name":"West Jefferson","status":"tracked","trips":1365,"low_pct":0.07,"high_pct":0.07},"geometry":{"type":"LineString","coordinates":[[-88.20022,41.5635],[-88.20029,41.56511],[-88.19326,41.56516],[-88.19292,41.56325],[-88.19065,41.56162],[-88.19022,41.5507],[-88.19295,41.55065],[-88.19853,41.55059],[-88.19972,41.55056],[-88.19991,41.55056],[-88.19827,41.51043],[-88.20012,41.50313],[-88.19679,41.50214],[-88.19338,41.49915],[-88.19336,41.49715],[-88.19333,41.49463],[-88.18104,41.49476],[-88.17479,41.4948],[-88.1734,41.49527],[-88.17254,41.49661],[-88.17223,41.49695],[-88.17657,41.49929],[-88.17618,41.50045],[-88.17643,41.50371],[-88.17848,41.50425],[-88.17846,41.50288],[-88.17851,41.50281],[-88.17882,41.50259],[-88.17885,41.50252],[-88.17819,41.50039],[-88.1766,41.50042],[-88.17618,41.50045],[-88.17619,41.50123],[-88.1688,41.50132],[-88.16934,41.52181],[-88.14312,41.52205],[-88.10213,41.52327],[-88.10129,41.52337],[-88.09805,41.52446],[-88.09111,41.52516],[-88.08298,41.52496],[-88.08281,41.52133],[-88.08172,41.52043],[-88.0815,41.52212],[-88.0806,41.52215],[-88.08011,41.52217],[-88.07984,41.5222],[-88.07954,41.52231],[-88.07962,41.52374],[-88.07992,41.52223],[-88.0815,41.52212],[-88.08155,41.52403],[-88.08008,41.52436],[-88.08018,41.52787],[-88.09098,41.52809],[-88.09133,41.52784],[-88.0914,41.52526],[-88.09221,41.52511],[-88.09718,41.52457],[-88.09781,41.52449],[-88.09805,41.52446],[-88.09815,41.52444],[-88.10129,41.52337],[-88.10175,41.52329],[-88.10213,41.52327],[-88.10703,41.52313],[-88.10915,41.52314],[-88.12055,41.52274],[-88.14285,41.52219],[-88.16966,41.52191],[-88.16899,41.50293],[-88.16958,41.5025],[-88.1762,41.50241],[-88.17626,41.50339],[-88.17643,41.50371],[-88.1767,41.50397],[-88.17848,41.50425],[-88.17844,41.5035],[-88.17846,41.50288],[-88.17882,41.50259],[-88.17884,41.50255],[-88.17885,41.50252],[-88.17848,41.50056],[-88.17819,41.50039],[-88.17618,41.50045],[-88.17625,41.5],[-88.17657,41.49929],[-88.17415,41.49822],[-88.17223,41.49695],[-88.1734,41.49527],[-88.17381,41.49497],[-88.17479,41.4948],[-88.19333,41.49463],[-88.19338,41.49915],[-88.19555,41.50081],[-88.19679,41.50214],[-88.19956,41.50511],[-88.19814,41.50999],[-88.19828,41.51131],[-88.19859,41.52214],[-88.19881,41.52517],[-88.19922,41.53811],[-88.19927,41.53871],[-88.19961,41.54804],[-88.19966,41.54909],[-88.19967,41.54937],[-88.19972,41.55056],[-88.19972,41.55063],[-88.19985,41.55423],[-88.19989,41.55497],[-88.20008,41.56027],[-88.20022,41.5635]]}},{"type":"Feature","properties":{"route":"504","name":"South Joliet","status":"not on tracker"},"geometry":{"type":"LineString","coordinates":[[-88.06941,41.48449],[-88.06943,41.48554],[-88.08024,41.48567],[-88.08083,41.50244],[-88.07522,41.50258],[-88.07251,41.50131],[-88.0615,41.49716],[-88.06166,41.50291],[-88.06521,41.50283],[-88.0672,41.50278],[-88.06758,41.50277],[-88.06885,41.50274],[-88.06897,41.50633],[-88.07139,41.50628],[-88.07152,41.50685],[-88.07249,41.50816],[-88.0727,41.50852],[-88.07295,41.51426],[-88.07421,41.51613],[-88.07425,41.51702],[-88.07982,41.51691],[-88.08006,41.5169],[-88.08063,41.51688],[-88.0855,41.51639],[-88.08556,41.5181],[-88.08558,41.51882],[-88.08564,41.52014],[-88.08567,41.52109],[-88.08567,41.52211],[-88.08568,41.52252],[-88.08572,41.52394],[-88.08461,41.52396],[-88.08435,41.52396],[-88.08296,41.52401],[-88.08281,41.52133],[-88.08164,41.52043],[-88.0815,41.52212],[-88.08011,41.52217],[-88.07957,41.52227],[-88.07944,41.52344],[-88.07984,41.52361],[-88.07992,41.52223],[-88.0815,41.52212],[-88.08155,41.52403],[-88.08296,41.52401],[-88.08397,41.52399],[-88.08572,41.52394],[-88.0855,41.51639],[-88.07425,41.51702],[-88.07424,41.51608],[-88.07417,41.51581],[-88.07314,41.51429],[-88.07279,41.50862],[-88.07139,41.50628],[-88.06928,41.50635],[-88.06897,41.50633],[-88.06893,41.50545],[-88.06885,41.50274],[-88.0672,41.50278],[-88.06166,41.50291],[-88.06162,41.50105],[-88.0615,41.49716],[-88.07522,41.50258],[-88.07932,41.50251],[-88.08083,41.50244],[-88.08097,41.50243],[-88.08028,41.48076],[-88.0714,41.48096]]}},{"type":"Feature","properties":{"route":"505","name":"West Joliet Loop","status":"tracked","trips":1073,"low_pct":0.28,"high_pct":1.58},"geometry":{"type":"MultiLineString","coordinates":[[[-88.13464,41.528],[-88.13451,41.52481],[-88.13757,41.52473],[-88.13746,41.52232],[-88.14678,41.52213],[-88.14645,41.51489],[-88.12453,41.51538],[-88.12426,41.50487],[-88.11454,41.50514],[-88.11491,41.51753],[-88.09222,41.51814],[-88.09237,41.5219],[-88.09063,41.52195],[-88.09013,41.52511],[-88.08298,41.52496],[-88.08281,41.52133],[-88.08172,41.52043],[-88.0815,41.52212],[-88.07957,41.52227],[-88.07951,41.52371],[-88.07986,41.52297]],[[-88.13463,41.5279],[-88.13466,41.52871],[-88.13471,41.52964],[-88.12487,41.52989],[-88.12578,41.55159],[-88.08817,41.55263],[-88.08607,41.54542],[-88.09191,41.54528],[-88.09172,41.538],[-88.08903,41.53806],[-88.08544,41.53726],[-88.08739,41.53239],[-88.08318,41.53146],[-88.08301,41.52686],[-88.08301,41.52591],[-88.08298,41.52496],[-88.08296,41.52401],[-88.08289,41.52211],[-88.08284,41.52149],[-88.08281,41.52133],[-88.08274,41.52116],[-88.08187,41.52049],[-88.08172,41.52043],[-88.08145,41.52045],[-88.0815,41.52212],[-88.07966,41.52222],[-88.07957,41.52227],[-88.07952,41.52238],[-88.07945,41.52296]]]}},{"type":"Feature","properties":{"route":"507","name":"Plainfield","status":"tracked","trips":1190,"low_pct":0.34,"high_pct":1.26},"geometry":{"type":"LineString","coordinates":[[-88.16638,41.57786],[-88.16523,41.57783],[-88.16397,41.57863],[-88.16162,41.57541],[-88.15858,41.57722],[-88.14236,41.56578],[-88.14194,41.5655],[-88.14113,41.565],[-88.12752,41.55603],[-88.12742,41.55596],[-88.12718,41.5558],[-88.12692,41.55563],[-88.12583,41.5549],[-88.12569,41.55481],[-88.1252,41.5545],[-88.12494,41.55432],[-88.12489,41.55429],[-88.12473,41.55418],[-88.12454,41.55406],[-88.12315,41.55312],[-88.12265,41.5528],[-88.12247,41.55269],[-88.12239,41.55264],[-88.1223,41.55258],[-88.1217,41.5522],[-88.12146,41.55205],[-88.12113,41.55182],[-88.11867,41.5501],[-88.11844,41.54993],[-88.11696,41.54887],[-88.11663,41.54864],[-88.11544,41.5478],[-88.11492,41.54743],[-88.11489,41.54741],[-88.1143,41.547],[-88.11405,41.54682],[-88.11265,41.54582],[-88.11235,41.54562],[-88.11206,41.54542],[-88.11184,41.54527],[-88.10645,41.54144],[-88.10603,41.54112],[-88.10533,41.5406],[-88.10136,41.53776],[-88.09944,41.5364],[-88.09889,41.53603],[-88.09642,41.53429],[-88.09583,41.53387],[-88.09555,41.53367],[-88.09515,41.53339],[-88.09448,41.53291],[-88.09362,41.53236],[-88.092,41.53185],[-88.0919,41.53179],[-88.09111,41.52524],[-88.08298,41.52496],[-88.08281,41.52133],[-88.08172,41.52043],[-88.0815,41.52212],[-88.08011,41.52217],[-88.07957,41.52227],[-88.07962,41.52374],[-88.07992,41.52223],[-88.0815,41.52212],[-88.08155,41.52403],[-88.08008,41.52436],[-88.08018,41.52787],[-88.09135,41.52811],[-88.0919,41.53179],[-88.09362,41.53236],[-88.09376,41.53242],[-88.09448,41.53291],[-88.09889,41.53603],[-88.10136,41.53776],[-88.10645,41.54144],[-88.10995,41.54389],[-88.11184,41.54527],[-88.11235,41.54562],[-88.11265,41.54582],[-88.12146,41.55205],[-88.12315,41.55312],[-88.14236,41.56578],[-88.16233,41.58006],[-88.16316,41.57957],[-88.16594,41.57952],[-88.16592,41.57894],[-88.16771,41.57889],[-88.16638,41.57786]]}},{"type":"Feature","properties":{"route":"508","name":"East Joliet","status":"tracked","trips":550,"low_pct":4.36,"high_pct":8.55},"geometry":{"type":"LineString","coordinates":[[-88.07944,41.52315],[-88.07975,41.5237],[-88.07988,41.52227],[-88.0815,41.52212],[-88.08155,41.52403],[-88.08016,41.52424],[-88.0801,41.52502],[-88.07565,41.5251],[-88.07783,41.52083],[-88.07682,41.52059],[-88.06038,41.5209],[-88.05955,41.52353],[-88.0558,41.52293],[-88.05511,41.52299],[-88.05496,41.52302],[-88.0537,41.52329],[-88.05259,41.5235],[-88.05034,41.52345],[-88.04905,41.52324],[-88.04564,41.52227],[-88.045,41.52228],[-88.04447,41.52235],[-88.0434,41.52252],[-88.04305,41.52254],[-88.04309,41.52356],[-88.04318,41.52656],[-88.04321,41.52734],[-88.04322,41.52784],[-88.04328,41.52926],[-88.05301,41.52914],[-88.05304,41.52972],[-88.05293,41.53068],[-88.05293,41.53094],[-88.05293,41.5317],[-88.05294,41.53213],[-88.05296,41.53255],[-88.05296,41.5326],[-88.05299,41.53375],[-88.05304,41.53519],[-88.05305,41.53543],[-88.05306,41.53555],[-88.0535,41.53722],[-88.05106,41.53869],[-88.04484,41.54059],[-88.04202,41.54176],[-88.03936,41.54237],[-88.03822,41.54273],[-88.03579,41.5438],[-88.02961,41.5466],[-88.02834,41.54702],[-87.98632,41.54801],[-87.98615,41.54297],[-87.98522,41.54289],[-87.98524,41.54544],[-87.98605,41.54543],[-87.98618,41.54801],[-88.02472,41.54726],[-88.02834,41.54702],[-88.03822,41.54273],[-88.04243,41.54165],[-88.05106,41.53869],[-88.05203,41.5382],[-88.0535,41.53722],[-88.05322,41.53646],[-88.05306,41.53555],[-88.05299,41.53375],[-88.05296,41.53255],[-88.05293,41.5317],[-88.05304,41.52972],[-88.05303,41.52952],[-88.05301,41.52914],[-88.04641,41.52902],[-88.04328,41.52926],[-88.04309,41.52356],[-88.04307,41.52304],[-88.04305,41.52254],[-88.0434,41.52252],[-88.045,41.52228],[-88.04534,41.52226],[-88.04564,41.52227],[-88.05034,41.52345],[-88.05174,41.52352],[-88.05259,41.5235],[-88.0558,41.52293],[-88.05661,41.52301],[-88.05955,41.52353],[-88.06006,41.52189],[-88.06038,41.5209],[-88.06391,41.52088],[-88.07682,41.52059],[-88.07702,41.5206],[-88.07783,41.52083],[-88.07513,41.52602],[-88.07501,41.52795],[-88.08305,41.52781],[-88.08266,41.52105],[-88.08145,41.52045],[-88.0815,41.52212],[-88.07961,41.52224],[-88.07944,41.52315]]}},{"type":"Feature","properties":{"route":"509","name":"Joliet-Fairmont","status":"tracked","trips":751,"low_pct":2.53,"high_pct":5.73},"geometry":{"type":"LineString","coordinates":[[-88.07986,41.52262],[-88.08,41.5222],[-88.0815,41.52212],[-88.08155,41.52403],[-88.08016,41.52424],[-88.0801,41.52502],[-88.0731,41.52477],[-88.07272,41.52556],[-88.07262,41.52791],[-88.07255,41.53068],[-88.07255,41.53162],[-88.07207,41.53163],[-88.06892,41.53166],[-88.06419,41.53174],[-88.06425,41.53401],[-88.06436,41.53741],[-88.06437,41.53779],[-88.06438,41.53828],[-88.06438,41.53834],[-88.0644,41.53851],[-88.06444,41.53857],[-88.06464,41.53885],[-88.06468,41.53891],[-88.06472,41.53904],[-88.06474,41.53979],[-88.06476,41.5407],[-88.06478,41.54152],[-88.06478,41.54161],[-88.06481,41.54252],[-88.06283,41.54256],[-88.06287,41.54398],[-88.06288,41.54467],[-88.06288,41.54477],[-88.06293,41.54619],[-88.05336,41.54634],[-88.05096,41.5464],[-88.0495,41.54643],[-88.04856,41.54644],[-88.04841,41.54644],[-88.0483,41.54711],[-88.04742,41.54746],[-88.04731,41.5476],[-88.04733,41.54858],[-88.04774,41.5487],[-88.04901,41.54863],[-88.04938,41.54841],[-88.05001,41.54791],[-88.05098,41.54782],[-88.05338,41.54777],[-88.05339,41.54809],[-88.05339,41.54839],[-88.0534,41.54848],[-88.05702,41.54842],[-88.05812,41.54841],[-88.05879,41.5484],[-88.05891,41.55248],[-88.05914,41.55478],[-88.05917,41.55627],[-88.06038,41.55624],[-88.06155,41.55623],[-88.06343,41.55619],[-88.06343,41.55696],[-88.06351,41.55961],[-88.07035,41.55952],[-88.06876,41.56392],[-88.06828,41.56764],[-88.06369,41.5677],[-88.06351,41.56139],[-88.06353,41.56024],[-88.06343,41.55696],[-88.06343,41.55648],[-88.06343,41.55619],[-88.06038,41.55624],[-88.05974,41.55626],[-88.05917,41.55627],[-88.05891,41.55248],[-88.05884,41.55048],[-88.05879,41.5484],[-88.05822,41.54841],[-88.05812,41.54841],[-88.0534,41.54848],[-88.05338,41.54777],[-88.05216,41.5478],[-88.05098,41.54782],[-88.04901,41.54863],[-88.0488,41.54867],[-88.04774,41.5487],[-88.04745,41.54867],[-88.04733,41.54858],[-88.0473,41.54769],[-88.04731,41.5476],[-88.0483,41.54711],[-88.04841,41.5469],[-88.04841,41.54644],[-88.0495,41.54643],[-88.05079,41.5464],[-88.05096,41.5464],[-88.05214,41.54637],[-88.05336,41.54634],[-88.06189,41.54622],[-88.06293,41.54619],[-88.06283,41.54256],[-88.06406,41.54254],[-88.06481,41.54252],[-88.06438,41.53834],[-88.06436,41.53741],[-88.06419,41.53174],[-88.06718,41.5317],[-88.06892,41.53166],[-88.07255,41.53162],[-88.07262,41.52791],[-88.08305,41.52781],[-88.08274,41.52116],[-88.08145,41.52045],[-88.0815,41.52212],[-88.08011,41.52217],[-88.07957,41.52227],[-88.07956,41.52373],[-88.07986,41.52262]]}},{"type":"Feature","properties":{"route":"511","name":"Joliet- Elwood -Centerpoint","status":"not on tracker"},"geometry":{"type":"LineString","coordinates":[[-88.11855,41.40433],[-88.11733,41.40395],[-88.10673,41.40414],[-88.10579,41.40459],[-88.10456,41.40663],[-88.10348,41.40661],[-88.10245,41.4058],[-88.08478,41.4181],[-88.08116,41.42223],[-88.07921,41.42627],[-88.07844,41.43092],[-88.07936,41.46256],[-88.08108,41.50944],[-88.08223,41.51262],[-88.08117,41.51498],[-88.0815,41.52212],[-88.08011,41.52217],[-88.07957,41.52227],[-88.07956,41.52373],[-88.07992,41.52223],[-88.0815,41.52212],[-88.08155,41.52403],[-88.08296,41.52401],[-88.08281,41.52133],[-88.08164,41.52007],[-88.08142,41.5187],[-88.08133,41.51498],[-88.08234,41.51275],[-88.08107,41.50862],[-88.07929,41.45162],[-88.10839,41.45101],[-88.1084,41.45141],[-88.10849,41.45217],[-88.10851,41.45248],[-88.10795,41.45329],[-88.1076,41.45298],[-88.10265,41.45485],[-88.10141,41.453],[-88.10557,41.45141],[-88.10732,41.4514],[-88.10849,41.45217],[-88.10839,41.45101],[-88.11439,41.4509],[-88.11835,41.45177],[-88.11926,41.45067],[-88.12059,41.45015],[-88.12558,41.45041],[-88.12689,41.44978],[-88.12943,41.44742],[-88.13506,41.4459],[-88.14043,41.4454],[-88.14554,41.44299],[-88.14711,41.44298],[-88.14733,41.44623],[-88.14689,41.44653],[-88.14735,41.44677],[-88.14714,41.44039],[-88.14676,41.43347],[-88.14647,41.42276],[-88.14622,41.41835],[-88.14555,41.41537],[-88.14615,41.41197],[-88.14605,41.40662],[-88.12208,41.40736],[-88.11998,41.40642],[-88.11855,41.40433]]}},{"type":"Feature","properties":{"route":"512","name":"Joliet - Centerpoint","status":"not on tracker"},"geometry":{"type":"LineString","coordinates":[[-88.14696,41.44641],[-88.14735,41.44677],[-88.14733,41.44623],[-88.1473,41.44533],[-88.14726,41.44417],[-88.14722,41.44323],[-88.14721,41.44286],[-88.14689,41.44286],[-88.14656,41.44286],[-88.14597,41.44292],[-88.14463,41.44334],[-88.14196,41.44492],[-88.14043,41.4454],[-88.13862,41.44565],[-88.13506,41.4459],[-88.12943,41.44742],[-88.12871,41.44788],[-88.1273,41.44938],[-88.12689,41.44978],[-88.12576,41.45036],[-88.12445,41.45049],[-88.12082,41.45011],[-88.1188,41.45105],[-88.11829,41.45217],[-88.11887,41.46439],[-88.11814,41.46825],[-88.11862,41.47974],[-88.11141,41.48003],[-88.10724,41.4826],[-88.10183,41.48299],[-88.09888,41.48275],[-88.09607,41.48092],[-88.09432,41.4804],[-88.08307,41.48067],[-88.08051,41.48076],[-88.08028,41.48076],[-88.08006,41.48077],[-88.08108,41.50944],[-88.08223,41.51268],[-88.08117,41.51498],[-88.0815,41.52212],[-88.08011,41.52217],[-88.07957,41.52227],[-88.07951,41.52371],[-88.07992,41.52223],[-88.0815,41.52212],[-88.08155,41.52403],[-88.08296,41.52401],[-88.08281,41.52133],[-88.08164,41.52007],[-88.08142,41.5187],[-88.08133,41.51498],[-88.08234,41.51275],[-88.08107,41.50862],[-88.08071,41.49288],[-88.08044,41.48482],[-88.08042,41.48439],[-88.08032,41.48167],[-88.08029,41.48102],[-88.08028,41.48076],[-88.08028,41.48056],[-88.08023,41.47946],[-88.07976,41.46602],[-88.07953,41.46108],[-88.07929,41.45162],[-88.10839,41.45101],[-88.1084,41.45141],[-88.10849,41.45217],[-88.10851,41.45248],[-88.10795,41.45329],[-88.1076,41.45298],[-88.10265,41.45485],[-88.10141,41.453],[-88.10557,41.45141],[-88.10732,41.4514],[-88.10849,41.45217],[-88.10839,41.45101],[-88.11439,41.4509],[-88.11835,41.45177],[-88.11874,41.45113],[-88.1188,41.45105],[-88.1189,41.45095],[-88.119,41.45086],[-88.11926,41.45067],[-88.12059,41.45015],[-88.12082,41.45011],[-88.12113,41.45009],[-88.12175,41.45012],[-88.12445,41.45049],[-88.12558,41.45041],[-88.12576,41.45036],[-88.12611,41.45025],[-88.12628,41.45017],[-88.12689,41.44978],[-88.12943,41.44742],[-88.13021,41.44717],[-88.13506,41.4459],[-88.14043,41.4454],[-88.14183,41.44496],[-88.14196,41.44492],[-88.14311,41.44434],[-88.14463,41.44334],[-88.14554,41.44299],[-88.14597,41.44292],[-88.1463,41.44288],[-88.14656,41.44286],[-88.14684,41.44286],[-88.14689,41.44286],[-88.14722,41.44323],[-88.14733,41.44623],[-88.14696,41.44641]]}},{"type":"Feature","properties":{"route":"524","name":"West Aurora","status":"tracked","trips":563,"low_pct":0.36,"high_pct":0.71},"geometry":{"type":"LineString","coordinates":[[-88.37043,41.80431],[-88.37151,41.80467],[-88.37175,41.80407],[-88.37191,41.80363],[-88.37194,41.80355],[-88.37198,41.80339],[-88.37198,41.8025],[-88.37204,41.80208],[-88.37419,41.80208],[-88.37499,41.79995],[-88.37559,41.79696],[-88.37559,41.78817],[-88.37549,41.7872],[-88.37539,41.78721],[-88.37452,41.78721],[-88.3744,41.78716],[-88.3724,41.78718],[-88.36907,41.78718],[-88.36908,41.7888],[-88.36907,41.7904],[-88.36908,41.79231],[-88.37262,41.7919],[-88.37295,41.79141],[-88.37294,41.79095],[-88.37281,41.79024],[-88.37299,41.78947],[-88.373,41.78908],[-88.37285,41.78868],[-88.37236,41.78784],[-88.3723,41.78727],[-88.3744,41.78726],[-88.37452,41.78721],[-88.37513,41.7872],[-88.37539,41.78721],[-88.37549,41.7872],[-88.37559,41.7872],[-88.37545,41.78096],[-88.37536,41.78096],[-88.375,41.78096],[-88.37294,41.78095],[-88.37246,41.78095],[-88.37137,41.78096],[-88.37122,41.78095],[-88.37088,41.78095],[-88.35939,41.78101],[-88.3578,41.78104],[-88.35707,41.78105],[-88.35291,41.7811],[-88.34975,41.78111],[-88.3497,41.76317],[-88.34633,41.76287],[-88.3465,41.76167],[-88.34688,41.7592],[-88.34685,41.75214],[-88.34459,41.75218],[-88.34459,41.75208],[-88.34459,41.75174],[-88.34453,41.75005],[-88.34456,41.74917],[-88.34456,41.74597],[-88.34451,41.74493],[-88.3383,41.74499],[-88.33645,41.74562],[-88.33604,41.74608],[-88.33581,41.74615],[-88.33003,41.74378],[-88.32963,41.74435],[-88.32747,41.75019],[-88.32551,41.75245],[-88.32379,41.75379],[-88.32249,41.75478],[-88.31753,41.75853],[-88.31751,41.75855],[-88.31687,41.75906],[-88.31288,41.75704],[-88.31234,41.75761],[-88.31155,41.75849],[-88.31134,41.75874],[-88.31078,41.75931],[-88.31015,41.76004],[-88.30916,41.7619],[-88.30777,41.76144],[-88.3067,41.76329],[-88.30834,41.76378],[-88.31015,41.76004],[-88.31041,41.75972],[-88.31078,41.75931],[-88.31095,41.75913],[-88.31134,41.75874],[-88.31192,41.75808],[-88.31586,41.75991],[-88.31753,41.75853],[-88.32551,41.75245],[-88.32621,41.75175],[-88.32747,41.75019],[-88.33003,41.74378],[-88.33494,41.74591],[-88.33581,41.74615],[-88.33729,41.74457],[-88.33824,41.74497],[-88.3383,41.74499],[-88.3384,41.74502],[-88.33849,41.74503],[-88.34451,41.74493],[-88.34455,41.74543],[-88.34456,41.74597],[-88.34453,41.75005],[-88.34459,41.75218],[-88.34541,41.75216],[-88.34685,41.75214],[-88.3469,41.75763],[-88.34688,41.7592],[-88.34633,41.76287],[-88.3478,41.763],[-88.3497,41.76317],[-88.34979,41.77422],[-88.34975,41.78111],[-88.35939,41.78101],[-88.36366,41.781],[-88.37088,41.78095],[-88.37137,41.78096],[-88.37294,41.78095],[-88.37536,41.78096],[-88.37539,41.78721],[-88.3744,41.78716],[-88.36907,41.78718],[-88.36907,41.78728],[-88.36908,41.7888],[-88.36908,41.79231],[-88.37168,41.79228],[-88.37262,41.7919],[-88.37283,41.79167],[-88.37295,41.79141],[-88.373,41.78908],[-88.37236,41.78784],[-88.37233,41.78772],[-88.3723,41.78727],[-88.37262,41.78727],[-88.3744,41.78726],[-88.37539,41.78721],[-88.3754,41.79654],[-88.37497,41.79947],[-88.37405,41.80192],[-88.37191,41.80193],[-88.37193,41.80358],[-88.37093,41.80338],[-88.37043,41.80431]]}},{"type":"Feature","properties":{"route":"530","name":"West Galena - Naperville","status":"tracked","trips":1227,"low_pct":0.08,"high_pct":0.08},"geometry":{"type":"LineString","coordinates":[[-88.3717,41.76595],[-88.37038,41.76586],[-88.37039,41.76536],[-88.37037,41.76491],[-88.37038,41.76479],[-88.32041,41.76061],[-88.31288,41.75704],[-88.31234,41.75761],[-88.31203,41.75795],[-88.31192,41.75808],[-88.31161,41.75843],[-88.31155,41.75849],[-88.31134,41.75874],[-88.31078,41.75931],[-88.31015,41.76004],[-88.3098,41.7606],[-88.30916,41.7619],[-88.30867,41.76183],[-88.30777,41.76144],[-88.30671,41.76319],[-88.3067,41.76329],[-88.30834,41.76378],[-88.30885,41.76272],[-88.30895,41.7625],[-88.30977,41.76091],[-88.30988,41.76058],[-88.31015,41.76004],[-88.31041,41.75972],[-88.31078,41.75931],[-88.31095,41.75913],[-88.31134,41.75874],[-88.31192,41.75808],[-88.31104,41.7576],[-88.30975,41.75696],[-88.30801,41.75602],[-88.30588,41.75496],[-88.29462,41.75329],[-88.29409,41.75333],[-88.28176,41.75622],[-88.27556,41.75773],[-88.27429,41.75807],[-88.27338,41.75835],[-88.27311,41.75845],[-88.27136,41.75901],[-88.27064,41.75924],[-88.27008,41.75943],[-88.2685,41.75993],[-88.26762,41.76012],[-88.26225,41.7605],[-88.25861,41.76028],[-88.25654,41.75981],[-88.25584,41.75965],[-88.25414,41.75924],[-88.25355,41.75908],[-88.25334,41.75904],[-88.25317,41.75899],[-88.25164,41.75883],[-88.25026,41.75874],[-88.24965,41.75876],[-88.24313,41.75923],[-88.24345,41.75545],[-88.24194,41.75537],[-88.23838,41.75562],[-88.23552,41.7546],[-88.23441,41.75435],[-88.22406,41.75441],[-88.2144,41.75484],[-88.2144,41.75498],[-88.21438,41.75531],[-88.21415,41.75576],[-88.21286,41.75556],[-88.21319,41.75618],[-88.21342,41.75754],[-88.21348,41.75763],[-88.2172,41.75765],[-88.21614,41.75666],[-88.21498,41.75603],[-88.21462,41.7559],[-88.2143,41.7558],[-88.21415,41.75576],[-88.2139,41.75569],[-88.21387,41.75568],[-88.21349,41.75537],[-88.21342,41.7556],[-88.21316,41.75557],[-88.21286,41.75556],[-88.21276,41.75556],[-88.21224,41.7556],[-88.21001,41.75616],[-88.20983,41.75583],[-88.2097,41.75548],[-88.20965,41.75537],[-88.20587,41.75583],[-88.20586,41.75844],[-88.20585,41.75873],[-88.20585,41.75919],[-88.20584,41.75939],[-88.20584,41.75948],[-88.20581,41.76101],[-88.20384,41.76098],[-88.20383,41.76249],[-88.20127,41.76273],[-88.20117,41.76274],[-88.19942,41.76288],[-88.19891,41.76292],[-88.19605,41.76317],[-88.19485,41.76334],[-88.17204,41.76712],[-88.17005,41.7673],[-88.16627,41.76756],[-88.16191,41.76804],[-88.16137,41.76808],[-88.15896,41.76809],[-88.15892,41.76728],[-88.15886,41.76691],[-88.15805,41.76299],[-88.15793,41.76299],[-88.15332,41.76302],[-88.15304,41.76137],[-88.15388,41.76001],[-88.1513,41.76006],[-88.15056,41.75993],[-88.14881,41.76044],[-88.14922,41.7629],[-88.14839,41.76985],[-88.14824,41.77058],[-88.14797,41.77162],[-88.14794,41.77187],[-88.14776,41.77512],[-88.1451,41.77504],[-88.14487,41.77952],[-88.14619,41.77949],[-88.14639,41.77509],[-88.14776,41.77512],[-88.14927,41.76284],[-88.14881,41.76044],[-88.14974,41.76014],[-88.15056,41.75993],[-88.15388,41.76001],[-88.15381,41.76058],[-88.15304,41.76137],[-88.15328,41.76205],[-88.15332,41.76302],[-88.15507,41.76301],[-88.15793,41.76299],[-88.15896,41.76809],[-88.16191,41.76804],[-88.16365,41.76787],[-88.16627,41.76756],[-88.17204,41.76712],[-88.19528,41.76338],[-88.20118,41.76284],[-88.20117,41.76274],[-88.20117,41.76259],[-88.20121,41.76224],[-88.20246,41.76221],[-88.20247,41.76099],[-88.20384,41.76098],[-88.20493,41.75921],[-88.20508,41.75921],[-88.20555,41.75919],[-88.20585,41.75919],[-88.20591,41.75918],[-88.2061,41.75918],[-88.20611,41.75623],[-88.20646,41.75594],[-88.20954,41.75551],[-88.20987,41.75621],[-88.21286,41.75556],[-88.21295,41.75577],[-88.21319,41.75618],[-88.21348,41.75763],[-88.21443,41.75793],[-88.2172,41.75765],[-88.21621,41.7567],[-88.21614,41.75666],[-88.21608,41.75662],[-88.21594,41.75653],[-88.21582,41.75646],[-88.21549,41.75627],[-88.21498,41.75603],[-88.21476,41.75595],[-88.21462,41.7559],[-88.2143,41.7558],[-88.21423,41.75578],[-88.21415,41.75576],[-88.2139,41.75569],[-88.21387,41.75568],[-88.21394,41.75547],[-88.21349,41.75537],[-88.21342,41.7556],[-88.21316,41.75557],[-88.21286,41.75556],[-88.21276,41.75556],[-88.21244,41.75558],[-88.21224,41.7556],[-88.21063,41.75596],[-88.21001,41.75616],[-88.2097,41.75548],[-88.21292,41.75504],[-88.21417,41.75498],[-88.2144,41.75498],[-88.21455,41.75498],[-88.21655,41.75491],[-88.22007,41.75482],[-88.22396,41.75453],[-88.23435,41.75442],[-88.23859,41.75575],[-88.24327,41.75555],[-88.24298,41.75939],[-88.25164,41.75883],[-88.25861,41.76028],[-88.2608,41.76044],[-88.26225,41.7605],[-88.26603,41.76034],[-88.26762,41.76012],[-88.26838,41.75995],[-88.2685,41.75993],[-88.27556,41.75773],[-88.29462,41.75329],[-88.30212,41.75437],[-88.30588,41.75496],[-88.30614,41.75506],[-88.30801,41.75602],[-88.30906,41.75658],[-88.30975,41.75696],[-88.31057,41.75738],[-88.3106,41.75742],[-88.31192,41.75808],[-88.31176,41.75826],[-88.31161,41.75843],[-88.31155,41.75849],[-88.31134,41.75874],[-88.3113,41.75877],[-88.31119,41.75888],[-88.31095,41.75913],[-88.31078,41.75931],[-88.31041,41.75972],[-88.31024,41.75993],[-88.31015,41.76004],[-88.30916,41.7619],[-88.30779,41.76142],[-88.30777,41.76144],[-88.30716,41.76247],[-88.30671,41.76319],[-88.30834,41.76378],[-88.30977,41.76091],[-88.31015,41.76004],[-88.31023,41.75994],[-88.31024,41.75993],[-88.31041,41.75972],[-88.31078,41.75931],[-88.31095,41.75913],[-88.3113,41.75877],[-88.31134,41.75874],[-88.31155,41.75849],[-88.31192,41.75808],[-88.3197,41.76164],[-88.32123,41.76179],[-88.32139,41.7607],[-88.33985,41.76236],[-88.33926,41.76681],[-88.36168,41.76651],[-88.36171,41.76825],[-88.36469,41.76845],[-88.36825,41.77016],[-88.37024,41.76797],[-88.37037,41.76491],[-88.37374,41.76518],[-88.37359,41.76589],[-88.3717,41.76595]]}},{"type":"Feature","properties":{"route":"533","name":"Northeast Aurora","status":"tracked","trips":1270,"low_pct":0.16,"high_pct":0.16},"geometry":{"type":"LineString","coordinates":[[-88.30715,41.76249],[-88.30674,41.76335],[-88.30834,41.76378],[-88.31095,41.75913],[-88.30881,41.75798],[-88.30755,41.75737],[-88.30598,41.75651],[-88.30482,41.75774],[-88.30463,41.75913],[-88.3008,41.75871],[-88.2999,41.76408],[-88.29127,41.764],[-88.29128,41.76617],[-88.29137,41.7682],[-88.29135,41.76912],[-88.29135,41.76944],[-88.29136,41.76988],[-88.29137,41.77101],[-88.29138,41.77129],[-88.29138,41.77132],[-88.29138,41.77144],[-88.29138,41.77156],[-88.29137,41.77186],[-88.29136,41.77213],[-88.29137,41.77248],[-88.29136,41.77308],[-88.29136,41.7745],[-88.29135,41.77557],[-88.29134,41.77602],[-88.29135,41.77615],[-88.28702,41.77772],[-88.28176,41.77778],[-88.28204,41.8025],[-88.27847,41.80271],[-88.2781,41.80237],[-88.27806,41.80164],[-88.27779,41.80112],[-88.27775,41.80104],[-88.2769,41.7995],[-88.2759,41.79973],[-88.27602,41.7999],[-88.27626,41.80003],[-88.27654,41.80052],[-88.27648,41.8009],[-88.27657,41.80107],[-88.27779,41.80112],[-88.27806,41.80164],[-88.27806,41.80217],[-88.2781,41.80237],[-88.27828,41.80262],[-88.27847,41.80271],[-88.27867,41.80277],[-88.27879,41.80277],[-88.2802,41.80276],[-88.28046,41.80282],[-88.2807,41.80303],[-88.28074,41.80331],[-88.28074,41.8038],[-88.28085,41.80396],[-88.28206,41.80407],[-88.28174,41.80637],[-88.27964,41.81063],[-88.27947,41.81329],[-88.27976,41.81325],[-88.27982,41.81324],[-88.28105,41.81307],[-88.28193,41.81295],[-88.28214,41.813],[-88.28247,41.81452],[-88.28407,41.81467],[-88.28087,41.8147],[-88.28126,41.81715],[-88.27988,41.81721],[-88.27982,41.81477],[-88.27978,41.81395],[-88.27976,41.8134],[-88.27976,41.81325],[-88.27976,41.81317],[-88.27973,41.81277],[-88.27977,41.8108],[-88.28189,41.80634],[-88.28222,41.80406],[-88.28085,41.80396],[-88.28077,41.80388],[-88.28074,41.8038],[-88.28073,41.80372],[-88.28074,41.80331],[-88.28073,41.8032],[-88.28071,41.80308],[-88.2807,41.80303],[-88.28069,41.80301],[-88.2806,41.80289],[-88.28056,41.80286],[-88.28046,41.80282],[-88.28037,41.80278],[-88.2802,41.80276],[-88.2801,41.80276],[-88.27867,41.80277],[-88.27856,41.80274],[-88.27847,41.80271],[-88.27837,41.80267],[-88.27828,41.80262],[-88.27814,41.80247],[-88.2781,41.80237],[-88.27808,41.8023],[-88.27806,41.80217],[-88.27806,41.80164],[-88.27779,41.80112],[-88.27775,41.80104],[-88.27701,41.79968],[-88.2769,41.7995],[-88.27676,41.79941],[-88.2759,41.79973],[-88.27626,41.80003],[-88.27646,41.80035],[-88.27654,41.80052],[-88.27657,41.80107],[-88.27666,41.80112],[-88.27779,41.80112],[-88.27806,41.80164],[-88.27806,41.80217],[-88.27808,41.8023],[-88.2781,41.80237],[-88.27814,41.80247],[-88.27819,41.80253],[-88.27828,41.80262],[-88.27837,41.80267],[-88.27847,41.80271],[-88.27856,41.80274],[-88.27867,41.80277],[-88.27879,41.80277],[-88.2801,41.80276],[-88.2802,41.80276],[-88.2803,41.80277],[-88.28037,41.80278],[-88.28046,41.80282],[-88.28056,41.80286],[-88.2806,41.80289],[-88.28063,41.80291],[-88.28066,41.80294],[-88.28181,41.80277],[-88.2822,41.80333],[-88.28176,41.77778],[-88.2865,41.77774],[-88.28702,41.77772],[-88.28814,41.77736],[-88.29135,41.77615],[-88.29134,41.77609],[-88.29134,41.77602],[-88.29134,41.77582],[-88.29135,41.77557],[-88.29136,41.77308],[-88.29136,41.77274],[-88.29137,41.77248],[-88.29137,41.77186],[-88.29138,41.77132],[-88.29135,41.76944],[-88.29137,41.7682],[-88.29127,41.764],[-88.2985,41.76395],[-88.2999,41.76408],[-88.3006,41.75978],[-88.3008,41.75871],[-88.30317,41.75896],[-88.30463,41.75913],[-88.30479,41.75783],[-88.30482,41.75774],[-88.305,41.75748],[-88.30598,41.75651],[-88.30742,41.75729],[-88.30755,41.75737],[-88.31095,41.75913],[-88.30916,41.7619],[-88.30782,41.76141],[-88.30715,41.76249]]}},{"type":"Feature","properties":{"route":"540","name":"Farnsworth Avenue","status":"not on tracker"},"geometry":{"type":"LineString","coordinates":[[-88.28098,41.8147],[-88.28126,41.81715],[-88.27988,41.81721],[-88.27982,41.81477],[-88.27978,41.81395],[-88.27976,41.8134],[-88.27976,41.81325],[-88.27976,41.81317],[-88.27973,41.81277],[-88.27979,41.81067],[-88.2818,41.80658],[-88.28222,41.80462],[-88.2817,41.77323],[-88.28251,41.76995],[-88.28237,41.76914],[-88.28164,41.76668],[-88.28163,41.76649],[-88.28163,41.76622],[-88.28156,41.75944],[-88.28154,41.75826],[-88.28151,41.75733],[-88.28152,41.75713],[-88.28152,41.75707],[-88.28152,41.75699],[-88.28152,41.75679],[-88.28152,41.75674],[-88.28177,41.75633],[-88.29119,41.75403],[-88.29113,41.74987],[-88.2882,41.74972],[-88.28819,41.74937],[-88.28819,41.7491],[-88.28819,41.74894],[-88.28819,41.74882],[-88.28817,41.74821],[-88.28816,41.74732],[-88.28813,41.74605],[-88.28623,41.74606],[-88.28426,41.7461],[-88.28397,41.7461],[-88.2838,41.74611],[-88.28216,41.74612],[-88.2766,41.7462],[-88.27585,41.74623],[-88.27399,41.74627],[-88.27392,41.74467],[-88.27333,41.74365],[-88.2732,41.74335],[-88.27318,41.74113],[-88.27357,41.74037],[-88.27366,41.74002],[-88.27365,41.7398],[-88.27365,41.73902],[-88.27364,41.73874],[-88.27359,41.73856],[-88.27357,41.73848],[-88.27138,41.73376],[-88.27008,41.7326],[-88.26806,41.73164],[-88.26669,41.73122],[-88.2676,41.73058],[-88.26758,41.72982],[-88.26787,41.73053],[-88.26669,41.73122],[-88.27008,41.7326],[-88.27075,41.73312],[-88.27138,41.73376],[-88.27185,41.73446],[-88.27357,41.73848],[-88.27364,41.73874],[-88.27365,41.7398],[-88.27366,41.74002],[-88.27318,41.74113],[-88.27316,41.74218],[-88.2732,41.74335],[-88.27392,41.74467],[-88.27395,41.74503],[-88.27399,41.74627],[-88.28813,41.74605],[-88.2882,41.74972],[-88.28837,41.74972],[-88.29113,41.74987],[-88.29119,41.75233],[-88.29119,41.75403],[-88.28153,41.75628],[-88.28153,41.75639],[-88.28152,41.75674],[-88.28152,41.75679],[-88.28152,41.75695],[-88.28152,41.75699],[-88.28152,41.75713],[-88.28152,41.75723],[-88.28151,41.75733],[-88.28156,41.75944],[-88.28164,41.76668],[-88.2824,41.77009],[-88.28168,41.77242],[-88.28207,41.80463],[-88.28165,41.80659],[-88.27969,41.81047],[-88.27947,41.81329],[-88.27976,41.81325],[-88.27982,41.81324],[-88.28002,41.81321],[-88.28249,41.81287],[-88.28378,41.81271],[-88.28408,41.8146],[-88.28098,41.8147]]}},{"type":"Feature","properties":{"route":"541","name":"Northeast Elgin","status":"tracked","trips":1192,"low_pct":0.17,"high_pct":2.1},"geometry":{"type":"LineString","coordinates":[[-88.28671,42.03719],[-88.28647,42.03679],[-88.28404,42.03726],[-88.28402,42.03819],[-88.284,42.03907],[-88.28395,42.04047],[-88.28397,42.04182],[-88.28687,42.04183],[-88.28684,42.04378],[-88.28395,42.04374],[-88.28394,42.05326],[-88.27964,42.05329],[-88.27963,42.05693],[-88.26184,42.05683],[-88.26178,42.05402],[-88.26064,42.05277],[-88.26156,42.05141],[-88.26084,42.04987],[-88.2612,42.04871],[-88.25535,42.04898],[-88.2543,42.04844],[-88.2518,42.04854],[-88.2515,42.04649],[-88.26771,42.0464],[-88.26762,42.04079],[-88.28017,42.0408],[-88.28101,42.03957],[-88.28104,42.03815],[-88.28253,42.03818],[-88.28402,42.03819],[-88.2852,42.03821],[-88.28531,42.0382],[-88.28705,42.03753],[-88.28671,42.03719]]}},{"type":"Feature","properties":{"route":"542","name":"Bluff City","status":"tracked","trips":1171,"low_pct":2.99,"high_pct":9.05},"geometry":{"type":"LineString","coordinates":[[-88.28688,42.03719],[-88.28647,42.03679],[-88.28255,42.03727],[-88.28267,42.03536],[-88.28246,42.03504],[-88.28196,42.0345],[-88.28166,42.03416],[-88.27777,42.03025],[-88.27494,42.03095],[-88.27252,42.02658],[-88.27242,42.01915],[-88.26731,42.01921],[-88.2674,42.02264],[-88.26802,42.02512],[-88.26803,42.02666],[-88.26802,42.02794],[-88.26802,42.02815],[-88.268,42.02921],[-88.26369,42.02923],[-88.26038,42.02814],[-88.2604,42.02667],[-88.26803,42.02666],[-88.26802,42.0277],[-88.26802,42.02794],[-88.268,42.03052],[-88.27362,42.03198],[-88.27777,42.03025],[-88.28267,42.03536],[-88.28259,42.03542],[-88.28253,42.03818],[-88.28531,42.0382],[-88.28705,42.03753],[-88.28688,42.03719]]}},{"type":"Feature","properties":{"route":"543","name":"Dundee-Carpentersville","status":"tracked","trips":787,"low_pct":0.13,"high_pct":0.76},"geometry":{"type":"LineString","coordinates":[[-88.28671,42.03719],[-88.28647,42.03679],[-88.28511,42.03725],[-88.28096,42.03726],[-88.28095,42.0397],[-88.27757,42.04465],[-88.27751,42.04473],[-88.27499,42.04749],[-88.27036,42.05339],[-88.26771,42.05317],[-88.26762,42.05645],[-88.26635,42.05955],[-88.26494,42.06363],[-88.26135,42.06902],[-88.26019,42.07152],[-88.25818,42.08143],[-88.25786,42.08433],[-88.2579,42.10443],[-88.24903,42.10532],[-88.24907,42.11008],[-88.24907,42.11065],[-88.24908,42.11185],[-88.24908,42.1123],[-88.24909,42.1127],[-88.24904,42.11297],[-88.24901,42.11303],[-88.24888,42.11317],[-88.24884,42.11322],[-88.24881,42.11332],[-88.2488,42.11424],[-88.24922,42.11487],[-88.25065,42.1151],[-88.25877,42.11488],[-88.25892,42.11488],[-88.25906,42.11488],[-88.25924,42.11488],[-88.2603,42.1149],[-88.26135,42.11502],[-88.262,42.11453],[-88.2642,42.11622],[-88.26449,42.11836],[-88.26275,42.12129],[-88.25802,42.12105],[-88.25805,42.11841],[-88.25942,42.11842],[-88.25906,42.11488],[-88.25812,42.11509],[-88.25065,42.1151],[-88.24987,42.11508],[-88.24922,42.11487],[-88.24885,42.11445],[-88.2488,42.11424],[-88.24881,42.1142],[-88.24881,42.11332],[-88.24882,42.11327],[-88.24884,42.11322],[-88.24901,42.11303],[-88.24904,42.11297],[-88.24909,42.11281],[-88.24909,42.1127],[-88.24909,42.11266],[-88.24908,42.1123],[-88.24903,42.10532],[-88.25805,42.10453],[-88.25797,42.08425],[-88.26032,42.07154],[-88.26132,42.06935],[-88.26448,42.06486],[-88.2677,42.05678],[-88.26837,42.05594],[-88.26938,42.05459],[-88.27036,42.05339],[-88.27433,42.04828],[-88.27499,42.04749],[-88.27757,42.04465],[-88.27961,42.04161],[-88.28095,42.0397],[-88.28104,42.03815],[-88.28531,42.0382],[-88.28705,42.03753],[-88.28671,42.03719]]}},{"type":"Feature","properties":{"route":"546","name":"Orange-Walnut","status":"not on tracker"},"geometry":{"type":"LineString","coordinates":[[-88.31726,42.0276],[-88.31337,42.02783],[-88.31305,42.02943],[-88.31184,42.02942],[-88.31203,42.02579],[-88.31054,42.02577],[-88.30889,42.02577],[-88.3065,42.02582],[-88.30007,42.02856],[-88.29152,42.02881],[-88.29168,42.03205],[-88.28673,42.03362],[-88.28787,42.03514],[-88.2891,42.0346],[-88.29057,42.03652],[-88.28787,42.03722],[-88.28742,42.03663],[-88.28733,42.03643],[-88.28647,42.03679],[-88.28705,42.03753],[-88.28787,42.03722],[-88.28275,42.02902],[-88.28264,42.02491],[-88.3013,42.0253],[-88.30129,42.02803],[-88.3063,42.02583],[-88.3065,42.02582],[-88.30688,42.02581],[-88.30889,42.02577],[-88.31418,42.02576],[-88.31416,42.02505],[-88.31531,42.02492],[-88.31703,42.02564],[-88.31726,42.0276]]}},{"type":"Feature","properties":{"route":"547","name":"Wing Park","status":"tracked","trips":1087,"low_pct":0.0,"high_pct":0.46},"geometry":{"type":"LineString","coordinates":[[-88.31948,42.05684],[-88.32134,42.05481],[-88.32133,42.05204],[-88.3155,42.05265],[-88.31537,42.05176],[-88.31378,42.04971],[-88.31138,42.04905],[-88.30462,42.04742],[-88.30459,42.04059],[-88.30256,42.04031],[-88.30055,42.04033],[-88.29928,42.04032],[-88.29693,42.04031],[-88.29675,42.04031],[-88.29561,42.04031],[-88.29529,42.0403],[-88.29374,42.04031],[-88.29113,42.04133],[-88.28955,42.03941],[-88.28787,42.03722],[-88.28742,42.03663],[-88.28733,42.03643],[-88.28647,42.03679],[-88.28705,42.03753],[-88.28787,42.03722],[-88.28895,42.03675],[-88.28925,42.03667],[-88.29095,42.03651],[-88.29671,42.03748],[-88.29674,42.03894],[-88.29675,42.04031],[-88.29675,42.04147],[-88.29674,42.04235],[-88.29675,42.04245],[-88.29756,42.04564],[-88.30124,42.04658],[-88.30731,42.04809],[-88.30744,42.04946],[-88.30917,42.05031],[-88.30928,42.05169],[-88.30834,42.05313],[-88.3071,42.0537],[-88.30688,42.0546],[-88.31397,42.0553],[-88.31444,42.05283],[-88.31667,42.05268],[-88.31692,42.05559],[-88.31813,42.05654],[-88.31948,42.05684]]}},{"type":"Feature","properties":{"route":"548","name":"Highland","status":"tracked","trips":1089,"low_pct":0.0,"high_pct":0.46},"geometry":{"type":"LineString","coordinates":[[-88.3278,42.03497],[-88.32855,42.03543],[-88.32766,42.03729],[-88.32288,42.03735],[-88.32342,42.03915],[-88.32312,42.04136],[-88.31439,42.04013],[-88.31196,42.03977],[-88.31187,42.03976],[-88.31148,42.0397],[-88.31067,42.03958],[-88.30453,42.03864],[-88.30451,42.03456],[-88.29085,42.03499],[-88.28971,42.0354],[-88.29057,42.03652],[-88.28787,42.03722],[-88.28733,42.03643],[-88.28647,42.03679],[-88.28705,42.03753],[-88.28787,42.03722],[-88.28895,42.03675],[-88.28925,42.03667],[-88.29057,42.03652],[-88.29189,42.03654],[-88.29708,42.03754],[-88.2993,42.03785],[-88.30079,42.03809],[-88.30453,42.03864],[-88.30695,42.039],[-88.31187,42.03976],[-88.31188,42.03514],[-88.3166,42.03426],[-88.31669,42.03709],[-88.32113,42.03648],[-88.32163,42.03632],[-88.32044,42.03531],[-88.3203,42.03355],[-88.3265,42.03256],[-88.32659,42.03382],[-88.3278,42.03497]]}},{"type":"Feature","properties":{"route":"549","name":"South Randall","status":"tracked","trips":840,"low_pct":0.6,"high_pct":3.93},"geometry":{"type":"LineString","coordinates":[[-88.33461,42.01088],[-88.33394,42.01096],[-88.33425,42.01045],[-88.33528,42.01044],[-88.33551,42.01049],[-88.33588,42.01052],[-88.33614,42.0107],[-88.33643,42.01714],[-88.33929,42.02194],[-88.3389,42.02518],[-88.33564,42.02519],[-88.33518,42.02521],[-88.33464,42.02523],[-88.33344,42.02524],[-88.33317,42.02523],[-88.32467,42.02539],[-88.32466,42.0199],[-88.32434,42.01982],[-88.32167,42.01985],[-88.32166,42.02082],[-88.31958,42.02083],[-88.31679,42.02084],[-88.31642,42.02084],[-88.31607,42.02084],[-88.31492,42.02085],[-88.31361,42.02086],[-88.31283,42.02088],[-88.31216,42.02091],[-88.31149,42.02126],[-88.31112,42.02136],[-88.31089,42.02134],[-88.31037,42.02128],[-88.30966,42.02111],[-88.30906,42.02108],[-88.30828,42.02063],[-88.30837,42.02113],[-88.31112,42.02136],[-88.31126,42.02134],[-88.31149,42.02126],[-88.31206,42.02093],[-88.31216,42.02091],[-88.31296,42.02088],[-88.31213,42.02278],[-88.31189,42.02442],[-88.31181,42.02687],[-88.31188,42.03514],[-88.30334,42.03679],[-88.30206,42.03707],[-88.29855,42.03775],[-88.29189,42.03654],[-88.28954,42.03662],[-88.28787,42.03722],[-88.28733,42.03643],[-88.28647,42.03679],[-88.28705,42.03753],[-88.28787,42.03722],[-88.28895,42.03675],[-88.28925,42.03667],[-88.28954,42.03662],[-88.28982,42.03658],[-88.29095,42.03651],[-88.29189,42.03654],[-88.29568,42.0373],[-88.29855,42.03775],[-88.31188,42.03514],[-88.31217,42.02354],[-88.31321,42.02087],[-88.31283,42.02088],[-88.31269,42.02089],[-88.31216,42.02091],[-88.31206,42.02093],[-88.31183,42.02103],[-88.31149,42.02126],[-88.31126,42.02134],[-88.31112,42.02136],[-88.30828,42.02063],[-88.30808,42.02088],[-88.30837,42.02113],[-88.30906,42.02108],[-88.30953,42.0211],[-88.30966,42.02111],[-88.30977,42.02113],[-88.31037,42.02128],[-88.31112,42.02136],[-88.31126,42.02134],[-88.31149,42.02126],[-88.31175,42.02109],[-88.31183,42.02103],[-88.31206,42.02093],[-88.31216,42.02091],[-88.31269,42.02089],[-88.31283,42.02088],[-88.31296,42.02088],[-88.31321,42.02087],[-88.31361,42.02086],[-88.31441,42.02086],[-88.31492,42.02085],[-88.31642,42.02084],[-88.31679,42.02084],[-88.31739,42.02083],[-88.31958,42.02083],[-88.31969,42.02083],[-88.32166,42.02082],[-88.32167,42.02002],[-88.32167,42.01985],[-88.32418,42.0198],[-88.32434,42.01982],[-88.32449,42.01985],[-88.32466,42.0199],[-88.32442,42.02128],[-88.32467,42.02539],[-88.33782,42.0252],[-88.33744,42.02788],[-88.34099,42.028],[-88.34155,42.02444],[-88.33905,42.02519],[-88.33934,42.02166],[-88.33654,42.0168],[-88.33635,42.01202],[-88.33634,42.0071],[-88.33634,42.00695],[-88.33632,42.00633],[-88.33632,42.00568],[-88.33619,42.00191],[-88.33732,42.00188],[-88.33746,42.00458],[-88.33912,42.00473],[-88.33904,42.00693],[-88.33785,42.00695],[-88.337,42.00695],[-88.33634,42.00695],[-88.33607,42.00695],[-88.33613,42.01023],[-88.33544,42.01047],[-88.33528,42.01044],[-88.33462,42.01046],[-88.33461,42.01088]]}},{"type":"Feature","properties":{"route":"550","name":"Elgin Transportation Center - Crystal Lake","status":"not on tracker"},"geometry":{"type":"LineString","coordinates":[[-88.31704,42.24389],[-88.31695,42.24339],[-88.3161,42.24333],[-88.31592,42.23496],[-88.31596,42.23301],[-88.31589,42.2263],[-88.32702,42.22628],[-88.32677,42.22582],[-88.32149,42.22136],[-88.3209,42.22072],[-88.31826,42.21834],[-88.31743,42.21762],[-88.31636,42.21676],[-88.31653,42.21589],[-88.31576,42.21358],[-88.31594,42.2119],[-88.32783,42.21126],[-88.33085,42.21058],[-88.33279,42.2097],[-88.33467,42.2083],[-88.33636,42.2062],[-88.33673,42.20524],[-88.33516,42.20025],[-88.33565,42.19618],[-88.33534,42.16755],[-88.33592,42.15563],[-88.33585,42.13775],[-88.33508,42.10881],[-88.33531,42.10402],[-88.33553,42.08331],[-88.33532,42.0833],[-88.33485,42.08328],[-88.33446,42.0832],[-88.33387,42.08282],[-88.33424,42.08258],[-88.33453,42.08261],[-88.33473,42.08216],[-88.33448,42.08218],[-88.33424,42.08258],[-88.334,42.08273],[-88.33387,42.08282],[-88.33423,42.08313],[-88.33446,42.0832],[-88.33467,42.08325],[-88.33485,42.08328],[-88.33513,42.08329],[-88.33532,42.0833],[-88.33542,42.0833],[-88.33553,42.08331],[-88.33564,42.07075],[-88.33554,42.07075],[-88.33543,42.07075],[-88.33534,42.07074],[-88.33516,42.07067],[-88.33409,42.07065],[-88.33333,42.07046],[-88.33266,42.06998],[-88.33249,42.06974],[-88.33246,42.06946],[-88.33229,42.06934],[-88.33176,42.0696],[-88.33356,42.07074],[-88.33445,42.07082],[-88.33517,42.07082],[-88.33534,42.07074],[-88.33543,42.07075],[-88.33554,42.07075],[-88.33564,42.07075],[-88.33573,42.06504],[-88.32899,42.06186],[-88.32891,42.06183],[-88.32631,42.06068],[-88.32571,42.06041],[-88.32062,42.05838],[-88.31996,42.05833],[-88.31861,42.05834],[-88.318,42.05834],[-88.31768,42.05834],[-88.31701,42.05834],[-88.31539,42.05839],[-88.3138,42.05842],[-88.31335,42.05843],[-88.31116,42.05848],[-88.3072,42.05855],[-88.30624,42.05857],[-88.30269,42.05873],[-88.30182,42.0587],[-88.30011,42.05854],[-88.29906,42.05849],[-88.29534,42.05842],[-88.29491,42.05828],[-88.29514,42.05477],[-88.29538,42.05386],[-88.29551,42.05353],[-88.29602,42.05234],[-88.29615,42.05198],[-88.29614,42.05147],[-88.29368,42.04548],[-88.29251,42.04323],[-88.28733,42.03643],[-88.28658,42.03702],[-88.28705,42.03753],[-88.28787,42.03722],[-88.2925,42.04344],[-88.29614,42.05147],[-88.29618,42.05176],[-88.29615,42.05198],[-88.29608,42.0522],[-88.29602,42.05234],[-88.29538,42.05386],[-88.29522,42.05438],[-88.29436,42.05844],[-88.30269,42.05873],[-88.32062,42.05838],[-88.33554,42.06505],[-88.33543,42.07075],[-88.33516,42.07067],[-88.33456,42.07067],[-88.33409,42.07065],[-88.33388,42.07062],[-88.33333,42.07046],[-88.33292,42.07022],[-88.33266,42.06998],[-88.33246,42.06946],[-88.33236,42.06937],[-88.33229,42.06934],[-88.3319,42.06937],[-88.33176,42.0696],[-88.33286,42.07044],[-88.33356,42.07074],[-88.33395,42.0708],[-88.33445,42.07082],[-88.3347,42.07083],[-88.33517,42.07082],[-88.33543,42.07075],[-88.33532,42.0833],[-88.33387,42.08282],[-88.33453,42.08261],[-88.33479,42.08229],[-88.33473,42.08216],[-88.33463,42.08213],[-88.33448,42.08218],[-88.33387,42.08282],[-88.33405,42.083],[-88.33423,42.08313],[-88.33446,42.0832],[-88.33532,42.0833],[-88.33494,42.10869],[-88.33571,42.13873],[-88.33517,42.16842],[-88.33551,42.1965],[-88.33503,42.20029],[-88.33652,42.20521],[-88.33403,42.20858],[-88.32994,42.21067],[-88.3265,42.2112],[-88.31578,42.2115],[-88.31573,42.21285],[-88.31576,42.21358],[-88.31579,42.21388],[-88.31653,42.21589],[-88.31651,42.21646],[-88.31636,42.21676],[-88.32686,42.22624],[-88.3157,42.22616],[-88.3161,42.24333],[-88.31688,42.24336],[-88.31695,42.24339],[-88.31817,42.24402],[-88.31785,42.24436],[-88.31704,42.24389]]}},{"type":"Feature","properties":{"route":"552","name":"North State - Spring Hill Mall","status":"tracked","trips":1138,"low_pct":0.0,"high_pct":0.88},"geometry":{"type":"LineString","coordinates":[[-88.29766,42.10182],[-88.29747,42.10142],[-88.29871,42.10088],[-88.29664,42.10042],[-88.29685,42.09913],[-88.28714,42.09813],[-88.28734,42.09313],[-88.28943,42.09024],[-88.28976,42.08933],[-88.28916,42.07901],[-88.28985,42.07605],[-88.29019,42.07392],[-88.28835,42.07288],[-88.28881,42.0711],[-88.28776,42.06872],[-88.28654,42.06743],[-88.2854,42.06699],[-88.28263,42.06697],[-88.2814,42.06699],[-88.27938,42.06698],[-88.27929,42.06698],[-88.27918,42.06698],[-88.27664,42.06699],[-88.2751,42.06702],[-88.274,42.06702],[-88.27341,42.06702],[-88.27298,42.06676],[-88.27334,42.06593],[-88.28766,42.06592],[-88.28853,42.06574],[-88.28993,42.06491],[-88.29067,42.0633],[-88.291,42.06287],[-88.29253,42.0624],[-88.29405,42.05927],[-88.29483,42.05726],[-88.29522,42.05438],[-88.29538,42.05386],[-88.29551,42.05353],[-88.29602,42.05234],[-88.29615,42.05198],[-88.29614,42.05147],[-88.29368,42.04548],[-88.29251,42.04323],[-88.28733,42.03643],[-88.28658,42.03702],[-88.28705,42.03753],[-88.28787,42.03722],[-88.29285,42.04401],[-88.29368,42.04548],[-88.29529,42.04933],[-88.2961,42.05137],[-88.29614,42.05147],[-88.29616,42.05157],[-88.29617,42.05186],[-88.29615,42.05198],[-88.29611,42.05209],[-88.29608,42.0522],[-88.29602,42.05234],[-88.29596,42.05247],[-88.29588,42.05266],[-88.29584,42.05277],[-88.29551,42.05353],[-88.29538,42.05386],[-88.29526,42.05421],[-88.29522,42.05438],[-88.29517,42.05459],[-88.29503,42.05542],[-88.29442,42.05795],[-88.29238,42.06238],[-88.291,42.06287],[-88.28993,42.06491],[-88.28925,42.06541],[-88.28872,42.06567],[-88.28853,42.06574],[-88.28802,42.06589],[-88.28766,42.06592],[-88.277,42.06589],[-88.27334,42.06593],[-88.273,42.06612],[-88.27298,42.06676],[-88.2854,42.06699],[-88.286,42.06715],[-88.28654,42.06743],[-88.28722,42.06804],[-88.28776,42.06872],[-88.2886,42.07027],[-88.28881,42.0711],[-88.28823,42.07299],[-88.29017,42.07404],[-88.28901,42.07904],[-88.28961,42.08928],[-88.28716,42.09323],[-88.28706,42.10007],[-88.29215,42.10631],[-88.29366,42.10509],[-88.29008,42.10213],[-88.29045,42.10088],[-88.29284,42.10028],[-88.29563,42.1003],[-88.29564,42.10151],[-88.29627,42.10203],[-88.29766,42.10182]]}},{"type":"Feature","properties":{"route":"554","name":"Elgin - Woodfield","status":"tracked","trips":763,"low_pct":0.39,"high_pct":0.66},"geometry":{"type":"LineString","coordinates":[[-88.28688,42.03719],[-88.28647,42.03679],[-88.28503,42.03726],[-88.27112,42.03714],[-88.26551,42.03715],[-88.26521,42.03709],[-88.26104,42.03582],[-88.26044,42.03565],[-88.2592,42.03531],[-88.25761,42.03483],[-88.25759,42.03482],[-88.25705,42.03466],[-88.25589,42.03433],[-88.25568,42.03427],[-88.25542,42.03419],[-88.25535,42.03417],[-88.25466,42.03396],[-88.25374,42.03369],[-88.25012,42.0326],[-88.25003,42.03258],[-88.24928,42.03237],[-88.24848,42.03215],[-88.24096,42.03046],[-88.23878,42.03027],[-88.23358,42.03059],[-88.22688,42.02993],[-88.22535,42.0293],[-88.22487,42.02899],[-88.22391,42.02823],[-88.22343,42.02783],[-88.22246,42.02714],[-88.21906,42.02512],[-88.2179,42.02442],[-88.21749,42.02418],[-88.21515,42.02279],[-88.21359,42.02199],[-88.21273,42.02161],[-88.21177,42.02124],[-88.20942,42.02059],[-88.20311,42.01914],[-88.19771,42.01849],[-88.1853,42.01382],[-88.1761,42.01219],[-88.17676,42.00985],[-88.17419,42.00692],[-88.1739,42.00602],[-88.17563,42.0016],[-88.17117,41.99996],[-88.16675,41.99574],[-88.16539,41.99479],[-88.15772,41.99069],[-88.15362,41.98888],[-88.15192,41.98864],[-88.1465,41.98884],[-88.14474,41.99099],[-88.1445,42.02224],[-88.14452,42.04646],[-88.14451,42.04705],[-88.1445,42.04801],[-88.14445,42.05196],[-88.14428,42.05192],[-88.14354,42.05192],[-88.14331,42.05201],[-88.14325,42.05318],[-88.14284,42.05318],[-88.14206,42.05319],[-88.14196,42.05337],[-88.14218,42.05349],[-88.14325,42.05318],[-88.14352,42.05201],[-88.14369,42.05201],[-88.14427,42.052],[-88.14459,42.05196],[-88.14466,42.04801],[-88.14466,42.04645],[-88.14452,42.04646],[-88.13977,42.04666],[-88.13097,42.04711],[-88.11956,42.04747],[-88.07111,42.04963],[-88.04148,42.05038],[-88.04141,42.04956],[-88.04105,42.04918],[-88.04132,42.04874],[-88.04133,42.04867],[-88.04134,42.04775],[-88.04133,42.04741],[-88.04135,42.04681],[-88.04139,42.04605],[-88.03907,42.04601],[-88.0385,42.04651],[-88.03889,42.04686],[-88.04029,42.04772],[-88.04134,42.04775],[-88.04144,42.04485],[-88.04133,42.04449],[-88.03905,42.04412],[-88.03896,42.04027],[-88.03877,42.04026],[-88.0378,42.04025],[-88.03772,42.04123],[-88.03551,42.04122],[-88.03565,42.04022],[-88.03877,42.04026],[-88.03896,42.04027],[-88.0389,42.044],[-88.03897,42.04412],[-88.03905,42.04412],[-88.03966,42.04412],[-88.04043,42.04411],[-88.0407,42.04413],[-88.04122,42.04437],[-88.04131,42.04447],[-88.04133,42.04449],[-88.04137,42.04455],[-88.04143,42.04477],[-88.04144,42.04485],[-88.04139,42.04605],[-88.04062,42.04603],[-88.03907,42.04601],[-88.03852,42.04634],[-88.0385,42.04651],[-88.04029,42.04772],[-88.04037,42.04773],[-88.04134,42.04775],[-88.04096,42.04924],[-88.04135,42.05056],[-88.07266,42.04975],[-88.14452,42.04657],[-88.14445,42.05196],[-88.14354,42.05192],[-88.14335,42.05197],[-88.14331,42.05201],[-88.14335,42.05254],[-88.14325,42.05318],[-88.14284,42.05318],[-88.14251,42.05319],[-88.14206,42.05319],[-88.14199,42.05324],[-88.14196,42.05337],[-88.14325,42.05318],[-88.1434,42.05215],[-88.14352,42.05201],[-88.14459,42.05196],[-88.14466,42.04645],[-88.14465,42.02139],[-88.14491,41.99108],[-88.14658,41.98902],[-88.15204,41.98875],[-88.15396,41.98914],[-88.16164,41.99281],[-88.16635,41.99552],[-88.17132,42.00016],[-88.17542,42.00164],[-88.17374,42.00618],[-88.1741,42.00707],[-88.1766,42.00986],[-88.17594,42.01215],[-88.1761,42.01219],[-88.17823,42.01264],[-88.17974,42.01293],[-88.1805,42.01312],[-88.18488,42.0138],[-88.19765,42.01858],[-88.20356,42.01934],[-88.21201,42.02139],[-88.21515,42.02279],[-88.22535,42.0293],[-88.22612,42.02968],[-88.22688,42.02993],[-88.22852,42.03015],[-88.23358,42.03059],[-88.24096,42.03046],[-88.24616,42.03157],[-88.24848,42.03215],[-88.25984,42.03555],[-88.26044,42.03565],[-88.26521,42.03709],[-88.26538,42.03713],[-88.26551,42.03715],[-88.28096,42.03726],[-88.28104,42.03815],[-88.2852,42.03821],[-88.28705,42.03753],[-88.28688,42.03719]]}},{"type":"Feature","properties":{"route":"559","name":"Illinois Route 59","status":"tracked","trips":1041,"low_pct":0.0,"high_pct":0.48},"geometry":{"type":"LineString","coordinates":[[-88.21376,41.75543],[-88.21342,41.7556],[-88.21316,41.75557],[-88.21286,41.75556],[-88.21276,41.75556],[-88.21224,41.7556],[-88.21001,41.75616],[-88.20965,41.75537],[-88.20587,41.75583],[-88.20555,41.77817],[-88.20559,41.78145],[-88.20705,41.78149],[-88.20756,41.78148],[-88.20811,41.78141],[-88.20822,41.78044],[-88.20883,41.78044],[-88.2096,41.78043],[-88.20964,41.77944],[-88.21033,41.77943],[-88.21033,41.77934],[-88.21051,41.77928],[-88.21049,41.77887],[-88.21065,41.77887],[-88.21061,41.7782],[-88.20891,41.77826],[-88.20881,41.77828],[-88.20881,41.77943],[-88.20964,41.77944],[-88.20962,41.77963],[-88.2096,41.78043],[-88.20939,41.78043],[-88.20883,41.78044],[-88.20853,41.78044],[-88.20822,41.78044],[-88.20793,41.78035],[-88.20788,41.78043],[-88.20796,41.78135],[-88.20559,41.78131],[-88.20559,41.78145],[-88.20559,41.78184],[-88.2056,41.78193],[-88.20559,41.78359],[-88.20553,41.79113],[-88.20544,41.79531],[-88.2052,41.79679],[-88.20491,41.79781],[-88.20468,41.79845],[-88.20457,41.79877],[-88.20445,41.79908],[-88.20442,41.79915],[-88.20435,41.79932],[-88.20409,41.80012],[-88.20373,41.80177],[-88.20352,41.80962],[-88.19812,41.8087],[-88.19776,41.80946],[-88.19662,41.81009],[-88.19606,41.81156],[-88.18853,41.81022],[-88.18798,41.8093],[-88.18896,41.80169],[-88.19508,41.79923],[-88.19723,41.79917],[-88.19867,41.79918],[-88.20355,41.79914],[-88.20442,41.79915],[-88.20467,41.79915],[-88.20561,41.79534],[-88.20585,41.78177],[-88.20811,41.78141],[-88.20814,41.78054],[-88.20822,41.78044],[-88.20853,41.78044],[-88.20883,41.78044],[-88.20939,41.78043],[-88.2096,41.78043],[-88.20961,41.77997],[-88.20962,41.77963],[-88.20964,41.77944],[-88.20995,41.77943],[-88.21033,41.77943],[-88.21051,41.77928],[-88.21049,41.77887],[-88.21065,41.77887],[-88.21064,41.77854],[-88.21061,41.7782],[-88.20881,41.77828],[-88.20865,41.77891],[-88.20881,41.77943],[-88.20956,41.77943],[-88.20964,41.77944],[-88.20962,41.77963],[-88.20961,41.77997],[-88.2096,41.78043],[-88.20793,41.78035],[-88.20796,41.78135],[-88.20582,41.78091],[-88.20611,41.75623],[-88.20954,41.75551],[-88.20987,41.75621],[-88.21286,41.75556],[-88.21377,41.75763]]}},{"type":"Feature","properties":{"route":"561","name":"Castlecrest via McAree","status":"tracked","trips":492,"low_pct":0.0,"high_pct":1.83},"geometry":{"type":"LineString","coordinates":[[-87.85995,42.41383],[-87.8551,42.41382],[-87.85502,42.41009],[-87.86479,42.41005],[-87.86499,42.39425],[-87.86502,42.39247],[-87.8651,42.39084],[-87.86517,42.38703],[-87.86527,42.37978],[-87.86529,42.37756],[-87.86493,42.37754],[-87.86282,42.37754],[-87.86232,42.37754],[-87.86218,42.37754],[-87.85967,42.37754],[-87.85949,42.37754],[-87.85681,42.37754],[-87.85621,42.37754],[-87.85603,42.37754],[-87.8557,42.37753],[-87.8555,42.37753],[-87.85516,42.37753],[-87.85452,42.37752],[-87.85352,42.37751],[-87.85255,42.37751],[-87.85159,42.37752],[-87.84562,42.37751],[-87.84334,42.3775],[-87.84272,42.37749],[-87.84238,42.37749],[-87.84207,42.37749],[-87.84199,42.37749],[-87.84184,42.37749],[-87.84148,42.37749],[-87.84113,42.37749],[-87.84072,42.37749],[-87.84036,42.37749],[-87.83589,42.37744],[-87.83597,42.37215],[-87.83604,42.36835],[-87.83112,42.36844],[-87.83118,42.36708],[-87.83126,42.36463],[-87.8313,42.36378],[-87.83137,42.35958],[-87.82974,42.35957],[-87.82994,42.36379],[-87.8313,42.36378],[-87.83118,42.36708],[-87.83113,42.3681],[-87.83112,42.36844],[-87.83358,42.36843],[-87.83604,42.36835],[-87.83589,42.37744],[-87.83615,42.37748],[-87.84036,42.37749],[-87.84072,42.37749],[-87.84113,42.37749],[-87.84184,42.37749],[-87.85159,42.37752],[-87.85352,42.37751],[-87.85425,42.37752],[-87.85452,42.37752],[-87.85603,42.37754],[-87.85621,42.37754],[-87.85664,42.37754],[-87.85681,42.37754],[-87.86218,42.37754],[-87.86282,42.37754],[-87.86411,42.37754],[-87.86493,42.37754],[-87.86515,42.37755],[-87.86529,42.37756],[-87.86499,42.39425],[-87.865,42.39681],[-87.86478,42.41036],[-87.86514,42.41385],[-87.85995,42.41383]]}},{"type":"Feature","properties":{"route":"562","name":"Gurnee via Sunset","status":"not on tracker"},"geometry":{"type":"LineString","coordinates":[[-87.90509,42.37894],[-87.90454,42.37893],[-87.9043,42.39272],[-87.90317,42.39269],[-87.90206,42.39266],[-87.90164,42.39265],[-87.90077,42.39263],[-87.89924,42.39263],[-87.8988,42.39263],[-87.89816,42.39261],[-87.89452,42.39246],[-87.89103,42.39236],[-87.88574,42.39211],[-87.84917,42.39182],[-87.84908,42.39566],[-87.84167,42.39565],[-87.84186,42.38744],[-87.84162,42.38729],[-87.84166,42.38427],[-87.84221,42.37631],[-87.84223,42.36759],[-87.84231,42.36739],[-87.84466,42.36527],[-87.84475,42.35964],[-87.84351,42.35963],[-87.84335,42.35963],[-87.84283,42.35963],[-87.84229,42.35962],[-87.84176,42.35962],[-87.84107,42.35961],[-87.83862,42.3596],[-87.83749,42.35961],[-87.83603,42.3596],[-87.83455,42.35958],[-87.83325,42.35958],[-87.83061,42.35957],[-87.82974,42.35957],[-87.82994,42.3623],[-87.83259,42.36234],[-87.83267,42.35958],[-87.83749,42.35961],[-87.83796,42.35961],[-87.83862,42.3596],[-87.84176,42.35962],[-87.84335,42.35963],[-87.84351,42.35963],[-87.84472,42.35964],[-87.84475,42.35964],[-87.84472,42.36254],[-87.84466,42.36527],[-87.84453,42.36547],[-87.84231,42.36739],[-87.84223,42.36757],[-87.84223,42.36759],[-87.84223,42.36763],[-87.84227,42.36788],[-87.84227,42.36871],[-87.84226,42.37389],[-87.84221,42.37605],[-87.84221,42.37631],[-87.84218,42.37651],[-87.84184,42.37749],[-87.84166,42.38427],[-87.84167,42.38713],[-87.84162,42.38729],[-87.84778,42.3912],[-87.84872,42.39168],[-87.84901,42.39178],[-87.84905,42.39179],[-87.84917,42.39182],[-87.84938,42.39188],[-87.88574,42.39211],[-87.88696,42.39216],[-87.89103,42.39236],[-87.89816,42.39261],[-87.8988,42.39263],[-87.90077,42.39263],[-87.90117,42.39264],[-87.90164,42.39265],[-87.90317,42.39269],[-87.9043,42.39272],[-87.90444,42.39273],[-87.90454,42.38602],[-87.90571,42.38597],[-87.91118,42.3807],[-87.91066,42.37958],[-87.90806,42.37896],[-87.90509,42.37894]]}},{"type":"Feature","properties":{"route":"563","name":"Great Lakes Naval Station","status":"tracked","trips":630,"low_pct":0.16,"high_pct":1.59},"geometry":{"type":"LineString","coordinates":[[-87.86332,42.31156],[-87.86262,42.3085],[-87.85726,42.30814],[-87.85069,42.3086],[-87.84728,42.3077],[-87.84546,42.3077],[-87.84492,42.30801],[-87.84505,42.30868],[-87.84601,42.30906],[-87.84602,42.30965],[-87.84564,42.31201],[-87.84453,42.31469],[-87.8443,42.31513],[-87.84403,42.31567],[-87.84384,42.31603],[-87.84364,42.31643],[-87.84335,42.31698],[-87.8431,42.31752],[-87.8425,42.31867],[-87.84218,42.31932],[-87.84203,42.31958],[-87.84182,42.31993],[-87.84134,42.3204],[-87.84085,42.32112],[-87.84014,42.32241],[-87.84001,42.32249],[-87.83824,42.32254],[-87.83819,42.32319],[-87.83813,42.32329],[-87.83805,42.32336],[-87.83731,42.32375],[-87.83716,42.32384],[-87.83673,42.32431],[-87.8366,42.32463],[-87.83636,42.32622],[-87.83567,42.32709],[-87.83545,42.32759],[-87.83574,42.32843],[-87.83719,42.32925],[-87.83974,42.32941],[-87.83962,42.33232],[-87.83446,42.33961],[-87.83309,42.34194],[-87.83257,42.34508],[-87.83228,42.34616],[-87.83222,42.34637],[-87.8322,42.34645],[-87.83217,42.34656],[-87.83211,42.34678],[-87.832,42.34719],[-87.83193,42.34742],[-87.83185,42.34774],[-87.83175,42.34808],[-87.83109,42.35082],[-87.83032,42.35166],[-87.83075,42.35235],[-87.83073,42.35386],[-87.83073,42.35513],[-87.83061,42.35513],[-87.83034,42.35513],[-87.82947,42.35513],[-87.82948,42.35612],[-87.82954,42.35717],[-87.82961,42.35808],[-87.82985,42.36093],[-87.82994,42.3623],[-87.83259,42.36234],[-87.83267,42.35958],[-87.82974,42.35957],[-87.82947,42.35513],[-87.83061,42.35513],[-87.83073,42.35513],[-87.83075,42.35235],[-87.8304,42.35174],[-87.83109,42.35101],[-87.83257,42.34508],[-87.83303,42.34241],[-87.83462,42.33943],[-87.83962,42.33232],[-87.8399,42.33045],[-87.83974,42.32941],[-87.83763,42.32938],[-87.83719,42.32925],[-87.83612,42.32872],[-87.83574,42.32843],[-87.83554,42.32811],[-87.83545,42.32759],[-87.83636,42.32622],[-87.83673,42.32431],[-87.83697,42.324],[-87.83716,42.32384],[-87.83805,42.32336],[-87.8381,42.32332],[-87.83813,42.32329],[-87.83824,42.32254],[-87.84014,42.32241],[-87.84017,42.32236],[-87.84085,42.32112],[-87.84182,42.31993],[-87.84218,42.31932],[-87.8431,42.31752],[-87.84323,42.31723],[-87.84335,42.31698],[-87.84364,42.31643],[-87.84381,42.3161],[-87.84384,42.31603],[-87.84387,42.31597],[-87.84403,42.31567],[-87.84453,42.31469],[-87.84529,42.31302],[-87.84564,42.31201],[-87.84599,42.31009],[-87.84602,42.30965],[-87.84604,42.30921],[-87.84606,42.30878],[-87.8452,42.30864],[-87.84505,42.30804],[-87.84743,42.30782],[-87.85074,42.30873],[-87.85611,42.3085],[-87.8561,42.3194],[-87.86662,42.31953],[-87.8649,42.31622],[-87.86332,42.31156]]}},{"type":"Feature","properties":{"route":"564","name":"Jackson / 14th","status":"tracked","trips":534,"low_pct":0.19,"high_pct":7.87},"geometry":{"type":"LineString","coordinates":[[-87.89996,42.34574],[-87.89785,42.34605],[-87.89501,42.34512],[-87.89499,42.34412],[-87.89504,42.34079],[-87.89505,42.33801],[-87.89213,42.33756],[-87.89138,42.33713],[-87.89099,42.33684],[-87.89011,42.33617],[-87.88891,42.3353],[-87.88857,42.33507],[-87.88739,42.33452],[-87.88529,42.33425],[-87.87913,42.33426],[-87.87842,42.33425],[-87.87686,42.33424],[-87.87531,42.33423],[-87.87289,42.33423],[-87.87255,42.33423],[-87.87227,42.33423],[-87.87052,42.33422],[-87.86963,42.33421],[-87.86687,42.33419],[-87.86617,42.33421],[-87.86561,42.33404],[-87.86441,42.33418],[-87.86078,42.33407],[-87.86077,42.33417],[-87.85107,42.33415],[-87.84981,42.33412],[-87.84984,42.3269],[-87.84703,42.32685],[-87.84671,42.32686],[-87.84622,42.32687],[-87.84502,42.32684],[-87.84486,42.32688],[-87.83934,42.32687],[-87.83989,42.3303],[-87.8399,42.33045],[-87.84488,42.33048],[-87.84488,42.33386],[-87.84489,42.33393],[-87.84494,42.33411],[-87.84498,42.33429],[-87.84499,42.33483],[-87.84494,42.33765],[-87.84495,42.34482],[-87.84498,42.3465],[-87.84497,42.34725],[-87.84496,42.34767],[-87.84496,42.34806],[-87.84496,42.34812],[-87.84499,42.34898],[-87.84481,42.35173],[-87.84266,42.35199],[-87.83308,42.35511],[-87.82947,42.35513],[-87.82948,42.35612],[-87.82954,42.35717],[-87.82961,42.35808],[-87.82985,42.36093],[-87.82994,42.3623],[-87.83259,42.36234],[-87.83267,42.35958],[-87.82974,42.35957],[-87.82947,42.35513],[-87.83264,42.35514],[-87.83308,42.35511],[-87.83371,42.35493],[-87.84266,42.35199],[-87.84359,42.35183],[-87.84481,42.35173],[-87.84488,42.33048],[-87.84353,42.33046],[-87.8399,42.33045],[-87.83934,42.32687],[-87.8407,42.32683],[-87.84486,42.32688],[-87.84502,42.32684],[-87.84703,42.32685],[-87.84885,42.32689],[-87.84984,42.3269],[-87.85106,42.32689],[-87.85107,42.33415],[-87.88739,42.33452],[-87.88795,42.33473],[-87.88857,42.33507],[-87.89138,42.33713],[-87.8917,42.33734],[-87.89213,42.33756],[-87.8949,42.33801],[-87.89489,42.34078],[-87.89504,42.34079],[-87.89535,42.34079],[-87.8956,42.34078],[-87.89592,42.34071],[-87.89912,42.33986],[-87.90217,42.3409],[-87.9032,42.3424],[-87.90307,42.34408],[-87.90202,42.34518],[-87.89996,42.34574]]}},{"type":"Feature","properties":{"route":"565","name":"Grand Avenue","status":"tracked","trips":1389,"low_pct":0.07,"high_pct":0.14},"geometry":{"type":"LineString","coordinates":[[-88.01193,42.35549],[-88.01169,42.35476],[-88.01091,42.35479],[-88.01054,42.35534],[-88.01141,42.35637],[-88.01147,42.36046],[-88.00078,42.36059],[-87.99846,42.36457],[-87.99798,42.3657],[-87.99783,42.36669],[-87.99783,42.36976],[-87.99788,42.36992],[-87.99799,42.37065],[-87.99831,42.37138],[-87.99927,42.37248],[-87.9995,42.37266],[-88.00239,42.37477],[-88.00272,42.375],[-88.00284,42.3751],[-88.00324,42.37544],[-88.00408,42.37663],[-88.00416,42.38236],[-88.00206,42.38256],[-88.00176,42.38266],[-87.9984,42.38293],[-87.99744,42.38317],[-87.99602,42.38411],[-87.99549,42.38551],[-87.99513,42.38585],[-87.97557,42.38583],[-87.96325,42.38517],[-87.9632,42.38767],[-87.96247,42.38779],[-87.96197,42.38814],[-87.96258,42.38888],[-87.96248,42.39229],[-87.96176,42.39316],[-87.96035,42.39352],[-87.95938,42.3935],[-87.95924,42.3935],[-87.95812,42.39253],[-87.95721,42.39291],[-87.9572,42.393],[-87.95719,42.39346],[-87.95856,42.39349],[-87.96035,42.39352],[-87.9613,42.39338],[-87.96161,42.39324],[-87.96176,42.39316],[-87.96193,42.39306],[-87.9622,42.39282],[-87.96238,42.39255],[-87.96246,42.39237],[-87.96248,42.39229],[-87.96252,42.39217],[-87.96258,42.38888],[-87.9625,42.38861],[-87.96197,42.38814],[-87.96222,42.38808],[-87.96272,42.38781],[-87.96336,42.38778],[-87.96336,42.38716],[-87.96337,42.3867],[-87.96338,42.38586],[-87.96339,42.38519],[-87.96325,42.38517],[-87.96274,42.3851],[-87.96215,42.38502],[-87.96129,42.38486],[-87.95876,42.38428],[-87.94997,42.38183],[-87.94434,42.3799],[-87.92979,42.3757],[-87.91872,42.37055],[-87.91717,42.37],[-87.91575,42.36971],[-87.91405,42.36962],[-87.90596,42.36991],[-87.89852,42.37079],[-87.88122,42.37048],[-87.88014,42.37039],[-87.87929,42.3704],[-87.87705,42.37038],[-87.87532,42.37038],[-87.87469,42.37038],[-87.87029,42.37036],[-87.86729,42.37034],[-87.86597,42.37033],[-87.8657,42.37033],[-87.8654,42.37033],[-87.86051,42.37032],[-87.85986,42.37032],[-87.85813,42.37033],[-87.85763,42.37033],[-87.85685,42.37032],[-87.8564,42.37032],[-87.8556,42.37033],[-87.85376,42.37032],[-87.85317,42.37032],[-87.85297,42.37032],[-87.85203,42.37031],[-87.85197,42.37031],[-87.85095,42.37031],[-87.84945,42.3703],[-87.84908,42.3703],[-87.84871,42.37029],[-87.84869,42.37029],[-87.84859,42.37029],[-87.8483,42.37018],[-87.84668,42.36913],[-87.84164,42.36622],[-87.83763,42.36384],[-87.83688,42.36378],[-87.83679,42.36374],[-87.83257,42.36373],[-87.83223,42.36377],[-87.82994,42.36379],[-87.82974,42.35957],[-87.82858,42.35957],[-87.82831,42.36098],[-87.82862,42.36097],[-87.82858,42.35957],[-87.82888,42.35956],[-87.82974,42.35957],[-87.82994,42.36213],[-87.82994,42.36379],[-87.83763,42.36384],[-87.84756,42.36977],[-87.84769,42.3698],[-87.84813,42.37008],[-87.8483,42.37018],[-87.84841,42.37024],[-87.84859,42.37029],[-87.84869,42.37029],[-87.84927,42.3703],[-87.84945,42.3703],[-87.85072,42.37031],[-87.85095,42.37031],[-87.85161,42.37031],[-87.85197,42.37031],[-87.85203,42.37031],[-87.85258,42.37031],[-87.85297,42.37032],[-87.85376,42.37032],[-87.85685,42.37032],[-87.85813,42.37033],[-87.86051,42.37032],[-87.86227,42.37033],[-87.8654,42.37033],[-87.87029,42.37036],[-87.87705,42.37038],[-87.8787,42.3704],[-87.87929,42.3704],[-87.87993,42.37039],[-87.88014,42.37039],[-87.88066,42.37044],[-87.88122,42.37048],[-87.90016,42.37085],[-87.90506,42.37004],[-87.91397,42.36969],[-87.91677,42.36999],[-87.92986,42.37576],[-87.95179,42.38248],[-87.95986,42.38475],[-87.9603,42.38668],[-87.96258,42.38888],[-87.96256,42.39171],[-87.96252,42.39217],[-87.96248,42.39229],[-87.96246,42.39237],[-87.96242,42.39244],[-87.96238,42.39255],[-87.96224,42.39276],[-87.9622,42.39282],[-87.96214,42.39288],[-87.96193,42.39306],[-87.96176,42.39316],[-87.96161,42.39324],[-87.96035,42.39352],[-87.9603,42.39352],[-87.95938,42.3935],[-87.95924,42.3935],[-87.95916,42.3933],[-87.95812,42.39253],[-87.95769,42.39257],[-87.95721,42.39291],[-87.95719,42.39346],[-87.95764,42.39346],[-87.95856,42.39349],[-87.95938,42.3935],[-87.95966,42.39351],[-87.9603,42.39352],[-87.96035,42.39352],[-87.96096,42.39346],[-87.9613,42.39338],[-87.9614,42.39334],[-87.96161,42.39324],[-87.96176,42.39316],[-87.96193,42.39306],[-87.9621,42.39292],[-87.96214,42.39288],[-87.9622,42.39282],[-87.96224,42.39276],[-87.96233,42.39263],[-87.96238,42.39255],[-87.96242,42.39244],[-87.96246,42.39237],[-87.96248,42.39229],[-87.96252,42.39217],[-87.96255,42.39182],[-87.96256,42.39171],[-87.9626,42.38926],[-87.96258,42.38888],[-87.96255,42.38871],[-87.9625,42.38861],[-87.96217,42.38829],[-87.96197,42.38814],[-87.96272,42.38781],[-87.96296,42.38778],[-87.96336,42.38778],[-87.96339,42.38533],[-87.9758,42.38595],[-87.99549,42.386],[-87.99549,42.38551],[-87.99552,42.3851],[-87.99589,42.38428],[-87.99602,42.38411],[-87.9962,42.38392],[-87.99655,42.38361],[-87.9973,42.38322],[-87.99744,42.38317],[-87.9976,42.38312],[-87.9979,42.38303],[-87.9984,42.38293],[-88.00211,42.38268],[-88.00416,42.38244],[-88.00416,42.38236],[-88.00419,42.38158],[-88.0042,42.38133],[-88.00421,42.38007],[-88.0042,42.37723],[-88.00408,42.37663],[-88.00377,42.37604],[-88.00324,42.37544],[-88.00272,42.375],[-87.99927,42.37248],[-87.99873,42.37196],[-87.99843,42.37157],[-87.99831,42.37138],[-87.9982,42.37117],[-87.99803,42.37078],[-87.99799,42.37065],[-87.99795,42.37052],[-87.99788,42.36992],[-87.99812,42.3655],[-88.00089,42.36059],[-88.01165,42.3606],[-88.01162,42.3566],[-88.01125,42.35572],[-88.01193,42.35549]]}},{"type":"Feature","properties":{"route":"566","name":"McAree - Keller","status":"not on tracker"},"geometry":{"type":"LineString","coordinates":[[-87.86334,42.33671],[-87.85582,42.34515],[-87.8558,42.34931],[-87.8558,42.34957],[-87.8558,42.34971],[-87.8558,42.3499],[-87.8558,42.35083],[-87.85853,42.35059],[-87.85865,42.35059],[-87.86048,42.35044],[-87.86062,42.35043],[-87.86341,42.35018],[-87.86446,42.3501],[-87.86446,42.35051],[-87.86446,42.35054],[-87.86446,42.35131],[-87.86445,42.35144],[-87.86446,42.35225],[-87.86445,42.35284],[-87.86445,42.35301],[-87.86444,42.35406],[-87.86444,42.35498],[-87.86443,42.35586],[-87.86442,42.35768],[-87.86442,42.35818],[-87.86442,42.35876],[-87.8644,42.35992],[-87.86531,42.36118],[-87.86548,42.36172],[-87.86547,42.36312],[-87.86547,42.36364],[-87.86544,42.36492],[-87.86544,42.36659],[-87.86544,42.36673],[-87.86538,42.37124],[-87.86535,42.37387],[-87.86535,42.375],[-87.86528,42.37809],[-87.86527,42.37978],[-87.86517,42.38703],[-87.8651,42.39084],[-87.86502,42.39247],[-87.86499,42.39425],[-87.86479,42.41005],[-87.85979,42.40999],[-87.85977,42.41383],[-87.86514,42.41385],[-87.86478,42.41036],[-87.865,42.39681],[-87.86499,42.39425],[-87.8651,42.39084],[-87.86528,42.37809],[-87.86533,42.37533],[-87.86535,42.375],[-87.86544,42.36673],[-87.86544,42.36492],[-87.86545,42.36452],[-87.86547,42.36364],[-87.86548,42.36172],[-87.8644,42.35992],[-87.86446,42.3501],[-87.86405,42.35014],[-87.86341,42.35018],[-87.86112,42.35037],[-87.86062,42.35043],[-87.8558,42.35083],[-87.8558,42.34931],[-87.8558,42.3488],[-87.85582,42.34515],[-87.85584,42.34259],[-87.85584,42.34117],[-87.8559,42.33415],[-87.86537,42.33424],[-87.86334,42.33671]]}},{"type":"Feature","properties":{"route":"568","name":"Belvidere","status":"tracked","trips":1386,"low_pct":0.22,"high_pct":0.22},"geometry":{"type":"LineString","coordinates":[[-87.89996,42.34574],[-87.89785,42.34605],[-87.89623,42.34528],[-87.89635,42.34299],[-87.90038,42.34398],[-87.90149,42.34502],[-87.90163,42.34532],[-87.90169,42.34548],[-87.90179,42.34592],[-87.90168,42.34651],[-87.8919,42.3479],[-87.88343,42.34854],[-87.88335,42.3486],[-87.88266,42.34864],[-87.88129,42.34875],[-87.88054,42.34881],[-87.88022,42.34884],[-87.88011,42.34884],[-87.88003,42.34885],[-87.87988,42.34886],[-87.87966,42.34888],[-87.87904,42.34892],[-87.87839,42.34897],[-87.87785,42.34902],[-87.87571,42.34917],[-87.86341,42.35018],[-87.86062,42.35043],[-87.85865,42.35059],[-87.85853,42.35059],[-87.8558,42.35083],[-87.8558,42.3499],[-87.8558,42.34971],[-87.8558,42.34957],[-87.8558,42.34931],[-87.85582,42.34515],[-87.85584,42.34259],[-87.85584,42.34139],[-87.85584,42.34117],[-87.85585,42.34065],[-87.85585,42.33955],[-87.85586,42.33771],[-87.85587,42.33698],[-87.85587,42.33595],[-87.85589,42.33454],[-87.8559,42.3344],[-87.8559,42.33415],[-87.86539,42.33429],[-87.8653,42.33455],[-87.86497,42.33498],[-87.86496,42.33505],[-87.85926,42.34141],[-87.85867,42.34139],[-87.85584,42.34139],[-87.85434,42.34138],[-87.85097,42.34137],[-87.8393,42.34132],[-87.83635,42.34129],[-87.83636,42.35405],[-87.83299,42.35513],[-87.82947,42.35513],[-87.82948,42.35612],[-87.82954,42.35717],[-87.82961,42.35808],[-87.82985,42.36093],[-87.82994,42.3623],[-87.83259,42.36234],[-87.83267,42.35958],[-87.82974,42.35957],[-87.82947,42.35513],[-87.83264,42.35514],[-87.83299,42.35513],[-87.83348,42.355],[-87.83636,42.35405],[-87.83626,42.35045],[-87.83635,42.34129],[-87.83777,42.34131],[-87.8393,42.34132],[-87.85434,42.34138],[-87.85495,42.34138],[-87.85584,42.34139],[-87.85584,42.34117],[-87.85584,42.34092],[-87.85585,42.34065],[-87.85585,42.33955],[-87.85587,42.33698],[-87.85587,42.33595],[-87.8559,42.33415],[-87.86506,42.33415],[-87.86539,42.33429],[-87.86532,42.3345],[-87.8653,42.33455],[-87.86496,42.33505],[-87.86227,42.33785],[-87.85926,42.34141],[-87.85582,42.34515],[-87.8558,42.35083],[-87.89481,42.34772],[-87.90221,42.34766],[-87.90181,42.34526],[-87.90163,42.34532],[-87.90121,42.34544],[-87.89996,42.34574]]}},{"type":"Feature","properties":{"route":"569","name":"Lewis","status":"not on tracker"},"geometry":{"type":"LineString","coordinates":[[-87.85978,42.41368],[-87.8551,42.41382],[-87.85499,42.41184],[-87.85502,42.40716],[-87.85515,42.39856],[-87.85525,42.39375],[-87.85538,42.39112],[-87.85578,42.36131],[-87.85587,42.33595],[-87.85617,42.32572],[-87.85618,42.32126],[-87.85619,42.31986],[-87.8562,42.3194],[-87.85622,42.31906],[-87.85623,42.31658],[-87.85616,42.31578],[-87.85623,42.30878],[-87.85704,42.30829],[-87.86258,42.30896],[-87.86357,42.31274],[-87.86629,42.31914],[-87.86602,42.31942],[-87.86342,42.31946],[-87.85797,42.31942],[-87.8562,42.3194],[-87.8561,42.3194],[-87.85594,42.32853],[-87.85591,42.33373],[-87.85587,42.33595],[-87.85584,42.34117],[-87.85576,42.35766],[-87.85566,42.362],[-87.8557,42.3632],[-87.85522,42.39197],[-87.8552,42.39369],[-87.85525,42.39375],[-87.85525,42.395],[-87.85502,42.41009],[-87.85979,42.40999],[-87.85978,42.41368]]}},{"type":"Feature","properties":{"route":"570","name":"Fox Lake - CLC","status":"tracked","trips":626,"low_pct":0.32,"high_pct":0.32},"geometry":{"type":"LineString","coordinates":[[-88.17877,42.39633],[-88.17747,42.3972],[-88.17976,42.39717],[-88.17993,42.39647],[-88.17996,42.39587],[-88.17995,42.39578],[-88.17993,42.39562],[-88.17991,42.3955],[-88.1795,42.39441],[-88.17804,42.39291],[-88.17685,42.39227],[-88.17647,42.39212],[-88.17343,42.39099],[-88.17225,42.39048],[-88.17051,42.38961],[-88.16864,42.38866],[-88.16762,42.38813],[-88.16528,42.38691],[-88.16509,42.38681],[-88.16498,42.38676],[-88.16426,42.38639],[-88.16397,42.38625],[-88.1631,42.38591],[-88.1628,42.38582],[-88.16249,42.38574],[-88.16231,42.3857],[-88.16227,42.38569],[-88.16214,42.38566],[-88.16158,42.38556],[-88.16087,42.38544],[-88.15747,42.38478],[-88.15679,42.38463],[-88.15581,42.38447],[-88.15527,42.38437],[-88.15485,42.38431],[-88.15462,42.38427],[-88.15423,42.3842],[-88.15332,42.38401],[-88.15247,42.38379],[-88.14844,42.38209],[-88.14679,42.38159],[-88.14506,42.38137],[-88.14478,42.38136],[-88.14352,42.38132],[-88.14334,42.38132],[-88.14321,42.38132],[-88.14213,42.3813],[-88.14105,42.38129],[-88.13809,42.38102],[-88.13715,42.38102],[-88.13384,42.38142],[-88.1332,42.38172],[-88.13301,42.38185],[-88.13284,42.382],[-88.13259,42.38219],[-88.13226,42.38246],[-88.13192,42.38268],[-88.1307,42.38303],[-88.1301,42.38304],[-88.12186,42.38289],[-88.11903,42.38321],[-88.11835,42.38323],[-88.11765,42.38314],[-88.11583,42.38273],[-88.11455,42.3827],[-88.11301,42.38264],[-88.11097,42.38263],[-88.11008,42.38249],[-88.10866,42.38181],[-88.10732,42.38033],[-88.10664,42.37979],[-88.106,42.37948],[-88.1058,42.37942],[-88.10534,42.37931],[-88.1052,42.37928],[-88.10489,42.37922],[-88.10448,42.37918],[-88.08974,42.37894],[-88.08974,42.37448],[-88.08976,42.37421],[-88.08976,42.3732],[-88.08978,42.37215],[-88.08978,42.37179],[-88.08978,42.37173],[-88.08976,42.37078],[-88.08977,42.36923],[-88.0899,42.36073],[-88.09056,42.35953],[-88.09096,42.35919],[-88.09136,42.35893],[-88.09155,42.35882],[-88.09211,42.35849],[-88.09268,42.35811],[-88.09339,42.35721],[-88.09335,42.35396],[-88.09229,42.35344],[-88.09206,42.35325],[-88.09201,42.35319],[-88.09181,42.3528],[-88.09166,42.35264],[-88.09081,42.35226],[-88.09042,42.35212],[-88.09031,42.35208],[-88.08995,42.35194],[-88.08962,42.35182],[-88.08907,42.35161],[-88.08847,42.35139],[-88.08776,42.35113],[-88.08717,42.35093],[-88.08557,42.3505],[-88.08507,42.35037],[-88.08466,42.35026],[-88.08414,42.35012],[-88.08303,42.34984],[-88.08233,42.34965],[-88.08135,42.34939],[-88.08112,42.34933],[-88.08043,42.34916],[-88.07909,42.3488],[-88.0778,42.34842],[-88.06991,42.34503],[-88.06052,42.34398],[-88.04983,42.33915],[-88.04905,42.33888],[-88.0437,42.3381],[-88.04371,42.33939],[-88.04367,42.34032],[-88.04366,42.34059],[-88.04371,42.34436],[-88.03695,42.34434],[-88.03322,42.34492],[-88.03221,42.34504],[-88.03169,42.34512],[-88.03096,42.3452],[-88.03003,42.34525],[-88.02849,42.34519],[-88.02805,42.34514],[-88.02509,42.34475],[-88.0241,42.34468],[-88.0241,42.34739],[-88.02409,42.34813],[-88.02408,42.35041],[-88.02409,42.35054],[-88.0241,42.35142],[-88.0241,42.35155],[-88.0241,42.35215],[-88.0241,42.35229],[-88.0241,42.35245],[-88.02409,42.35392],[-88.02409,42.35511],[-88.02409,42.35701],[-88.02409,42.35709],[-88.02409,42.35792],[-88.02409,42.35803],[-88.02409,42.3584],[-88.02409,42.36051],[-88.01164,42.36046],[-88.01162,42.3566],[-88.01125,42.35572],[-88.01193,42.35549],[-88.01197,42.35497],[-88.01091,42.35479],[-88.01054,42.35534],[-88.01141,42.35637],[-88.01147,42.36059],[-88.02409,42.36051],[-88.02409,42.35803],[-88.02409,42.35709],[-88.02409,42.35511],[-88.0241,42.35155],[-88.02408,42.35041],[-88.0241,42.34468],[-88.0246,42.34471],[-88.02509,42.34475],[-88.02849,42.34519],[-88.02926,42.34524],[-88.03003,42.34525],[-88.03695,42.34434],[-88.03912,42.34432],[-88.04371,42.34436],[-88.0437,42.34136],[-88.04366,42.34059],[-88.0437,42.3381],[-88.04605,42.33843],[-88.04905,42.33888],[-88.06046,42.34403],[-88.07064,42.34553],[-88.0778,42.34842],[-88.09081,42.35226],[-88.09229,42.35344],[-88.09283,42.35371],[-88.09335,42.35396],[-88.09359,42.35631],[-88.09339,42.35721],[-88.09306,42.35772],[-88.09268,42.35811],[-88.09242,42.3583],[-88.09211,42.35849],[-88.09096,42.35919],[-88.09077,42.35933],[-88.09056,42.35953],[-88.09029,42.35986],[-88.09024,42.35982],[-88.0899,42.36073],[-88.08974,42.37894],[-88.10489,42.37922],[-88.10666,42.3799],[-88.10859,42.38188],[-88.10993,42.38254],[-88.11119,42.38271],[-88.11583,42.38273],[-88.11835,42.38323],[-88.12186,42.38289],[-88.1307,42.38303],[-88.13135,42.38291],[-88.13192,42.38268],[-88.13207,42.38259],[-88.13226,42.38246],[-88.1332,42.38172],[-88.13344,42.38157],[-88.13384,42.38142],[-88.13455,42.38128],[-88.13715,42.38102],[-88.14105,42.38129],[-88.14321,42.38132],[-88.14352,42.38132],[-88.14506,42.38137],[-88.14576,42.38142],[-88.14679,42.38159],[-88.15247,42.38379],[-88.15423,42.3842],[-88.15679,42.38463],[-88.16087,42.38544],[-88.16227,42.38569],[-88.16397,42.38625],[-88.16424,42.38638],[-88.16426,42.38639],[-88.16528,42.38691],[-88.17051,42.38961],[-88.17164,42.39019],[-88.17225,42.39048],[-88.17298,42.3908],[-88.17343,42.39099],[-88.17685,42.39227],[-88.17762,42.39264],[-88.17804,42.39291],[-88.17938,42.39421],[-88.1795,42.39441],[-88.17967,42.39473],[-88.17991,42.3955],[-88.1792,42.39556],[-88.17877,42.39633]]}},{"type":"Feature","properties":{"route":"571","name":"Zion","status":"tracked","trips":1148,"low_pct":1.13,"high_pct":1.31},"geometry":{"type":"LineString","coordinates":[[-87.85323,42.45705],[-87.84433,42.45715],[-87.84355,42.45763],[-87.84163,42.45715],[-87.82531,42.4571],[-87.82553,42.45338],[-87.82549,42.44949],[-87.82556,42.44903],[-87.82556,42.44609],[-87.82562,42.44318],[-87.82558,42.44309],[-87.82561,42.43908],[-87.82561,42.43888],[-87.82563,42.43785],[-87.82563,42.43726],[-87.82564,42.43502],[-87.82564,42.4342],[-87.82565,42.43335],[-87.82565,42.43293],[-87.82565,42.43271],[-87.82565,42.43259],[-87.82575,42.43259],[-87.82565,42.43247],[-87.82577,42.42662],[-87.8257,42.42634],[-87.82572,42.42372],[-87.82571,42.4235],[-87.82571,42.42254],[-87.82571,42.42219],[-87.82571,42.42182],[-87.82572,42.42092],[-87.8257,42.41963],[-87.82566,42.4191],[-87.82554,42.41828],[-87.82549,42.41795],[-87.82539,42.4171],[-87.82538,42.41641],[-87.82503,42.41365],[-87.82493,42.40635],[-87.82541,42.40459],[-87.82802,42.40028],[-87.83001,42.39544],[-87.83213,42.3923],[-87.83245,42.39176],[-87.8328,42.39076],[-87.83294,42.39048],[-87.83324,42.38902],[-87.83315,42.38806],[-87.83124,42.37923],[-87.83025,42.37589],[-87.83017,42.37555],[-87.82994,42.36213],[-87.82974,42.35957],[-87.82858,42.35957],[-87.82839,42.36109],[-87.82863,42.36092],[-87.82858,42.35957],[-87.82888,42.35956],[-87.82974,42.35957],[-87.83017,42.37555],[-87.83312,42.38899],[-87.83245,42.39176],[-87.82985,42.39556],[-87.82825,42.39958],[-87.82581,42.40371],[-87.8258,42.40383],[-87.82541,42.40459],[-87.82518,42.40517],[-87.82497,42.40606],[-87.82493,42.40635],[-87.82491,42.40653],[-87.82491,42.40703],[-87.82485,42.40729],[-87.82477,42.41042],[-87.82488,42.41304],[-87.82531,42.417],[-87.82566,42.4191],[-87.8257,42.41956],[-87.8257,42.41963],[-87.82571,42.41983],[-87.82572,42.42036],[-87.82572,42.42092],[-87.82571,42.42219],[-87.82571,42.4235],[-87.82571,42.42356],[-87.82572,42.42372],[-87.8257,42.42534],[-87.8257,42.42634],[-87.82571,42.42654],[-87.8256,42.43],[-87.82567,42.4311],[-87.82566,42.43124],[-87.82567,42.43144],[-87.82565,42.43236],[-87.82565,42.43247],[-87.82565,42.43259],[-87.82565,42.43271],[-87.82565,42.43285],[-87.82564,42.4342],[-87.82564,42.4346],[-87.82564,42.43502],[-87.82563,42.43627],[-87.82563,42.43726],[-87.82563,42.43765],[-87.82563,42.43785],[-87.82561,42.44089],[-87.82558,42.44309],[-87.82545,42.44609],[-87.82556,42.44609],[-87.82623,42.44608],[-87.82687,42.44608],[-87.82999,42.44611],[-87.83162,42.4461],[-87.83344,42.44613],[-87.83955,42.44612],[-87.845,42.44617],[-87.84497,42.45038],[-87.85329,42.45041],[-87.85323,42.45705]]}},{"type":"Feature","properties":{"route":"572","name":"Washington","status":"tracked","trips":1139,"low_pct":0.0,"high_pct":0.35},"geometry":{"type":"LineString","coordinates":[[-88.01193,42.35549],[-88.01169,42.35476],[-88.01091,42.35479],[-88.01054,42.35534],[-88.01141,42.35637],[-88.01147,42.36046],[-88.00043,42.36059],[-87.99967,42.36066],[-87.99952,42.36064],[-87.99804,42.36137],[-87.99617,42.36353],[-87.99413,42.36408],[-87.93139,42.36372],[-87.9282,42.36315],[-87.92339,42.36107],[-87.92073,42.36046],[-87.90709,42.36024],[-87.90194,42.35965],[-87.87618,42.35952],[-87.87125,42.3592],[-87.87025,42.35917],[-87.86952,42.35918],[-87.86911,42.35921],[-87.86854,42.35925],[-87.86799,42.3593],[-87.86769,42.35932],[-87.86738,42.35934],[-87.86722,42.35936],[-87.86637,42.35942],[-87.86634,42.35942],[-87.86537,42.35948],[-87.86476,42.35949],[-87.86145,42.35952],[-87.86105,42.35952],[-87.86082,42.35952],[-87.85648,42.35968],[-87.85573,42.35968],[-87.85505,42.35966],[-87.85464,42.35967],[-87.85391,42.35967],[-87.85359,42.35969],[-87.85147,42.3597],[-87.84941,42.35969],[-87.84883,42.35969],[-87.84799,42.35968],[-87.84335,42.35963],[-87.83862,42.3596],[-87.83749,42.35961],[-87.82858,42.35957],[-87.82831,42.36098],[-87.82862,42.36097],[-87.82858,42.35957],[-87.85147,42.3597],[-87.85648,42.35968],[-87.85834,42.35964],[-87.86082,42.35952],[-87.86105,42.35952],[-87.86476,42.35949],[-87.86505,42.35949],[-87.86537,42.35948],[-87.86597,42.35945],[-87.86634,42.35942],[-87.86637,42.35942],[-87.86738,42.35934],[-87.86744,42.35934],[-87.86769,42.35932],[-87.86854,42.35925],[-87.86952,42.35918],[-87.87007,42.35917],[-87.87025,42.35917],[-87.87618,42.35952],[-87.90249,42.35977],[-87.90715,42.36036],[-87.92074,42.36058],[-87.92348,42.36124],[-87.92811,42.36325],[-87.93117,42.36382],[-87.99437,42.36417],[-87.99639,42.36352],[-87.99815,42.36142],[-87.99967,42.36066],[-88.01165,42.3606],[-88.01162,42.3566],[-88.01125,42.35572],[-88.01193,42.35549]]}},{"type":"Feature","properties":{"route":"573","name":"Green Bay Road","status":"not on tracker"},"geometry":{"type":"LineString","coordinates":[[-87.86334,42.33671],[-87.85926,42.34141],[-87.86712,42.34143],[-87.87258,42.34146],[-87.87325,42.34148],[-87.87327,42.34148],[-87.87349,42.34147],[-87.87407,42.3449],[-87.87351,42.35639],[-87.87395,42.35905],[-87.87696,42.36425],[-87.87731,42.36475],[-87.8774,42.36478],[-87.87868,42.36607],[-87.87884,42.36624],[-87.87918,42.36664],[-87.88206,42.37137],[-87.88317,42.37632],[-87.88412,42.38379],[-87.88404,42.39099],[-87.87864,42.40832],[-87.87832,42.40946],[-87.87826,42.41021],[-87.86007,42.40998],[-87.83535,42.41003],[-87.83551,42.42095],[-87.85501,42.42103],[-87.8551,42.41382],[-87.86514,42.41385],[-87.86479,42.41005],[-87.87826,42.41021],[-87.88404,42.39099],[-87.88419,42.3877],[-87.88411,42.38203],[-87.88317,42.37632],[-87.88228,42.37206],[-87.88206,42.37137],[-87.8812,42.36986],[-87.87918,42.36664],[-87.8774,42.36478],[-87.87406,42.35871],[-87.87362,42.35637],[-87.87427,42.34957],[-87.87417,42.34467],[-87.87349,42.34147],[-87.87325,42.34148],[-87.86712,42.34143],[-87.86561,42.34144],[-87.85584,42.34139],[-87.8559,42.33415],[-87.86537,42.33424],[-87.86334,42.33671]]}},{"type":"Feature","properties":{"route":"574","name":"CLC - Hawthorn Mall","status":"tracked","trips":575,"low_pct":0.52,"high_pct":0.52},"geometry":{"type":"LineString","coordinates":[[-88.01193,42.35549],[-88.01169,42.35476],[-88.01091,42.35479],[-88.01054,42.35534],[-88.01141,42.35637],[-88.01147,42.36046],[-88.00089,42.36059],[-88.00161,42.35912],[-88.00377,42.35298],[-88.00473,42.34557],[-88.00486,42.3249],[-88.00419,42.291],[-88.00378,42.28137],[-88.00477,42.27841],[-88.00412,42.2763],[-88.00402,42.26961],[-87.99689,42.26982],[-87.98914,42.27387],[-87.98662,42.27466],[-87.98386,42.27628],[-87.98322,42.27659],[-87.97649,42.27957],[-87.97589,42.27984],[-87.97394,42.28073],[-87.97397,42.28259],[-87.97459,42.28376],[-87.9752,42.28426],[-87.97531,42.28433],[-87.97652,42.28518],[-87.97684,42.2854],[-87.97822,42.28635],[-87.97862,42.28663],[-87.9798,42.28744],[-87.98037,42.28783],[-87.98115,42.28836],[-87.98194,42.28891],[-87.98301,42.28999],[-87.98369,42.29173],[-87.98366,42.29518],[-87.97409,42.29513],[-87.97276,42.29506],[-87.96615,42.2945],[-87.95582,42.29466],[-87.95201,42.2762],[-87.94888,42.26204],[-87.94847,42.25964],[-87.94585,42.24809],[-87.94568,42.24712],[-87.94551,42.24575],[-87.94544,42.24535],[-87.94529,42.24431],[-87.94512,42.24312],[-87.94532,42.24282],[-87.9482,42.24273],[-87.94873,42.24193],[-87.94979,42.24155],[-87.95151,42.24193],[-87.9524,42.24158],[-87.9531,42.24238],[-87.95422,42.24271],[-87.95365,42.24427],[-87.95136,42.2454],[-87.94602,42.2453],[-87.94556,42.24533],[-87.94544,42.24535],[-87.94527,42.2454],[-87.94584,42.24886],[-87.95582,42.29466],[-87.95744,42.29449],[-87.96615,42.2945],[-87.97409,42.29513],[-87.97536,42.29516],[-87.98366,42.29518],[-87.9837,42.29215],[-87.98369,42.29173],[-87.98348,42.29087],[-87.98301,42.28999],[-87.98257,42.28946],[-87.98194,42.28891],[-87.97459,42.28376],[-87.97412,42.28307],[-87.97397,42.28259],[-87.97393,42.28201],[-87.97394,42.28073],[-87.98662,42.27466],[-87.98727,42.27441],[-87.98914,42.27387],[-87.9901,42.27334],[-87.99689,42.26982],[-87.99811,42.26959],[-88.00402,42.26961],[-88.004,42.27629],[-88.00462,42.27848],[-88.00364,42.28145],[-88.00469,42.3253],[-88.00454,42.34535],[-88.0036,42.353],[-88.00078,42.36059],[-88.00089,42.36059],[-88.00154,42.36059],[-88.00179,42.36059],[-88.00314,42.36059],[-88.00665,42.36055],[-88.01165,42.3606],[-88.01162,42.3566],[-88.01125,42.35572],[-88.01193,42.35549]]}},{"type":"Feature","properties":{"route":"600","name":"Rosemont - Schaumburg Express","status":"not on tracker"},"geometry":{"type":"LineString","coordinates":[[-88.03666,42.04124],[-88.03551,42.04122],[-88.03566,42.04007],[-88.03567,42.0391],[-88.03571,42.03791],[-88.03571,42.03775],[-88.02636,42.03572],[-88.00865,42.03076],[-87.99769,42.02981],[-87.99359,42.02885],[-87.96592,42.02572],[-87.96423,42.02471],[-87.9637,42.0223],[-87.94231,42.02266],[-87.94207,42.02182],[-87.94054,42.02153],[-87.94065,42.02],[-87.93979,42.01709],[-87.93714,42.01709],[-87.93292,42.01628],[-87.89762,42.007],[-87.87708,41.99755],[-87.8706,41.99195],[-87.86136,41.98673],[-87.86079,41.98644],[-87.86064,41.98638],[-87.86034,41.98624],[-87.85967,41.98594],[-87.85912,41.98563],[-87.85733,41.98498],[-87.85722,41.98472],[-87.85937,41.98539],[-87.85987,41.98494],[-87.86004,41.98492],[-87.86042,41.98497],[-87.8608,41.98415],[-87.86003,41.98404],[-87.85982,41.98445],[-87.85986,41.98471],[-87.86004,41.98492],[-87.86008,41.98505],[-87.86086,41.98515],[-87.86066,41.98631],[-87.86064,41.98638],[-87.86055,41.98672],[-87.86032,41.98773],[-87.85971,41.99061],[-87.85999,41.99123],[-87.86428,41.99291],[-87.87342,41.99537],[-87.87749,41.99834],[-87.89824,42.00743],[-87.93826,42.01823],[-87.94022,42.01973],[-87.94042,42.02278],[-87.95767,42.02252],[-87.95928,42.02408],[-87.96332,42.02543],[-87.96456,42.02527],[-87.96588,42.02583],[-87.97349,42.02687],[-87.9937,42.02898],[-87.99764,42.02992],[-88.00862,42.03086],[-88.02755,42.03617],[-88.0343,42.03767],[-88.03512,42.03783],[-88.03551,42.03788],[-88.03571,42.03791],[-88.03705,42.03809],[-88.03699,42.03946],[-88.0378,42.04025],[-88.03779,42.04113],[-88.03666,42.04124]]}},{"type":"Feature","properties":{"route":"603","name":"Elgin Terminal - Rosemont Express","status":"not on tracker"},"geometry":{"type":"LineString","coordinates":[[-88.28688,42.03719],[-88.28647,42.03679],[-88.28511,42.03725],[-88.28096,42.03726],[-88.28098,42.03964],[-88.28043,42.04041],[-88.27961,42.04161],[-88.27757,42.04465],[-88.27751,42.04473],[-88.27499,42.04749],[-88.27385,42.04888],[-88.27304,42.04992],[-88.27197,42.05128],[-88.27174,42.05161],[-88.27036,42.05339],[-88.26995,42.05387],[-88.26775,42.05424],[-88.26762,42.05645],[-88.26635,42.05955],[-88.26494,42.06363],[-88.26449,42.06448],[-88.26195,42.06471],[-88.26195,42.06484],[-88.26195,42.06531],[-88.26111,42.06537],[-88.26194,42.06553],[-88.26195,42.06531],[-88.26195,42.06484],[-88.26195,42.06471],[-88.25914,42.06471],[-88.25687,42.06626],[-88.10308,42.06649],[-88.0835,42.06428],[-88.02461,42.05701],[-88.01473,42.0546],[-87.97691,42.03724],[-87.97253,42.03451],[-87.95588,42.02213],[-87.95397,42.02106],[-87.95168,42.02031],[-87.93229,42.0163],[-87.89788,42.00711],[-87.87708,41.99755],[-87.8706,41.99195],[-87.86136,41.98673],[-87.86079,41.98644],[-87.86064,41.98638],[-87.86034,41.98624],[-87.85967,41.98594],[-87.85912,41.98563],[-87.85733,41.98498],[-87.8572,41.98481],[-87.85937,41.98539],[-87.85987,41.98494],[-87.86004,41.98492],[-87.86042,41.98497],[-87.8608,41.98415],[-87.86003,41.98404],[-87.85982,41.98445],[-87.85986,41.98471],[-87.86004,41.98492],[-87.86008,41.98505],[-87.86086,41.98515],[-87.86066,41.98631],[-87.86064,41.98638],[-87.86055,41.98672],[-87.86032,41.98773],[-87.85974,41.99045],[-87.85977,41.99113],[-87.86428,41.99291],[-87.87342,41.99537],[-87.87749,41.99834],[-87.89753,42.00717],[-87.93227,42.01652],[-87.95399,42.02128],[-87.97208,42.03452],[-87.9768,42.03747],[-88.0139,42.05459],[-88.02412,42.05716],[-88.07174,42.06302],[-88.10338,42.06675],[-88.14086,42.06701],[-88.25436,42.0666],[-88.25779,42.06797],[-88.25849,42.06753],[-88.25855,42.06554],[-88.25899,42.06499],[-88.26195,42.06484],[-88.26195,42.06531],[-88.26118,42.06532],[-88.26111,42.06537],[-88.26116,42.06553],[-88.26194,42.06553],[-88.26195,42.06531],[-88.26195,42.06484],[-88.26448,42.06486],[-88.2677,42.05678],[-88.26837,42.05594],[-88.26938,42.05459],[-88.27036,42.05339],[-88.27197,42.05128],[-88.27385,42.04888],[-88.27433,42.04828],[-88.27499,42.04749],[-88.27757,42.04465],[-88.28095,42.0397],[-88.28098,42.03964],[-88.28101,42.03957],[-88.28102,42.03949],[-88.28104,42.03815],[-88.28525,42.0382],[-88.28705,42.03753],[-88.28688,42.03719]]}},{"type":"Feature","properties":{"route":"604","name":"Wheeling - Schaumburg","status":"tracked","trips":1005,"low_pct":8.46,"high_pct":8.66},"geometry":{"type":"LineString","coordinates":[[-88.03666,42.04124],[-88.03551,42.04122],[-88.03565,42.04022],[-88.03877,42.04026],[-88.03896,42.04027],[-88.03887,42.04314],[-88.02953,42.04277],[-88.02918,42.04465],[-88.0274,42.07095],[-88.02814,42.07581],[-88.03104,42.08422],[-88.03091,42.08861],[-88.02989,42.09147],[-88.02719,42.09537],[-88.02324,42.09857],[-88.00765,42.1055],[-88.00599,42.10647],[-88.00382,42.10874],[-88.00293,42.11109],[-88.00296,42.11303],[-88.0047,42.12154],[-88.00442,42.12774],[-88.00371,42.12881],[-88.00734,42.13158],[-88.00753,42.13164],[-88.00825,42.13205],[-88.00944,42.13251],[-88.00965,42.13257],[-88.01033,42.13276],[-88.01052,42.13281],[-88.01221,42.13325],[-88.01353,42.13365],[-88.0154,42.13453],[-88.02128,42.139],[-87.95867,42.13882],[-87.95892,42.13754],[-87.96058,42.13652],[-87.96107,42.13573],[-87.96112,42.12801],[-87.96153,42.12714],[-87.96143,42.12705],[-87.96134,42.12698],[-87.96118,42.12682],[-87.96106,42.12654],[-87.96101,42.12447],[-87.96581,42.12451],[-87.96578,42.12514],[-87.96497,42.12614],[-87.96222,42.12659],[-87.96152,42.12697],[-87.96143,42.12705],[-87.96128,42.12723],[-87.96114,42.12742],[-87.96096,42.12813],[-87.9609,42.13579],[-87.95879,42.13749],[-87.95852,42.13894],[-88.02199,42.13918],[-88.01587,42.13483],[-88.01544,42.13455],[-88.0154,42.13453],[-88.01522,42.13442],[-88.01495,42.13427],[-88.01411,42.13388],[-88.01353,42.13365],[-88.01329,42.13356],[-88.01221,42.13325],[-88.00944,42.13251],[-88.00836,42.1321],[-88.00825,42.13205],[-88.00802,42.13193],[-88.00753,42.13164],[-88.00594,42.13036],[-88.0061,42.12961],[-88.00512,42.12794],[-88.00491,42.12112],[-88.00317,42.11295],[-88.00315,42.11106],[-88.00429,42.10843],[-88.00671,42.10621],[-88.02104,42.09997],[-88.02468,42.09784],[-88.02792,42.09486],[-88.03018,42.0914],[-88.03108,42.0888],[-88.0313,42.08463],[-88.02787,42.07334],[-88.02911,42.05212],[-88.03132,42.04347],[-88.03178,42.04305],[-88.03904,42.04327],[-88.03896,42.04027],[-88.0378,42.04025],[-88.03775,42.04121],[-88.03666,42.04124]]}},{"type":"Feature","properties":{"route":"605","name":"I-90/Randall Rd. Station - Rosemont Express","status":"not on tracker"},"geometry":{"type":"LineString","coordinates":[[-88.33463,42.08214],[-88.33387,42.08282],[-88.33446,42.0832],[-88.33485,42.08328],[-88.33532,42.0833],[-88.33553,42.08331],[-88.33559,42.07908],[-88.33037,42.0783],[-88.31663,42.07246],[-88.2919,42.06721],[-88.2862,42.06641],[-88.26062,42.06639],[-88.25916,42.06603],[-88.25895,42.0653],[-88.26195,42.06484],[-88.26195,42.06531],[-88.26111,42.06537],[-88.26194,42.06553],[-88.26195,42.06531],[-88.26195,42.06484],[-88.26195,42.06471],[-88.25946,42.06469],[-88.25861,42.06493],[-88.25718,42.06619],[-88.25432,42.06641],[-88.10242,42.06648],[-88.02101,42.05637],[-88.01135,42.05327],[-87.97726,42.03742],[-87.97253,42.03451],[-87.95588,42.02213],[-87.95397,42.02106],[-87.95168,42.02031],[-87.93229,42.0163],[-87.89788,42.00711],[-87.87708,41.99755],[-87.8706,41.99195],[-87.86136,41.98673],[-87.86079,41.98644],[-87.86064,41.98638],[-87.86034,41.98624],[-87.85967,41.98594],[-87.85912,41.98563],[-87.85733,41.98498],[-87.85722,41.98472],[-87.85937,41.98539],[-87.85987,41.98494],[-87.86004,41.98492],[-87.86042,41.98497],[-87.8608,41.98415],[-87.86003,41.98404],[-87.85982,41.98445],[-87.85986,41.98471],[-87.86004,41.98492],[-87.86008,41.98505],[-87.86086,41.98515],[-87.86066,41.98631],[-87.86064,41.98638],[-87.86055,41.98672],[-87.86032,41.98773],[-87.85974,41.99045],[-87.85977,41.99113],[-87.86428,41.99291],[-87.87342,41.99537],[-87.87749,41.99834],[-87.89753,42.00717],[-87.93227,42.01652],[-87.95399,42.02128],[-87.97208,42.03452],[-87.97701,42.03758],[-88.01268,42.05413],[-88.02099,42.05659],[-88.103,42.06674],[-88.14086,42.06701],[-88.25436,42.0666],[-88.25549,42.06681],[-88.25717,42.06786],[-88.25779,42.06797],[-88.25849,42.06753],[-88.25855,42.06721],[-88.25854,42.06661],[-88.25853,42.0664],[-88.25853,42.06626],[-88.25852,42.06603],[-88.25855,42.06554],[-88.25899,42.06499],[-88.26195,42.06484],[-88.26195,42.06531],[-88.26118,42.06532],[-88.26111,42.06537],[-88.26116,42.06553],[-88.26194,42.06553],[-88.26195,42.06531],[-88.26195,42.06484],[-88.26195,42.06471],[-88.26013,42.0647],[-88.25918,42.06477],[-88.25856,42.0652],[-88.25835,42.06588],[-88.25834,42.06604],[-88.25834,42.06661],[-88.25833,42.06667],[-88.25838,42.06729],[-88.2582,42.06764],[-88.25704,42.06763],[-88.25705,42.06699],[-88.2581,42.06661],[-88.25834,42.06661],[-88.25854,42.06661],[-88.25924,42.06661],[-88.26341,42.06662],[-88.27299,42.06656],[-88.28676,42.06667],[-88.31658,42.07264],[-88.33197,42.07943],[-88.33367,42.08114],[-88.3353,42.08175],[-88.33532,42.0833],[-88.33387,42.08282],[-88.33456,42.08258],[-88.33463,42.08214]]}},{"type":"Feature","properties":{"route":"606","name":"Rosemont - Schaumburg Limited","status":"tracked","trips":2548,"low_pct":0.24,"high_pct":0.75},"geometry":{"type":"LineString","coordinates":[[-88.0362,42.04123],[-88.03535,42.04121],[-88.0353,42.04334],[-88.04283,42.04325],[-88.04289,42.04348],[-88.04283,42.04676],[-88.04289,42.04697],[-88.04297,42.04708],[-88.04319,42.04734],[-88.04327,42.04754],[-88.04328,42.0485],[-88.04169,42.0485],[-88.04133,42.04849],[-88.04139,42.04605],[-88.03907,42.04601],[-88.0385,42.04637],[-88.03884,42.04682],[-88.03889,42.04686],[-88.03961,42.0472],[-88.03966,42.04723],[-88.03974,42.04729],[-88.04024,42.04769],[-88.04029,42.04772],[-88.04134,42.04775],[-88.04112,42.04913],[-88.03424,42.04931],[-88.03364,42.04986],[-88.03361,42.05055],[-87.99391,42.05131],[-87.99034,42.04881],[-87.98997,42.04849],[-87.98771,42.04651],[-87.98671,42.04578],[-87.98663,42.04566],[-87.98467,42.04473],[-87.94658,42.03041],[-87.94414,42.02995],[-87.94066,42.02999],[-87.94067,42.0201],[-87.93979,42.01709],[-87.93714,42.01709],[-87.93292,42.01628],[-87.89762,42.007],[-87.87708,41.99755],[-87.8706,41.99195],[-87.86136,41.98673],[-87.86079,41.98644],[-87.86064,41.98638],[-87.86034,41.98624],[-87.85967,41.98594],[-87.85912,41.98563],[-87.85733,41.98498],[-87.85722,41.98472],[-87.85937,41.98539],[-87.85987,41.98494],[-87.86004,41.98492],[-87.86042,41.98497],[-87.8608,41.98415],[-87.86003,41.98404],[-87.85982,41.98445],[-87.85986,41.98471],[-87.86004,41.98492],[-87.86008,41.98505],[-87.86086,41.98515],[-87.86066,41.98631],[-87.86064,41.98638],[-87.86055,41.98672],[-87.86032,41.98773],[-87.85974,41.99045],[-87.85977,41.99113],[-87.86428,41.99291],[-87.87342,41.99537],[-87.87749,41.99834],[-87.89722,42.00705],[-87.93835,42.01827],[-87.94022,42.01973],[-87.94052,42.0301],[-87.94459,42.0301],[-87.94679,42.0306],[-87.98509,42.04505],[-87.98671,42.04578],[-87.98725,42.04614],[-87.98771,42.04651],[-87.98968,42.04821],[-87.99034,42.04881],[-87.9905,42.04903],[-87.99382,42.05145],[-88.03374,42.05072],[-88.03426,42.04942],[-88.04112,42.04913],[-88.04132,42.04874],[-88.04133,42.04867],[-88.04133,42.04849],[-88.04134,42.04775],[-88.04133,42.04741],[-88.04135,42.04681],[-88.04139,42.04605],[-88.04062,42.04603],[-88.03907,42.04601],[-88.03852,42.04634],[-88.0385,42.04637],[-88.03849,42.04644],[-88.03854,42.04658],[-88.03884,42.04682],[-88.03884,42.04682],[-88.03889,42.04686],[-88.03954,42.04716],[-88.03961,42.0472],[-88.03966,42.04723],[-88.04024,42.04769],[-88.04029,42.04772],[-88.04037,42.04773],[-88.04134,42.04775],[-88.04133,42.04815],[-88.04133,42.04849],[-88.04328,42.0485],[-88.0433,42.04786],[-88.04327,42.04754],[-88.04289,42.04697],[-88.04285,42.04687],[-88.04283,42.04676],[-88.04282,42.04669],[-88.04285,42.04438],[-88.04289,42.04348],[-88.04296,42.04311],[-88.03904,42.04314],[-88.03896,42.04027],[-88.0378,42.04025],[-88.03772,42.04123],[-88.0362,42.04123]]}},{"type":"Feature","properties":{"route":"607","name":"I-90/Randall Rd. Station - Schaumburg Express","status":"not on tracker"},"geometry":{"type":"LineString","coordinates":[[-88.33463,42.08214],[-88.33387,42.08282],[-88.33446,42.0832],[-88.33485,42.08328],[-88.33532,42.0833],[-88.33553,42.08331],[-88.33559,42.07908],[-88.33037,42.0783],[-88.31663,42.07246],[-88.2919,42.06721],[-88.2862,42.06641],[-88.26062,42.06639],[-88.25916,42.06603],[-88.25895,42.0653],[-88.26195,42.06484],[-88.26195,42.06531],[-88.26111,42.06537],[-88.26194,42.06553],[-88.26195,42.06531],[-88.26195,42.06484],[-88.26195,42.06471],[-88.25946,42.06469],[-88.25861,42.06493],[-88.25718,42.06619],[-88.25432,42.06641],[-88.10242,42.06648],[-88.03776,42.05848],[-88.03388,42.05776],[-88.0297,42.05522],[-88.02911,42.05447],[-88.02902,42.05297],[-88.02949,42.04984],[-88.0308,42.04602],[-88.03143,42.04298],[-88.03144,42.04293],[-88.0316,42.04206],[-88.03172,42.04189],[-88.03205,42.04174],[-88.03308,42.04197],[-88.0332,42.04198],[-88.03341,42.04198],[-88.03496,42.04205],[-88.03532,42.04207],[-88.03547,42.04207],[-88.03551,42.04122],[-88.03565,42.04022],[-88.0378,42.04025],[-88.03775,42.04121],[-88.03752,42.04125],[-88.03729,42.04124],[-88.03689,42.04124],[-88.03551,42.04122],[-88.03535,42.04121],[-88.03532,42.04207],[-88.03341,42.04198],[-88.03319,42.043],[-88.03291,42.04305],[-88.03177,42.04297],[-88.03144,42.04293],[-88.02953,42.04277],[-88.02918,42.04465],[-88.02912,42.04762],[-88.02846,42.0521],[-88.02808,42.05784],[-88.02791,42.05861],[-88.02659,42.05946],[-88.02553,42.05868],[-88.0262,42.05792],[-88.02752,42.05777],[-88.02767,42.05779],[-88.02808,42.05784],[-88.02831,42.05787],[-88.02901,42.05796],[-88.03297,42.05843],[-88.03592,42.05882],[-88.04584,42.06018],[-88.10338,42.06675],[-88.14086,42.06701],[-88.25436,42.0666],[-88.25549,42.06681],[-88.25717,42.06786],[-88.25779,42.06797],[-88.25849,42.06753],[-88.25855,42.06721],[-88.25854,42.06661],[-88.25853,42.0664],[-88.25853,42.06626],[-88.25852,42.06603],[-88.25854,42.0656],[-88.25889,42.06505],[-88.26195,42.06484],[-88.26195,42.06531],[-88.26118,42.06532],[-88.26111,42.06537],[-88.26116,42.06553],[-88.26194,42.06553],[-88.26195,42.06531],[-88.26195,42.06484],[-88.26195,42.06471],[-88.25893,42.06486],[-88.2584,42.06556],[-88.25834,42.06604],[-88.25834,42.06661],[-88.25833,42.06667],[-88.25838,42.06729],[-88.25829,42.06754],[-88.25758,42.06786],[-88.25694,42.0675],[-88.25713,42.06692],[-88.2581,42.06661],[-88.25834,42.06661],[-88.25854,42.06661],[-88.25924,42.06661],[-88.26341,42.06662],[-88.26951,42.06659],[-88.27253,42.06656],[-88.28397,42.06659],[-88.28961,42.06702],[-88.31658,42.07264],[-88.33197,42.07943],[-88.33367,42.08114],[-88.3353,42.08175],[-88.33532,42.0833],[-88.33387,42.08282],[-88.33456,42.08258],[-88.33463,42.08214]]}},{"type":"Feature","properties":{"route":"626","name":"Skokie \u2013 Buffalo Grove Limited","status":"not on tracker"},"geometry":{"type":"LineString","coordinates":[[-87.93374,42.18842],[-87.93584,42.18843],[-87.93591,42.18988],[-87.93613,42.19035],[-87.93685,42.19165],[-87.93692,42.19234],[-87.94035,42.19254],[-87.94043,42.19214],[-87.94046,42.19198],[-87.94049,42.19183],[-87.94054,42.19082],[-87.94056,42.19033],[-87.94057,42.19006],[-87.94081,42.1884],[-87.94086,42.18741],[-87.94088,42.18718],[-87.94341,42.1872],[-87.94473,42.18722],[-87.94511,42.18722],[-87.9459,42.18724],[-87.94645,42.18725],[-87.94795,42.18725],[-87.94776,42.18665],[-87.94693,42.18504],[-87.94687,42.18492],[-87.94651,42.18425],[-87.94647,42.18416],[-87.94641,42.18406],[-87.94613,42.18353],[-87.94608,42.18342],[-87.94599,42.18263],[-87.93519,42.18175],[-87.9355,42.17852],[-87.93473,42.17746],[-87.93194,42.17519],[-87.93207,42.17142],[-87.9394,42.17178],[-87.94012,42.17158],[-87.94031,42.17143],[-87.94043,42.1713],[-87.94069,42.17097],[-87.939,42.16883],[-87.93778,42.16827],[-87.93477,42.16822],[-87.93054,42.16867],[-87.9258,42.16776],[-87.9222,42.16768],[-87.92177,42.16773],[-87.92166,42.16707],[-87.9207,42.16397],[-87.92017,42.16264],[-87.91474,42.15256],[-87.90761,42.15304],[-87.89354,42.15293],[-87.89354,42.15308],[-87.89354,42.1532],[-87.89346,42.15332],[-87.89349,42.15344],[-87.89378,42.15369],[-87.89401,42.15379],[-87.89409,42.15385],[-87.89307,42.1546],[-87.8934,42.15479],[-87.89432,42.15453],[-87.89431,42.15452],[-87.89376,42.15411],[-87.89409,42.15385],[-87.89399,42.15371],[-87.89361,42.15338],[-87.89354,42.1532],[-87.89354,42.15308],[-87.89354,42.15293],[-87.88955,42.15291],[-87.88955,42.15305],[-87.88954,42.1532],[-87.8895,42.15353],[-87.88931,42.15422],[-87.88932,42.15463],[-87.88944,42.15518],[-87.88957,42.15546],[-87.88968,42.15563],[-87.88967,42.15577],[-87.88914,42.15632],[-87.88756,42.15631],[-87.8876,42.15661],[-87.8882,42.15637],[-87.88756,42.15631],[-87.8875,42.1563],[-87.88724,42.15624],[-87.88413,42.15623],[-87.884,42.1552],[-87.88404,42.15485],[-87.88393,42.15375],[-87.88389,42.1534],[-87.88385,42.15305],[-87.88384,42.15288],[-87.86512,42.15286],[-87.86514,42.15255],[-87.86256,42.15254],[-87.85964,42.1525],[-87.85447,42.15279],[-87.84516,42.15276],[-87.84509,42.15247],[-87.84475,42.15234],[-87.8421,42.15252],[-87.84159,42.15185],[-87.84179,42.15255],[-87.84218,42.15254],[-87.84405,42.15256],[-87.84416,42.15253],[-87.84438,42.15241],[-87.84466,42.15237],[-87.84482,42.15262],[-87.82145,42.15253],[-87.82113,42.15154],[-87.82142,42.15038],[-87.82107,42.14982],[-87.82019,42.14926],[-87.81972,42.14916],[-87.81882,42.14913],[-87.81751,42.14838],[-87.817,42.14821],[-87.81543,42.14848],[-87.81495,42.14878],[-87.81464,42.14921],[-87.81438,42.14941],[-87.81422,42.14948],[-87.81406,42.14955],[-87.81338,42.14981],[-87.81284,42.15002],[-87.8128,42.15004],[-87.81338,42.15071],[-87.81439,42.15021],[-87.81387,42.14962],[-87.81338,42.14981],[-87.81298,42.14996],[-87.81284,42.15002],[-87.8128,42.15004],[-87.81269,42.15009],[-87.81257,42.15016],[-87.81247,42.15024],[-87.812,42.15102],[-87.81204,42.15128],[-87.81206,42.15132],[-87.81213,42.15144],[-87.81228,42.1517],[-87.81245,42.15191],[-87.8119,42.15247],[-87.80186,42.15244],[-87.80027,42.15004],[-87.79675,42.14581],[-87.79342,42.14046],[-87.79171,42.13787],[-87.78882,42.13761],[-87.78732,42.13657],[-87.78582,42.13345],[-87.7852,42.129],[-87.78434,42.12685],[-87.77354,42.10951],[-87.76999,42.10484],[-87.75924,42.08802],[-87.75863,42.08545],[-87.75867,42.07282],[-87.758,42.07084],[-87.75537,42.06639],[-87.75493,42.06341],[-87.75611,42.06016],[-87.76016,42.05593],[-87.76149,42.05374],[-87.76206,42.05149],[-87.76247,42.0428],[-87.76319,42.0409],[-87.76323,42.04082],[-87.76325,42.04079],[-87.76387,42.0401],[-87.76448,42.0399],[-87.76497,42.04029],[-87.76407,42.04084],[-87.76365,42.04083],[-87.76323,42.04082],[-87.76303,42.04081],[-87.75222,42.04073],[-87.75189,42.03982],[-87.75224,42.04083],[-87.7601,42.04099],[-87.76202,42.04305],[-87.76145,42.05326],[-87.76005,42.05576],[-87.75588,42.06019],[-87.75467,42.06366],[-87.75521,42.06646],[-87.75776,42.07076],[-87.75849,42.07285],[-87.75844,42.08537],[-87.75906,42.08802],[-87.76991,42.10504],[-87.77372,42.11009],[-87.7842,42.12694],[-87.78506,42.12916],[-87.78586,42.13414],[-87.78664,42.13583],[-87.7876,42.13727],[-87.78808,42.13787],[-87.78815,42.13795],[-87.78822,42.13804],[-87.78851,42.13881],[-87.7879,42.13918],[-87.78673,42.1386],[-87.78717,42.13797],[-87.78746,42.13794],[-87.78815,42.13795],[-87.78879,42.13796],[-87.79114,42.13799],[-87.79163,42.13799],[-87.79675,42.14581],[-87.80175,42.15259],[-87.81235,42.1526],[-87.81258,42.15199],[-87.81206,42.15132],[-87.81429,42.1503],[-87.81436,42.15025],[-87.81453,42.15008],[-87.81406,42.14955],[-87.81422,42.14948],[-87.81438,42.14941],[-87.81452,42.14932],[-87.81464,42.14921],[-87.81481,42.14894],[-87.81495,42.14878],[-87.81524,42.14857],[-87.81543,42.14848],[-87.81567,42.1484],[-87.8162,42.14827],[-87.817,42.14821],[-87.81882,42.14913],[-87.82019,42.14926],[-87.82086,42.14965],[-87.82107,42.14982],[-87.82139,42.15027],[-87.82142,42.15038],[-87.82145,42.15062],[-87.82146,42.15093],[-87.82113,42.15154],[-87.82115,42.15263],[-87.82588,42.15277],[-87.8417,42.15288],[-87.84383,42.15287],[-87.84501,42.15287],[-87.84517,42.15287],[-87.84509,42.15247],[-87.84497,42.15239],[-87.84475,42.15234],[-87.84466,42.15237],[-87.84456,42.15237],[-87.84444,42.15239],[-87.84438,42.15241],[-87.84432,42.15243],[-87.84427,42.15246],[-87.84416,42.15253],[-87.84411,42.15255],[-87.84405,42.15256],[-87.8421,42.15252],[-87.84196,42.15242],[-87.84159,42.15185],[-87.84134,42.15193],[-87.84179,42.15255],[-87.84405,42.15256],[-87.84411,42.15255],[-87.84416,42.15253],[-87.84432,42.15243],[-87.84438,42.15241],[-87.84456,42.15237],[-87.84466,42.15237],[-87.84501,42.15287],[-87.85447,42.1529],[-87.85447,42.15279],[-87.85447,42.1525],[-87.85656,42.1525],[-87.85849,42.1525],[-87.85964,42.1525],[-87.86113,42.15251],[-87.86514,42.15255],[-87.86512,42.15286],[-87.86512,42.15296],[-87.88056,42.15306],[-87.88365,42.15306],[-87.88385,42.15305],[-87.88547,42.15304],[-87.88657,42.15304],[-87.88955,42.15305],[-87.88931,42.15422],[-87.88932,42.15451],[-87.88932,42.15463],[-87.88936,42.15492],[-87.88944,42.15518],[-87.88968,42.15563],[-87.88967,42.15577],[-87.88941,42.1561],[-87.88914,42.15632],[-87.88855,42.15642],[-87.8882,42.15637],[-87.88756,42.15631],[-87.8876,42.15661],[-87.88914,42.15632],[-87.88926,42.15623],[-87.88941,42.1561],[-87.88953,42.15596],[-87.88967,42.15577],[-87.88968,42.15563],[-87.88952,42.15489],[-87.8895,42.15431],[-87.8897,42.15305],[-87.89354,42.15308],[-87.89409,42.15385],[-87.89388,42.154],[-87.89376,42.15411],[-87.89307,42.1546],[-87.89331,42.15476],[-87.8934,42.15479],[-87.89403,42.15477],[-87.89432,42.15453],[-87.89376,42.15411],[-87.89388,42.154],[-87.89397,42.15395],[-87.89409,42.15385],[-87.89367,42.15347],[-87.89361,42.15338],[-87.89358,42.15325],[-87.89354,42.1532],[-87.89354,42.15308],[-87.91159,42.15342],[-87.91177,42.15434],[-87.91321,42.15503],[-87.91386,42.15601],[-87.91628,42.15609],[-87.92023,42.16297],[-87.92177,42.16773],[-87.92589,42.16788],[-87.9304,42.16878],[-87.93765,42.16838],[-87.93891,42.16895],[-87.94061,42.17107],[-87.9394,42.17178],[-87.93834,42.17178],[-87.93207,42.17142],[-87.93176,42.17437],[-87.93194,42.17519],[-87.9355,42.17852],[-87.93517,42.18184],[-87.94599,42.18273],[-87.94608,42.18342],[-87.94613,42.18353],[-87.94637,42.18397],[-87.94641,42.18406],[-87.94647,42.18416],[-87.94693,42.18504],[-87.94772,42.18659],[-87.94776,42.18665],[-87.94786,42.18688],[-87.94795,42.18725],[-87.94704,42.18725],[-87.94645,42.18725],[-87.94088,42.18718],[-87.94081,42.1884],[-87.94063,42.1897],[-87.94057,42.19006],[-87.94049,42.19183],[-87.94035,42.19254],[-87.93828,42.19236],[-87.93692,42.19234],[-87.93591,42.18988],[-87.93586,42.18963],[-87.93584,42.18843],[-87.93416,42.18842]]}},{"type":"Feature","properties":{"route":"697","name":"Northwest Transportation Center - Harper College","status":"not on tracker"},"geometry":{"type":"LineString","coordinates":[[-88.07264,42.08044],[-88.07321,42.08053],[-88.07269,42.07862],[-88.07324,42.07721],[-88.04399,42.06827],[-88.04516,42.0587],[-88.04536,42.04743],[-88.04512,42.04742],[-88.04505,42.04742],[-88.04341,42.04741],[-88.04323,42.04742],[-88.04316,42.04729],[-88.04289,42.04697],[-88.04296,42.04311],[-88.03904,42.04314],[-88.03896,42.04027],[-88.0378,42.04025],[-88.03772,42.04123],[-88.03535,42.04121],[-88.0353,42.04334],[-88.04283,42.04325],[-88.04289,42.04697],[-88.04323,42.04742],[-88.04512,42.04742],[-88.04486,42.05936],[-88.04381,42.06835],[-88.07302,42.0773],[-88.07253,42.0782],[-88.07264,42.08044]]}},{"type":"Feature","properties":{"route":"711","name":"Wheaton-Addison","status":"not on tracker"},"geometry":{"type":"LineString","coordinates":[[-88.11241,41.86408],[-88.11739,41.86407],[-88.11742,41.86534],[-88.11817,41.86573],[-88.11753,41.86593],[-88.11349,41.86478],[-88.11239,41.86477],[-88.11151,41.86479],[-88.11083,41.86482],[-88.10662,41.86486],[-88.10666,41.86933],[-88.10667,41.86977],[-88.10667,41.87024],[-88.10668,41.87101],[-88.10668,41.87114],[-88.10668,41.87223],[-88.10672,41.87523],[-88.10674,41.87658],[-88.10674,41.87676],[-88.10679,41.88206],[-88.10679,41.88222],[-88.10679,41.88235],[-88.1068,41.8827],[-88.1068,41.8828],[-88.1068,41.88478],[-88.10682,41.88658],[-88.10682,41.88748],[-88.10681,41.8884],[-88.10683,41.8891],[-88.10579,41.89169],[-88.10502,41.89248],[-88.1047,41.89274],[-88.10409,41.8932],[-88.10362,41.89359],[-88.1027,41.89469],[-88.10129,41.89387],[-88.10101,41.89377],[-88.1001,41.89376],[-88.10004,41.89376],[-88.09987,41.89376],[-88.09853,41.89379],[-88.09842,41.89379],[-88.09715,41.89382],[-88.0968,41.89382],[-88.09439,41.89388],[-88.09213,41.89391],[-88.09205,41.89617],[-88.10091,41.89742],[-88.10101,41.89743],[-88.10153,41.8975],[-88.10197,41.89755],[-88.10178,41.90233],[-88.12049,41.90431],[-88.12052,41.92894],[-88.12,41.93142],[-88.11961,41.9327],[-88.11915,41.93395],[-88.11884,41.93514],[-88.11879,41.93518],[-88.11858,41.9375],[-88.11896,41.94161],[-88.12034,41.94641],[-88.12042,41.95056],[-88.1192,41.95029],[-88.11794,41.95131],[-88.11499,41.95145],[-88.11493,41.9512],[-88.11479,41.95063],[-88.11485,41.95034],[-88.1148,41.94997],[-88.11388,41.9495],[-88.1124,41.95046],[-88.11214,41.94988],[-88.11071,41.95008],[-88.11069,41.94834],[-88.11073,41.94506],[-88.11072,41.94245],[-88.11074,41.9408],[-88.11074,41.9402],[-88.11075,41.93958],[-88.11076,41.9393],[-88.11076,41.93916],[-88.10077,41.93892],[-88.06481,41.93516],[-88.05555,41.93483],[-88.04522,41.93304],[-88.03207,41.93132],[-88.03175,41.94983],[-88.03131,41.95007],[-87.98868,41.93194],[-87.98872,41.93783],[-87.99536,41.93758],[-87.99536,41.93507],[-88.03194,41.95046],[-88.03221,41.93201],[-88.03267,41.93163],[-88.05606,41.93503],[-88.06419,41.93525],[-88.10119,41.93905],[-88.11076,41.9393],[-88.11071,41.95008],[-88.11146,41.95003],[-88.11214,41.94988],[-88.11227,41.95021],[-88.1124,41.95046],[-88.11282,41.95095],[-88.11394,41.95145],[-88.11499,41.95145],[-88.11479,41.95063],[-88.1148,41.94997],[-88.11433,41.94973],[-88.11388,41.9495],[-88.11312,41.9497],[-88.1124,41.95046],[-88.11394,41.95145],[-88.11431,41.95146],[-88.11499,41.95145],[-88.11731,41.95142],[-88.1176,41.95138],[-88.11794,41.95131],[-88.1181,41.95126],[-88.11843,41.95111],[-88.11915,41.95042],[-88.12058,41.95069],[-88.12047,41.94627],[-88.11901,41.94109],[-88.11873,41.93749],[-88.11873,41.93675],[-88.11884,41.93514],[-88.11888,41.93491],[-88.11902,41.93433],[-88.11915,41.93395],[-88.11917,41.93387],[-88.11961,41.9327],[-88.11992,41.9321],[-88.12026,41.93106],[-88.12053,41.92935],[-88.12068,41.90407],[-88.10247,41.90209],[-88.10197,41.90176],[-88.10197,41.89755],[-88.09205,41.89617],[-88.09207,41.89403],[-88.09213,41.89391],[-88.09219,41.8939],[-88.09439,41.89388],[-88.09842,41.89379],[-88.09853,41.89379],[-88.1001,41.89376],[-88.10087,41.89377],[-88.10101,41.89377],[-88.1027,41.89469],[-88.10337,41.89384],[-88.10362,41.89359],[-88.10368,41.89354],[-88.10407,41.89321],[-88.10409,41.8932],[-88.1042,41.89311],[-88.10437,41.89298],[-88.1047,41.89274],[-88.10486,41.89261],[-88.10502,41.89248],[-88.10586,41.89165],[-88.10612,41.89131],[-88.1069,41.88919],[-88.10663,41.86613],[-88.10981,41.86608],[-88.1099,41.86545],[-88.11153,41.86543],[-88.11151,41.86479],[-88.11151,41.86406],[-88.11241,41.86408]]}},{"type":"Feature","properties":{"route":"714","name":"College of DuPage-Naperville-Wheaton Connector","status":"not on tracker"},"geometry":{"type":"LineString","coordinates":[[-88.14586,41.7795],[-88.14623,41.77857],[-88.14759,41.77861],[-88.14757,41.7796],[-88.14752,41.78115],[-88.14751,41.78138],[-88.1475,41.78172],[-88.14748,41.78206],[-88.14745,41.78325],[-88.1473,41.78576],[-88.14728,41.78673],[-88.14717,41.78876],[-88.14706,41.79142],[-88.14705,41.79201],[-88.147,41.79286],[-88.14567,41.79528],[-88.14546,41.7955],[-88.14443,41.7963],[-88.14346,41.79705],[-88.14321,41.79726],[-88.14242,41.79826],[-88.14208,41.79933],[-88.14202,41.80001],[-88.14193,41.80204],[-88.14184,41.80277],[-88.1322,41.80342],[-88.12769,41.80097],[-88.12646,41.80066],[-88.12517,41.80094],[-88.12236,41.80244],[-88.11985,41.80261],[-88.11928,41.80564],[-88.11566,41.81149],[-88.11363,41.81501],[-88.11085,41.81885],[-88.11067,41.81911],[-88.11036,41.81959],[-88.11002,41.82015],[-88.10943,41.82124],[-88.10841,41.82346],[-88.10768,41.82498],[-88.10567,41.82825],[-88.10464,41.82877],[-88.09654,41.82904],[-88.0966,41.82994],[-88.09654,41.83008],[-88.09609,41.83087],[-88.096,41.83145],[-88.09671,41.83249],[-88.09762,41.83282],[-88.10281,41.83303],[-88.10211,41.8345],[-88.10173,41.83628],[-88.10161,41.83645],[-88.10139,41.83658],[-88.10008,41.83665],[-88.0995,41.83699],[-88.09925,41.83727],[-88.09861,41.83805],[-88.09429,41.843],[-88.09317,41.84424],[-88.08291,41.84444],[-88.08228,41.84443],[-88.08115,41.84434],[-88.08075,41.84432],[-88.08058,41.84432],[-88.08016,41.84432],[-88.07902,41.84434],[-88.07741,41.84435],[-88.0774,41.84264],[-88.07653,41.84268],[-88.07628,41.84275],[-88.07601,41.84285],[-88.0759,41.84289],[-88.07541,41.84296],[-88.07065,41.84301],[-88.07066,41.84453],[-88.08228,41.84453],[-88.08226,41.8459],[-88.08227,41.84746],[-88.08226,41.84796],[-88.08227,41.84855],[-88.08226,41.84884],[-88.08226,41.84954],[-88.08226,41.8506],[-88.08224,41.85137],[-88.08223,41.85177],[-88.08224,41.85216],[-88.08223,41.85254],[-88.08222,41.85316],[-88.08222,41.85335],[-88.08224,41.85535],[-88.08223,41.85735],[-88.08224,41.85916],[-88.08286,41.85915],[-88.08323,41.85915],[-88.08352,41.85914],[-88.08636,41.85909],[-88.08706,41.85909],[-88.08778,41.85906],[-88.08918,41.85904],[-88.09079,41.859],[-88.09197,41.85898],[-88.09197,41.86012],[-88.09196,41.86125],[-88.09197,41.86327],[-88.09198,41.86396],[-88.09199,41.86563],[-88.09197,41.86717],[-88.10116,41.86528],[-88.10114,41.8633],[-88.10517,41.86322],[-88.10515,41.86427],[-88.11624,41.86407],[-88.11619,41.86229],[-88.11145,41.86219],[-88.11151,41.86406],[-88.10661,41.86419],[-88.10661,41.86322],[-88.10431,41.86321],[-88.10114,41.8633],[-88.10115,41.8644],[-88.10116,41.86528],[-88.09203,41.86715],[-88.09197,41.85898],[-88.08918,41.85904],[-88.08848,41.85905],[-88.08778,41.85906],[-88.08759,41.85907],[-88.08706,41.85909],[-88.08657,41.85909],[-88.08636,41.85909],[-88.08286,41.85915],[-88.08245,41.85916],[-88.08224,41.85916],[-88.08224,41.85535],[-88.08223,41.85515],[-88.08222,41.85335],[-88.08222,41.85316],[-88.08224,41.85216],[-88.08224,41.85137],[-88.08226,41.85081],[-88.08226,41.8506],[-88.08229,41.84558],[-88.08229,41.84511],[-88.08228,41.84453],[-88.08228,41.84443],[-88.07741,41.84435],[-88.07742,41.84352],[-88.0774,41.84264],[-88.07693,41.84264],[-88.07653,41.84268],[-88.07541,41.84296],[-88.07219,41.84298],[-88.07065,41.84301],[-88.07066,41.84309],[-88.07066,41.84453],[-88.08015,41.84441],[-88.08105,41.84443],[-88.08134,41.84445],[-88.08164,41.84448],[-88.08215,41.84452],[-88.08222,41.84452],[-88.08228,41.84453],[-88.08239,41.84454],[-88.08272,41.84454],[-88.09305,41.84437],[-88.09317,41.84424],[-88.09333,41.84407],[-88.09429,41.843],[-88.09737,41.83944],[-88.09861,41.83805],[-88.0995,41.83699],[-88.10173,41.83657],[-88.10281,41.83303],[-88.09671,41.83249],[-88.09623,41.83205],[-88.096,41.83145],[-88.0966,41.82994],[-88.09655,41.82914],[-88.1054,41.82894],[-88.10768,41.82498],[-88.10943,41.82124],[-88.10973,41.82064],[-88.11002,41.82015],[-88.11327,41.81556],[-88.11363,41.81501],[-88.11393,41.81449],[-88.11405,41.81432],[-88.1153,41.81222],[-88.11634,41.81073],[-88.11949,41.80558],[-88.12014,41.80272],[-88.12242,41.80255],[-88.12651,41.80079],[-88.13217,41.80352],[-88.14182,41.80288],[-88.14184,41.80277],[-88.14188,41.8025],[-88.14193,41.80204],[-88.14208,41.79933],[-88.1422,41.79876],[-88.14242,41.79826],[-88.14275,41.79776],[-88.14321,41.79726],[-88.14546,41.7955],[-88.14561,41.79535],[-88.14567,41.79528],[-88.1469,41.79319],[-88.147,41.79286],[-88.14702,41.79271],[-88.14705,41.79201],[-88.14717,41.78876],[-88.14721,41.7881],[-88.14728,41.78673],[-88.14729,41.78605],[-88.1473,41.78576],[-88.14737,41.785],[-88.14745,41.78325],[-88.14745,41.78307],[-88.14748,41.78206],[-88.14757,41.7796],[-88.14762,41.77762],[-88.14497,41.77754],[-88.14487,41.77952],[-88.14586,41.7795]]}},{"type":"Feature","properties":{"route":"715","name":"Central DuPage","status":"not on tracker"},"geometry":{"type":"LineString","coordinates":[[-88.0333,41.9484],[-88.03285,41.94774],[-88.0318,41.94767],[-88.03181,41.95022],[-88.03194,41.95046],[-88.03736,41.95259],[-88.04168,41.95321],[-88.04195,41.95065],[-88.04218,41.93284],[-88.05545,41.93496],[-88.06419,41.93525],[-88.06363,41.93045],[-88.0619,41.91976],[-88.06188,41.9164],[-88.06335,41.90162],[-88.06336,41.90082],[-88.06349,41.89796],[-88.06344,41.8923],[-88.06351,41.89122],[-88.06551,41.88421],[-88.06624,41.88232],[-88.0667,41.88137],[-88.06677,41.88118],[-88.06678,41.88107],[-88.06673,41.87659],[-88.06602,41.87645],[-88.06489,41.8767],[-88.06307,41.87717],[-88.0607,41.86865],[-88.06099,41.86219],[-88.061,41.86205],[-88.06108,41.86161],[-88.06114,41.86128],[-88.0613,41.86052],[-88.06142,41.85983],[-88.0615,41.85943],[-88.06178,41.8573],[-88.0618,41.85717],[-88.06182,41.8569],[-88.06184,41.85675],[-88.06186,41.8566],[-88.06192,41.85451],[-88.06193,41.85354],[-88.06189,41.85239],[-88.0619,41.85141],[-88.06192,41.85117],[-88.06193,41.85087],[-88.06213,41.84851],[-88.0624,41.8456],[-88.06245,41.84521],[-88.06302,41.84314],[-88.06331,41.8432],[-88.06745,41.84322],[-88.0679,41.84428],[-88.06833,41.84455],[-88.06908,41.84455],[-88.0748,41.84448],[-88.07478,41.84296],[-88.07065,41.84301],[-88.07066,41.84309],[-88.07066,41.84443],[-88.07066,41.84453],[-88.07369,41.84449],[-88.0748,41.84448],[-88.07518,41.84448],[-88.07741,41.84445],[-88.0774,41.84264],[-88.07742,41.84191],[-88.07742,41.84156],[-88.07742,41.8407],[-88.07742,41.8402],[-88.07742,41.84008],[-88.07743,41.83763],[-88.07743,41.83758],[-88.07743,41.83718],[-88.07743,41.83688],[-88.07743,41.83674],[-88.07743,41.83479],[-88.07746,41.83189],[-88.07745,41.83092],[-88.07746,41.83016],[-88.07188,41.82989],[-88.06922,41.82995],[-88.03329,41.83249],[-88.02558,41.83334],[-88.02597,41.84446],[-88.02176,41.8453],[-88.0125,41.84556],[-88.00678,41.84569],[-88.0064,41.84544],[-88.00627,41.84262],[-88.00458,41.84266],[-88.00448,41.84262],[-88.00436,41.84258],[-88.00424,41.84251],[-88.00388,41.84228],[-88.00344,41.84178],[-88.00328,41.84059],[-88.00522,41.8413],[-88.00436,41.84258],[-88.00424,41.84251],[-88.00413,41.84245],[-88.004,41.84237],[-88.00388,41.84228],[-88.00374,41.84217],[-88.00345,41.84179],[-88.00344,41.84178],[-88.00339,41.84165],[-88.00335,41.84152],[-88.00334,41.84128],[-88.00331,41.8408],[-88.00328,41.84059],[-88.00324,41.84006],[-88.00325,41.83979],[-88.00373,41.83895],[-88.00325,41.83797],[-88.00563,41.83701],[-88.0105,41.83565],[-88.01073,41.83555],[-88.01084,41.83544],[-88.01094,41.83538],[-88.01093,41.831],[-88.00752,41.83109],[-88.00646,41.83111],[-88.00575,41.83109],[-88.00226,41.83126],[-88.00004,41.83128],[-87.9999,41.83129],[-87.99983,41.83129],[-87.99925,41.83131],[-87.99812,41.83134],[-87.99741,41.83134],[-87.99676,41.83136],[-87.9964,41.83136],[-87.99534,41.83138],[-87.99237,41.83135],[-87.99141,41.8314],[-87.99136,41.83139],[-87.99128,41.8314],[-87.98965,41.8314],[-87.9886,41.8314],[-87.98719,41.8314],[-87.98687,41.83141],[-87.98687,41.83135],[-87.97708,41.83143],[-87.97317,41.83157],[-87.97262,41.83158],[-87.97218,41.83158],[-87.97186,41.83159],[-87.97178,41.82526],[-87.97265,41.82438],[-87.97484,41.82378],[-87.97568,41.82335],[-87.97627,41.8227],[-87.97652,41.82191],[-87.97563,41.80371],[-87.97542,41.7982],[-87.97541,41.79771],[-87.97535,41.7962],[-87.97533,41.79562],[-87.97532,41.79526],[-87.97531,41.79515],[-87.97529,41.79468],[-87.9753,41.79366],[-87.97509,41.78971],[-87.97506,41.78716],[-87.9748,41.77911],[-87.97474,41.77882],[-87.97446,41.77144],[-87.97452,41.77044],[-87.97441,41.76904],[-87.97426,41.76456],[-87.97426,41.76415],[-87.97425,41.76363],[-87.97423,41.76283],[-87.97421,41.76252],[-87.9742,41.76229],[-87.97416,41.76131],[-87.9741,41.75958],[-87.97408,41.75863],[-87.97401,41.75649],[-87.97393,41.75486],[-87.97392,41.75449],[-87.9739,41.75392],[-87.9739,41.75377],[-87.97388,41.75335],[-87.97387,41.7529],[-87.97393,41.75281],[-87.97388,41.74994],[-87.97385,41.7495],[-87.97451,41.74926],[-87.97453,41.74986],[-87.97388,41.74994],[-87.97371,41.74994],[-87.97375,41.75193],[-87.97522,41.79367],[-87.97608,41.81499],[-87.97644,41.8211],[-87.97565,41.82323],[-87.97254,41.82431],[-87.97161,41.82525],[-87.97186,41.83159],[-87.97708,41.83143],[-87.9833,41.8314],[-87.98372,41.83142],[-87.98656,41.8314],[-87.98687,41.83141],[-87.98719,41.8314],[-87.99128,41.8314],[-87.99136,41.83139],[-87.99141,41.8314],[-87.99197,41.83137],[-87.99237,41.83135],[-87.99345,41.83136],[-87.99534,41.83138],[-87.99676,41.83136],[-88.00575,41.83109],[-88.00597,41.83108],[-88.00646,41.83111],[-88.00718,41.83109],[-88.00752,41.83109],[-88.00843,41.83108],[-88.01014,41.83103],[-88.01056,41.83115],[-88.01075,41.83135],[-88.01083,41.83529],[-88.01084,41.83544],[-88.01085,41.83566],[-88.01091,41.8365],[-88.01118,41.8389],[-88.01149,41.84557],[-88.00678,41.84569],[-88.00654,41.84561],[-88.0064,41.84544],[-88.00637,41.84493],[-88.00635,41.84475],[-88.00634,41.84443],[-88.00627,41.84262],[-88.00522,41.8428],[-88.00458,41.84266],[-88.00448,41.84262],[-88.00436,41.84258],[-88.00424,41.84251],[-88.004,41.84237],[-88.00388,41.84228],[-88.00386,41.84226],[-88.00374,41.84217],[-88.00364,41.84207],[-88.00345,41.84179],[-88.00344,41.84178],[-88.00339,41.84165],[-88.00337,41.84157],[-88.00335,41.84152],[-88.00331,41.8408],[-88.00328,41.84059],[-88.0052,41.84125],[-88.00522,41.8413],[-88.00519,41.8414],[-88.00436,41.84258],[-88.00627,41.84262],[-88.00635,41.84475],[-88.00642,41.84582],[-88.0216,41.84542],[-88.0263,41.84459],[-88.02577,41.83392],[-88.02626,41.83346],[-88.0692,41.83006],[-88.07746,41.83028],[-88.07745,41.83092],[-88.07745,41.83109],[-88.07746,41.83189],[-88.07743,41.83674],[-88.07743,41.83718],[-88.07743,41.83763],[-88.07742,41.8407],[-88.07742,41.84156],[-88.07742,41.84166],[-88.07742,41.84191],[-88.07741,41.84238],[-88.0774,41.84264],[-88.07065,41.84301],[-88.07066,41.84443],[-88.06822,41.84441],[-88.06739,41.84308],[-88.06302,41.84314],[-88.06247,41.84506],[-88.06245,41.84521],[-88.0624,41.8456],[-88.06231,41.8467],[-88.06213,41.84851],[-88.06192,41.85117],[-88.0619,41.85132],[-88.0619,41.85141],[-88.06188,41.85167],[-88.06189,41.85239],[-88.06192,41.85451],[-88.06191,41.85571],[-88.06186,41.8566],[-88.0615,41.85943],[-88.06099,41.86219],[-88.0607,41.86808],[-88.0607,41.86865],[-88.06232,41.87524],[-88.06307,41.87717],[-88.06474,41.8768],[-88.06513,41.8778],[-88.06673,41.87778],[-88.06677,41.88118],[-88.06351,41.89122],[-88.06346,41.89172],[-88.06344,41.8923],[-88.0635,41.89671],[-88.06349,41.89796],[-88.06342,41.90009],[-88.06336,41.90082],[-88.06297,41.9039],[-88.06255,41.90941],[-88.06221,41.91182],[-88.06188,41.9164],[-88.06168,41.91756],[-88.06171,41.91923],[-88.06403,41.93511],[-88.05555,41.93483],[-88.04203,41.93268],[-88.04168,41.95301],[-88.03727,41.95239],[-88.03193,41.95032],[-88.03193,41.94909],[-88.0333,41.9484]]}},{"type":"Feature","properties":{"route":"722","name":"Ogden Avenue","status":"tracked","trips":1213,"low_pct":0.0,"high_pct":0.0},"geometry":{"type":"LineString","coordinates":[[-88.14586,41.7795],[-88.14623,41.77857],[-88.14759,41.77861],[-88.1473,41.78576],[-88.13647,41.786],[-88.13596,41.78631],[-88.1312,41.79047],[-88.13028,41.79111],[-88.12789,41.79254],[-88.12621,41.79398],[-88.12467,41.79517],[-88.12299,41.79578],[-88.11904,41.79603],[-88.1192,41.79707],[-88.11986,41.79863],[-88.11982,41.8041],[-88.11725,41.80888],[-88.10674,41.80868],[-88.10136,41.80818],[-88.09869,41.80804],[-88.09753,41.80804],[-88.09736,41.80804],[-88.09159,41.80813],[-88.09111,41.80816],[-88.08884,41.80821],[-88.08718,41.80827],[-88.08665,41.8083],[-88.0842,41.80839],[-88.083,41.80842],[-88.08274,41.80843],[-88.08221,41.80843],[-88.08115,41.80846],[-88.08098,41.80846],[-88.08058,41.80848],[-88.07593,41.80781],[-88.07301,41.80845],[-88.07299,41.80642],[-88.07477,41.80563],[-88.07512,41.80516],[-88.07511,41.80439],[-88.07478,41.80126],[-88.06319,41.80244],[-88.05625,41.8034],[-88.05265,41.80397],[-88.0501,41.80447],[-88.05009,41.80437],[-88.0501,41.80447],[-88.04945,41.80457],[-88.04643,41.805],[-88.04522,41.80523],[-88.03259,41.80791],[-88.01875,41.80816],[-88.01289,41.80874],[-88.01236,41.80878],[-88.01127,41.80885],[-88.01113,41.80886],[-88.01102,41.80886],[-88.01126,41.81482],[-88.01015,41.81643],[-88.01006,41.81697],[-88.01083,41.83529],[-88.01084,41.8354],[-88.01084,41.83544],[-88.01084,41.8355],[-88.01085,41.83566],[-88.01091,41.8365],[-88.01118,41.8389],[-88.01149,41.84557],[-88.00657,41.84562],[-88.00627,41.84262],[-88.00458,41.84266],[-88.00436,41.84258],[-88.00424,41.84251],[-88.00388,41.84228],[-88.00344,41.84178],[-88.00328,41.84059],[-88.00521,41.84136],[-88.00436,41.84258],[-88.00388,41.84228],[-88.00364,41.84207],[-88.00345,41.84179],[-88.00344,41.84178],[-88.00339,41.84165],[-88.00335,41.84152],[-88.00334,41.84128],[-88.00331,41.8408],[-88.00328,41.84059],[-88.00324,41.84006],[-88.00326,41.83972],[-88.00373,41.83895],[-88.00325,41.83797],[-88.00334,41.83793],[-88.00473,41.83735],[-88.00605,41.83684],[-88.00765,41.83631],[-88.01,41.83568],[-88.01078,41.83551],[-88.01084,41.8355],[-88.01095,41.83549],[-88.01204,41.83522],[-88.02087,41.83414],[-88.02084,41.83395],[-88.02076,41.83353],[-88.02077,41.83335],[-88.02198,41.83331],[-88.02199,41.83159],[-88.02549,41.83146],[-88.02557,41.83309],[-88.02535,41.83337],[-88.02215,41.83379],[-88.02092,41.83393],[-88.02084,41.83395],[-88.02035,41.83401],[-88.01376,41.83484],[-88.01162,41.83524],[-88.01094,41.83538],[-88.01084,41.8354],[-88.01001,41.83556],[-88.00852,41.83595],[-88.00466,41.83716],[-88.0031,41.83791],[-88.00338,41.83902],[-88.00332,41.83945],[-88.00329,41.83957],[-88.00326,41.83972],[-88.00325,41.83979],[-88.00324,41.84006],[-88.00327,41.84032],[-88.00328,41.8404],[-88.00328,41.84059],[-88.00518,41.84123],[-88.00521,41.84136],[-88.0048,41.84197],[-88.00436,41.84258],[-88.00424,41.84251],[-88.004,41.84237],[-88.00388,41.84228],[-88.00374,41.84217],[-88.00364,41.84207],[-88.00354,41.84194],[-88.00345,41.84179],[-88.00344,41.84178],[-88.00339,41.84165],[-88.00337,41.84157],[-88.00335,41.84152],[-88.00331,41.8408],[-88.00328,41.84059],[-88.00328,41.8404],[-88.00324,41.84006],[-88.00325,41.83989],[-88.00325,41.83979],[-88.00326,41.83972],[-88.00327,41.83966],[-88.00329,41.83957],[-88.0033,41.83951],[-88.00332,41.83945],[-88.00373,41.83895],[-88.00336,41.83855],[-88.00325,41.83797],[-88.0105,41.83565],[-88.01073,41.83555],[-88.01078,41.83551],[-88.01084,41.83544],[-88.01094,41.83538],[-88.01105,41.83527],[-88.0102,41.81701],[-88.01136,41.81499],[-88.01113,41.80886],[-88.01875,41.80816],[-88.02697,41.80822],[-88.03259,41.80791],[-88.04643,41.805],[-88.04833,41.80471],[-88.04945,41.80457],[-88.04965,41.80454],[-88.05172,41.8042],[-88.05496,41.80379],[-88.06319,41.80244],[-88.06889,41.80183],[-88.07478,41.80126],[-88.07502,41.80519],[-88.07288,41.80643],[-88.07285,41.80702],[-88.0729,41.80708],[-88.07298,41.80826],[-88.07301,41.80845],[-88.07305,41.80856],[-88.07583,41.80795],[-88.08046,41.80852],[-88.09869,41.80804],[-88.10641,41.80866],[-88.10674,41.80868],[-88.11189,41.8088],[-88.11738,41.80902],[-88.11998,41.80398],[-88.11997,41.79861],[-88.11916,41.79603],[-88.12295,41.79587],[-88.1249,41.79516],[-88.12789,41.79254],[-88.12882,41.79195],[-88.13028,41.79111],[-88.1309,41.7907],[-88.1312,41.79047],[-88.13148,41.79026],[-88.13647,41.786],[-88.13744,41.78581],[-88.1473,41.78576],[-88.14745,41.78325],[-88.14762,41.77762],[-88.14497,41.77754],[-88.14487,41.77952],[-88.14586,41.7795]]}},{"type":"Feature","properties":{"route":"755","name":"Plainfield \u2013 IMD \u2013 West Loop Express","status":"not on tracker"},"geometry":{"type":"LineString","coordinates":[[-88.20994,41.61992],[-88.21196,41.6197],[-88.21213,41.62243],[-88.20283,41.62275],[-88.20236,41.61253],[-88.202,41.61272],[-88.20173,41.61287],[-88.20109,41.61326],[-88.20046,41.61362],[-88.19996,41.61392],[-88.19898,41.6145],[-88.19879,41.61462],[-88.19769,41.61527],[-88.19606,41.61624],[-88.19433,41.61723],[-88.19398,41.61744],[-88.19264,41.61823],[-88.19056,41.61947],[-88.18962,41.62001],[-88.18889,41.62045],[-88.17177,41.63052],[-88.17145,41.63071],[-88.17122,41.63084],[-88.17043,41.6313],[-88.16967,41.63176],[-88.1691,41.63209],[-88.16769,41.63289],[-88.1672,41.63316],[-88.16658,41.63352],[-88.15915,41.6361],[-88.15628,41.63914],[-88.13546,41.65081],[-88.12031,41.6576],[-88.07979,41.67866],[-88.0719,41.68299],[-88.06813,41.6843],[-88.06772,41.68033],[-88.0668,41.68035],[-88.0657,41.68043],[-88.06577,41.68066],[-88.06619,41.68041],[-88.0667,41.6804],[-88.06757,41.68042],[-88.06763,41.68217],[-88.06764,41.68255],[-88.06765,41.68351],[-88.06765,41.68364],[-88.06765,41.68396],[-88.06766,41.68424],[-88.0643,41.68691],[-87.99313,41.72376],[-87.98718,41.7264],[-87.95036,41.73904],[-87.94318,41.74192],[-87.93973,41.74374],[-87.9307,41.75008],[-87.91364,41.75752],[-87.90291,41.76047],[-87.8744,41.76083],[-87.85196,41.76393],[-87.84909,41.76557],[-87.84312,41.77311],[-87.83624,41.77967],[-87.82958,41.78455],[-87.82021,41.79414],[-87.81775,41.79569],[-87.81464,41.79642],[-87.80814,41.79654],[-87.80172,41.79919],[-87.79321,41.80117],[-87.68494,41.8353],[-87.67995,41.83666],[-87.67582,41.83697],[-87.67534,41.83743],[-87.6753,41.83912],[-87.67631,41.8729],[-87.67497,41.87405],[-87.64244,41.87433],[-87.64245,41.8744],[-87.64244,41.87474],[-87.64248,41.87531],[-87.64244,41.87562],[-87.64253,41.87803],[-87.64105,41.87803],[-87.64094,41.87442],[-87.64245,41.8744],[-87.64669,41.87439],[-87.64838,41.87449],[-87.67656,41.87407],[-87.67541,41.84059],[-87.67568,41.83744],[-87.68126,41.83687],[-87.79263,41.80163],[-87.80254,41.7992],[-87.80801,41.79685],[-87.81504,41.79659],[-87.81785,41.79587],[-87.82034,41.79433],[-87.83003,41.78446],[-87.83698,41.77931],[-87.8434,41.77316],[-87.84926,41.76573],[-87.85199,41.76415],[-87.87427,41.76105],[-87.9039,41.76065],[-87.91011,41.75926],[-87.92959,41.75091],[-87.93437,41.74809],[-87.93974,41.74402],[-87.94323,41.74213],[-87.95045,41.73923],[-87.987,41.72669],[-87.99219,41.72448],[-88.06274,41.68788],[-88.06592,41.68648],[-88.0677,41.68581],[-88.06796,41.68568],[-88.06772,41.68033],[-88.0657,41.68043],[-88.06571,41.68062],[-88.06577,41.68066],[-88.06757,41.68042],[-88.0676,41.6813],[-88.06763,41.68217],[-88.0677,41.68581],[-88.06881,41.68538],[-88.07131,41.68347],[-88.07681,41.68041],[-88.11996,41.65792],[-88.13594,41.65077],[-88.15705,41.63889],[-88.16089,41.63618],[-88.16377,41.63511],[-88.16501,41.63443],[-88.1691,41.63209],[-88.17339,41.62956],[-88.17429,41.62904],[-88.18161,41.62472],[-88.18889,41.62045],[-88.18919,41.62027],[-88.18962,41.62001],[-88.19011,41.61973],[-88.19056,41.61947],[-88.19211,41.61855],[-88.19264,41.61823],[-88.19433,41.61723],[-88.1953,41.61668],[-88.19606,41.61624],[-88.19898,41.6145],[-88.20173,41.61287],[-88.20191,41.61277],[-88.202,41.61272],[-88.20237,41.61284],[-88.20263,41.62308],[-88.2123,41.62249],[-88.2122,41.6197],[-88.2092,41.61967],[-88.20904,41.6198],[-88.20994,41.61992]]}},{"type":"Feature","properties":{"route":"801","name":"Elgin-Geneva","status":"tracked","trips":407,"low_pct":4.67,"high_pct":4.67},"geometry":{"type":"LineString","coordinates":[[-88.30934,41.88173],[-88.30926,41.88042],[-88.30752,41.8811],[-88.30638,41.88247],[-88.30509,41.88756],[-88.30788,41.88795],[-88.31013,41.88824],[-88.31065,41.8883],[-88.31118,41.88838],[-88.31135,41.8884],[-88.3115,41.88842],[-88.31328,41.88865],[-88.31398,41.88875],[-88.31456,41.88884],[-88.31561,41.88897],[-88.3201,41.88959],[-88.32066,41.88968],[-88.32397,41.8909],[-88.32745,41.89301],[-88.3285,41.8941],[-88.32888,41.89461],[-88.32984,41.89603],[-88.33046,41.89678],[-88.33206,41.8982],[-88.3337,41.89915],[-88.33824,41.90123],[-88.33986,41.90192],[-88.34005,41.92892],[-88.34021,41.9298],[-88.34107,41.93211],[-88.34125,41.93507],[-88.34116,41.93734],[-88.341,41.93801],[-88.34042,41.93984],[-88.34024,41.94126],[-88.34024,41.94129],[-88.34024,41.94195],[-88.34025,41.94226],[-88.3403,41.94374],[-88.34035,41.94784],[-88.34039,41.94864],[-88.34056,41.95052],[-88.34067,41.95155],[-88.34089,41.95346],[-88.34093,41.95408],[-88.34096,41.95445],[-88.34106,41.95534],[-88.3411,41.95582],[-88.34113,41.95633],[-88.34106,41.95779],[-88.34064,41.96016],[-88.3405,41.96148],[-88.34066,41.97937],[-88.34198,41.97939],[-88.34201,41.9815],[-88.34353,41.98142],[-88.34354,41.98112],[-88.34351,41.97942],[-88.3433,41.97941],[-88.34122,41.97937],[-88.34066,41.97937],[-88.34059,41.97967],[-88.34062,41.98505],[-88.34084,41.99212],[-88.34001,41.99406],[-88.338,41.99583],[-88.33574,41.99585],[-88.33075,41.99597],[-88.32974,41.996],[-88.32823,41.99604],[-88.32804,41.99605],[-88.32323,41.99617],[-88.32073,41.99623],[-88.31951,41.99626],[-88.31879,41.99628],[-88.31657,41.99634],[-88.31628,41.99634],[-88.31619,41.99633],[-88.31558,41.99628],[-88.31496,41.99623],[-88.31482,41.99621],[-88.31438,41.99618],[-88.31237,41.99603],[-88.30273,41.99518],[-88.30029,41.995],[-88.30027,41.99428],[-88.29708,41.99429],[-88.29706,41.99554],[-88.29713,41.99565],[-88.29716,41.9987],[-88.29725,41.99914],[-88.29746,41.99979],[-88.29752,42.00002],[-88.29754,42.00019],[-88.29756,42.00053],[-88.29641,42.00375],[-88.29587,42.00446],[-88.29197,42.00797],[-88.28998,42.00988],[-88.2886,42.0113],[-88.28758,42.01226],[-88.2867,42.01355],[-88.28662,42.0136],[-88.28512,42.01589],[-88.28432,42.01743],[-88.28391,42.01857],[-88.28264,42.02491],[-88.28263,42.02506],[-88.28271,42.02749],[-88.28274,42.02896],[-88.28496,42.03309],[-88.28595,42.03439],[-88.2866,42.03565],[-88.28724,42.03646],[-88.28647,42.03679],[-88.28705,42.03753],[-88.28787,42.03722],[-88.28274,42.02896],[-88.28263,42.02507],[-88.28263,42.02506],[-88.28264,42.02491],[-88.28407,42.01831],[-88.28758,42.01226],[-88.29587,42.00446],[-88.29637,42.00384],[-88.29641,42.00375],[-88.29646,42.00364],[-88.29655,42.00343],[-88.29727,42.00148],[-88.29756,42.00053],[-88.29752,42.00002],[-88.29725,41.99914],[-88.29719,41.9989],[-88.29716,41.9987],[-88.29719,41.995],[-88.3002,41.99499],[-88.30029,41.995],[-88.30056,41.99501],[-88.30124,41.99507],[-88.30165,41.9951],[-88.30273,41.99518],[-88.30883,41.99573],[-88.31237,41.99603],[-88.31298,41.99608],[-88.31438,41.99618],[-88.31619,41.99633],[-88.31628,41.99634],[-88.31657,41.99634],[-88.32323,41.99617],[-88.33574,41.99585],[-88.33746,41.99582],[-88.338,41.99583],[-88.33951,41.99462],[-88.34001,41.99406],[-88.34038,41.99347],[-88.34078,41.99245],[-88.34084,41.99212],[-88.34085,41.99196],[-88.34087,41.99158],[-88.34066,41.97937],[-88.34076,41.97937],[-88.34122,41.97937],[-88.34172,41.97938],[-88.34198,41.97939],[-88.34198,41.98146],[-88.34201,41.9815],[-88.34345,41.98152],[-88.34353,41.98142],[-88.34354,41.98112],[-88.34352,41.98068],[-88.34351,41.97942],[-88.34122,41.97937],[-88.34076,41.97937],[-88.34066,41.97937],[-88.3405,41.96673],[-88.3405,41.96148],[-88.34106,41.95779],[-88.34112,41.95715],[-88.34113,41.95633],[-88.34112,41.9562],[-88.3411,41.95582],[-88.34096,41.95445],[-88.34089,41.95346],[-88.34039,41.94864],[-88.34037,41.94825],[-88.34035,41.94784],[-88.3403,41.94436],[-88.3403,41.94374],[-88.34028,41.94293],[-88.34025,41.94226],[-88.34024,41.94195],[-88.34024,41.94126],[-88.34029,41.94059],[-88.34042,41.93984],[-88.34059,41.93923],[-88.341,41.93801],[-88.34112,41.93753],[-88.34116,41.93734],[-88.34121,41.937],[-88.3413,41.93333],[-88.3412,41.93209],[-88.34017,41.9286],[-88.34004,41.90241],[-88.34472,41.9034],[-88.34483,41.90337],[-88.34507,41.90339],[-88.34638,41.9035],[-88.34697,41.90353],[-88.34838,41.90349],[-88.34922,41.90346],[-88.3505,41.90341],[-88.35176,41.90335],[-88.35457,41.90324],[-88.35551,41.9032],[-88.35566,41.90259],[-88.35709,41.90184],[-88.35544,41.90068],[-88.35497,41.90096],[-88.35561,41.90241],[-88.3553,41.90321],[-88.35176,41.90335],[-88.34922,41.90346],[-88.34858,41.90348],[-88.34838,41.90349],[-88.34711,41.90353],[-88.34697,41.90353],[-88.34687,41.90352],[-88.34638,41.9035],[-88.34483,41.90337],[-88.34062,41.90212],[-88.33391,41.89925],[-88.3337,41.89915],[-88.33355,41.89908],[-88.33294,41.89876],[-88.33216,41.89826],[-88.33206,41.8982],[-88.33182,41.89802],[-88.33145,41.89773],[-88.33046,41.89678],[-88.33005,41.8963],[-88.32984,41.89603],[-88.3285,41.8941],[-88.32816,41.89372],[-88.32745,41.89301],[-88.3258,41.8918],[-88.32397,41.8909],[-88.32086,41.88972],[-88.32066,41.88968],[-88.32049,41.88965],[-88.3201,41.88959],[-88.31791,41.8893],[-88.31561,41.88897],[-88.31525,41.88892],[-88.31456,41.88884],[-88.31328,41.88865],[-88.31065,41.8883],[-88.30788,41.88795],[-88.30934,41.88173]]}},{"type":"Feature","properties":{"route":"802","name":"Aurora - Geneva via Lake Street","status":"tracked","trips":1233,"low_pct":0.0,"high_pct":0.0},"geometry":{"type":"LineString","coordinates":[[-88.30946,41.88128],[-88.30883,41.88378],[-88.3061,41.88347],[-88.30733,41.88125],[-88.30961,41.88018],[-88.31152,41.87745],[-88.31326,41.86967],[-88.31378,41.86419],[-88.31217,41.85149],[-88.31185,41.84863],[-88.31171,41.84709],[-88.31171,41.84699],[-88.31172,41.84695],[-88.31172,41.8469],[-88.31172,41.84687],[-88.31322,41.84258],[-88.31484,41.83774],[-88.32145,41.82856],[-88.32217,41.8275],[-88.32306,41.82604],[-88.3234,41.82545],[-88.32416,41.82413],[-88.32521,41.82225],[-88.32725,41.81873],[-88.32797,41.81287],[-88.32772,41.80852],[-88.32647,41.80429],[-88.32596,41.80219],[-88.32577,41.80156],[-88.32299,41.79277],[-88.32205,41.79001],[-88.32173,41.78917],[-88.32157,41.7888],[-88.32145,41.78852],[-88.31762,41.78198],[-88.32601,41.78149],[-88.32602,41.78217],[-88.32603,41.78257],[-88.32603,41.78258],[-88.32602,41.78265],[-88.32602,41.78273],[-88.326,41.78281],[-88.32599,41.78375],[-88.32604,41.78464],[-88.32407,41.78465],[-88.32407,41.7852],[-88.3259,41.78516],[-88.32604,41.78464],[-88.32887,41.78463],[-88.32885,41.78304],[-88.326,41.78281],[-88.32601,41.78149],[-88.32204,41.7816],[-88.3187,41.78184],[-88.31756,41.78187],[-88.31649,41.78005],[-88.3152,41.77722],[-88.31288,41.76669],[-88.31357,41.76512],[-88.31831,41.75973],[-88.31288,41.75704],[-88.31234,41.75761],[-88.31155,41.75849],[-88.31134,41.75874],[-88.31078,41.75931],[-88.31015,41.76004],[-88.30916,41.7619],[-88.3077,41.76156],[-88.30671,41.76332],[-88.30834,41.76378],[-88.31015,41.76004],[-88.31041,41.75972],[-88.31078,41.75931],[-88.31095,41.75913],[-88.31134,41.75874],[-88.31192,41.75808],[-88.31733,41.76056],[-88.31655,41.76138],[-88.31438,41.76411],[-88.31357,41.76512],[-88.31343,41.7653],[-88.31288,41.76669],[-88.31541,41.77821],[-88.31749,41.78199],[-88.3187,41.78184],[-88.32132,41.78164],[-88.32204,41.7816],[-88.32312,41.78156],[-88.32601,41.78149],[-88.32599,41.78375],[-88.32602,41.78421],[-88.32604,41.78464],[-88.32478,41.78464],[-88.32407,41.78465],[-88.32406,41.78479],[-88.32407,41.7852],[-88.32576,41.78519],[-88.3259,41.78516],[-88.32605,41.78505],[-88.32604,41.78464],[-88.32819,41.78462],[-88.32887,41.78463],[-88.32895,41.78852],[-88.32786,41.78875],[-88.32317,41.78881],[-88.3231,41.78881],[-88.32281,41.78881],[-88.32157,41.7888],[-88.32141,41.7888],[-88.32577,41.80156],[-88.32645,41.80422],[-88.32647,41.80429],[-88.32654,41.8045],[-88.32673,41.80508],[-88.32701,41.80602],[-88.32769,41.80839],[-88.32772,41.80852],[-88.32779,41.8088],[-88.32802,41.81224],[-88.32797,41.81287],[-88.32748,41.81799],[-88.32736,41.81849],[-88.3273,41.81864],[-88.32725,41.81873],[-88.3272,41.81885],[-88.32703,41.81916],[-88.32521,41.82225],[-88.32306,41.82604],[-88.3225,41.82699],[-88.32217,41.8275],[-88.31484,41.83774],[-88.31215,41.8456],[-88.31176,41.84676],[-88.31172,41.84687],[-88.31172,41.84695],[-88.34001,41.84679],[-88.34039,41.8536],[-88.34037,41.89584],[-88.33986,41.90192],[-88.34374,41.90323],[-88.34711,41.90353],[-88.35551,41.9032],[-88.35566,41.90259],[-88.35709,41.90184],[-88.35684,41.90167]]}},{"type":"Feature","properties":{"route":"803","name":"Carpentersville Local","status":"tracked","trips":876,"low_pct":3.08,"high_pct":4.79},"geometry":{"type":"LineString","coordinates":[[-88.29766,42.10182],[-88.29747,42.10142],[-88.29871,42.10088],[-88.29664,42.10042],[-88.29685,42.09913],[-88.28714,42.09813],[-88.28698,42.09813],[-88.28683,42.09812],[-88.28642,42.09812],[-88.28617,42.09812],[-88.28526,42.09813],[-88.28373,42.09811],[-88.28009,42.09812],[-88.27728,42.09806],[-88.27653,42.09808],[-88.27057,42.09866],[-88.26542,42.10301],[-88.2579,42.10443],[-88.25785,42.11508],[-88.25803,42.11509],[-88.25818,42.11509],[-88.25823,42.11507],[-88.25859,42.11491],[-88.25877,42.11488],[-88.25892,42.11488],[-88.25906,42.11488],[-88.25924,42.11488],[-88.2603,42.1149],[-88.26145,42.11501],[-88.262,42.11453],[-88.26402,42.11595],[-88.26455,42.11812],[-88.26275,42.12129],[-88.26941,42.12133],[-88.26824,42.12332],[-88.26831,42.13182],[-88.27339,42.13154],[-88.27348,42.13243],[-88.27333,42.13285],[-88.27329,42.13293],[-88.27313,42.13312],[-88.27301,42.13336],[-88.27299,42.13351],[-88.27318,42.13513],[-88.27351,42.13579],[-88.27361,42.13616],[-88.27338,42.13649],[-88.27365,42.13649],[-88.27361,42.13616],[-88.27354,42.13588],[-88.27351,42.13579],[-88.27342,42.13562],[-88.27324,42.13528],[-88.27318,42.13513],[-88.27314,42.13406],[-88.27299,42.13351],[-88.27299,42.13343],[-88.27301,42.13336],[-88.27348,42.13243],[-88.27349,42.13205],[-88.27339,42.13154],[-88.27107,42.13178],[-88.26216,42.13195],[-88.2618,42.13163],[-88.26006,42.13187],[-88.25869,42.13135],[-88.25831,42.13128],[-88.25797,42.13125],[-88.25789,42.13124],[-88.25779,42.13124],[-88.25767,42.13123],[-88.25766,42.13233],[-88.25779,42.13868],[-88.25669,42.13835],[-88.25623,42.13727],[-88.25305,42.13658],[-88.25317,42.13237],[-88.25747,42.13233],[-88.25766,42.13233],[-88.25779,42.13233],[-88.25778,42.13144],[-88.25779,42.13124],[-88.2578,42.13049],[-88.25805,42.11841],[-88.25942,42.11842],[-88.25944,42.11776],[-88.25906,42.11488],[-88.25859,42.11491],[-88.25803,42.11509],[-88.25805,42.10453],[-88.26543,42.1031],[-88.27057,42.09866],[-88.27658,42.09817],[-88.28698,42.09813],[-88.28717,42.10029],[-88.29215,42.10631],[-88.29366,42.10509],[-88.29008,42.10213],[-88.29045,42.10088],[-88.29284,42.10028],[-88.29563,42.1003],[-88.29564,42.10151],[-88.29627,42.10203],[-88.29766,42.10182]]}},{"type":"Feature","properties":{"route":"806","name":"Crystal Lake-Fox Lake","status":"not on tracker"},"geometry":{"type":"LineString","coordinates":[[-88.31704,42.24389],[-88.31695,42.24339],[-88.31817,42.24402],[-88.31804,42.24415],[-88.31796,42.24424],[-88.31771,42.24451],[-88.31767,42.24455],[-88.31684,42.24541],[-88.3161,42.24509],[-88.3161,42.24562],[-88.3122,42.24565],[-88.31117,42.24489],[-88.31111,42.24482],[-88.30627,42.2449],[-88.30618,42.24851],[-88.29719,42.2486],[-88.29594,42.2486],[-88.29549,42.24857],[-88.28844,42.24858],[-88.28661,42.24887],[-88.28691,42.29838],[-88.28574,42.30132],[-88.28392,42.30391],[-88.28214,42.3066],[-88.28137,42.30774],[-88.28117,42.30804],[-88.2809,42.30844],[-88.2806,42.30888],[-88.27927,42.3109],[-88.27787,42.31039],[-88.27759,42.31037],[-88.2742,42.31037],[-88.27387,42.31016],[-88.27398,42.30912],[-88.27511,42.30801],[-88.27966,42.308],[-88.2809,42.30844],[-88.28067,42.30878],[-88.2806,42.30888],[-88.27949,42.31057],[-88.27927,42.3109],[-88.27904,42.31125],[-88.27823,42.31248],[-88.27688,42.31487],[-88.27697,42.3149],[-88.27703,42.31492],[-88.27712,42.31493],[-88.28,42.31491],[-88.27999,42.31663],[-88.27776,42.31675],[-88.27688,42.31853],[-88.27814,42.31883],[-88.27839,42.31887],[-88.27867,42.31889],[-88.27871,42.31889],[-88.27923,42.3189],[-88.27904,42.31832],[-88.27867,42.31889],[-88.27923,42.3189],[-88.27951,42.3189],[-88.28154,42.31888],[-88.28327,42.31818],[-88.28576,42.31863],[-88.28579,42.32087],[-88.29391,42.32081],[-88.29442,42.3208],[-88.29535,42.32077],[-88.29886,42.3201],[-88.29967,42.32004],[-88.30227,42.32051],[-88.28587,42.33859],[-88.28518,42.33907],[-88.28255,42.34096],[-88.27826,42.34399],[-88.27523,42.34379],[-88.27473,42.34367],[-88.27379,42.34346],[-88.27339,42.3446],[-88.26729,42.34602],[-88.2672,42.35894],[-88.26724,42.36471],[-88.26742,42.36646],[-88.26882,42.3706],[-88.26897,42.37058],[-88.2694,42.37054],[-88.26971,42.37054],[-88.27082,42.37084],[-88.2717,42.37086],[-88.272,42.37083],[-88.272,42.37072],[-88.27199,42.3705],[-88.27236,42.37036],[-88.27209,42.36947],[-88.27164,42.36948],[-88.27167,42.37037],[-88.27147,42.37051],[-88.272,42.37072],[-88.27071,42.37079],[-88.26971,42.37054],[-88.2694,42.37054],[-88.26897,42.37058],[-88.26882,42.3706],[-88.26938,42.37299],[-88.26923,42.37768],[-88.2696,42.37882],[-88.25777,42.37911],[-88.25205,42.37918],[-88.24965,42.37946],[-88.24718,42.37979],[-88.24527,42.38003],[-88.24395,42.38021],[-88.2434,42.38028],[-88.24188,42.38019],[-88.24144,42.38032],[-88.24012,42.38039],[-88.23535,42.38151],[-88.22535,42.39402],[-88.22356,42.40119],[-88.21832,42.40145],[-88.21475,42.40343],[-88.21445,42.40368],[-88.21375,42.40441],[-88.21327,42.40476],[-88.21262,42.40485],[-88.2088,42.40491],[-88.20649,42.40644],[-88.20654,42.40684],[-88.20647,42.40889],[-88.20648,42.40925],[-88.20654,42.40951],[-88.20686,42.41007],[-88.2069,42.41016],[-88.20694,42.41104],[-88.20689,42.41126],[-88.20649,42.41215],[-88.20564,42.41569],[-88.20421,42.41551],[-88.20281,42.41546],[-88.20113,42.41546],[-88.20039,42.41539],[-88.19852,42.41455],[-88.19242,42.4072],[-88.18448,42.40157],[-88.1839,42.40024],[-88.18394,42.39682],[-88.18353,42.39685],[-88.18207,42.39706],[-88.18191,42.39708],[-88.18178,42.3971],[-88.18166,42.39711],[-88.18165,42.39711],[-88.18154,42.39712],[-88.18141,42.39712],[-88.18015,42.39713],[-88.17976,42.39717],[-88.17993,42.39562],[-88.17927,42.39553],[-88.17747,42.3972],[-88.17832,42.39742],[-88.17869,42.39739],[-88.17905,42.39731],[-88.17976,42.39717],[-88.17987,42.39715],[-88.18394,42.39682],[-88.18378,42.40025],[-88.18428,42.40146],[-88.19243,42.40735],[-88.19858,42.41468],[-88.20039,42.41539],[-88.20421,42.41551],[-88.20495,42.41558],[-88.20564,42.41569],[-88.2063,42.41358],[-88.20649,42.41215],[-88.20694,42.41104],[-88.20695,42.41048],[-88.2069,42.41016],[-88.20654,42.40951],[-88.2065,42.40936],[-88.20648,42.40925],[-88.20654,42.40684],[-88.20654,42.40673],[-88.20649,42.40644],[-88.20797,42.40533],[-88.2088,42.40491],[-88.21327,42.40476],[-88.21832,42.40145],[-88.21928,42.4013],[-88.22356,42.40119],[-88.225,42.39481],[-88.22535,42.39402],[-88.2345,42.38222],[-88.23503,42.38172],[-88.23535,42.38151],[-88.23562,42.38137],[-88.24012,42.38039],[-88.24193,42.38049],[-88.25205,42.37918],[-88.25316,42.37914],[-88.25777,42.37911],[-88.26706,42.3789],[-88.2696,42.37882],[-88.26972,42.37881],[-88.26933,42.37756],[-88.26944,42.37251],[-88.26897,42.37058],[-88.26971,42.37054],[-88.2706,42.37078],[-88.27071,42.37079],[-88.27082,42.37084],[-88.27106,42.37086],[-88.2717,42.37086],[-88.272,42.37083],[-88.27236,42.37036],[-88.27211,42.37036],[-88.27209,42.36947],[-88.27188,42.36947],[-88.27164,42.36948],[-88.27147,42.37051],[-88.27199,42.3705],[-88.272,42.37072],[-88.27081,42.37075],[-88.27071,42.37079],[-88.2706,42.37078],[-88.2705,42.37075],[-88.26971,42.37054],[-88.2694,42.37054],[-88.26897,42.37058],[-88.26753,42.36638],[-88.26743,42.34612],[-88.27373,42.34452],[-88.27723,42.34507],[-88.27826,42.34399],[-88.27379,42.34346],[-88.2746,42.34053],[-88.27454,42.33614],[-88.27896,42.33606],[-88.28406,42.33986],[-88.28518,42.33907],[-88.28571,42.3387],[-88.28587,42.33859],[-88.28655,42.33807],[-88.28723,42.33738],[-88.30251,42.32038],[-88.29967,42.32004],[-88.29535,42.32077],[-88.29391,42.32081],[-88.27953,42.32094],[-88.27924,42.32069],[-88.27923,42.3189],[-88.27916,42.31836],[-88.27904,42.31832],[-88.27881,42.31835],[-88.27867,42.31889],[-88.27814,42.31883],[-88.2765,42.31844],[-88.2755,42.31818],[-88.27663,42.31559],[-88.27697,42.3149],[-88.27721,42.31439],[-88.27934,42.31093],[-88.27927,42.3109],[-88.279,42.3108],[-88.27844,42.31057],[-88.2782,42.31049],[-88.27791,42.3104],[-88.27787,42.31039],[-88.27774,42.31037],[-88.27759,42.31037],[-88.27705,42.31037],[-88.27623,42.31039],[-88.2742,42.31037],[-88.27405,42.31035],[-88.27387,42.31016],[-88.27385,42.30989],[-88.27398,42.30912],[-88.27422,42.30882],[-88.27511,42.30801],[-88.27899,42.30799],[-88.27966,42.308],[-88.28007,42.3081],[-88.28063,42.30833],[-88.2809,42.30844],[-88.28101,42.30848],[-88.28501,42.30244],[-88.28502,42.30237],[-88.28574,42.30132],[-88.28601,42.30086],[-88.28651,42.29978],[-88.28669,42.29927],[-88.28685,42.29864],[-88.28691,42.29838],[-88.28694,42.29826],[-88.28675,42.24898],[-88.2888,42.24871],[-88.29549,42.24863],[-88.29594,42.2486],[-88.29649,42.24859],[-88.29654,42.24137],[-88.30631,42.24128],[-88.30627,42.2449],[-88.31005,42.24486],[-88.31111,42.24482],[-88.3122,42.24565],[-88.31231,42.2456],[-88.3161,42.24562],[-88.3161,42.24536],[-88.3161,42.24509],[-88.31628,42.24511],[-88.31684,42.24541],[-88.31785,42.24436],[-88.31704,42.24389]]}},{"type":"Feature","properties":{"route":"807","name":"Woodstock-McHenry","status":"not on tracker"},"geometry":{"type":"LineString","coordinates":[[-88.4476,42.31692],[-88.44898,42.31838],[-88.44962,42.31784],[-88.44751,42.31658],[-88.44741,42.31656],[-88.44662,42.31654],[-88.44472,42.31653],[-88.44473,42.31817],[-88.44303,42.31934],[-88.44315,42.32155],[-88.44312,42.32888],[-88.44315,42.33521],[-88.44319,42.33707],[-88.44321,42.33971],[-88.44051,42.33973],[-88.4405,42.34002],[-88.44165,42.34068],[-88.44172,42.34113],[-88.44171,42.34125],[-88.44163,42.34152],[-88.44162,42.3419],[-88.44074,42.3419],[-88.43972,42.34189],[-88.43923,42.34189],[-88.43835,42.34189],[-88.43812,42.34188],[-88.42849,42.34191],[-88.42845,42.33356],[-88.42846,42.33124],[-88.42846,42.3299],[-88.42846,42.3297],[-88.42847,42.32883],[-88.42847,42.32815],[-88.42813,42.32753],[-88.41278,42.33325],[-88.41088,42.33377],[-88.40037,42.33593],[-88.39689,42.33754],[-88.39525,42.33925],[-88.39447,42.34121],[-88.3944,42.34223],[-88.3944,42.34489],[-88.39442,42.34962],[-88.39441,42.35337],[-88.3937,42.35377],[-88.38825,42.35356],[-88.38257,42.35286],[-88.38126,42.35275],[-88.37109,42.35305],[-88.36571,42.35356],[-88.36429,42.35399],[-88.3618,42.35505],[-88.35888,42.35614],[-88.35665,42.35657],[-88.35503,42.3566],[-88.34059,42.35659],[-88.32079,42.35683],[-88.32027,42.35683],[-88.31835,42.35684],[-88.31597,42.35687],[-88.31364,42.35635],[-88.31322,42.35611],[-88.31105,42.35463],[-88.31074,42.35447],[-88.30838,42.35288],[-88.30718,42.35226],[-88.30565,42.35164],[-88.30559,42.35159],[-88.30296,42.35092],[-88.28182,42.34672],[-88.27867,42.34549],[-88.27723,42.34507],[-88.27826,42.34399],[-88.27744,42.34378],[-88.27553,42.34374],[-88.27573,42.34479],[-88.27373,42.34452],[-88.26743,42.34603],[-88.26618,42.34568],[-88.26739,42.34352],[-88.2673,42.3412],[-88.27411,42.34258],[-88.27379,42.34346],[-88.27523,42.34379],[-88.27553,42.34374],[-88.2769,42.3437],[-88.27744,42.34378],[-88.2777,42.34385],[-88.27826,42.34399],[-88.27742,42.34461],[-88.27723,42.34507],[-88.28164,42.34667],[-88.28182,42.34672],[-88.28217,42.34681],[-88.28517,42.34744],[-88.30013,42.35039],[-88.30565,42.35164],[-88.30838,42.35288],[-88.31341,42.3563],[-88.31558,42.35689],[-88.31588,42.3569],[-88.31597,42.35687],[-88.33255,42.35667],[-88.34059,42.35659],[-88.35665,42.35657],[-88.35778,42.35642],[-88.35888,42.35614],[-88.36429,42.35399],[-88.36485,42.35379],[-88.36571,42.35356],[-88.36855,42.3532],[-88.3699,42.3531],[-88.37109,42.35305],[-88.37247,42.35299],[-88.38126,42.35275],[-88.38201,42.3528],[-88.38257,42.35286],[-88.38667,42.35339],[-88.38825,42.35356],[-88.38904,42.35363],[-88.39143,42.35375],[-88.39303,42.35377],[-88.39441,42.35378],[-88.39447,42.34121],[-88.39468,42.34043],[-88.39525,42.33925],[-88.39654,42.33781],[-88.39689,42.33754],[-88.397,42.33746],[-88.39792,42.33687],[-88.39989,42.33606],[-88.40037,42.33593],[-88.40066,42.33586],[-88.40111,42.33576],[-88.41088,42.33377],[-88.41183,42.33355],[-88.4119,42.33356],[-88.41291,42.33327],[-88.42813,42.32753],[-88.42837,42.32782],[-88.42847,42.32815],[-88.42847,42.32883],[-88.42846,42.3299],[-88.42845,42.33356],[-88.42848,42.33699],[-88.42849,42.34191],[-88.43923,42.34189],[-88.43925,42.34059],[-88.44045,42.34002],[-88.4405,42.34002],[-88.44063,42.34004],[-88.44088,42.3401],[-88.44118,42.34022],[-88.4416,42.34059],[-88.44165,42.34068],[-88.44169,42.34075],[-88.44173,42.34107],[-88.44172,42.34113],[-88.44172,42.34119],[-88.44171,42.34125],[-88.44166,42.34139],[-88.44164,42.34147],[-88.44163,42.34152],[-88.44162,42.34158],[-88.44162,42.3419],[-88.44324,42.3419],[-88.44315,42.32155],[-88.44311,42.31975],[-88.44303,42.31934],[-88.44365,42.3189],[-88.44473,42.31817],[-88.44473,42.31751],[-88.44472,42.31653],[-88.44741,42.31656],[-88.4476,42.31692]]}},{"type":"Feature","properties":{"route":"808","name":"Crystal Lake-Harvard","status":"not on tracker"},"geometry":{"type":"LineString","coordinates":[[-88.60775,42.42622],[-88.60779,42.42737],[-88.60863,42.42808],[-88.60865,42.42208],[-88.61106,42.42209],[-88.6123,42.42207],[-88.61296,42.42208],[-88.61347,42.42208],[-88.61356,42.42208],[-88.61381,42.4219],[-88.61528,42.42051],[-88.61603,42.4198],[-88.6165,42.41936],[-88.61658,42.41929],[-88.61664,42.41923],[-88.61688,42.419],[-88.61695,42.41893],[-88.6174,42.4185],[-88.61751,42.4184],[-88.61779,42.41812],[-88.61824,42.4177],[-88.61841,42.41751],[-88.62028,42.41578],[-88.62061,42.41553],[-88.62105,42.41525],[-88.62114,42.41502],[-88.61352,42.41477],[-88.61345,42.41459],[-88.61342,42.41087],[-88.61343,42.40979],[-88.61343,42.40955],[-88.61343,42.40941],[-88.61337,42.40663],[-88.61337,42.40502],[-88.61333,42.40356],[-88.61332,42.40047],[-88.6133,42.40018],[-88.613,42.39889],[-88.61277,42.39839],[-88.61212,42.39738],[-88.6121,42.39731],[-88.61105,42.39641],[-88.61092,42.39632],[-88.61011,42.3959],[-88.60947,42.3956],[-88.60373,42.39322],[-88.60066,42.39156],[-88.57679,42.37552],[-88.57295,42.37204],[-88.57175,42.37056],[-88.57024,42.36833],[-88.56994,42.3679],[-88.56968,42.36757],[-88.56802,42.36586],[-88.56707,42.36514],[-88.56434,42.3632],[-88.55286,42.35503],[-88.55125,42.35385],[-88.54957,42.35236],[-88.54867,42.3514],[-88.54758,42.35024],[-88.54664,42.34927],[-88.54503,42.34804],[-88.5399,42.34503],[-88.52995,42.3411],[-88.51654,42.33922],[-88.508,42.33883],[-88.49888,42.33868],[-88.49877,42.33864],[-88.49478,42.3386],[-88.48787,42.3376],[-88.48721,42.33823],[-88.48606,42.33841],[-88.48138,42.33722],[-88.44962,42.31784],[-88.44889,42.31834],[-88.44746,42.31657],[-88.44962,42.31784],[-88.44898,42.31838],[-88.44889,42.31834],[-88.44871,42.31818],[-88.44822,42.31766],[-88.44741,42.31656],[-88.44721,42.31656],[-88.44605,42.31654],[-88.44472,42.31653],[-88.44473,42.31817],[-88.44271,42.31957],[-88.44231,42.31983],[-88.44204,42.32001],[-88.43705,42.32267],[-88.43381,42.32374],[-88.43292,42.32409],[-88.43311,42.32569],[-88.43071,42.32748],[-88.4331,42.32593],[-88.43312,42.32469],[-88.43292,42.32409],[-88.43705,42.32267],[-88.43894,42.32171],[-88.44204,42.32001],[-88.44473,42.31817],[-88.44473,42.31751],[-88.44472,42.31653],[-88.44572,42.31654],[-88.44605,42.31654],[-88.44741,42.31656],[-88.44746,42.31657],[-88.44859,42.31721],[-88.4487,42.31288],[-88.44841,42.31288],[-88.44836,42.31288],[-88.44741,42.31288],[-88.44805,42.31209],[-88.45216,42.30756],[-88.45266,42.30699],[-88.45272,42.30559],[-88.44826,42.3056],[-88.44629,42.30559],[-88.44462,42.30559],[-88.44303,42.30559],[-88.44053,42.30559],[-88.43522,42.30557],[-88.43315,42.30376],[-88.43271,42.30335],[-88.4307,42.30165],[-88.42724,42.29877],[-88.42295,42.29511],[-88.4228,42.29497],[-88.42208,42.29371],[-88.42208,42.29263],[-88.4185,42.29111],[-88.41501,42.28894],[-88.41019,42.28392],[-88.40395,42.27856],[-88.40167,42.27748],[-88.39895,42.27699],[-88.39894,42.27621],[-88.40125,42.27646],[-88.40131,42.27719],[-88.40223,42.27727],[-88.40235,42.27771],[-88.40197,42.27757],[-88.40167,42.27748],[-88.40138,42.2774],[-88.40064,42.27725],[-88.39895,42.27699],[-88.38833,42.27537],[-88.38456,42.27371],[-88.36995,42.25737],[-88.36919,42.25776],[-88.36908,42.25778],[-88.36811,42.25778],[-88.36692,42.25823],[-88.36764,42.25895],[-88.36769,42.25907],[-88.36794,42.25893],[-88.36781,42.25888],[-88.36764,42.25895],[-88.36758,42.25892],[-88.36692,42.25823],[-88.36786,42.25783],[-88.36811,42.25778],[-88.36821,42.25776],[-88.36908,42.25778],[-88.36912,42.25778],[-88.36919,42.25776],[-88.36929,42.25777],[-88.36987,42.25753],[-88.37221,42.25994],[-88.37153,42.25917],[-88.37015,42.2576],[-88.36995,42.25737],[-88.36846,42.25568],[-88.36816,42.25534],[-88.36789,42.25504],[-88.36567,42.25357],[-88.36405,42.25305],[-88.35627,42.2516],[-88.35037,42.25138],[-88.34864,42.25052],[-88.34587,42.24795],[-88.33574,42.24802],[-88.33574,42.24461],[-88.32008,42.24492],[-88.31817,42.24402],[-88.31785,42.24436],[-88.3168,42.24361],[-88.31695,42.24339],[-88.32008,42.24492],[-88.32104,42.24476],[-88.33574,42.24461],[-88.33573,42.24681],[-88.33573,42.24699],[-88.33574,42.24802],[-88.33574,42.24808],[-88.3458,42.24803],[-88.34851,42.25062],[-88.35015,42.25148],[-88.35636,42.25174],[-88.36619,42.25399],[-88.3698,42.25744],[-88.36919,42.25776],[-88.36912,42.25778],[-88.36908,42.25778],[-88.36853,42.25776],[-88.36834,42.25776],[-88.36821,42.25776],[-88.36811,42.25778],[-88.36802,42.2578],[-88.36786,42.25783],[-88.36738,42.25802],[-88.36692,42.25823],[-88.36746,42.25881],[-88.36753,42.25888],[-88.36758,42.25892],[-88.36764,42.25895],[-88.36766,42.25903],[-88.36769,42.25907],[-88.36783,42.2591],[-88.36794,42.25893],[-88.36692,42.25823],[-88.36738,42.25802],[-88.36783,42.25785],[-88.36786,42.25783],[-88.36802,42.2578],[-88.36811,42.25778],[-88.36821,42.25776],[-88.36853,42.25776],[-88.36874,42.25776],[-88.36908,42.25778],[-88.36912,42.25778],[-88.36919,42.25776],[-88.36929,42.25777],[-88.36953,42.25769],[-88.36987,42.25753],[-88.38426,42.27377],[-88.38811,42.27551],[-88.39764,42.27698],[-88.39894,42.27706],[-88.39895,42.27699],[-88.39895,42.27652],[-88.39894,42.27621],[-88.40079,42.27636],[-88.40072,42.27613],[-88.39894,42.27621],[-88.39895,42.27644],[-88.39895,42.27652],[-88.39895,42.27699],[-88.39892,42.27718],[-88.40228,42.27788],[-88.4043,42.27907],[-88.41072,42.28461],[-88.41449,42.28877],[-88.41815,42.29113],[-88.42168,42.29278],[-88.42246,42.29467],[-88.4227,42.29485],[-88.4228,42.29497],[-88.42286,42.29503],[-88.42295,42.29511],[-88.42331,42.2954],[-88.42724,42.29877],[-88.43271,42.30335],[-88.43522,42.30557],[-88.45272,42.30559],[-88.45275,42.30674],[-88.45266,42.30699],[-88.44805,42.31209],[-88.44752,42.3127],[-88.44741,42.31288],[-88.4487,42.31288],[-88.44873,42.31686],[-88.44859,42.31721],[-88.44962,42.31784],[-88.44918,42.31817],[-88.44898,42.31838],[-88.44894,42.31836],[-88.44889,42.31834],[-88.44882,42.31828],[-88.44871,42.31818],[-88.44834,42.31779],[-88.44822,42.31766],[-88.44748,42.31677],[-88.44741,42.31656],[-88.44746,42.31657],[-88.44751,42.31658],[-88.44759,42.31661],[-88.4479,42.31679],[-88.44834,42.31706],[-88.44859,42.31721],[-88.44962,42.31784],[-88.47954,42.33635],[-88.48073,42.33696],[-88.48138,42.33722],[-88.48292,42.33771],[-88.48606,42.33841],[-88.48684,42.33837],[-88.48721,42.33823],[-88.48782,42.33786],[-88.48823,42.33779],[-88.49438,42.33876],[-88.51654,42.33922],[-88.51899,42.33946],[-88.52995,42.3411],[-88.53231,42.34173],[-88.5399,42.34503],[-88.54093,42.34557],[-88.54503,42.34804],[-88.54597,42.34869],[-88.54664,42.34927],[-88.55125,42.35385],[-88.56707,42.36514],[-88.56759,42.36552],[-88.56802,42.36586],[-88.5688,42.36658],[-88.56968,42.36757],[-88.57175,42.37056],[-88.57228,42.37125],[-88.57295,42.37204],[-88.57466,42.37377],[-88.57679,42.37552],[-88.58044,42.37803],[-88.60066,42.39156],[-88.602,42.39233],[-88.60373,42.39322],[-88.61011,42.3959],[-88.61212,42.39738],[-88.6133,42.40018],[-88.6134,42.41477],[-88.62114,42.41502],[-88.62111,42.41516],[-88.62105,42.41525],[-88.62028,42.41578],[-88.61975,42.41627],[-88.61841,42.41751],[-88.61381,42.4219],[-88.61373,42.42197],[-88.61356,42.42208],[-88.61347,42.42208],[-88.6123,42.42207],[-88.61122,42.42208],[-88.61106,42.42209],[-88.60985,42.42208],[-88.60865,42.42208],[-88.60791,42.42208],[-88.60742,42.42209],[-88.60775,42.42622]]}},{"type":"Feature","properties":{"route":"811","name":"Rosemont Entertainment Circulator","status":"not on tracker"},"geometry":{"type":"LineString","coordinates":[[-87.86044,41.98407],[-87.85997,41.98408],[-87.85986,41.98471],[-87.86008,41.98505],[-87.8611,41.98518],[-87.86207,41.98059],[-87.86859,41.98034],[-87.86869,41.97946],[-87.86635,41.97952],[-87.86669,41.97665],[-87.86573,41.9757],[-87.86572,41.97514],[-87.86267,41.9751],[-87.86264,41.9776],[-87.86088,41.98503],[-87.86042,41.98497],[-87.86081,41.98419],[-87.86044,41.98407]]}},{"type":"Feature","properties":{"route":"832","name":"Joliet - Orland Park","status":"not on tracker"},"geometry":{"type":"LineString","coordinates":[[-88.07954,41.52231],[-88.07962,41.52374],[-88.07992,41.52223],[-88.0815,41.52212],[-88.08155,41.52403],[-88.08007,41.52442],[-88.08046,41.53623],[-88.08195,41.53627],[-88.08347,41.53679],[-88.0851,41.53719],[-88.0853,41.53739],[-88.08534,41.53753],[-88.08506,41.53834],[-88.08515,41.54154],[-88.08517,41.5418],[-88.08524,41.54215],[-88.08633,41.54649],[-88.08678,41.54822],[-88.08764,41.55109],[-88.08803,41.55268],[-88.08821,41.55412],[-88.08835,41.55607],[-88.08849,41.55794],[-88.08851,41.55822],[-88.08785,41.56527],[-88.08372,41.57859],[-88.08422,41.5789],[-88.08422,41.57909],[-88.0896,41.57901],[-88.08975,41.57888],[-88.08422,41.5789],[-88.0839,41.57881],[-88.08372,41.57859],[-88.0832,41.57974],[-88.08312,41.57978],[-88.08061,41.58399],[-88.07806,41.58812],[-88.07716,41.58977],[-88.07612,41.59192],[-88.0754,41.59354],[-88.07509,41.59386],[-88.07186,41.59314],[-88.07093,41.59277],[-88.06877,41.59176],[-88.06752,41.59137],[-88.06679,41.59122],[-88.06048,41.59013],[-88.05091,41.58761],[-88.04925,41.58736],[-88.04708,41.58797],[-88.04591,41.58883],[-88.04583,41.58884],[-88.04403,41.59019],[-88.04279,41.59118],[-88.04081,41.5927],[-88.03991,41.5933],[-88.03808,41.59465],[-88.03565,41.59657],[-88.03301,41.59758],[-87.89135,41.60064],[-87.89172,41.61164],[-87.8893,41.61165],[-87.88212,41.61174],[-87.87864,41.61181],[-87.87793,41.61182],[-87.87726,41.61183],[-87.87585,41.61186],[-87.87227,41.61187],[-87.85319,41.6123],[-87.85333,41.61591],[-87.84857,41.61602],[-87.84837,41.61095],[-87.84832,41.60933],[-87.84829,41.60866],[-87.84825,41.60736],[-87.84907,41.60731],[-87.84911,41.60863],[-87.84829,41.60866],[-87.84815,41.60866],[-87.84843,41.61614],[-87.85349,41.61602],[-87.85335,41.6123],[-87.86745,41.61198],[-87.87021,41.61201],[-87.88212,41.61174],[-87.89097,41.61166],[-87.89172,41.61164],[-87.89182,41.61164],[-87.89153,41.60073],[-88.03301,41.59758],[-88.03451,41.59717],[-88.03565,41.59657],[-88.03755,41.5952],[-88.04708,41.58797],[-88.04821,41.5875],[-88.04925,41.58736],[-88.06048,41.59013],[-88.06752,41.59137],[-88.07204,41.59328],[-88.07529,41.59413],[-88.07669,41.59078],[-88.07716,41.58977],[-88.07787,41.58846],[-88.07806,41.58812],[-88.07821,41.58785],[-88.08004,41.58488],[-88.08061,41.58399],[-88.0807,41.58396],[-88.08163,41.58251],[-88.08289,41.58038],[-88.08325,41.57966],[-88.0841,41.5791],[-88.0896,41.57901],[-88.0897,41.57898],[-88.08975,41.57888],[-88.08372,41.57859],[-88.08733,41.56708],[-88.08785,41.56527],[-88.08818,41.56376],[-88.08854,41.55893],[-88.08851,41.55822],[-88.08821,41.55412],[-88.08821,41.55312],[-88.0881,41.55234],[-88.08772,41.5512],[-88.08764,41.55109],[-88.08762,41.55103],[-88.087,41.54902],[-88.08678,41.54822],[-88.08664,41.54766],[-88.08633,41.54649],[-88.08607,41.54542],[-88.08586,41.54461],[-88.08524,41.54215],[-88.0852,41.542],[-88.08517,41.5418],[-88.08516,41.54166],[-88.08515,41.54154],[-88.08512,41.54006],[-88.08506,41.53834],[-88.08544,41.53726],[-88.08188,41.53589],[-88.08181,41.53337],[-88.08272,41.53148],[-88.08318,41.53146],[-88.08281,41.52133],[-88.08145,41.52045],[-88.0815,41.52212],[-88.07984,41.5222],[-88.07954,41.52231]]}},{"type":"Feature","properties":{"route":"834","name":"Joliet - Downers Grove","status":"tracked","trips":690,"low_pct":0.58,"high_pct":0.58},"geometry":{"type":"LineString","coordinates":[[-88.07944,41.52329],[-88.0798,41.52366],[-88.07992,41.52223],[-88.0815,41.52212],[-88.08155,41.52403],[-88.08016,41.52424],[-88.0801,41.52502],[-88.07575,41.52511],[-88.07363,41.52454],[-88.07276,41.52535],[-88.07262,41.52791],[-88.07261,41.52911],[-88.07254,41.53124],[-88.07256,41.53194],[-88.07269,41.53542],[-88.07275,41.53709],[-88.07274,41.5373],[-88.07254,41.53877],[-88.07246,41.54055],[-88.07262,41.55348],[-88.07121,41.55739],[-88.07052,41.55906],[-88.06944,41.56194],[-88.06879,41.56383],[-88.06859,41.56488],[-88.06821,41.56817],[-88.06737,41.57194],[-88.06699,41.57263],[-88.06257,41.57875],[-88.0624,41.57907],[-88.06192,41.58004],[-88.06134,41.58117],[-88.06039,41.58314],[-88.05893,41.58625],[-88.05751,41.5894],[-88.05821,41.58957],[-88.05888,41.58974],[-88.05924,41.58984],[-88.05983,41.58998],[-88.06048,41.59013],[-88.06679,41.59122],[-88.06797,41.59149],[-88.07204,41.59328],[-88.07515,41.59411],[-88.07476,41.59614],[-88.07485,41.59774],[-88.075,41.59908],[-88.07518,41.6008],[-88.0754,41.60322],[-88.07538,41.60555],[-88.07851,41.60535],[-88.07811,41.60537],[-88.07721,41.60534],[-88.07586,41.60538],[-88.07575,41.60538],[-88.0755,41.60538],[-88.07541,41.60538],[-88.07538,41.60549],[-88.07538,41.60551],[-88.07538,41.60555],[-88.07535,41.60642],[-88.07534,41.60664],[-88.07538,41.60674],[-88.07507,41.61041],[-88.07545,41.6123],[-88.07555,41.61245],[-88.07594,41.61344],[-88.07627,41.61404],[-88.07643,41.61442],[-88.07666,41.61487],[-88.07721,41.61605],[-88.07776,41.61728],[-88.07861,41.61949],[-88.08022,41.62581],[-88.08041,41.65375],[-88.07954,41.65589],[-88.07743,41.65814],[-88.06716,41.66574],[-88.06521,41.66773],[-88.0665,41.66976],[-88.06726,41.67226],[-88.06797,41.69129],[-88.08732,41.69078],[-88.08754,41.69799],[-88.08701,41.69801],[-88.08643,41.69803],[-88.08272,41.69814],[-88.07918,41.69824],[-88.07889,41.69825],[-88.07697,41.69828],[-88.07541,41.69832],[-88.07452,41.69835],[-88.07421,41.69835],[-88.07399,41.69835],[-88.06821,41.69851],[-88.06863,41.71083],[-88.05693,41.71532],[-88.04372,41.72058],[-88.03939,41.72268],[-88.0399,41.72356],[-88.03974,41.72494],[-88.04059,41.75032],[-88.01262,41.75106],[-88.01242,41.75462],[-88.00918,41.75637],[-88.00818,41.75736],[-88.00798,41.75815],[-88.00815,41.76011],[-88.00819,41.76177],[-88.00825,41.76299],[-88.00836,41.76678],[-88.00837,41.76689],[-88.00838,41.76708],[-88.0084,41.76763],[-88.00841,41.76782],[-88.00841,41.76792],[-88.00841,41.76802],[-88.00842,41.76811],[-88.00843,41.76847],[-88.00845,41.76924],[-88.0085,41.77041],[-88.00847,41.77082],[-88.00851,41.77229],[-88.00876,41.77872],[-88.0088,41.77999],[-88.0088,41.78031],[-88.00882,41.78114],[-88.00884,41.78163],[-88.00886,41.78213],[-88.00888,41.78259],[-88.00899,41.78629],[-88.00901,41.78736],[-88.00909,41.78781],[-88.01007,41.79063],[-88.01044,41.79586],[-88.01071,41.79856],[-88.011,41.80678],[-88.01096,41.80731],[-88.01127,41.81475],[-88.01015,41.81643],[-88.01006,41.81697],[-88.01083,41.83529],[-88.01084,41.8354],[-88.01084,41.83544],[-88.01084,41.8355],[-88.01085,41.83566],[-88.01091,41.8365],[-88.01118,41.8389],[-88.01149,41.84557],[-88.00678,41.84569],[-88.0064,41.84544],[-88.00627,41.84262],[-88.00458,41.84266],[-88.00436,41.84258],[-88.00424,41.84251],[-88.00388,41.84228],[-88.00344,41.84178],[-88.00328,41.84059],[-88.00522,41.8413],[-88.00436,41.84258],[-88.00424,41.84251],[-88.00413,41.84245],[-88.004,41.84237],[-88.00388,41.84228],[-88.00374,41.84217],[-88.00345,41.84179],[-88.00344,41.84178],[-88.00339,41.84165],[-88.00335,41.84152],[-88.00334,41.84128],[-88.00331,41.8408],[-88.00328,41.84059],[-88.00324,41.84006],[-88.00325,41.83979],[-88.00373,41.83895],[-88.00325,41.83797],[-88.00334,41.83793],[-88.00473,41.83735],[-88.00605,41.83684],[-88.00715,41.83647],[-88.00937,41.83584],[-88.01,41.83568],[-88.01078,41.83551],[-88.01084,41.8355],[-88.01095,41.83549],[-88.01204,41.83522],[-88.02087,41.83414],[-88.02084,41.83395],[-88.02076,41.83353],[-88.02077,41.83335],[-88.02198,41.83331],[-88.02199,41.83159],[-88.02549,41.83146],[-88.02557,41.83309],[-88.02535,41.83337],[-88.02215,41.83379],[-88.02092,41.83393],[-88.02084,41.83395],[-88.02035,41.83401],[-88.01376,41.83484],[-88.01162,41.83524],[-88.01094,41.83538],[-88.01084,41.8354],[-88.01001,41.83556],[-88.00852,41.83595],[-88.00466,41.83716],[-88.0031,41.83791],[-88.00338,41.83902],[-88.00332,41.83945],[-88.00325,41.83979],[-88.00325,41.83989],[-88.00324,41.84006],[-88.00327,41.84032],[-88.00328,41.8404],[-88.00328,41.84059],[-88.00518,41.84123],[-88.00522,41.8413],[-88.00521,41.84136],[-88.00436,41.84258],[-88.00424,41.84251],[-88.004,41.84237],[-88.00388,41.84228],[-88.00386,41.84226],[-88.00374,41.84217],[-88.00354,41.84194],[-88.00345,41.84179],[-88.00344,41.84178],[-88.00339,41.84165],[-88.00337,41.84157],[-88.00335,41.84152],[-88.00335,41.84143],[-88.00324,41.84006],[-88.00325,41.83989],[-88.00325,41.83979],[-88.00326,41.83972],[-88.00332,41.83945],[-88.00342,41.83927],[-88.00373,41.83895],[-88.00336,41.83855],[-88.00325,41.83797],[-88.0105,41.83565],[-88.01073,41.83555],[-88.01078,41.83551],[-88.01084,41.83544],[-88.01094,41.83538],[-88.01105,41.83527],[-88.0102,41.81701],[-88.01138,41.81461],[-88.01071,41.79856],[-88.01008,41.7908],[-88.01007,41.79063],[-88.01002,41.79047],[-88.00909,41.78781],[-88.00903,41.78759],[-88.00901,41.78736],[-88.00899,41.78709],[-88.00899,41.78629],[-88.00884,41.78163],[-88.00882,41.78114],[-88.0088,41.77999],[-88.00876,41.77872],[-88.00856,41.77302],[-88.00855,41.77127],[-88.00815,41.76011],[-88.00837,41.75735],[-88.01251,41.75475],[-88.01282,41.75119],[-88.04083,41.75053],[-88.04005,41.72349],[-88.03967,41.72273],[-88.04483,41.72027],[-88.0688,41.71094],[-88.06835,41.69851],[-88.07399,41.69835],[-88.08272,41.69814],[-88.08754,41.69799],[-88.08735,41.69206],[-88.08732,41.69078],[-88.08732,41.69071],[-88.0682,41.6912],[-88.0674,41.67224],[-88.06669,41.66983],[-88.06537,41.66774],[-88.0674,41.66568],[-88.07725,41.65846],[-88.0797,41.65588],[-88.08052,41.65392],[-88.08038,41.626],[-88.07861,41.61949],[-88.07563,41.61276],[-88.07555,41.61245],[-88.07553,41.61225],[-88.07532,41.61145],[-88.07521,41.61056],[-88.07551,41.60555],[-88.07851,41.60535],[-88.07721,41.60534],[-88.0755,41.60538],[-88.07547,41.60519],[-88.07545,41.60392],[-88.07542,41.60355],[-88.0754,41.60322],[-88.07538,41.6029],[-88.07481,41.59649],[-88.07532,41.59403],[-88.07186,41.59314],[-88.06877,41.59176],[-88.06818,41.59155],[-88.06797,41.59149],[-88.06752,41.59137],[-88.06679,41.59122],[-88.06132,41.59029],[-88.06048,41.59013],[-88.06,41.59002],[-88.05983,41.58998],[-88.05888,41.58974],[-88.05751,41.5894],[-88.06257,41.57875],[-88.06737,41.57194],[-88.06766,41.57112],[-88.06821,41.56817],[-88.06879,41.56383],[-88.06891,41.56343],[-88.06944,41.56194],[-88.07121,41.55739],[-88.07249,41.55391],[-88.07262,41.55348],[-88.07278,41.55203],[-88.07253,41.54058],[-88.07265,41.53812],[-88.07274,41.5373],[-88.07275,41.53709],[-88.07262,41.52791],[-88.08305,41.52781],[-88.08266,41.52105],[-88.08145,41.52045],[-88.0815,41.52212],[-88.07961,41.52224],[-88.07944,41.52329]]}},{"type":"Feature","properties":{"route":"850","name":"North Bolingbrook \u2013 East Loop Express","status":"not on tracker"},"geometry":{"type":"LineString","coordinates":[[-87.62436,41.89633],[-87.62417,41.88997],[-87.62464,41.88793],[-87.62446,41.88212],[-87.62444,41.88085],[-87.62439,41.87828],[-87.62436,41.8771],[-87.62434,41.87575],[-87.62427,41.87315],[-87.62059,41.87325],[-87.62047,41.86747],[-87.61355,41.85013],[-87.61368,41.84917],[-87.61448,41.84849],[-87.62356,41.84809],[-87.62829,41.8471],[-87.62938,41.84714],[-87.62968,41.84718],[-87.63035,41.84731],[-87.63062,41.84735],[-87.63088,41.84741],[-87.63125,41.84747],[-87.6321,41.84752],[-87.64221,41.84725],[-87.6466,41.84598],[-87.65135,41.84537],[-87.65796,41.84269],[-87.66772,41.83774],[-87.68074,41.83687],[-87.79263,41.80163],[-87.80254,41.7992],[-87.80801,41.79685],[-87.81504,41.79659],[-87.81741,41.79604],[-87.82016,41.79449],[-87.82952,41.78491],[-87.83698,41.77931],[-87.84356,41.77299],[-87.84912,41.76588],[-87.85149,41.76432],[-87.87427,41.76105],[-87.89082,41.76094],[-87.90543,41.76052],[-87.90907,41.75965],[-87.91011,41.75926],[-87.91438,41.75746],[-87.91471,41.75731],[-87.91491,41.75724],[-87.91563,41.75692],[-87.91579,41.75684],[-87.9159,41.7568],[-87.91596,41.75677],[-87.91621,41.75667],[-87.91708,41.75646],[-87.91809,41.75702],[-87.91747,41.75792],[-87.91653,41.75789],[-87.91597,41.75729],[-87.9159,41.75685],[-87.9159,41.7568],[-87.91589,41.75656],[-87.91588,41.75639],[-87.91573,41.7531],[-87.91568,41.7505],[-87.91324,41.75068],[-87.91245,41.751],[-87.91175,41.75158],[-87.911,41.75127],[-87.9105,41.75111],[-87.91023,41.75099],[-87.90972,41.75051],[-87.9102,41.75055],[-87.9105,41.75111],[-87.91188,41.75165],[-87.91327,41.75077],[-87.91544,41.75076],[-87.9155,41.7509],[-87.91561,41.75288],[-87.91578,41.75661],[-87.91579,41.75684],[-87.91581,41.7575],[-87.91519,41.75843],[-87.91421,41.75836],[-87.91402,41.75778],[-87.91471,41.75731],[-87.91579,41.75684],[-87.9159,41.7568],[-87.91596,41.75677],[-87.91621,41.75667],[-87.91722,41.75621],[-87.9271,41.75204],[-87.9306,41.75038],[-87.94288,41.74229],[-87.95016,41.73934],[-87.98934,41.72579],[-88.025,41.7078],[-88.02793,41.70776],[-88.03008,41.70854],[-88.03122,41.7095],[-88.03366,41.72025],[-88.03335,41.72539],[-88.03355,41.72569],[-88.03654,41.72462],[-88.04408,41.72058],[-88.0688,41.71094],[-88.0686,41.70577],[-88.06852,41.70307],[-88.06846,41.70169],[-88.06842,41.70024],[-88.06839,41.6996],[-88.06835,41.69851],[-88.06833,41.69784],[-88.06827,41.69609],[-88.0682,41.69129],[-88.06848,41.69128],[-88.06986,41.69122],[-88.07394,41.69114],[-88.08287,41.6909],[-88.08286,41.69262],[-88.08239,41.69306],[-88.08203,41.69312],[-88.08135,41.69315],[-88.08094,41.6933],[-88.08081,41.6934],[-88.08051,41.69376],[-88.08032,41.69396],[-88.0796,41.69437],[-88.07932,41.69461],[-88.07918,41.69824],[-88.07889,41.69825],[-88.07697,41.69828],[-88.07541,41.69832],[-88.07452,41.69835],[-88.07399,41.69835],[-88.06835,41.69851],[-88.06823,41.69201],[-88.0682,41.69129],[-88.06817,41.69053],[-88.06811,41.68861],[-88.068,41.68702],[-88.06798,41.68615],[-88.06797,41.68584],[-88.06796,41.68568],[-88.06795,41.68521],[-88.06793,41.68452],[-88.06779,41.68238],[-88.06777,41.68198],[-88.06775,41.68125],[-88.06774,41.68076],[-88.06772,41.68033],[-88.06757,41.68033],[-88.06727,41.68034],[-88.06715,41.68034],[-88.0668,41.68035],[-88.0667,41.6804],[-88.06657,41.6804],[-88.06295,41.68048],[-88.0627,41.6805],[-88.06159,41.68067],[-88.06129,41.68073],[-88.06053,41.68085],[-88.06003,41.68093],[-88.05992,41.68096],[-88.05983,41.681],[-88.05972,41.68107],[-88.05967,41.68111],[-88.05961,41.68115],[-88.05947,41.6812],[-88.05891,41.68128],[-88.05792,41.68144],[-88.05739,41.68152],[-88.05635,41.68172],[-88.05524,41.68055],[-88.05343,41.68011],[-88.05422,41.67895],[-88.05664,41.67899],[-88.05671,41.67882],[-88.05672,41.67788],[-88.05686,41.67768],[-88.05545,41.67716],[-88.05701,41.67512],[-88.05949,41.67319],[-88.06216,41.67498],[-88.06261,41.67505],[-88.06479,41.675],[-88.06739,41.67502],[-88.06746,41.67731],[-88.06751,41.67872],[-88.06752,41.67907],[-88.06756,41.68004],[-88.06757,41.68033],[-88.06757,41.68042],[-88.06763,41.68217],[-88.06764,41.68255],[-88.06765,41.68351],[-88.06765,41.68364],[-88.06765,41.68396],[-88.0677,41.68581],[-88.06796,41.68568],[-88.06814,41.68562],[-88.06872,41.68543],[-88.06896,41.6853],[-88.07131,41.68347],[-88.07681,41.68041],[-88.11996,41.65792],[-88.13594,41.65077],[-88.15705,41.63889],[-88.16089,41.63618],[-88.16377,41.63511],[-88.16501,41.63443],[-88.1691,41.63209],[-88.17339,41.62956],[-88.17382,41.62931],[-88.17429,41.62904],[-88.17687,41.62752],[-88.17713,41.62736],[-88.17906,41.62622],[-88.18161,41.62472],[-88.18836,41.62075],[-88.18889,41.62045],[-88.18962,41.62001],[-88.19056,41.61947],[-88.19264,41.61823],[-88.19398,41.61744],[-88.19433,41.61723],[-88.19606,41.61624],[-88.19769,41.61527],[-88.19879,41.61462],[-88.19898,41.6145],[-88.20173,41.61287],[-88.202,41.61272],[-88.20237,41.61284],[-88.20263,41.62308],[-88.2123,41.62249],[-88.2122,41.6197],[-88.2092,41.61967],[-88.20904,41.6198],[-88.21196,41.6197],[-88.21213,41.62243],[-88.20289,41.6228],[-88.20236,41.61253],[-88.202,41.61272],[-88.20191,41.61277],[-88.20173,41.61287],[-88.20109,41.61326],[-88.19898,41.6145],[-88.19606,41.61624],[-88.1953,41.61668],[-88.19433,41.61723],[-88.19264,41.61823],[-88.19211,41.61855],[-88.19056,41.61947],[-88.19011,41.61973],[-88.18962,41.62001],[-88.18919,41.62027],[-88.18889,41.62045],[-88.17177,41.63052],[-88.1691,41.63209],[-88.16658,41.63352],[-88.15915,41.6361],[-88.15628,41.63914],[-88.13546,41.65081],[-88.12031,41.6576],[-88.06922,41.6841],[-88.06791,41.68407],[-88.06772,41.68033],[-88.06757,41.68033],[-88.06727,41.68034],[-88.06715,41.68034],[-88.0668,41.68035],[-88.06657,41.6804],[-88.0627,41.6805],[-88.06241,41.68055],[-88.06159,41.68067],[-88.06003,41.68093],[-88.05635,41.68172],[-88.05559,41.68082],[-88.05524,41.68055],[-88.05463,41.68031],[-88.05343,41.68011],[-88.05384,41.67949],[-88.05422,41.67895],[-88.05473,41.67914],[-88.05664,41.67899],[-88.05672,41.67788],[-88.05675,41.6778],[-88.05686,41.67768],[-88.05598,41.67735],[-88.05545,41.67716],[-88.05651,41.67567],[-88.05701,41.67512],[-88.05768,41.67455],[-88.05949,41.67319],[-88.06127,41.67455],[-88.06216,41.67498],[-88.06243,41.67504],[-88.06261,41.67505],[-88.06739,41.67502],[-88.06739,41.67531],[-88.06746,41.67731],[-88.06746,41.67733],[-88.06751,41.67872],[-88.06752,41.67907],[-88.06754,41.67958],[-88.06756,41.68004],[-88.06757,41.68033],[-88.06757,41.68042],[-88.0676,41.6813],[-88.06763,41.68217],[-88.0677,41.68581],[-88.06797,41.69129],[-88.0682,41.69129],[-88.06986,41.69122],[-88.08287,41.6909],[-88.0829,41.69217],[-88.08286,41.69262],[-88.08268,41.69288],[-88.08239,41.69306],[-88.08094,41.6933],[-88.0809,41.69333],[-88.08081,41.6934],[-88.08032,41.69396],[-88.07932,41.69461],[-88.07906,41.69522],[-88.07918,41.69824],[-88.07452,41.69835],[-88.07399,41.69835],[-88.07299,41.6984],[-88.06879,41.6985],[-88.06835,41.69851],[-88.06821,41.69851],[-88.06863,41.71083],[-88.04268,41.72101],[-88.03683,41.72426],[-88.0353,41.72438],[-88.03406,41.72084],[-88.0329,41.71478],[-88.03263,41.71133],[-88.0336,41.70641],[-88.03344,41.70538],[-88.03263,41.70431],[-88.03125,41.70354],[-88.0282,41.70351],[-88.02654,41.70446],[-88.02397,41.70767],[-87.99115,41.72474],[-87.95036,41.73904],[-87.94318,41.74192],[-87.93973,41.74374],[-87.93139,41.7497],[-87.9215,41.75417],[-87.91894,41.75478],[-87.91687,41.75472],[-87.91591,41.75395],[-87.91568,41.7505],[-87.91422,41.75056],[-87.91324,41.75068],[-87.91282,41.75082],[-87.91245,41.751],[-87.91217,41.7512],[-87.91175,41.75158],[-87.91122,41.75136],[-87.911,41.75127],[-87.91081,41.7512],[-87.9105,41.75111],[-87.91037,41.75106],[-87.91023,41.75099],[-87.91002,41.75085],[-87.90972,41.75051],[-87.90992,41.75046],[-87.9102,41.75055],[-87.91044,41.75077],[-87.9105,41.75111],[-87.91074,41.75118],[-87.91081,41.7512],[-87.91096,41.75126],[-87.911,41.75127],[-87.91188,41.75165],[-87.91276,41.75095],[-87.91327,41.75077],[-87.91347,41.75072],[-87.91515,41.75063],[-87.91542,41.75074],[-87.91544,41.75076],[-87.9155,41.7509],[-87.91538,41.75421],[-87.91344,41.75577],[-87.91308,41.75736],[-87.91187,41.75813],[-87.90253,41.76051],[-87.8744,41.76083],[-87.85122,41.76421],[-87.84887,41.76579],[-87.84343,41.77277],[-87.83684,41.77911],[-87.83002,41.78417],[-87.82021,41.79414],[-87.81743,41.79581],[-87.81464,41.79642],[-87.80773,41.79666],[-87.80172,41.79919],[-87.79321,41.80117],[-87.68067,41.83662],[-87.6677,41.83745],[-87.65809,41.84231],[-87.65108,41.84514],[-87.64686,41.84568],[-87.6419,41.84712],[-87.63087,41.84683],[-87.63044,41.84716],[-87.63035,41.84731],[-87.6303,41.84741],[-87.63024,41.84761],[-87.63028,41.84969],[-87.631,41.85123],[-87.63105,41.85281],[-87.63005,41.8528],[-87.6306,41.87225],[-87.62915,41.87228],[-87.62936,41.88071],[-87.62768,41.88075],[-87.62602,41.88079],[-87.62444,41.88085],[-87.62434,41.88085],[-87.62425,41.88085],[-87.62446,41.88779],[-87.62404,41.88989],[-87.62419,41.89637]]}},{"type":"Feature","properties":{"route":"851","name":"South Bolingbrook \u2013 East Loop Express","status":"not on tracker"},"geometry":{"type":"MultiLineString","coordinates":[[[-87.62436,41.89633],[-87.62417,41.88997],[-87.62464,41.88793],[-87.62446,41.88212],[-87.62444,41.88085],[-87.62439,41.87828],[-87.62436,41.8771],[-87.62434,41.87575],[-87.62427,41.87315],[-87.62059,41.87325],[-87.62047,41.86747],[-87.61355,41.85013],[-87.61368,41.84917],[-87.61448,41.84849],[-87.62356,41.84809],[-87.62829,41.8471],[-87.62938,41.84714],[-87.62968,41.84718],[-87.63035,41.84731],[-87.63062,41.84735],[-87.63088,41.84741],[-87.63125,41.84747],[-87.6321,41.84752],[-87.64221,41.84725],[-87.6466,41.84598],[-87.65135,41.84537],[-87.65796,41.84269],[-87.66772,41.83774],[-87.68074,41.83687],[-87.79263,41.80163],[-87.80254,41.7992],[-87.80801,41.79685],[-87.81504,41.79659],[-87.81741,41.79604],[-87.82016,41.79449],[-87.82952,41.78491],[-87.83698,41.77931],[-87.84356,41.77299],[-87.84912,41.76588],[-87.85149,41.76432],[-87.87427,41.76105],[-87.9039,41.76065],[-87.90863,41.7598],[-87.92959,41.75091],[-87.93437,41.74809],[-87.93974,41.74402],[-87.94288,41.74229],[-87.95016,41.73934],[-87.98934,41.72579],[-88.025,41.7078],[-88.02793,41.70776],[-88.03008,41.70854],[-88.03122,41.7095],[-88.03366,41.72025],[-88.03335,41.72539],[-88.03355,41.72569],[-88.03654,41.72462],[-88.04408,41.72058],[-88.0688,41.71094],[-88.0686,41.70577],[-88.06852,41.70307],[-88.06846,41.70169],[-88.06842,41.70024],[-88.06839,41.6996],[-88.06835,41.69851],[-88.06833,41.69784],[-88.06827,41.69609],[-88.0682,41.69129],[-88.06848,41.69128],[-88.06986,41.69122],[-88.07394,41.69114],[-88.08287,41.6909],[-88.08286,41.69262],[-88.08239,41.69306],[-88.08203,41.69312],[-88.08135,41.69315],[-88.08094,41.6933],[-88.08081,41.6934],[-88.08051,41.69376],[-88.08032,41.69396],[-88.0796,41.69437],[-88.07932,41.69461],[-88.07918,41.69824],[-88.07889,41.69825],[-88.07697,41.69828],[-88.07541,41.69832],[-88.07452,41.69835],[-88.07399,41.69835],[-88.06835,41.69851],[-88.06823,41.69201],[-88.0682,41.69129],[-88.06817,41.69053],[-88.06811,41.68861],[-88.068,41.68702],[-88.06798,41.68615],[-88.06797,41.68584],[-88.06796,41.68568],[-88.06795,41.68521],[-88.06793,41.68452],[-88.06772,41.68033],[-88.06757,41.68033],[-88.06727,41.68034],[-88.06715,41.68034],[-88.0668,41.68035],[-88.06657,41.6804],[-88.0627,41.6805],[-88.05635,41.68172],[-88.05524,41.68055],[-88.05343,41.68011],[-88.05422,41.67895],[-88.05664,41.67899],[-88.05686,41.67768],[-88.05598,41.67735],[-88.05593,41.67733],[-88.05545,41.67716],[-88.05701,41.67512],[-88.05949,41.67319],[-88.06216,41.67498],[-88.06261,41.67505],[-88.06479,41.675],[-88.06739,41.67502],[-88.06746,41.67731],[-88.06751,41.67872],[-88.06752,41.67907],[-88.06756,41.68004],[-88.06757,41.68033],[-88.06757,41.68042],[-88.06763,41.68217],[-88.06764,41.68255],[-88.06765,41.68351],[-88.06765,41.68364],[-88.06765,41.68396],[-88.0677,41.68581],[-88.06796,41.68568],[-88.06814,41.68562],[-88.06872,41.68543],[-88.06896,41.6853],[-88.07131,41.68347],[-88.07681,41.68041],[-88.11996,41.65792],[-88.13594,41.65077],[-88.15705,41.63889],[-88.16089,41.63618],[-88.16377,41.63511],[-88.1691,41.63209],[-88.202,41.61272],[-88.20237,41.61284],[-88.20263,41.62308],[-88.2123,41.62249],[-88.2122,41.6197],[-88.20904,41.6198],[-88.20986,41.61993]],[[-88.05598,41.67735],[-88.05545,41.67716],[-88.05651,41.67567],[-88.05684,41.67529],[-88.05701,41.67512],[-88.05735,41.67481],[-88.05949,41.67319],[-88.06127,41.67455],[-88.06216,41.67498],[-88.06243,41.67504],[-88.06261,41.67505],[-88.06739,41.67502],[-88.06739,41.67531],[-88.06746,41.67731],[-88.06746,41.67733],[-88.06751,41.67872],[-88.06752,41.67907],[-88.06754,41.67958],[-88.06756,41.68004],[-88.06757,41.68033],[-88.06757,41.68042],[-88.0676,41.6813],[-88.06763,41.68217],[-88.0677,41.68581],[-88.06797,41.69129],[-88.0682,41.69129],[-88.06986,41.69122],[-88.08287,41.6909],[-88.0829,41.69217],[-88.08286,41.69262],[-88.08268,41.69288],[-88.08239,41.69306],[-88.08094,41.6933],[-88.0809,41.69333],[-88.08081,41.6934],[-88.08032,41.69396],[-88.07932,41.69461],[-88.07906,41.69522],[-88.07918,41.69824],[-88.07452,41.69835],[-88.07399,41.69835],[-88.07299,41.6984],[-88.06879,41.6985],[-88.06835,41.69851],[-88.06821,41.69851],[-88.06863,41.71083],[-88.04268,41.72101],[-88.03683,41.72426],[-88.0353,41.72438],[-88.03406,41.72084],[-88.0329,41.71478],[-88.03263,41.71133],[-88.0336,41.70641],[-88.03344,41.70538],[-88.03263,41.70431],[-88.03125,41.70354],[-88.0282,41.70351],[-88.02654,41.70446],[-88.02397,41.70767],[-87.99115,41.72474],[-87.95036,41.73904],[-87.94318,41.74192],[-87.93973,41.74374],[-87.93139,41.7497],[-87.9215,41.75417],[-87.91894,41.75478],[-87.91687,41.75472],[-87.91591,41.75395],[-87.91568,41.7505],[-87.91324,41.75068],[-87.91245,41.751],[-87.91175,41.75158],[-87.911,41.75127],[-87.9105,41.75111],[-87.91023,41.75099],[-87.90972,41.75051],[-87.9102,41.75055],[-87.9105,41.75111],[-87.91188,41.75165],[-87.91347,41.75072],[-87.9155,41.7509],[-87.91538,41.75421],[-87.91344,41.75577],[-87.91308,41.75736],[-87.91187,41.75813],[-87.90253,41.76051],[-87.8744,41.76083],[-87.85122,41.76421],[-87.84887,41.76579],[-87.84343,41.77277],[-87.83684,41.77911],[-87.83002,41.78417],[-87.82021,41.79414],[-87.81743,41.79581],[-87.81464,41.79642],[-87.80773,41.79666],[-87.80172,41.79919],[-87.79321,41.80117],[-87.68067,41.83662],[-87.6677,41.83745],[-87.65809,41.84231],[-87.65108,41.84514],[-87.64686,41.84568],[-87.6419,41.84712],[-87.63087,41.84683],[-87.63044,41.84716],[-87.63035,41.84731],[-87.6303,41.84741],[-87.63024,41.84761],[-87.63028,41.84969],[-87.631,41.85123],[-87.63105,41.85281],[-87.63005,41.8528],[-87.6306,41.87225],[-87.62915,41.87228],[-87.62936,41.88071],[-87.62768,41.88075],[-87.62602,41.88079],[-87.62444,41.88085],[-87.62434,41.88085],[-87.62425,41.88085],[-87.62446,41.88779],[-87.62404,41.88989],[-87.62419,41.89637]]]}},{"type":"Feature","properties":{"route":"855","name":"Plainfield-East Loop Express","status":"not on tracker"},"geometry":{"type":"LineString","coordinates":[[-87.62436,41.89633],[-87.62417,41.88997],[-87.62464,41.88793],[-87.62446,41.88212],[-87.62444,41.88085],[-87.62439,41.87828],[-87.62436,41.8771],[-87.62434,41.87575],[-87.62427,41.87315],[-87.62059,41.87325],[-87.62047,41.86747],[-87.61355,41.85013],[-87.61368,41.84917],[-87.61448,41.84849],[-87.62356,41.84809],[-87.62829,41.8471],[-87.62938,41.84714],[-87.62968,41.84718],[-87.63035,41.84731],[-87.63062,41.84735],[-87.63088,41.84741],[-87.63125,41.84747],[-87.6321,41.84752],[-87.64221,41.84725],[-87.6466,41.84598],[-87.65135,41.84537],[-87.65796,41.84269],[-87.66772,41.83774],[-87.68074,41.83687],[-87.79263,41.80163],[-87.80254,41.7992],[-87.80801,41.79685],[-87.81504,41.79659],[-87.81741,41.79604],[-87.82016,41.79449],[-87.82952,41.78491],[-87.83629,41.77993],[-87.84215,41.77439],[-87.84937,41.76563],[-87.85246,41.764],[-87.87475,41.76102],[-87.89082,41.76094],[-87.90496,41.76057],[-87.90907,41.75965],[-87.91011,41.75926],[-87.91438,41.75746],[-87.91471,41.75731],[-87.91491,41.75724],[-87.91563,41.75692],[-87.91579,41.75684],[-87.9159,41.7568],[-87.91596,41.75677],[-87.91621,41.75667],[-87.91688,41.75649],[-87.91805,41.7569],[-87.91751,41.7579],[-87.9166,41.75792],[-87.91599,41.75736],[-87.9159,41.75685],[-87.9159,41.7568],[-87.91589,41.75656],[-87.91588,41.75639],[-87.91573,41.7531],[-87.91568,41.7505],[-87.91324,41.75068],[-87.91245,41.751],[-87.91175,41.75158],[-87.911,41.75127],[-87.9105,41.75111],[-87.91023,41.75099],[-87.90972,41.75051],[-87.9102,41.75055],[-87.9105,41.75111],[-87.91188,41.75165],[-87.91327,41.75077],[-87.91544,41.75076],[-87.9155,41.7509],[-87.91561,41.75288],[-87.91578,41.75661],[-87.91579,41.75684],[-87.91581,41.7575],[-87.91513,41.75845],[-87.91421,41.75836],[-87.91405,41.75774],[-87.91471,41.75731],[-87.91579,41.75684],[-87.9159,41.7568],[-87.91596,41.75677],[-87.91621,41.75667],[-87.91722,41.75621],[-87.9271,41.75204],[-87.9306,41.75038],[-87.94288,41.74229],[-87.95016,41.73934],[-87.98638,41.72691],[-87.99153,41.7248],[-88.07092,41.68368],[-88.11996,41.65792],[-88.13558,41.65096],[-88.15705,41.63889],[-88.16089,41.63618],[-88.16377,41.63511],[-88.16501,41.63443],[-88.1691,41.63209],[-88.17339,41.62956],[-88.17382,41.62931],[-88.17429,41.62904],[-88.17687,41.62752],[-88.17713,41.62736],[-88.17906,41.62622],[-88.18161,41.62472],[-88.18836,41.62075],[-88.18889,41.62045],[-88.18962,41.62001],[-88.19056,41.61947],[-88.19264,41.61823],[-88.19398,41.61744],[-88.19433,41.61723],[-88.19606,41.61624],[-88.19769,41.61527],[-88.19879,41.61462],[-88.19898,41.6145],[-88.20173,41.61287],[-88.202,41.61272],[-88.20237,41.61284],[-88.20263,41.62308],[-88.2123,41.62249],[-88.2122,41.6197],[-88.2092,41.61967],[-88.20904,41.6198],[-88.21196,41.6197],[-88.21213,41.62243],[-88.20289,41.6228],[-88.20236,41.61253],[-88.202,41.61272],[-88.20191,41.61277],[-88.20173,41.61287],[-88.20109,41.61326],[-88.19898,41.6145],[-88.19606,41.61624],[-88.1953,41.61668],[-88.19433,41.61723],[-88.19264,41.61823],[-88.19211,41.61855],[-88.19056,41.61947],[-88.19011,41.61973],[-88.18962,41.62001],[-88.18919,41.62027],[-88.18889,41.62045],[-88.17177,41.63052],[-88.1691,41.63209],[-88.16658,41.63352],[-88.15915,41.6361],[-88.15628,41.63914],[-88.13546,41.65081],[-88.12031,41.6576],[-87.99115,41.72474],[-87.95036,41.73904],[-87.94318,41.74192],[-87.93973,41.74374],[-87.93139,41.7497],[-87.9215,41.75417],[-87.91894,41.75478],[-87.91687,41.75472],[-87.91591,41.75395],[-87.91568,41.7505],[-87.91422,41.75056],[-87.91324,41.75068],[-87.91282,41.75082],[-87.91245,41.751],[-87.91217,41.7512],[-87.91175,41.75158],[-87.91122,41.75136],[-87.911,41.75127],[-87.91081,41.7512],[-87.9105,41.75111],[-87.91037,41.75106],[-87.91023,41.75099],[-87.91002,41.75085],[-87.90972,41.75051],[-87.90992,41.75046],[-87.9102,41.75055],[-87.91044,41.75077],[-87.9105,41.75111],[-87.91074,41.75118],[-87.91081,41.7512],[-87.91096,41.75126],[-87.911,41.75127],[-87.91188,41.75165],[-87.91276,41.75095],[-87.91327,41.75077],[-87.91347,41.75072],[-87.91515,41.75063],[-87.91542,41.75074],[-87.91544,41.75076],[-87.9155,41.7509],[-87.91538,41.75421],[-87.91344,41.75577],[-87.91308,41.75736],[-87.91187,41.75813],[-87.90291,41.76047],[-87.8744,41.76083],[-87.85335,41.76362],[-87.85105,41.76428],[-87.84887,41.76579],[-87.84343,41.77277],[-87.83684,41.77911],[-87.83002,41.78417],[-87.82021,41.79414],[-87.81743,41.79581],[-87.81464,41.79642],[-87.80773,41.79666],[-87.80172,41.79919],[-87.79321,41.80117],[-87.68067,41.83662],[-87.6677,41.83745],[-87.65809,41.84231],[-87.65108,41.84514],[-87.64686,41.84568],[-87.6419,41.84712],[-87.63087,41.84683],[-87.63044,41.84716],[-87.63035,41.84731],[-87.6303,41.84741],[-87.63024,41.84761],[-87.63028,41.84969],[-87.631,41.85123],[-87.63105,41.85281],[-87.63005,41.8528],[-87.6306,41.87225],[-87.62915,41.87228],[-87.62936,41.88071],[-87.62768,41.88075],[-87.62602,41.88079],[-87.62444,41.88085],[-87.62434,41.88085],[-87.62425,41.88085],[-87.62446,41.88779],[-87.62404,41.88989],[-87.62419,41.89637]]}},{"type":"Feature","properties":{"route":"890","name":"Chicago Heights - UPS Hodgkins Limited","status":"tracked","trips":232,"low_pct":3.02,"high_pct":9.05},"geometry":{"type":"LineString","coordinates":[[-87.88495,41.74707],[-87.88341,41.74908],[-87.88249,41.75025],[-87.88231,41.75017],[-87.88171,41.75063],[-87.87962,41.75355],[-87.87714,41.7536],[-87.87714,41.75368],[-87.87713,41.75415],[-87.87711,41.75427],[-87.87675,41.75463],[-87.87497,41.75471],[-87.87255,41.75383],[-87.87243,41.75377],[-87.87238,41.75375],[-87.87222,41.75368],[-87.8719,41.75352],[-87.8702,41.75272],[-87.8691,41.75217],[-87.86524,41.75034],[-87.86461,41.75003],[-87.86162,41.74861],[-87.86123,41.74842],[-87.85961,41.74766],[-87.85712,41.74672],[-87.85396,41.74628],[-87.84373,41.74639],[-87.83187,41.74208],[-87.82378,41.73713],[-87.81535,41.73106],[-87.81097,41.72713],[-87.80647,41.7183],[-87.80526,41.7167],[-87.78742,41.70181],[-87.78637,41.69987],[-87.78421,41.69256],[-87.78007,41.68392],[-87.77886,41.68237],[-87.77247,41.6763],[-87.77019,41.67483],[-87.75219,41.66622],[-87.74949,41.66541],[-87.74122,41.66396],[-87.73083,41.65863],[-87.72698,41.6551],[-87.71947,41.64028],[-87.71779,41.638],[-87.71562,41.63596],[-87.71248,41.63391],[-87.70952,41.63294],[-87.70716,41.63267],[-87.70126,41.6327],[-87.69816,41.6321],[-87.69572,41.631],[-87.69365,41.62927],[-87.68201,41.60865],[-87.68154,41.60567],[-87.68144,41.60347],[-87.68142,41.60187],[-87.68142,41.60093],[-87.68142,41.60082],[-87.68141,41.60063],[-87.68159,41.59987],[-87.68245,41.5998],[-87.68264,41.60054],[-87.68221,41.60075],[-87.68147,41.60082],[-87.68142,41.60082],[-87.6813,41.60086],[-87.67676,41.60088],[-87.6743,41.60078],[-87.66071,41.60077],[-87.66079,41.60471],[-87.66079,41.60888],[-87.66078,41.60947],[-87.66079,41.60992],[-87.65837,41.60991],[-87.65714,41.6099],[-87.64383,41.60992],[-87.6435,41.61173],[-87.64324,41.61173],[-87.64302,41.61045],[-87.64332,41.60991],[-87.64366,41.60925],[-87.64582,41.6052],[-87.64606,41.60476],[-87.64622,41.60448],[-87.64641,41.60411],[-87.64687,41.60324],[-87.64718,41.60267],[-87.64753,41.60202],[-87.64822,41.60083],[-87.6365,41.6009],[-87.63638,41.56468],[-87.6363,41.56467],[-87.63622,41.56468],[-87.63462,41.56466],[-87.6342,41.56363],[-87.63453,41.56349],[-87.63489,41.56339],[-87.63586,41.563],[-87.63613,41.56291],[-87.63628,41.56285],[-87.63556,41.50885],[-87.63599,41.50248],[-87.63851,41.50246],[-87.63802,41.50178],[-87.63768,41.50184],[-87.63794,41.50246],[-87.63599,41.50248],[-87.63545,41.50453],[-87.63596,41.55491],[-87.63612,41.5628],[-87.63613,41.56291],[-87.63614,41.56308],[-87.63617,41.56371],[-87.63618,41.56388],[-87.63622,41.56468],[-87.63571,41.56467],[-87.63462,41.56466],[-87.63456,41.56414],[-87.6342,41.56363],[-87.63489,41.56339],[-87.63613,41.56291],[-87.63622,41.56468],[-87.63633,41.5761],[-87.63636,41.6009],[-87.64806,41.6009],[-87.64751,41.60195],[-87.64753,41.60202],[-87.64736,41.60234],[-87.64622,41.60448],[-87.64366,41.60925],[-87.64345,41.60965],[-87.64332,41.60991],[-87.64383,41.60992],[-87.64324,41.61173],[-87.64332,41.60991],[-87.64383,41.60992],[-87.64392,41.60992],[-87.64622,41.60993],[-87.66079,41.60992],[-87.66084,41.60089],[-87.67412,41.60082],[-87.67872,41.60129],[-87.68059,41.60295],[-87.68124,41.60752],[-87.68209,41.6096],[-87.69265,41.62828],[-87.69448,41.63034],[-87.69642,41.6316],[-87.69913,41.63256],[-87.70186,41.63292],[-87.70884,41.633],[-87.71354,41.63471],[-87.71664,41.6371],[-87.71874,41.63954],[-87.72654,41.65478],[-87.72945,41.65795],[-87.74027,41.6638],[-87.75161,41.66617],[-87.77042,41.67515],[-87.77252,41.6766],[-87.7785,41.68229],[-87.77988,41.68403],[-87.7838,41.69215],[-87.78612,41.69987],[-87.78719,41.70186],[-87.80516,41.71686],[-87.81045,41.72677],[-87.81349,41.72996],[-87.82368,41.73733],[-87.83091,41.74196],[-87.84337,41.7465],[-87.8541,41.7467],[-87.85671,41.74719],[-87.85815,41.74776],[-87.87148,41.75395],[-87.87196,41.75416],[-87.87221,41.75426],[-87.87304,41.7548],[-87.87297,41.75554],[-87.87195,41.75572],[-87.87137,41.75485],[-87.87157,41.75457],[-87.87196,41.75416],[-87.87238,41.75375],[-87.87278,41.75331],[-87.87422,41.75374],[-87.87646,41.75371],[-87.87714,41.75368],[-87.87854,41.75366],[-87.88007,41.75361],[-87.88098,41.7535],[-87.88663,41.75342],[-87.88639,41.74637],[-87.88539,41.74651],[-87.88341,41.74908],[-87.88276,41.74992],[-87.88249,41.75025],[-87.88207,41.75048]]}}]}