{"type": "FeatureCollection", "features": [{"type": "Feature", "geometry": {"type": "LineString", "coordinates": [[-87.81034535849228, 42.18231748209991], [-87.83515870644521, 42.12919164858704]]}, "properties": {"name_a": "Highland Park", "name_b": "Northbrook", "divide_score": 0.652, "catchment_overlap": 0.348, "racial_dissimilarity": 7.2, "income_gap": 6554}}, {"type": "Feature", "geometry": {"type": "LineString", "coordinates": [[-87.81034535849228, 42.18231748209991], [-87.7641040538639, 42.13473152381627]]}, "properties": {"name_a": "Highland Park", "name_b": "Glencoe", "divide_score": 0.74, "catchment_overlap": 0.26, "racial_dissimilarity": 11.6, "income_gap": 88126}}, {"type": "Feature", "geometry": {"type": "LineString", "coordinates": [[-87.81034535849228, 42.18231748209991], [-87.85156115019032, 42.16539152642638]]}, "properties": {"name_a": "Highland Park", "name_b": "Deerfield", "divide_score": 0.543, "catchment_overlap": 0.457, "racial_dissimilarity": 7.7, "income_gap": 27830}}, {"type": "Feature", "geometry": {"type": "LineString", "coordinates": [[-87.81034535849228, 42.18231748209991], [-87.81293930992015, 42.20601048404139]]}, "properties": {"name_a": "Highland Park", "name_b": "Highwood", "divide_score": 0.725, "catchment_overlap": 0.275, "racial_dissimilarity": 28.1, "income_gap": 60013}}, {"type": "Feature", "geometry": {"type": "LineString", "coordinates": [[-87.81034535849228, 42.18231748209991], [-87.85949901102039, 42.23799402284453]]}, "properties": {"name_a": "Highland Park", "name_b": "Lake Forest", "divide_score": 0.852, "catchment_overlap": 0.148, "racial_dissimilarity": 5.4, "income_gap": 66245}}, {"type": "Feature", "geometry": {"type": "LineString", "coordinates": [[-87.81034535849228, 42.18231748209991], [-87.8694590398527, 42.19326006339775]]}, "properties": {"name_a": "Highland Park", "name_b": "Bannockburn", "divide_score": 0.814, "catchment_overlap": 0.186, "racial_dissimilarity": 11.3, "income_gap": 33750}}, {"type": "Feature", "geometry": {"type": "LineString", "coordinates": [[-87.85086098525888, 42.28250404495917], [-87.85949901102039, 42.23799402284453]]}, "properties": {"name_a": "Lake Bluff", "name_b": "Lake Forest", "divide_score": 0.458, "catchment_overlap": 0.542, "racial_dissimilarity": 2.1, "income_gap": 22385}}, {"type": "Feature", "geometry": {"type": "LineString", "coordinates": [[-87.85086098525888, 42.28250404495917], [-87.87931746268379, 42.28458399214532]]}, "properties": {"name_a": "Lake Bluff", "name_b": "Knollwood", "divide_score": 0.5, "catchment_overlap": 0.5, "racial_dissimilarity": 10.5, "income_gap": 72283}}, {"type": "Feature", "geometry": {"type": "LineString", "coordinates": [[-87.85086098525888, 42.28250404495917], [-87.91154667851548, 42.29547461338509]]}, "properties": {"name_a": "Lake Bluff", "name_b": "Green Oaks", "divide_score": 0.84, "catchment_overlap": 0.16, "racial_dissimilarity": 2.4, "income_gap": 72263}}, {"type": "Feature", "geometry": {"type": "LineString", "coordinates": [[-87.85086098525888, 42.28250404495917], [-87.85940659438671, 42.31715635566442]]}, "properties": {"name_a": "Lake Bluff", "name_b": "North Chicago", "divide_score": 0.667, "catchment_overlap": 0.333, "racial_dissimilarity": 54.0, "income_gap": 148920}}, {"type": "Feature", "geometry": {"type": "LineString", "coordinates": [[-87.8584278790753, 42.42608708841176], [-87.8510074683852, 42.4602253851075]]}, "properties": {"name_a": "Beach Park", "name_b": "Zion", "divide_score": 0.125, "catchment_overlap": 0.875, "racial_dissimilarity": 14.1, "income_gap": 20495}}, {"type": "Feature", "geometry": {"type": "LineString", "coordinates": [[-87.8584278790753, 42.42608708841176], [-87.87124854872472, 42.36977469722755]]}, "properties": {"name_a": "Beach Park", "name_b": "Waukegan", "divide_score": 0.75, "catchment_overlap": 0.25, "racial_dissimilarity": 11.8, "income_gap": 12491}}, {"type": "Feature", "geometry": {"type": "LineString", "coordinates": [[-87.8584278790753, 42.42608708841176], [-87.92031961001248, 42.444861033786836]]}, "properties": {"name_a": "Beach Park", "name_b": "Wadsworth", "divide_score": 1.0, "catchment_overlap": 0.0, "racial_dissimilarity": 42.2, "income_gap": 38514}}, {"type": "Feature", "geometry": {"type": "LineString", "coordinates": [[-87.93914669588865, 42.370842015773945], [-87.89141759003579, 42.35214618102502]]}, "properties": {"name_a": "Gurnee", "name_b": "Park City", "divide_score": 0.75, "catchment_overlap": 0.25, "racial_dissimilarity": 55.3, "income_gap": 58535}}, {"type": "Feature", "geometry": {"type": "LineString", "coordinates": [[-87.93914669588865, 42.370842015773945], [-87.87124854872472, 42.36977469722755]]}, "properties": {"name_a": "Gurnee", "name_b": "Waukegan", "divide_score": 0.733, "catchment_overlap": 0.267, "racial_dissimilarity": 45.4, "income_gap": 50832}}, {"type": "Feature", "geometry": {"type": "LineString", "coordinates": [[-87.93914669588865, 42.370842015773945], [-87.92031961001248, 42.444861033786836]]}, "properties": {"name_a": "Gurnee", "name_b": "Wadsworth", "divide_score": 0.812, "catchment_overlap": 0.188, "racial_dissimilarity": 9.0, "income_gap": 173}}, {"type": "Feature", "geometry": {"type": "LineString", "coordinates": [[-87.93914669588865, 42.370842015773945], [-87.9828939686287, 42.35191544432221]]}, "properties": {"name_a": "Gurnee", "name_b": "Gages Lake", "divide_score": 0.688, "catchment_overlap": 0.312, "racial_dissimilarity": 8.1, "income_gap": 16296}}, {"type": "Feature", "geometry": {"type": "LineString", "coordinates": [[-87.93914669588865, 42.370842015773945], [-88.01223479040388, 42.370960432413916]]}, "properties": {"name_a": "Gurnee", "name_b": "Third Lake", "divide_score": 0.85, "catchment_overlap": 0.15, "racial_dissimilarity": 16.4, "income_gap": 29483}}, {"type": "Feature", "geometry": {"type": "LineString", "coordinates": [[-87.93914669588865, 42.370842015773945], [-87.98902782311335, 42.39274654329919]]}, "properties": {"name_a": "Gurnee", "name_b": "Grandwood Park", "divide_score": 0.625, "catchment_overlap": 0.375, "racial_dissimilarity": 4.0, "income_gap": 3437}}, {"type": "Feature", "geometry": {"type": "LineString", "coordinates": [[-88.06864376680721, 42.34147697156329], [-88.07494770858808, 42.330930547348025]]}, "properties": {"name_a": "Hainesville", "name_b": "Round Lake Park", "divide_score": 0.538, "catchment_overlap": 0.462, "racial_dissimilarity": 17.5, "income_gap": 68639}}, {"type": "Feature", "geometry": {"type": "LineString", "coordinates": [[-88.06864376680721, 42.34147697156329], [-88.03382299630691, 42.34042134984459]]}, "properties": {"name_a": "Hainesville", "name_b": "Grayslake", "divide_score": 0.55, "catchment_overlap": 0.45, "racial_dissimilarity": 14.1, "income_gap": 12428}}, {"type": "Feature", "geometry": {"type": "LineString", "coordinates": [[-87.81293930992015, 42.20601048404139], [-87.85949901102039, 42.23799402284453]]}, "properties": {"name_a": "Highwood", "name_b": "Lake Forest", "divide_score": 0.821, "catchment_overlap": 0.179, "racial_dissimilarity": 33.4, "income_gap": 126258}}, {"type": "Feature", "geometry": {"type": "LineString", "coordinates": [[-88.04881770657238, 42.183056957408766], [-88.08638401540122, 42.165454908721586]]}, "properties": {"name_a": "Kildeer", "name_b": "Deer Park", "divide_score": 0.409, "catchment_overlap": 0.591, "racial_dissimilarity": 6.5, "income_gap": 89251}}, {"type": "Feature", "geometry": {"type": "LineString", "coordinates": [[-88.04881770657238, 42.183056957408766], [-88.08696044821362, 42.19560219970201]]}, "properties": {"name_a": "Kildeer", "name_b": "Lake Zurich", "divide_score": 0.2, "catchment_overlap": 0.8, "racial_dissimilarity": 6.5, "income_gap": 110042}}, {"type": "Feature", "geometry": {"type": "LineString", "coordinates": [[-88.04881770657238, 42.183056957408766], [-88.00575215930367, 42.19662168620684]]}, "properties": {"name_a": "Kildeer", "name_b": "Long Grove", "divide_score": 0.912, "catchment_overlap": 0.088, "racial_dissimilarity": 4.2, "income_gap": 14633}}, {"type": "Feature", "geometry": {"type": "LineString", "coordinates": [[-88.04881770657238, 42.183056957408766], [-88.05316603509488, 42.210258420436915]]}, "properties": {"name_a": "Kildeer", "name_b": "Forest Lake", "divide_score": 0.923, "catchment_overlap": 0.077, "racial_dissimilarity": 9.8, "income_gap": 157045}}, {"type": "Feature", "geometry": {"type": "LineString", "coordinates": [[-88.04881770657238, 42.183056957408766], [-88.06231363030642, 42.23128058154274]]}, "properties": {"name_a": "Kildeer", "name_b": "Hawthorn Woods", "divide_score": 0.647, "catchment_overlap": 0.353, "racial_dissimilarity": 5.9, "income_gap": 11887}}, {"type": "Feature", "geometry": {"type": "LineString", "coordinates": [[-87.9669190975402, 42.286929209709264], [-87.96072639499364, 42.2340101877544]]}, "properties": {"name_a": "Libertyville", "name_b": "Vernon Hills", "divide_score": 0.538, "catchment_overlap": 0.462, "racial_dissimilarity": 14.1, "income_gap": 41645}}, {"type": "Feature", "geometry": {"type": "LineString", "coordinates": [[-87.9669190975402, 42.286929209709264], [-87.91966126219249, 42.244494633024885]]}, "properties": {"name_a": "Libertyville", "name_b": "Mettawa", "divide_score": 0.611, "catchment_overlap": 0.389, "racial_dissimilarity": 4.6, "income_gap": 12804}}, {"type": "Feature", "geometry": {"type": "LineString", "coordinates": [[-87.9669190975402, 42.286929209709264], [-87.91154667851548, 42.29547461338509]]}, "properties": {"name_a": "Libertyville", "name_b": "Green Oaks", "divide_score": 0.706, "catchment_overlap": 0.294, "racial_dissimilarity": 1.6, "income_gap": 28798}}, {"type": "Feature", "geometry": {"type": "LineString", "coordinates": [[-87.9669190975402, 42.286929209709264], [-88.01008950859762, 42.2692133884109]]}, "properties": {"name_a": "Libertyville", "name_b": "Mundelein", "divide_score": 0.394, "catchment_overlap": 0.606, "racial_dissimilarity": 30.4, "income_gap": 54662}}, {"type": "Feature", "geometry": {"type": "LineString", "coordinates": [[-87.9669190975402, 42.286929209709264], [-88.03382299630691, 42.34042134984459]]}, "properties": {"name_a": "Libertyville", "name_b": "Grayslake", "divide_score": 0.957, "catchment_overlap": 0.043, "racial_dissimilarity": 11.2, "income_gap": 48573}}, {"type": "Feature", "geometry": {"type": "LineString", "coordinates": [[-88.00575215930367, 42.19662168620684], [-87.96160458164073, 42.16753398601984]]}, "properties": {"name_a": "Long Grove", "name_b": "Buffalo Grove", "divide_score": 0.756, "catchment_overlap": 0.244, "racial_dissimilarity": 7.7, "income_gap": 105548}}, {"type": "Feature", "geometry": {"type": "LineString", "coordinates": [[-88.00575215930367, 42.19662168620684], [-87.96072639499364, 42.2340101877544]]}, "properties": {"name_a": "Long Grove", "name_b": "Vernon Hills", "divide_score": 0.756, "catchment_overlap": 0.244, "racial_dissimilarity": 11.2, "income_gap": 114743}}, {"type": "Feature", "geometry": {"type": "LineString", "coordinates": [[-88.00575215930367, 42.19662168620684], [-88.04301429250665, 42.11808357652339]]}, "properties": {"name_a": "Long Grove", "name_b": "Palatine", "divide_score": 0.851, "catchment_overlap": 0.149, "racial_dissimilarity": 13.7, "income_gap": 139418}}, {"type": "Feature", "geometry": {"type": "LineString", "coordinates": [[-88.00575215930367, 42.19662168620684], [-88.06231363030642, 42.23128058154274]]}, "properties": {"name_a": "Long Grove", "name_b": "Hawthorn Woods", "divide_score": 0.97, "catchment_overlap": 0.03, "racial_dissimilarity": 7.4, "income_gap": 2746}}, {"type": "Feature", "geometry": {"type": "LineString", "coordinates": [[-88.00575215930367, 42.19662168620684], [-88.01008950859762, 42.2692133884109]]}, "properties": {"name_a": "Long Grove", "name_b": "Mundelein", "divide_score": 0.763, "catchment_overlap": 0.237, "racial_dissimilarity": 27.5, "income_gap": 127760}}, {"type": "Feature", "geometry": {"type": "LineString", "coordinates": [[-88.13158690462339, 42.20644454610721], [-88.16834373491697, 42.21218447662018]]}, "properties": {"name_a": "North Barrington", "name_b": "Lake Barrington", "divide_score": 1.0, "catchment_overlap": 0.0, "racial_dissimilarity": 3.6, "income_gap": 83393}}, {"type": "Feature", "geometry": {"type": "LineString", "coordinates": [[-88.13158690462339, 42.20644454610721], [-88.08638401540122, 42.165454908721586]]}, "properties": {"name_a": "North Barrington", "name_b": "Deer Park", "divide_score": 0.739, "catchment_overlap": 0.261, "racial_dissimilarity": 0.4, "income_gap": 55500}}, {"type": "Feature", "geometry": {"type": "LineString", "coordinates": [[-88.13158690462339, 42.20644454610721], [-88.08696044821362, 42.19560219970201]]}, "properties": {"name_a": "North Barrington", "name_b": "Lake Zurich", "divide_score": 0.6, "catchment_overlap": 0.4, "racial_dissimilarity": 0.6, "income_gap": 76291}}, {"type": "Feature", "geometry": {"type": "LineString", "coordinates": [[-87.97866543107013, 42.43211040191956], [-87.92031961001248, 42.444861033786836]]}, "properties": {"name_a": "Old Mill Creek", "name_b": "Wadsworth", "divide_score": 0.571, "catchment_overlap": 0.429, "racial_dissimilarity": 10.7, "income_gap": 49708}}, {"type": "Feature", "geometry": {"type": "LineString", "coordinates": [[-87.97866543107013, 42.43211040191956], [-87.98902782311335, 42.39274654329919]]}, "properties": {"name_a": "Old Mill Creek", "name_b": "Grandwood Park", "divide_score": 0.375, "catchment_overlap": 0.625, "racial_dissimilarity": 15.3, "income_gap": 52972}}, {"type": "Feature", "geometry": {"type": "LineString", "coordinates": [[-87.97866543107013, 42.43211040191956], [-88.02577757172901, 42.41750905734324]]}, "properties": {"name_a": "Old Mill Creek", "name_b": "Lindenhurst", "divide_score": 0.727, "catchment_overlap": 0.273, "racial_dissimilarity": 9.0, "income_gap": 55962}}, {"type": "Feature", "geometry": {"type": "LineString", "coordinates": [[-87.89141759003579, 42.35214618102502], [-87.87124854872472, 42.36977469722755]]}, "properties": {"name_a": "Park City", "name_b": "Waukegan", "divide_score": 0.783, "catchment_overlap": 0.217, "racial_dissimilarity": 18.2, "income_gap": 7703}}, {"type": "Feature", "geometry": {"type": "LineString", "coordinates": [[-87.89509005599682, 42.1722599105672], [-87.96160458164073, 42.16753398601984]]}, "properties": {"name_a": "Riverwoods", "name_b": "Buffalo Grove", "divide_score": 0.725, "catchment_overlap": 0.275, "racial_dissimilarity": 13.5, "income_gap": 113216}}, {"type": "Feature", "geometry": {"type": "LineString", "coordinates": [[-87.89509005599682, 42.1722599105672], [-87.83515870644521, 42.12919164858704]]}, "properties": {"name_a": "Riverwoods", "name_b": "Northbrook", "divide_score": 0.857, "catchment_overlap": 0.143, "racial_dissimilarity": 5.2, "income_gap": 87715}}, {"type": "Feature", "geometry": {"type": "LineString", "coordinates": [[-87.89509005599682, 42.1722599105672], [-87.85156115019032, 42.16539152642638]]}, "properties": {"name_a": "Riverwoods", "name_b": "Deerfield", "divide_score": 0.789, "catchment_overlap": 0.211, "racial_dissimilarity": 2.9, "income_gap": 53331}}, {"type": "Feature", "geometry": {"type": "LineString", "coordinates": [[-87.89509005599682, 42.1722599105672], [-87.8694590398527, 42.19326006339775]]}, "properties": {"name_a": "Riverwoods", "name_b": "Bannockburn", "divide_score": 0.696, "catchment_overlap": 0.304, "racial_dissimilarity": 11.6, "income_gap": 47411}}, {"type": "Feature", "geometry": {"type": "LineString", "coordinates": [[-87.89509005599682, 42.1722599105672], [-87.91819083952528, 42.195730408761456]]}, "properties": {"name_a": "Riverwoods", "name_b": "Lincolnshire", "divide_score": 0.719, "catchment_overlap": 0.281, "racial_dissimilarity": 8.1, "income_gap": 63301}}, {"type": "Feature", "geometry": {"type": "LineString", "coordinates": [[-88.10373925388696, 42.38550166102097], [-88.12755898663211, 42.37585770879575]]}, "properties": {"name_a": "Round Lake Heights", "name_b": "Long Lake", "divide_score": 0.6, "catchment_overlap": 0.4, "racial_dissimilarity": 12.3, "income_gap": 25268}}, {"type": "Feature", "geometry": {"type": "LineString", "coordinates": [[-88.10373925388696, 42.38550166102097], [-88.08118233304675, 42.37902356004864]]}, "properties": {"name_a": "Round Lake Heights", "name_b": "Round Lake Beach", "divide_score": 0.846, "catchment_overlap": 0.154, "racial_dissimilarity": 10.6, "income_gap": 11076}}, {"type": "Feature", "geometry": {"type": "LineString", "coordinates": [[-88.10373925388696, 42.38550166102097], [-88.08354886528927, 42.41840808163343]]}, "properties": {"name_a": "Round Lake Heights", "name_b": "Lake Villa", "divide_score": 0.909, "catchment_overlap": 0.091, "racial_dissimilarity": 33.0, "income_gap": 35554}}, {"type": "Feature", "geometry": {"type": "LineString", "coordinates": [[-88.07494770858808, 42.330930547348025], [-88.10591715373366, 42.34350936134787]]}, "properties": {"name_a": "Round Lake Park", "name_b": "Round Lake", "divide_score": 0.5, "catchment_overlap": 0.5, "racial_dissimilarity": 7.0, "income_gap": 51479}}, {"type": "Feature", "geometry": {"type": "LineString", "coordinates": [[-88.07494770858808, 42.330930547348025], [-88.03382299630691, 42.34042134984459]]}, "properties": {"name_a": "Round Lake Park", "name_b": "Grayslake", "divide_score": 0.667, "catchment_overlap": 0.333, "racial_dissimilarity": 31.7, "income_gap": 56211}}, {"type": "Feature", "geometry": {"type": "LineString", "coordinates": [[-88.07494770858808, 42.330930547348025], [-88.08118233304675, 42.37902356004864]]}, "properties": {"name_a": "Round Lake Park", "name_b": "Round Lake Beach", "divide_score": 0.429, "catchment_overlap": 0.571, "racial_dissimilarity": 11.3, "income_gap": 29146}}, {"type": "Feature", "geometry": {"type": "LineString", "coordinates": [[-88.01223479040388, 42.370960432413916], [-88.03382299630691, 42.34042134984459]]}, "properties": {"name_a": "Third Lake", "name_b": "Grayslake", "divide_score": 0.579, "catchment_overlap": 0.421, "racial_dissimilarity": 11.6, "income_gap": 37196}}, {"type": "Feature", "geometry": {"type": "LineString", "coordinates": [[-88.01223479040388, 42.370960432413916], [-87.9828939686287, 42.35191544432221]]}, "properties": {"name_a": "Third Lake", "name_b": "Gages Lake", "divide_score": 0.833, "catchment_overlap": 0.167, "racial_dissimilarity": 11.4, "income_gap": 45779}}, {"type": "Feature", "geometry": {"type": "LineString", "coordinates": [[-88.01223479040388, 42.370960432413916], [-88.04670876577566, 42.40119308742947]]}, "properties": {"name_a": "Third Lake", "name_b": "Venetian Village", "divide_score": 0.538, "catchment_overlap": 0.462, "racial_dissimilarity": 17.1, "income_gap": 59107}}, {"type": "Feature", "geometry": {"type": "LineString", "coordinates": [[-88.15375186056858, 42.23148192676601], [-88.16834373491697, 42.21218447662018]]}, "properties": {"name_a": "Tower Lakes", "name_b": "Lake Barrington", "divide_score": 0.667, "catchment_overlap": 0.333, "racial_dissimilarity": 1.5, "income_gap": 39799}}, {"type": "Feature", "geometry": {"type": "LineString", "coordinates": [[-87.87124854872472, 42.36977469722755], [-87.91154667851548, 42.29547461338509]]}, "properties": {"name_a": "Waukegan", "name_b": "Green Oaks", "divide_score": 0.912, "catchment_overlap": 0.088, "racial_dissimilarity": 62.1, "income_gap": 62894}}, {"type": "Feature", "geometry": {"type": "LineString", "coordinates": [[-87.87124854872472, 42.36977469722755], [-87.85940659438671, 42.31715635566442]]}, "properties": {"name_a": "Waukegan", "name_b": "North Chicago", "divide_score": 0.667, "catchment_overlap": 0.333, "racial_dissimilarity": 18.2, "income_gap": 13763}}, {"type": "Feature", "geometry": {"type": "LineString", "coordinates": [[-87.87124854872472, 42.36977469722755], [-87.92031961001248, 42.444861033786836]]}, "properties": {"name_a": "Waukegan", "name_b": "Wadsworth", "divide_score": 0.962, "catchment_overlap": 0.038, "racial_dissimilarity": 54.0, "income_gap": 51005}}, {"type": "Feature", "geometry": {"type": "LineString", "coordinates": [[-88.14680797054058, 42.06397448656376], [-88.1778254885642, 42.02086605357946]]}, "properties": {"name_a": "Hoffman Estates", "name_b": "Streamwood", "divide_score": 0.732, "catchment_overlap": 0.268, "racial_dissimilarity": 15.2, "income_gap": 8634}}, {"type": "Feature", "geometry": {"type": "LineString", "coordinates": [[-88.14680797054058, 42.06397448656376], [-88.1579674472316, 42.088133531840285]]}, "properties": {"name_a": "Hoffman Estates", "name_b": "South Barrington", "divide_score": 0.706, "catchment_overlap": 0.294, "racial_dissimilarity": 11.9, "income_gap": 101400}}, {"type": "Feature", "geometry": {"type": "LineString", "coordinates": [[-88.14680797054058, 42.06397448656376], [-88.2544717123838, 42.097240710855104]]}, "properties": {"name_a": "Hoffman Estates", "name_b": "East Dundee", "divide_score": 1.0, "catchment_overlap": 0.0, "racial_dissimilarity": 13.1, "income_gap": 22581}}, {"type": "Feature", "geometry": {"type": "LineString", "coordinates": [[-88.14680797054058, 42.06397448656376], [-88.32399968136608, 42.038344605465376]]}, "properties": {"name_a": "Hoffman Estates", "name_b": "Elgin", "divide_score": 0.983, "catchment_overlap": 0.017, "racial_dissimilarity": 21.0, "income_gap": 21367}}, {"type": "Feature", "geometry": {"type": "LineString", "coordinates": [[-88.14680797054058, 42.06397448656376], [-88.08378959194795, 42.030736632712795]]}, "properties": {"name_a": "Hoffman Estates", "name_b": "Schaumburg", "divide_score": 0.569, "catchment_overlap": 0.431, "racial_dissimilarity": 7.7, "income_gap": 14993}}, {"type": "Feature", "geometry": {"type": "LineString", "coordinates": [[-88.14680797054058, 42.06397448656376], [-88.20337966659275, 42.139854166904264]]}, "properties": {"name_a": "Hoffman Estates", "name_b": "Barrington Hills", "divide_score": 0.936, "catchment_overlap": 0.064, "racial_dissimilarity": 30.3, "income_gap": 76984}}, {"type": "Feature", "geometry": {"type": "LineString", "coordinates": [[-88.14680797054058, 42.06397448656376], [-88.10190538479404, 42.11523393604826]]}, "properties": {"name_a": "Hoffman Estates", "name_b": "Inverness", "divide_score": 0.868, "catchment_overlap": 0.132, "racial_dissimilarity": 23.6, "income_gap": 106127}}, {"type": "Feature", "geometry": {"type": "LineString", "coordinates": [[-87.8858667433135, 41.73323414096304], [-87.91993353734208, 41.74849318502496]]}, "properties": {"name_a": "Willow Springs", "name_b": "Burr Ridge", "divide_score": 0.72, "catchment_overlap": 0.28, "racial_dissimilarity": 10.6, "income_gap": 51079}}, {"type": "Feature", "geometry": {"type": "LineString", "coordinates": [[-87.8858667433135, 41.73323414096304], [-87.8280050679617, 41.724778039870515]]}, "properties": {"name_a": "Willow Springs", "name_b": "Hickory Hills", "divide_score": 0.84, "catchment_overlap": 0.16, "racial_dissimilarity": 7.6, "income_gap": 17888}}, {"type": "Feature", "geometry": {"type": "LineString", "coordinates": [[-87.8858667433135, 41.73323414096304], [-87.83451454664228, 41.749474770823234]]}, "properties": {"name_a": "Willow Springs", "name_b": "Justice", "divide_score": 0.762, "catchment_overlap": 0.238, "racial_dissimilarity": 27.2, "income_gap": 44915}}, {"type": "Feature", "geometry": {"type": "LineString", "coordinates": [[-87.8858667433135, 41.73323414096304], [-87.86124759258314, 41.7659702683605]]}, "properties": {"name_a": "Willow Springs", "name_b": "Hodgkins", "divide_score": 0.5, "catchment_overlap": 0.5, "racial_dissimilarity": 43.1, "income_gap": 40373}}, {"type": "Feature", "geometry": {"type": "LineString", "coordinates": [[-87.8858667433135, 41.73323414096304], [-87.9837489075545, 41.669500167954205]]}, "properties": {"name_a": "Willow Springs", "name_b": "Lemont", "divide_score": 0.958, "catchment_overlap": 0.042, "racial_dissimilarity": 3.4, "income_gap": 22671}}, {"type": "Feature", "geometry": {"type": "LineString", "coordinates": [[-88.36341731409229, 41.7236194839232], [-88.29013558740992, 41.76372947361477]]}, "properties": {"name_a": "Montgomery", "name_b": "Aurora", "divide_score": 0.815, "catchment_overlap": 0.185, "racial_dissimilarity": 20.4, "income_gap": 6876}}, {"type": "Feature", "geometry": {"type": "LineString", "coordinates": [[-88.33508879330186, 42.233274275856566], [-88.34765725296599, 42.19128519172831]]}, "properties": {"name_a": "Crystal Lake", "name_b": "Lake in the Hills", "divide_score": 0.471, "catchment_overlap": 0.529, "racial_dissimilarity": 12.1, "income_gap": 8063}}, {"type": "Feature", "geometry": {"type": "LineString", "coordinates": [[-88.33508879330186, 42.233274275856566], [-88.24941337410827, 42.212835521774075]]}, "properties": {"name_a": "Crystal Lake", "name_b": "Cary", "divide_score": 0.815, "catchment_overlap": 0.185, "racial_dissimilarity": 1.2, "income_gap": 4362}}, {"type": "Feature", "geometry": {"type": "LineString", "coordinates": [[-88.33508879330186, 42.233274275856566], [-88.3931471962537, 42.227916921395746]]}, "properties": {"name_a": "Crystal Lake", "name_b": "Lakewood", "divide_score": 0.833, "catchment_overlap": 0.167, "racial_dissimilarity": 2.1, "income_gap": 80346}}, {"type": "Feature", "geometry": {"type": "LineString", "coordinates": [[-88.33508879330186, 42.233274275856566], [-88.36200388904008, 42.270707779941176]]}, "properties": {"name_a": "Crystal Lake", "name_b": "Ridgefield", "divide_score": 1.0, "catchment_overlap": 0.0, "racial_dissimilarity": 15.8, "income_gap": 28026}}, {"type": "Feature", "geometry": {"type": "LineString", "coordinates": [[-88.33508879330186, 42.233274275856566], [-88.26951911042005, 42.277025042072864]]}, "properties": {"name_a": "Crystal Lake", "name_b": "Prairie Grove", "divide_score": 1.0, "catchment_overlap": 0.0, "racial_dissimilarity": 7.3, "income_gap": 32801}}, {"type": "Feature", "geometry": {"type": "LineString", "coordinates": [[-88.20380156117818, 42.33959266315625], [-88.15979050007121, 42.32991095617032]]}, "properties": {"name_a": "Lakemoor", "name_b": "Volo", "divide_score": 0.714, "catchment_overlap": 0.286, "racial_dissimilarity": 7.0, "income_gap": 48977}}, {"type": "Feature", "geometry": {"type": "LineString", "coordinates": [[-88.20380156117818, 42.33959266315625], [-88.24738839666229, 42.382937114688254]]}, "properties": {"name_a": "Lakemoor", "name_b": "Johnsburg", "divide_score": 0.636, "catchment_overlap": 0.364, "racial_dissimilarity": 8.1, "income_gap": 9898}}, {"type": "Feature", "geometry": {"type": "LineString", "coordinates": [[-88.20380156117818, 42.33959266315625], [-88.29316912845357, 42.338751549233486]]}, "properties": {"name_a": "Lakemoor", "name_b": "McHenry", "divide_score": 0.667, "catchment_overlap": 0.333, "racial_dissimilarity": 2.6, "income_gap": 10064}}, {"type": "Feature", "geometry": {"type": "LineString", "coordinates": [[-88.08354886528927, 42.41840808163343], [-88.08118233304675, 42.37902356004864]]}, "properties": {"name_a": "Lake Villa", "name_b": "Round Lake Beach", "divide_score": 0.562, "catchment_overlap": 0.438, "racial_dissimilarity": 37.2, "income_gap": 24478}}, {"type": "Feature", "geometry": {"type": "LineString", "coordinates": [[-88.08354886528927, 42.41840808163343], [-88.04670876577566, 42.40119308742947]]}, "properties": {"name_a": "Lake Villa", "name_b": "Venetian Village", "divide_score": 0.385, "catchment_overlap": 0.615, "racial_dissimilarity": 7.9, "income_gap": 19324}}, {"type": "Feature", "geometry": {"type": "LineString", "coordinates": [[-88.08354886528927, 42.41840808163343], [-88.02577757172901, 42.41750905734324]]}, "properties": {"name_a": "Lake Villa", "name_b": "Lindenhurst", "divide_score": 0.5, "catchment_overlap": 0.5, "racial_dissimilarity": 4.4, "income_gap": 16727}}, {"type": "Feature", "geometry": {"type": "LineString", "coordinates": [[-88.08354886528927, 42.41840808163343], [-88.12702318813068, 42.41271772314052]]}, "properties": {"name_a": "Lake Villa", "name_b": "Fox Lake Hills", "divide_score": 1.0, "catchment_overlap": 0.0, "racial_dissimilarity": 7.6, "income_gap": 367}}, {"type": "Feature", "geometry": {"type": "LineString", "coordinates": [[-87.91819083952528, 42.195730408761456], [-87.96160458164073, 42.16753398601984]]}, "properties": {"name_a": "Lincolnshire", "name_b": "Buffalo Grove", "divide_score": 0.541, "catchment_overlap": 0.459, "racial_dissimilarity": 10.8, "income_gap": 49915}}, {"type": "Feature", "geometry": {"type": "LineString", "coordinates": [[-87.91819083952528, 42.195730408761456], [-87.85949901102039, 42.23799402284453]]}, "properties": {"name_a": "Lincolnshire", "name_b": "Lake Forest", "divide_score": 0.9, "catchment_overlap": 0.1, "racial_dissimilarity": 6.4, "income_gap": 48385}}, {"type": "Feature", "geometry": {"type": "LineString", "coordinates": [[-87.91819083952528, 42.195730408761456], [-87.96072639499364, 42.2340101877544]]}, "properties": {"name_a": "Lincolnshire", "name_b": "Vernon Hills", "divide_score": 0.744, "catchment_overlap": 0.256, "racial_dissimilarity": 13.3, "income_gap": 59110}}, {"type": "Feature", "geometry": {"type": "LineString", "coordinates": [[-87.91819083952528, 42.195730408761456], [-87.91966126219249, 42.244494633024885]]}, "properties": {"name_a": "Lincolnshire", "name_b": "Mettawa", "divide_score": 0.833, "catchment_overlap": 0.167, "racial_dissimilarity": 10.7, "income_gap": 4661}}, {"type": "Feature", "geometry": {"type": "LineString", "coordinates": [[-88.02577757172901, 42.41750905734324], [-88.03382299630691, 42.34042134984459]]}, "properties": {"name_a": "Lindenhurst", "name_b": "Grayslake", "divide_score": 0.826, "catchment_overlap": 0.174, "racial_dissimilarity": 4.0, "income_gap": 14140}}, {"type": "Feature", "geometry": {"type": "LineString", "coordinates": [[-88.02577757172901, 42.41750905734324], [-87.98902782311335, 42.39274654329919]]}, "properties": {"name_a": "Lindenhurst", "name_b": "Grandwood Park", "divide_score": 0.75, "catchment_overlap": 0.25, "racial_dissimilarity": 6.3, "income_gap": 2990}}, {"type": "Feature", "geometry": {"type": "LineString", "coordinates": [[-88.02577757172901, 42.41750905734324], [-88.04670876577566, 42.40119308742947]]}, "properties": {"name_a": "Lindenhurst", "name_b": "Venetian Village", "divide_score": 0.417, "catchment_overlap": 0.583, "racial_dissimilarity": 11.0, "income_gap": 36051}}, {"type": "Feature", "geometry": {"type": "LineString", "coordinates": [[-88.01008950859762, 42.2692133884109], [-87.9783588976467, 42.227204599853906]]}, "properties": {"name_a": "Mundelein", "name_b": "Indian Creek", "divide_score": 0.565, "catchment_overlap": 0.435, "racial_dissimilarity": 15.1, "income_gap": 44892}}, {"type": "Feature", "geometry": {"type": "LineString", "coordinates": [[-88.01008950859762, 42.2692133884109], [-87.96072639499364, 42.2340101877544]]}, "properties": {"name_a": "Mundelein", "name_b": "Vernon Hills", "divide_score": 0.571, "catchment_overlap": 0.429, "racial_dissimilarity": 16.4, "income_gap": 13017}}, {"type": "Feature", "geometry": {"type": "LineString", "coordinates": [[-88.01008950859762, 42.2692133884109], [-87.91966126219249, 42.244494633024885]]}, "properties": {"name_a": "Mundelein", "name_b": "Mettawa", "divide_score": 0.735, "catchment_overlap": 0.265, "racial_dissimilarity": 35.0, "income_gap": 67466}}, {"type": "Feature", "geometry": {"type": "LineString", "coordinates": [[-88.01008950859762, 42.2692133884109], [-88.06231363030642, 42.23128058154274]]}, "properties": {"name_a": "Mundelein", "name_b": "Hawthorn Woods", "divide_score": 0.935, "catchment_overlap": 0.065, "racial_dissimilarity": 33.2, "income_gap": 130506}}, {"type": "Feature", "geometry": {"type": "LineString", "coordinates": [[-88.01008950859762, 42.2692133884109], [-88.03382299630691, 42.34042134984459]]}, "properties": {"name_a": "Mundelein", "name_b": "Grayslake", "divide_score": 0.95, "catchment_overlap": 0.05, "racial_dissimilarity": 26.1, "income_gap": 6089}}, {"type": "Feature", "geometry": {"type": "LineString", "coordinates": [[-87.85940659438671, 42.31715635566442], [-87.87931746268379, 42.28458399214532]]}, "properties": {"name_a": "North Chicago", "name_b": "Knollwood", "divide_score": 0.556, "catchment_overlap": 0.444, "racial_dissimilarity": 43.5, "income_gap": 76637}}, {"type": "Feature", "geometry": {"type": "LineString", "coordinates": [[-87.85940659438671, 42.31715635566442], [-87.91154667851548, 42.29547461338509]]}, "properties": {"name_a": "North Chicago", "name_b": "Green Oaks", "divide_score": 0.852, "catchment_overlap": 0.148, "racial_dissimilarity": 51.5, "income_gap": 76657}}, {"type": "Feature", "geometry": {"type": "LineString", "coordinates": [[-88.15979050007121, 42.32991095617032], [-88.1842719170874, 42.42369003247255]]}, "properties": {"name_a": "Volo", "name_b": "Fox Lake", "divide_score": 0.75, "catchment_overlap": 0.25, "racial_dissimilarity": 8.4, "income_gap": 76010}}, {"type": "Feature", "geometry": {"type": "LineString", "coordinates": [[-87.92031961001248, 42.444861033786836], [-87.8510074683852, 42.4602253851075]]}, "properties": {"name_a": "Wadsworth", "name_b": "Zion", "divide_score": 1.0, "catchment_overlap": 0.0, "racial_dissimilarity": 47.8, "income_gap": 59009}}, {"type": "Feature", "geometry": {"type": "LineString", "coordinates": [[-88.13591088526469, 42.274871224168756], [-88.16834373491697, 42.21218447662018]]}, "properties": {"name_a": "Wauconda", "name_b": "Lake Barrington", "divide_score": 0.6, "catchment_overlap": 0.4, "racial_dissimilarity": 15.9, "income_gap": 20419}}, {"type": "Feature", "geometry": {"type": "LineString", "coordinates": [[-87.8510074683852, 42.4602253851075], [-87.82903466944182, 42.48057783457801]]}, "properties": {"name_a": "Zion", "name_b": "Winthrop Harbor", "divide_score": 0.25, "catchment_overlap": 0.75, "racial_dissimilarity": 52.5, "income_gap": 31647}}, {"type": "Feature", "geometry": {"type": "LineString", "coordinates": [[-88.07203878856956, 42.47415760470913], [-88.12738726326482, 42.486718689136985]]}, "properties": {"name_a": "Antioch", "name_b": "Lake Catherine", "divide_score": 0.375, "catchment_overlap": 0.625, "racial_dissimilarity": 14.5, "income_gap": 23814}}, {"type": "Feature", "geometry": {"type": "LineString", "coordinates": [[-88.21480083144286, 42.19550007447179], [-88.20337966659275, 42.139854166904264]]}, "properties": {"name_a": "Fox River Grove", "name_b": "Barrington Hills", "divide_score": 0.824, "catchment_overlap": 0.176, "racial_dissimilarity": 9.5, "income_gap": 61563}}, {"type": "Feature", "geometry": {"type": "LineString", "coordinates": [[-88.21480083144286, 42.19550007447179], [-88.16834373491697, 42.21218447662018]]}, "properties": {"name_a": "Fox River Grove", "name_b": "Lake Barrington", "divide_score": 0.833, "catchment_overlap": 0.167, "racial_dissimilarity": 9.0, "income_gap": 7753}}, {"type": "Feature", "geometry": {"type": "LineString", "coordinates": [[-88.21480083144286, 42.19550007447179], [-88.24941337410827, 42.212835521774075]]}, "properties": {"name_a": "Fox River Grove", "name_b": "Cary", "divide_score": 0.5, "catchment_overlap": 0.5, "racial_dissimilarity": 1.3, "income_gap": 15314}}, {"type": "Feature", "geometry": {"type": "LineString", "coordinates": [[-88.31588918714561, 42.162873353701414], [-88.28975499058785, 42.122656572778624]]}, "properties": {"name_a": "Algonquin", "name_b": "Carpentersville", "divide_score": 0.821, "catchment_overlap": 0.179, "racial_dissimilarity": 43.2, "income_gap": 45426}}, {"type": "Feature", "geometry": {"type": "LineString", "coordinates": [[-88.31588918714561, 42.162873353701414], [-88.34765725296599, 42.19128519172831]]}, "properties": {"name_a": "Algonquin", "name_b": "Lake in the Hills", "divide_score": 0.367, "catchment_overlap": 0.633, "racial_dissimilarity": 6.8, "income_gap": 18262}}, {"type": "Feature", "geometry": {"type": "LineString", "coordinates": [[-88.31588918714561, 42.162873353701414], [-88.20337966659275, 42.139854166904264]]}, "properties": {"name_a": "Algonquin", "name_b": "Barrington Hills", "divide_score": 0.879, "catchment_overlap": 0.121, "racial_dissimilarity": 13.9, "income_gap": 54914}}, {"type": "Feature", "geometry": {"type": "LineString", "coordinates": [[-88.31588918714561, 42.162873353701414], [-88.24941337410827, 42.212835521774075]]}, "properties": {"name_a": "Algonquin", "name_b": "Cary", "divide_score": 0.964, "catchment_overlap": 0.036, "racial_dissimilarity": 4.2, "income_gap": 21963}}, {"type": "Feature", "geometry": {"type": "LineString", "coordinates": [[-88.3931471962537, 42.227916921395746], [-88.34765725296599, 42.19128519172831]]}, "properties": {"name_a": "Lakewood", "name_b": "Lake in the Hills", "divide_score": 0.933, "catchment_overlap": 0.067, "racial_dissimilarity": 14.2, "income_gap": 72283}}, {"type": "Feature", "geometry": {"type": "LineString", "coordinates": [[-88.29654009475979, 42.36796571601652], [-88.24738839666229, 42.382937114688254]]}, "properties": {"name_a": "McCullom Lake", "name_b": "Johnsburg", "divide_score": 0.625, "catchment_overlap": 0.375, "racial_dissimilarity": 13.0, "income_gap": 35827}}, {"type": "Feature", "geometry": {"type": "LineString", "coordinates": [[-88.29654009475979, 42.36796571601652], [-88.29316912845357, 42.338751549233486]]}, "properties": {"name_a": "McCullom Lake", "name_b": "McHenry", "divide_score": 0.667, "catchment_overlap": 0.333, "racial_dissimilarity": 3.3, "income_gap": 15865}}, {"type": "Feature", "geometry": {"type": "LineString", "coordinates": [[-88.24004085599994, 42.24779229787404], [-88.26951911042005, 42.277025042072864]]}, "properties": {"name_a": "Oakwood Hills", "name_b": "Prairie Grove", "divide_score": 1.0, "catchment_overlap": 0.0, "racial_dissimilarity": 15.8, "income_gap": 25104}}, {"type": "Feature", "geometry": {"type": "LineString", "coordinates": [[-88.25381429165067, 42.19779980075684], [-88.24941337410827, 42.212835521774075]]}, "properties": {"name_a": "Trout Valley", "name_b": "Cary", "divide_score": 0.5, "catchment_overlap": 0.5, "racial_dissimilarity": 12.2, "income_gap": 101773}}, {"type": "Feature", "geometry": {"type": "LineString", "coordinates": [[-88.43534399430308, 42.30954803620216], [-88.36344119275238, 42.32261474921568]]}, "properties": {"name_a": "Woodstock", "name_b": "Bull Valley", "divide_score": 0.8, "catchment_overlap": 0.2, "racial_dissimilarity": 11.4, "income_gap": 102124}}, {"type": "Feature", "geometry": {"type": "LineString", "coordinates": [[-88.19474531058526, 42.24408290696267], [-88.16834373491697, 42.21218447662018]]}, "properties": {"name_a": "Port Barrington", "name_b": "Lake Barrington", "divide_score": 1.0, "catchment_overlap": 0.0, "racial_dissimilarity": 8.7, "income_gap": 11310}}, {"type": "Feature", "geometry": {"type": "LineString", "coordinates": [[-88.19474531058526, 42.24408290696267], [-88.19979611395455, 42.2781992437986]]}, "properties": {"name_a": "Port Barrington", "name_b": "Island Lake", "divide_score": 1.0, "catchment_overlap": 0.0, "racial_dissimilarity": 8.6, "income_gap": 46042}}, {"type": "Feature", "geometry": {"type": "LineString", "coordinates": [[-87.91154667851548, 42.29547461338509], [-87.85949901102039, 42.23799402284453]]}, "properties": {"name_a": "Green Oaks", "name_b": "Lake Forest", "divide_score": 0.909, "catchment_overlap": 0.091, "racial_dissimilarity": 3.9, "income_gap": 94648}}, {"type": "Feature", "geometry": {"type": "LineString", "coordinates": [[-87.91154667851548, 42.29547461338509], [-87.91966126219249, 42.244494633024885]]}, "properties": {"name_a": "Green Oaks", "name_b": "Mettawa", "divide_score": 0.828, "catchment_overlap": 0.172, "racial_dissimilarity": 5.6, "income_gap": 41602}}, {"type": "Feature", "geometry": {"type": "LineString", "coordinates": [[-87.91154667851548, 42.29547461338509], [-87.87931746268379, 42.28458399214532]]}, "properties": {"name_a": "Green Oaks", "name_b": "Knollwood", "divide_score": 0.722, "catchment_overlap": 0.278, "racial_dissimilarity": 8.0, "income_gap": 20}}, {"type": "Feature", "geometry": {"type": "LineString", "coordinates": [[-87.9783588976467, 42.227204599853906], [-87.96072639499364, 42.2340101877544]]}, "properties": {"name_a": "Indian Creek", "name_b": "Vernon Hills", "divide_score": 0.63, "catchment_overlap": 0.37, "racial_dissimilarity": 7.3, "income_gap": 31875}}, {"type": "Feature", "geometry": {"type": "LineString", "coordinates": [[-88.02927817544611, 41.59060496770252], [-87.94968845327531, 41.60435317117057]]}, "properties": {"name_a": "Lockport", "name_b": "Homer Glen", "divide_score": 0.667, "catchment_overlap": 0.333, "racial_dissimilarity": 1.4, "income_gap": 15294}}, {"type": "Feature", "geometry": {"type": "LineString", "coordinates": [[-88.02927817544611, 41.59060496770252], [-88.05872251207421, 41.56135668718845]]}, "properties": {"name_a": "Lockport", "name_b": "Fairmont", "divide_score": 0.786, "catchment_overlap": 0.214, "racial_dissimilarity": 65.4, "income_gap": 54008}}, {"type": "Feature", "geometry": {"type": "LineString", "coordinates": [[-88.02927817544611, 41.59060496770252], [-88.03447502847034, 41.59993184198123]]}, "properties": {"name_a": "Lockport", "name_b": "Bonnie Brae", "divide_score": 0.615, "catchment_overlap": 0.385, "racial_dissimilarity": 2.8, "income_gap": 36769}}, {"type": "Feature", "geometry": {"type": "LineString", "coordinates": [[-88.02927817544611, 41.59060496770252], [-88.02240091093157, 41.62149021883183]]}, "properties": {"name_a": "Lockport", "name_b": "Lockport Heights", "divide_score": 0.923, "catchment_overlap": 0.077, "racial_dissimilarity": 14.9, "income_gap": 5377}}, {"type": "Feature", "geometry": {"type": "LineString", "coordinates": [[-88.02927817544611, 41.59060496770252], [-88.09969487694806, 41.631769826191984]]}, "properties": {"name_a": "Lockport", "name_b": "Romeoville", "divide_score": 0.682, "catchment_overlap": 0.318, "racial_dissimilarity": 40.1, "income_gap": 13230}}, {"type": "Feature", "geometry": {"type": "LineString", "coordinates": [[-87.97036542595868, 41.50954134842985], [-87.87809399236758, 41.53269293888818]]}, "properties": {"name_a": "New Lenox", "name_b": "Mokena", "divide_score": 0.714, "catchment_overlap": 0.286, "racial_dissimilarity": 1.6, "income_gap": 4054}}, {"type": "Feature", "geometry": {"type": "LineString", "coordinates": [[-87.97036542595868, 41.50954134842985], [-87.94968845327531, 41.60435317117057]]}, "properties": {"name_a": "New Lenox", "name_b": "Homer Glen", "divide_score": 0.941, "catchment_overlap": 0.059, "racial_dissimilarity": 3.3, "income_gap": 4525}}, {"type": "Feature", "geometry": {"type": "LineString", "coordinates": [[-87.97036542595868, 41.50954134842985], [-88.03445920684501, 41.52040160610058]]}, "properties": {"name_a": "New Lenox", "name_b": "Ingalls Park", "divide_score": 1.0, "catchment_overlap": 0.0, "racial_dissimilarity": 37.8, "income_gap": 77803}}, {"type": "Feature", "geometry": {"type": "LineString", "coordinates": [[-87.97036542595868, 41.50954134842985], [-88.14974511625147, 41.51878067623321]]}, "properties": {"name_a": "New Lenox", "name_b": "Joliet", "divide_score": 0.958, "catchment_overlap": 0.042, "racial_dissimilarity": 46.0, "income_gap": 45045}}, {"type": "Feature", "geometry": {"type": "LineString", "coordinates": [[-88.08118233304675, 42.37902356004864], [-88.12755898663211, 42.37585770879575]]}, "properties": {"name_a": "Round Lake Beach", "name_b": "Long Lake", "divide_score": 0.8, "catchment_overlap": 0.2, "racial_dissimilarity": 12.3, "income_gap": 14192}}, {"type": "Feature", "geometry": {"type": "LineString", "coordinates": [[-88.08118233304675, 42.37902356004864], [-88.10591715373366, 42.34350936134787]]}, "properties": {"name_a": "Round Lake Beach", "name_b": "Round Lake", "divide_score": 0.643, "catchment_overlap": 0.357, "racial_dissimilarity": 17.0, "income_gap": 22333}}, {"type": "Feature", "geometry": {"type": "LineString", "coordinates": [[-88.08118233304675, 42.37902356004864], [-88.03382299630691, 42.34042134984459]]}, "properties": {"name_a": "Round Lake Beach", "name_b": "Grayslake", "divide_score": 0.667, "catchment_overlap": 0.333, "racial_dissimilarity": 40.3, "income_gap": 27065}}, {"type": "Feature", "geometry": {"type": "LineString", "coordinates": [[-88.08118233304675, 42.37902356004864], [-88.04670876577566, 42.40119308742947]]}, "properties": {"name_a": "Round Lake Beach", "name_b": "Venetian Village", "divide_score": 0.4, "catchment_overlap": 0.6, "racial_dissimilarity": 29.4, "income_gap": 5154}}, {"type": "Feature", "geometry": {"type": "LineString", "coordinates": [[-88.29013558740992, 41.76372947361477], [-88.16589831473719, 41.74805801970225]]}, "properties": {"name_a": "Aurora", "name_b": "Naperville", "divide_score": 0.724, "catchment_overlap": 0.276, "racial_dissimilarity": 35.5, "income_gap": 60828}}, {"type": "Feature", "geometry": {"type": "LineString", "coordinates": [[-88.29013558740992, 41.76372947361477], [-88.18554668270393, 41.820931119805415]]}, "properties": {"name_a": "Aurora", "name_b": "Warrenville", "divide_score": 0.891, "catchment_overlap": 0.109, "racial_dissimilarity": 27.6, "income_gap": 8919}}, {"type": "Feature", "geometry": {"type": "LineString", "coordinates": [[-88.29013558740992, 41.76372947361477], [-88.44811775827982, 41.775885977970724]]}, "properties": {"name_a": "Aurora", "name_b": "Sugar Grove", "divide_score": 0.981, "catchment_overlap": 0.019, "racial_dissimilarity": 50.7, "income_gap": 26141}}, {"type": "Feature", "geometry": {"type": "LineString", "coordinates": [[-88.29013558740992, 41.76372947361477], [-88.3414795346758, 41.80859482808289]]}, "properties": {"name_a": "Aurora", "name_b": "North Aurora", "divide_score": 0.868, "catchment_overlap": 0.132, "racial_dissimilarity": 32.2, "income_gap": 21672}}, {"type": "Feature", "geometry": {"type": "LineString", "coordinates": [[-88.29013558740992, 41.76372947361477], [-88.31097819553219, 41.847839739701044]]}, "properties": {"name_a": "Aurora", "name_b": "Batavia", "divide_score": 0.968, "catchment_overlap": 0.032, "racial_dissimilarity": 45.5, "income_gap": 29058}}, {"type": "Feature", "geometry": {"type": "LineString", "coordinates": [[-88.14974511625147, 41.51878067623321], [-88.08096757029388, 41.495134557094936]]}, "properties": {"name_a": "Joliet", "name_b": "Preston Heights", "divide_score": 0.864, "catchment_overlap": 0.136, "racial_dissimilarity": 26.0, "income_gap": 36056}}, {"type": "Feature", "geometry": {"type": "LineString", "coordinates": [[-88.14974511625147, 41.51878067623321], [-88.03445920684501, 41.52040160610058]]}, "properties": {"name_a": "Joliet", "name_b": "Ingalls Park", "divide_score": 0.864, "catchment_overlap": 0.136, "racial_dissimilarity": 8.2, "income_gap": 32758}}, {"type": "Feature", "geometry": {"type": "LineString", "coordinates": [[-88.14974511625147, 41.51878067623321], [-88.04362851733696, 41.534031440212374]]}, "properties": {"name_a": "Joliet", "name_b": "Ridgewood", "divide_score": 0.773, "catchment_overlap": 0.227, "racial_dissimilarity": 31.9, "income_gap": 8308}}, {"type": "Feature", "geometry": {"type": "LineString", "coordinates": [[-88.14974511625147, 41.51878067623321], [-88.05872251207421, 41.56135668718845]]}, "properties": {"name_a": "Joliet", "name_b": "Fairmont", "divide_score": 0.96, "catchment_overlap": 0.04, "racial_dissimilarity": 24.0, "income_gap": 28782}}, {"type": "Feature", "geometry": {"type": "LineString", "coordinates": [[-88.14974511625147, 41.51878067623321], [-88.09969487694806, 41.631769826191984]]}, "properties": {"name_a": "Joliet", "name_b": "Romeoville", "divide_score": 0.973, "catchment_overlap": 0.027, "racial_dissimilarity": 3.0, "income_gap": 11996}}, {"type": "Feature", "geometry": {"type": "LineString", "coordinates": [[-88.14974511625147, 41.51878067623321], [-88.13455400800731, 41.411756114029586]]}, "properties": {"name_a": "Joliet", "name_b": "Elwood", "divide_score": 1.0, "catchment_overlap": 0.0, "racial_dissimilarity": 34.6, "income_gap": 14386}}, {"type": "Feature", "geometry": {"type": "LineString", "coordinates": [[-88.14974511625147, 41.51878067623321], [-88.12476477833204, 41.504881251332726]]}, "properties": {"name_a": "Joliet", "name_b": "Rockdale", "divide_score": 0.682, "catchment_overlap": 0.318, "racial_dissimilarity": 12.2, "income_gap": 31227}}, {"type": "Feature", "geometry": {"type": "LineString", "coordinates": [[-88.14974511625147, 41.51878067623321], [-88.21455978943168, 41.51691365338421]]}, "properties": {"name_a": "Joliet", "name_b": "Shorewood", "divide_score": 0.727, "catchment_overlap": 0.273, "racial_dissimilarity": 35.1, "income_gap": 34622}}, {"type": "Feature", "geometry": {"type": "LineString", "coordinates": [[-88.14974511625147, 41.51878067623321], [-88.16391347486223, 41.568531673910094]]}, "properties": {"name_a": "Joliet", "name_b": "Crystal Lawns", "divide_score": 0.864, "catchment_overlap": 0.136, "racial_dissimilarity": 26.8, "income_gap": 21389}}, {"type": "Feature", "geometry": {"type": "LineString", "coordinates": [[-88.14974511625147, 41.51878067623321], [-88.1123455414824, 41.57236811155328]]}, "properties": {"name_a": "Joliet", "name_b": "Crest Hill", "divide_score": 0.741, "catchment_overlap": 0.259, "racial_dissimilarity": 9.2, "income_gap": 16618}}, {"type": "Feature", "geometry": {"type": "LineString", "coordinates": [[-88.14974511625147, 41.51878067623321], [-88.1448560267498, 41.57196873905182]]}, "properties": {"name_a": "Joliet", "name_b": "Sunnyland", "divide_score": 0.909, "catchment_overlap": 0.091, "racial_dissimilarity": 20.8, "income_gap": 22193}}, {"type": "Feature", "geometry": {"type": "LineString", "coordinates": [[-88.14974511625147, 41.51878067623321], [-88.22532124404604, 41.62077632951641]]}, "properties": {"name_a": "Joliet", "name_b": "Plainfield", "divide_score": 0.885, "catchment_overlap": 0.115, "racial_dissimilarity": 29.1, "income_gap": 54239}}, {"type": "Feature", "geometry": {"type": "LineString", "coordinates": [[-88.14974511625147, 41.51878067623321], [-88.25994990156886, 41.42110707713758]]}, "properties": {"name_a": "Joliet", "name_b": "Channahon", "divide_score": 1.0, "catchment_overlap": 0.0, "racial_dissimilarity": 37.4, "income_gap": 33432}}, {"type": "Feature", "geometry": {"type": "LineString", "coordinates": [[-88.22532124404604, 41.62077632951641], [-88.09969487694806, 41.631769826191984]]}, "properties": {"name_a": "Plainfield", "name_b": "Romeoville", "divide_score": 0.955, "catchment_overlap": 0.045, "racial_dissimilarity": 27.9, "income_gap": 42243}}, {"type": "Feature", "geometry": {"type": "LineString", "coordinates": [[-88.22532124404604, 41.62077632951641], [-88.16589831473719, 41.74805801970225]]}, "properties": {"name_a": "Plainfield", "name_b": "Naperville", "divide_score": 0.986, "catchment_overlap": 0.014, "racial_dissimilarity": 6.7, "income_gap": 8672}}, {"type": "Feature", "geometry": {"type": "LineString", "coordinates": [[-88.22532124404604, 41.62077632951641], [-88.10206639206511, 41.690112550679515]]}, "properties": {"name_a": "Plainfield", "name_b": "Bolingbrook", "divide_score": 0.947, "catchment_overlap": 0.053, "racial_dissimilarity": 30.2, "income_gap": 34713}}, {"type": "Feature", "geometry": {"type": "LineString", "coordinates": [[-87.54612491223972, 41.56480667913487], [-87.55107025115827, 41.523512260462645]]}, "properties": {"name_a": "Lansing", "name_b": "Lynwood", "divide_score": 0.889, "catchment_overlap": 0.111, "racial_dissimilarity": 17.2, "income_gap": 4814}}, {"type": "Feature", "geometry": {"type": "LineString", "coordinates": [[-87.54612491223972, 41.56480667913487], [-87.60222368001384, 41.59765769879601]]}, "properties": {"name_a": "Lansing", "name_b": "South Holland", "divide_score": 0.708, "catchment_overlap": 0.292, "racial_dissimilarity": 23.5, "income_gap": 15573}}, {"type": "Feature", "geometry": {"type": "LineString", "coordinates": [[-87.54612491223972, 41.56480667913487], [-87.55055582610701, 41.61339194906267]]}, "properties": {"name_a": "Lansing", "name_b": "Calumet City", "divide_score": 0.72, "catchment_overlap": 0.28, "racial_dissimilarity": 21.0, "income_gap": 17814}}, {"type": "Feature", "geometry": {"type": "LineString", "coordinates": [[-87.70121182530528, 41.68111665444813], [-87.68114654195584, 41.65778139112179]]}, "properties": {"name_a": "Merrionette Park", "name_b": "Blue Island", "divide_score": 0.714, "catchment_overlap": 0.286, "racial_dissimilarity": 44.8, "income_gap": 7342}}, {"type": "Feature", "geometry": {"type": "LineString", "coordinates": [[-87.70121182530528, 41.68111665444813], [-87.73679033890176, 41.67007575363542]]}, "properties": {"name_a": "Merrionette Park", "name_b": "Alsip", "divide_score": 0.839, "catchment_overlap": 0.161, "racial_dissimilarity": 18.0, "income_gap": 13934}}, {"type": "Feature", "geometry": {"type": "LineString", "coordinates": [[-87.70121182530528, 41.68111665444813], [-87.68493237114761, 41.83697060484273]]}, "properties": {"name_a": "Merrionette Park", "name_b": "Chicago", "divide_score": 0.992, "catchment_overlap": 0.008, "racial_dissimilarity": 27.9, "income_gap": 21511}}, {"type": "Feature", "geometry": {"type": "LineString", "coordinates": [[-87.80997266552698, 42.02786241216793], [-87.68493237114761, 41.83697060484273]]}, "properties": {"name_a": "Niles", "name_b": "Chicago", "divide_score": 0.972, "catchment_overlap": 0.028, "racial_dissimilarity": 35.1, "income_gap": 3429}}, {"type": "Feature", "geometry": {"type": "LineString", "coordinates": [[-87.80997266552698, 42.02786241216793], [-87.7399938282355, 42.03597034989608]]}, "properties": {"name_a": "Niles", "name_b": "Skokie", "divide_score": 0.781, "catchment_overlap": 0.219, "racial_dissimilarity": 11.5, "income_gap": 14987}}, {"type": "Feature", "geometry": {"type": "LineString", "coordinates": [[-87.80997266552698, 42.02786241216793], [-87.84361635064835, 42.012546510854385]]}, "properties": {"name_a": "Niles", "name_b": "Park Ridge", "divide_score": 0.595, "catchment_overlap": 0.405, "racial_dissimilarity": 15.5, "income_gap": 59496}}, {"type": "Feature", "geometry": {"type": "LineString", "coordinates": [[-87.80997266552698, 42.02786241216793], [-87.78901215137415, 42.0423209883898]]}, "properties": {"name_a": "Niles", "name_b": "Morton Grove", "divide_score": 0.466, "catchment_overlap": 0.534, "racial_dissimilarity": 7.4, "income_gap": 27515}}, {"type": "Feature", "geometry": {"type": "LineString", "coordinates": [[-87.80997266552698, 42.02786241216793], [-87.82146505099155, 42.082505091641934]]}, "properties": {"name_a": "Niles", "name_b": "Glenview", "divide_score": 0.838, "catchment_overlap": 0.162, "racial_dissimilarity": 6.9, "income_gap": 60195}}, {"type": "Feature", "geometry": {"type": "LineString", "coordinates": [[-87.83515870644521, 42.12919164858704], [-87.92394494671679, 42.13076377064692]]}, "properties": {"name_a": "Northbrook", "name_b": "Wheeling", "divide_score": 0.859, "catchment_overlap": 0.141, "racial_dissimilarity": 26.6, "income_gap": 72070}}, {"type": "Feature", "geometry": {"type": "LineString", "coordinates": [[-87.83515870644521, 42.12919164858704], [-87.82146505099155, 42.082505091641934]]}, "properties": {"name_a": "Northbrook", "name_b": "Glenview", "divide_score": 0.756, "catchment_overlap": 0.244, "racial_dissimilarity": 4.8, "income_gap": 16563}}, {"type": "Feature", "geometry": {"type": "LineString", "coordinates": [[-87.83515870644521, 42.12919164858704], [-87.77921217790995, 42.10259329609067]]}, "properties": {"name_a": "Northbrook", "name_b": "Northfield", "divide_score": 0.829, "catchment_overlap": 0.171, "racial_dissimilarity": 8.5, "income_gap": 25171}}, {"type": "Feature", "geometry": {"type": "LineString", "coordinates": [[-87.83515870644521, 42.12919164858704], [-87.7641040538639, 42.13473152381627]]}, "properties": {"name_a": "Northbrook", "name_b": "Glencoe", "divide_score": 0.754, "catchment_overlap": 0.246, "racial_dissimilarity": 11.7, "income_gap": 94680}}, {"type": "Feature", "geometry": {"type": "LineString", "coordinates": [[-87.83515870644521, 42.12919164858704], [-87.85156115019032, 42.16539152642638]]}, "properties": {"name_a": "Northbrook", "name_b": "Deerfield", "divide_score": 0.621, "catchment_overlap": 0.379, "racial_dissimilarity": 8.1, "income_gap": 34384}}, {"type": "Feature", "geometry": {"type": "LineString", "coordinates": [[-87.82628269114679, 41.846141919972915], [-87.8470023591619, 41.824528530581894]]}, "properties": {"name_a": "North Riverside", "name_b": "Brookfield", "divide_score": 0.613, "catchment_overlap": 0.387, "racial_dissimilarity": 11.3, "income_gap": 27676}}, {"type": "Feature", "geometry": {"type": "LineString", "coordinates": [[-87.82628269114679, 41.846141919972915], [-87.81696845509713, 41.831007416331616]]}, "properties": {"name_a": "North Riverside", "name_b": "Riverside", "divide_score": 0.426, "catchment_overlap": 0.574, "racial_dissimilarity": 6.7, "income_gap": 68466}}, {"type": "Feature", "geometry": {"type": "LineString", "coordinates": [[-87.82628269114679, 41.846141919972915], [-87.79092577767648, 41.84333272255728]]}, "properties": {"name_a": "North Riverside", "name_b": "Berwyn", "divide_score": 0.639, "catchment_overlap": 0.361, "racial_dissimilarity": 32.1, "income_gap": 5518}}, {"type": "Feature", "geometry": {"type": "LineString", "coordinates": [[-87.82628269114679, 41.846141919972915], [-87.85619170116742, 41.858367208045166]]}, "properties": {"name_a": "North Riverside", "name_b": "Broadview", "divide_score": 0.772, "catchment_overlap": 0.228, "racial_dissimilarity": 56.0, "income_gap": 20614}}, {"type": "Feature", "geometry": {"type": "LineString", "coordinates": [[-87.82628269114679, 41.846141919972915], [-87.81566297675417, 41.86836946017002]]}, "properties": {"name_a": "North Riverside", "name_b": "Forest Park", "divide_score": 0.699, "catchment_overlap": 0.301, "racial_dissimilarity": 20.6, "income_gap": 570}}, {"type": "Feature", "geometry": {"type": "LineString", "coordinates": [[-87.75272186544682, 41.605478840487095], [-87.80501935102815, 41.567014335153075]]}, "properties": {"name_a": "Oak Forest", "name_b": "Tinley Park", "divide_score": 0.75, "catchment_overlap": 0.25, "racial_dissimilarity": 10.2, "income_gap": 15878}}, {"type": "Feature", "geometry": {"type": "LineString", "coordinates": [[-87.75272186544682, 41.605478840487095], [-87.72503191945631, 41.5636589954199]]}, "properties": {"name_a": "Oak Forest", "name_b": "Country Club Hills", "divide_score": 0.75, "catchment_overlap": 0.25, "racial_dissimilarity": 75.8, "income_gap": 10478}}, {"type": "Feature", "geometry": {"type": "LineString", "coordinates": [[-87.75272186544682, 41.605478840487095], [-87.86193756997125, 41.60739724232531]]}, "properties": {"name_a": "Oak Forest", "name_b": "Orland Park", "divide_score": 0.971, "catchment_overlap": 0.029, "racial_dissimilarity": 13.8, "income_gap": 11038}}, {"type": "Feature", "geometry": {"type": "LineString", "coordinates": [[-87.75272186544682, 41.605478840487095], [-87.69045499503827, 41.600036036292515]]}, "properties": {"name_a": "Oak Forest", "name_b": "Markham", "divide_score": 0.647, "catchment_overlap": 0.353, "racial_dissimilarity": 59.0, "income_gap": 35577}}, {"type": "Feature", "geometry": {"type": "LineString", "coordinates": [[-87.75272186544682, 41.605478840487095], [-87.72423288985023, 41.62542817146333]]}, "properties": {"name_a": "Oak Forest", "name_b": "Midlothian", "divide_score": 0.625, "catchment_overlap": 0.375, "racial_dissimilarity": 16.2, "income_gap": 20069}}, {"type": "Feature", "geometry": {"type": "LineString", "coordinates": [[-88.04301429250665, 42.11808357652339], [-88.08378959194795, 42.030736632712795]]}, "properties": {"name_a": "Palatine", "name_b": "Schaumburg", "divide_score": 0.887, "catchment_overlap": 0.113, "racial_dissimilarity": 6.0, "income_gap": 1260}}, {"type": "Feature", "geometry": {"type": "LineString", "coordinates": [[-88.04301429250665, 42.11808357652339], [-88.0251727723458, 42.074658859407876]]}, "properties": {"name_a": "Palatine", "name_b": "Rolling Meadows", "divide_score": 0.524, "catchment_overlap": 0.476, "racial_dissimilarity": 8.9, "income_gap": 4474}}, {"type": "Feature", "geometry": {"type": "LineString", "coordinates": [[-88.04301429250665, 42.11808357652339], [-87.98255437673278, 42.09555873832726]]}, "properties": {"name_a": "Palatine", "name_b": "Arlington Heights", "divide_score": 0.643, "catchment_overlap": 0.357, "racial_dissimilarity": 13.5, "income_gap": 22582}}, {"type": "Feature", "geometry": {"type": "LineString", "coordinates": [[-88.04301429250665, 42.11808357652339], [-88.10190538479404, 42.11523393604826]]}, "properties": {"name_a": "Palatine", "name_b": "Inverness", "divide_score": 0.781, "catchment_overlap": 0.219, "racial_dissimilarity": 18.4, "income_gap": 119860}}, {"type": "Feature", "geometry": {"type": "LineString", "coordinates": [[-88.04301429250665, 42.11808357652339], [-88.08638401540122, 42.165454908721586]]}, "properties": {"name_a": "Palatine", "name_b": "Deer Park", "divide_score": 0.87, "catchment_overlap": 0.13, "racial_dissimilarity": 22.1, "income_gap": 64800}}, {"type": "Feature", "geometry": {"type": "LineString", "coordinates": [[-88.1123455414824, 41.57236811155328], [-88.09969487694806, 41.631769826191984]]}, "properties": {"name_a": "Crest Hill", "name_b": "Romeoville", "divide_score": 0.727, "catchment_overlap": 0.273, "racial_dissimilarity": 12.2, "income_gap": 28614}}, {"type": "Feature", "geometry": {"type": "LineString", "coordinates": [[-88.1123455414824, 41.57236811155328], [-88.16391347486223, 41.568531673910094]]}, "properties": {"name_a": "Crest Hill", "name_b": "Crystal Lawns", "divide_score": 0.846, "catchment_overlap": 0.154, "racial_dissimilarity": 22.9, "income_gap": 38007}}, {"type": "Feature", "geometry": {"type": "LineString", "coordinates": [[-88.1123455414824, 41.57236811155328], [-88.1448560267498, 41.57196873905182]]}, "properties": {"name_a": "Crest Hill", "name_b": "Sunnyland", "divide_score": 0.833, "catchment_overlap": 0.167, "racial_dissimilarity": 15.3, "income_gap": 5575}}, {"type": "Feature", "geometry": {"type": "LineString", "coordinates": [[-87.75013275912706, 41.41808423636233], [-87.71531201643624, 41.44609102919263]]}, "properties": {"name_a": "Monee", "name_b": "University Park", "divide_score": 1.0, "catchment_overlap": 0.0, "racial_dissimilarity": 47.1, "income_gap": 23991}}, {"type": "Feature", "geometry": {"type": "LineString", "coordinates": [[-88.52644410658918, 41.76680136168977], [-88.44811775827982, 41.775885977970724]]}, "properties": {"name_a": "Big Rock", "name_b": "Sugar Grove", "divide_score": 1.0, "catchment_overlap": 0.0, "racial_dissimilarity": 3.1, "income_gap": 10417}}, {"type": "Feature", "geometry": {"type": "LineString", "coordinates": [[-88.37153209932218, 42.1097316873499], [-88.32399968136608, 42.038344605465376]]}, "properties": {"name_a": "Gilberts", "name_b": "Elgin", "divide_score": 0.821, "catchment_overlap": 0.179, "racial_dissimilarity": 33.1, "income_gap": 31403}}, {"type": "Feature", "geometry": {"type": "LineString", "coordinates": [[-88.37153209932218, 42.1097316873499], [-88.30651891287945, 42.09803048153278]]}, "properties": {"name_a": "Gilberts", "name_b": "West Dundee", "divide_score": 0.714, "catchment_overlap": 0.286, "racial_dissimilarity": 11.6, "income_gap": 14969}}, {"type": "Feature", "geometry": {"type": "LineString", "coordinates": [[-87.81632085946832, 41.92245823352596], [-87.68493237114761, 41.83697060484273]]}, "properties": {"name_a": "Elmwood Park", "name_b": "Chicago", "divide_score": 0.978, "catchment_overlap": 0.022, "racial_dissimilarity": 28.9, "income_gap": 8987}}, {"type": "Feature", "geometry": {"type": "LineString", "coordinates": [[-87.81632085946832, 41.92245823352596], [-87.78994039877055, 41.88716436855205]]}, "properties": {"name_a": "Elmwood Park", "name_b": "Oak Park", "divide_score": 0.747, "catchment_overlap": 0.253, "racial_dissimilarity": 26.7, "income_gap": 23905}}, {"type": "Feature", "geometry": {"type": "LineString", "coordinates": [[-87.81632085946832, 41.92245823352596], [-87.81943072039361, 41.894994790270395]]}, "properties": {"name_a": "Elmwood Park", "name_b": "River Forest", "divide_score": 0.661, "catchment_overlap": 0.339, "racial_dissimilarity": 29.0, "income_gap": 64590}}, {"type": "Feature", "geometry": {"type": "LineString", "coordinates": [[-87.81632085946832, 41.92245823352596], [-87.83793359630911, 41.92427691846835]]}, "properties": {"name_a": "Elmwood Park", "name_b": "River Grove", "divide_score": 0.459, "catchment_overlap": 0.541, "racial_dissimilarity": 3.4, "income_gap": 9328}}, {"type": "Feature", "geometry": {"type": "LineString", "coordinates": [[-87.69394251899631, 42.046342301279815], [-87.68493237114761, 41.83697060484273]]}, "properties": {"name_a": "Evanston", "name_b": "Chicago", "divide_score": 0.966, "catchment_overlap": 0.034, "racial_dissimilarity": 28.4, "income_gap": 20632}}, {"type": "Feature", "geometry": {"type": "LineString", "coordinates": [[-87.69394251899631, 42.046342301279815], [-87.7399938282355, 42.03597034989608]]}, "properties": {"name_a": "Evanston", "name_b": "Skokie", "divide_score": 0.514, "catchment_overlap": 0.486, "racial_dissimilarity": 7.8, "income_gap": 2216}}, {"type": "Feature", "geometry": {"type": "LineString", "coordinates": [[-87.69394251899631, 42.046342301279815], [-87.72820270095579, 42.07705967907389]]}, "properties": {"name_a": "Evanston", "name_b": "Wilmette", "divide_score": 0.667, "catchment_overlap": 0.333, "racial_dissimilarity": 20.8, "income_gap": 96534}}, {"type": "Feature", "geometry": {"type": "LineString", "coordinates": [[-87.70133425565629, 41.7212749322421], [-87.75277691180487, 41.71388549768124]]}, "properties": {"name_a": "Evergreen Park", "name_b": "Oak Lawn", "divide_score": 0.716, "catchment_overlap": 0.284, "racial_dissimilarity": 15.6, "income_gap": 13245}}, {"type": "Feature", "geometry": {"type": "LineString", "coordinates": [[-87.70133425565629, 41.7212749322421], [-87.73113376356208, 41.73124843894018]]}, "properties": {"name_a": "Evergreen Park", "name_b": "Hometown", "divide_score": 0.636, "catchment_overlap": 0.364, "racial_dissimilarity": 22.3, "income_gap": 36473}}, {"type": "Feature", "geometry": {"type": "LineString", "coordinates": [[-87.70133425565629, 41.7212749322421], [-87.68493237114761, 41.83697060484273]]}, "properties": {"name_a": "Evergreen Park", "name_b": "Chicago", "divide_score": 0.971, "catchment_overlap": 0.029, "racial_dissimilarity": 19.0, "income_gap": 20604}}, {"type": "Feature", "geometry": {"type": "LineString", "coordinates": [[-87.68568610746985, 41.5391192103954], [-87.63449564738073, 41.51001396439309]]}, "properties": {"name_a": "Flossmoor", "name_b": "Chicago Heights", "divide_score": 0.727, "catchment_overlap": 0.273, "racial_dissimilarity": 31.4, "income_gap": 80289}}, {"type": "Feature", "geometry": {"type": "LineString", "coordinates": [[-87.68568610746985, 41.5391192103954], [-87.69243160121084, 41.51702536580733]]}, "properties": {"name_a": "Flossmoor", "name_b": "Olympia Fields", "divide_score": 0.625, "catchment_overlap": 0.375, "racial_dissimilarity": 14.1, "income_gap": 30112}}, {"type": "Feature", "geometry": {"type": "LineString", "coordinates": [[-87.68568610746985, 41.5391192103954], [-87.6609605240034, 41.55910405335682]]}, "properties": {"name_a": "Flossmoor", "name_b": "Homewood", "divide_score": 0.533, "catchment_overlap": 0.467, "racial_dissimilarity": 18.0, "income_gap": 41246}}, {"type": "Feature", "geometry": {"type": "LineString", "coordinates": [[-87.68568610746985, 41.5391192103954], [-87.72503191945631, 41.5636589954199]]}, "properties": {"name_a": "Flossmoor", "name_b": "Country Club Hills", "divide_score": 0.8, "catchment_overlap": 0.2, "racial_dissimilarity": 23.0, "income_gap": 60305}}, {"type": "Feature", "geometry": {"type": "LineString", "coordinates": [[-87.68568610746985, 41.5391192103954], [-87.68996867601852, 41.573130288013395]]}, "properties": {"name_a": "Flossmoor", "name_b": "Hazel Crest", "divide_score": 0.533, "catchment_overlap": 0.467, "racial_dissimilarity": 22.3, "income_gap": 74995}}, {"type": "Feature", "geometry": {"type": "LineString", "coordinates": [[-87.58143167802095, 41.5108979800987], [-87.57061192659258, 41.49064593858568]]}, "properties": {"name_a": "Ford Heights", "name_b": "Sauk Village", "divide_score": 0.5, "catchment_overlap": 0.5, "racial_dissimilarity": 32.6, "income_gap": 22623}}, {"type": "Feature", "geometry": {"type": "LineString", "coordinates": [[-87.58143167802095, 41.5108979800987], [-87.63449564738073, 41.51001396439309]]}, "properties": {"name_a": "Ford Heights", "name_b": "Chicago Heights", "divide_score": 0.765, "catchment_overlap": 0.235, "racial_dissimilarity": 57.5, "income_gap": 23156}}, {"type": "Feature", "geometry": {"type": "LineString", "coordinates": [[-87.58143167802095, 41.5108979800987], [-87.55107025115827, 41.523512260462645]]}, "properties": {"name_a": "Ford Heights", "name_b": "Lynwood", "divide_score": 0.5, "catchment_overlap": 0.5, "racial_dissimilarity": 26.7, "income_gap": 42296}}, {"type": "Feature", "geometry": {"type": "LineString", "coordinates": [[-87.58143167802095, 41.5108979800987], [-87.61175889285249, 41.541017121670656]]}, "properties": {"name_a": "Ford Heights", "name_b": "Glenwood", "divide_score": 0.7, "catchment_overlap": 0.3, "racial_dissimilarity": 27.3, "income_gap": 37053}}, {"type": "Feature", "geometry": {"type": "LineString", "coordinates": [[-87.81566297675417, 41.86836946017002], [-87.79092577767648, 41.84333272255728]]}, "properties": {"name_a": "Forest Park", "name_b": "Berwyn", "divide_score": 0.615, "catchment_overlap": 0.385, "racial_dissimilarity": 46.2, "income_gap": 6088}}, {"type": "Feature", "geometry": {"type": "LineString", "coordinates": [[-87.81566297675417, 41.86836946017002], [-87.84418376346724, 41.87977674207706]]}, "properties": {"name_a": "Forest Park", "name_b": "Maywood", "divide_score": 0.533, "catchment_overlap": 0.467, "racial_dissimilarity": 51.1, "income_gap": 14825}}, {"type": "Feature", "geometry": {"type": "LineString", "coordinates": [[-87.81566297675417, 41.86836946017002], [-87.78994039877055, 41.88716436855205]]}, "properties": {"name_a": "Forest Park", "name_b": "Oak Park", "divide_score": 0.561, "catchment_overlap": 0.439, "racial_dissimilarity": 8.1, "income_gap": 26703}}, {"type": "Feature", "geometry": {"type": "LineString", "coordinates": [[-87.81566297675417, 41.86836946017002], [-87.81943072039361, 41.894994790270395]]}, "properties": {"name_a": "Forest Park", "name_b": "River Forest", "divide_score": 0.431, "catchment_overlap": 0.569, "racial_dissimilarity": 25.1, "income_gap": 67388}}, {"type": "Feature", "geometry": {"type": "LineString", "coordinates": [[-87.77957034941198, 41.80725432162131], [-87.81457485144928, 41.78765859348765]]}, "properties": {"name_a": "Forest View", "name_b": "Summit", "divide_score": 0.868, "catchment_overlap": 0.132, "racial_dissimilarity": 34.4, "income_gap": 48416}}, {"type": "Feature", "geometry": {"type": "LineString", "coordinates": [[-87.77957034941198, 41.80725432162131], [-87.81909417440687, 41.81185725817264]]}, "properties": {"name_a": "Forest View", "name_b": "Lyons", "divide_score": 0.8, "catchment_overlap": 0.2, "racial_dissimilarity": 3.9, "income_gap": 44624}}, {"type": "Feature", "geometry": {"type": "LineString", "coordinates": [[-87.77957034941198, 41.80725432162131], [-87.77301291178398, 41.81830037501656]]}, "properties": {"name_a": "Forest View", "name_b": "Stickney", "divide_score": 0.333, "catchment_overlap": 0.667, "racial_dissimilarity": 15.8, "income_gap": 41526}}, {"type": "Feature", "geometry": {"type": "LineString", "coordinates": [[-87.77957034941198, 41.80725432162131], [-87.68493237114761, 41.83697060484273]]}, "properties": {"name_a": "Forest View", "name_b": "Chicago", "divide_score": 0.985, "catchment_overlap": 0.015, "racial_dissimilarity": 32.8, "income_gap": 33699}}, {"type": "Feature", "geometry": {"type": "LineString", "coordinates": [[-87.87919219451213, 41.9359934329633], [-87.94321005017201, 41.89733316732881]]}, "properties": {"name_a": "Franklin Park", "name_b": "Elmhurst", "divide_score": 0.933, "catchment_overlap": 0.067, "racial_dissimilarity": 44.8, "income_gap": 69365}}, {"type": "Feature", "geometry": {"type": "LineString", "coordinates": [[-87.87919219451213, 41.9359934329633], [-87.86364788553696, 41.90299469854953]]}, "properties": {"name_a": "Franklin Park", "name_b": "Melrose Park", "divide_score": 0.783, "catchment_overlap": 0.217, "racial_dissimilarity": 21.6, "income_gap": 11269}}, {"type": "Feature", "geometry": {"type": "LineString", "coordinates": [[-87.87919219451213, 41.9359934329633], [-87.68493237114761, 41.83697060484273]]}, "properties": {"name_a": "Franklin Park", "name_b": "Chicago", "divide_score": 0.982, "catchment_overlap": 0.018, "racial_dissimilarity": 30.9, "income_gap": 875}}, {"type": "Feature", "geometry": {"type": "LineString", "coordinates": [[-87.87919219451213, 41.9359934329633], [-87.83793359630911, 41.92427691846835]]}, "properties": {"name_a": "Franklin Park", "name_b": "River Grove", "divide_score": 0.873, "catchment_overlap": 0.127, "racial_dissimilarity": 21.8, "income_gap": 1216}}, {"type": "Feature", "geometry": {"type": "LineString", "coordinates": [[-87.87919219451213, 41.9359934329633], [-87.9054862982148, 41.91431582185733]]}, "properties": {"name_a": "Franklin Park", "name_b": "Northlake", "divide_score": 0.809, "catchment_overlap": 0.191, "racial_dissimilarity": 7.6, "income_gap": 1555}}, {"type": "Feature", "geometry": {"type": "LineString", "coordinates": [[-87.87919219451213, 41.9359934329633], [-87.8693167035993, 41.9586263110403]]}, "properties": {"name_a": "Franklin Park", "name_b": "Schiller Park", "divide_score": 0.49, "catchment_overlap": 0.51, "racial_dissimilarity": 27.2, "income_gap": 8536}}, {"type": "Feature", "geometry": {"type": "LineString", "coordinates": [[-87.87919219451213, 41.9359934329633], [-87.94421018544237, 41.95804316293349]]}, "properties": {"name_a": "Franklin Park", "name_b": "Bensenville", "divide_score": 0.955, "catchment_overlap": 0.045, "racial_dissimilarity": 8.1, "income_gap": 2289}}, {"type": "Feature", "geometry": {"type": "LineString", "coordinates": [[-87.7641040538639, 42.13473152381627], [-87.74204673165278, 42.106460533892694]]}, "properties": {"name_a": "Glencoe", "name_b": "Winnetka", "divide_score": 0.618, "catchment_overlap": 0.382, "racial_dissimilarity": 2.1, "income_gap": 0}}, {"type": "Feature", "geometry": {"type": "LineString", "coordinates": [[-87.7641040538639, 42.13473152381627], [-87.77921217790995, 42.10259329609067]]}, "properties": {"name_a": "Glencoe", "name_b": "Northfield", "divide_score": 0.632, "catchment_overlap": 0.368, "racial_dissimilarity": 4.9, "income_gap": 69509}}, {"type": "Feature", "geometry": {"type": "LineString", "coordinates": [[-87.61175889285249, 41.541017121670656], [-87.63449564738073, 41.51001396439309]]}, "properties": {"name_a": "Glenwood", "name_b": "Chicago Heights", "divide_score": 0.7, "catchment_overlap": 0.3, "racial_dissimilarity": 30.8, "income_gap": 13897}}, {"type": "Feature", "geometry": {"type": "LineString", "coordinates": [[-87.61175889285249, 41.541017121670656], [-87.55107025115827, 41.523512260462645]]}, "properties": {"name_a": "Glenwood", "name_b": "Lynwood", "divide_score": 0.786, "catchment_overlap": 0.214, "racial_dissimilarity": 6.8, "income_gap": 5243}}, {"type": "Feature", "geometry": {"type": "LineString", "coordinates": [[-87.61175889285249, 41.541017121670656], [-87.6609605240034, 41.55910405335682]]}, "properties": {"name_a": "Glenwood", "name_b": "Homewood", "divide_score": 0.571, "catchment_overlap": 0.429, "racial_dissimilarity": 23.9, "income_gap": 25146}}, {"type": "Feature", "geometry": {"type": "LineString", "coordinates": [[-87.61175889285249, 41.541017121670656], [-87.61869552063584, 41.57106215085735]]}, "properties": {"name_a": "Glenwood", "name_b": "Thornton", "divide_score": 0.769, "catchment_overlap": 0.231, "racial_dissimilarity": 35.0, "income_gap": 10265}}, {"type": "Feature", "geometry": {"type": "LineString", "coordinates": [[-87.65198957098457, 41.60758255126866], [-87.68996867601852, 41.573130288013395]]}, "properties": {"name_a": "Harvey", "name_b": "Hazel Crest", "divide_score": 0.714, "catchment_overlap": 0.286, "racial_dissimilarity": 30.2, "income_gap": 21682}}, {"type": "Feature", "geometry": {"type": "LineString", "coordinates": [[-87.65198957098457, 41.60758255126866], [-87.65027276662566, 41.57579858532358]]}, "properties": {"name_a": "Harvey", "name_b": "East Hazel Crest", "divide_score": 0.706, "catchment_overlap": 0.294, "racial_dissimilarity": 17.7, "income_gap": 15909}}, {"type": "Feature", "geometry": {"type": "LineString", "coordinates": [[-87.65198957098457, 41.60758255126866], [-87.60222368001384, 41.59765769879601]]}, "properties": {"name_a": "Harvey", "name_b": "South Holland", "divide_score": 0.6, "catchment_overlap": 0.4, "racial_dissimilarity": 25.9, "income_gap": 46287}}, {"type": "Feature", "geometry": {"type": "LineString", "coordinates": [[-87.65198957098457, 41.60758255126866], [-87.69045499503827, 41.600036036292515]]}, "properties": {"name_a": "Harvey", "name_b": "Markham", "divide_score": 0.818, "catchment_overlap": 0.182, "racial_dissimilarity": 19.5, "income_gap": 11273}}, {"type": "Feature", "geometry": {"type": "LineString", "coordinates": [[-87.65198957098457, 41.60758255126866], [-87.63085197575111, 41.611781396191496]]}, "properties": {"name_a": "Harvey", "name_b": "Phoenix", "divide_score": 0.562, "catchment_overlap": 0.438, "racial_dissimilarity": 16.9, "income_gap": 15388}}, {"type": "Feature", "geometry": {"type": "LineString", "coordinates": [[-87.65198957098457, 41.60758255126866], [-87.5978706771097, 41.62836033368131]]}, "properties": {"name_a": "Harvey", "name_b": "Dolton", "divide_score": 0.609, "catchment_overlap": 0.391, "racial_dissimilarity": 34.2, "income_gap": 17615}}, {"type": "Feature", "geometry": {"type": "LineString", "coordinates": [[-87.65198957098457, 41.60758255126866], [-87.68584243795867, 41.62906685854057]]}, "properties": {"name_a": "Harvey", "name_b": "Posen", "divide_score": 0.955, "catchment_overlap": 0.045, "racial_dissimilarity": 40.4, "income_gap": 30903}}, {"type": "Feature", "geometry": {"type": "LineString", "coordinates": [[-87.65198957098457, 41.60758255126866], [-87.66723265622534, 41.63295046200766]]}, "properties": {"name_a": "Harvey", "name_b": "Dixmoor", "divide_score": 0.81, "catchment_overlap": 0.19, "racial_dissimilarity": 21.4, "income_gap": 1230}}, {"type": "Feature", "geometry": {"type": "LineString", "coordinates": [[-87.65198957098457, 41.60758255126866], [-87.63664113035497, 41.644051039000594]]}, "properties": {"name_a": "Harvey", "name_b": "Riverdale", "divide_score": 0.76, "catchment_overlap": 0.24, "racial_dissimilarity": 29.4, "income_gap": 4618}}, {"type": "Feature", "geometry": {"type": "LineString", "coordinates": [[-87.80559042615698, 41.96631827734816], [-87.68493237114761, 41.83697060484273]]}, "properties": {"name_a": "Harwood Heights", "name_b": "Chicago", "divide_score": 0.968, "catchment_overlap": 0.032, "racial_dissimilarity": 35.6, "income_gap": 4517}}, {"type": "Feature", "geometry": {"type": "LineString", "coordinates": [[-87.80559042615698, 41.96631827734816], [-87.8231921800657, 41.963725620126134]]}, "properties": {"name_a": "Harwood Heights", "name_b": "Norridge", "divide_score": 0.373, "catchment_overlap": 0.627, "racial_dissimilarity": 9.0, "income_gap": 7928}}, {"type": "Feature", "geometry": {"type": "LineString", "coordinates": [[-87.68996867601852, 41.573130288013395], [-87.6609605240034, 41.55910405335682]]}, "properties": {"name_a": "Hazel Crest", "name_b": "Homewood", "divide_score": 0.308, "catchment_overlap": 0.692, "racial_dissimilarity": 39.2, "income_gap": 33749}}, {"type": "Feature", "geometry": {"type": "LineString", "coordinates": [[-87.68996867601852, 41.573130288013395], [-87.72503191945631, 41.5636589954199]]}, "properties": {"name_a": "Hazel Crest", "name_b": "Country Club Hills", "divide_score": 0.5, "catchment_overlap": 0.5, "racial_dissimilarity": 2.4, "income_gap": 14690}}, {"type": "Feature", "geometry": {"type": "LineString", "coordinates": [[-87.68996867601852, 41.573130288013395], [-87.65027276662566, 41.57579858532358]]}, "properties": {"name_a": "Hazel Crest", "name_b": "East Hazel Crest", "divide_score": 0.692, "catchment_overlap": 0.308, "racial_dissimilarity": 26.3, "income_gap": 5773}}, {"type": "Feature", "geometry": {"type": "LineString", "coordinates": [[-87.68996867601852, 41.573130288013395], [-87.69045499503827, 41.600036036292515]]}, "properties": {"name_a": "Hazel Crest", "name_b": "Markham", "divide_score": 0.765, "catchment_overlap": 0.235, "racial_dissimilarity": 15.0, "income_gap": 10409}}, {"type": "Feature", "geometry": {"type": "LineString", "coordinates": [[-87.8280050679617, 41.724778039870515], [-87.82655583115542, 41.69863487120382]]}, "properties": {"name_a": "Hickory Hills", "name_b": "Palos Hills", "divide_score": 0.609, "catchment_overlap": 0.391, "racial_dissimilarity": 6.8, "income_gap": 1572}}, {"type": "Feature", "geometry": {"type": "LineString", "coordinates": [[-87.8280050679617, 41.724778039870515], [-87.80664402998715, 41.7402806047947]]}, "properties": {"name_a": "Hickory Hills", "name_b": "Bridgeview", "divide_score": 0.5, "catchment_overlap": 0.5, "racial_dissimilarity": 14.8, "income_gap": 20388}}, {"type": "Feature", "geometry": {"type": "LineString", "coordinates": [[-87.8280050679617, 41.724778039870515], [-87.83451454664228, 41.749474770823234]]}, "properties": {"name_a": "Hickory Hills", "name_b": "Justice", "divide_score": 0.652, "catchment_overlap": 0.348, "racial_dissimilarity": 19.6, "income_gap": 27027}}, {"type": "Feature", "geometry": {"type": "LineString", "coordinates": [[-87.90183928106197, 41.86752437363549], [-87.89061942887881, 41.84919591707584]]}, "properties": {"name_a": "Hillside", "name_b": "Westchester", "divide_score": 0.684, "catchment_overlap": 0.316, "racial_dissimilarity": 35.9, "income_gap": 32789}}, {"type": "Feature", "geometry": {"type": "LineString", "coordinates": [[-87.90183928106197, 41.86752437363549], [-87.87616991148637, 41.882901030473484]]}, "properties": {"name_a": "Hillside", "name_b": "Bellwood", "divide_score": 0.625, "catchment_overlap": 0.375, "racial_dissimilarity": 25.2, "income_gap": 6218}}, {"type": "Feature", "geometry": {"type": "LineString", "coordinates": [[-87.90183928106197, 41.86752437363549], [-87.91147122862156, 41.88911620807922]]}, "properties": {"name_a": "Hillside", "name_b": "Berkeley", "divide_score": 0.692, "catchment_overlap": 0.308, "racial_dissimilarity": 18.6, "income_gap": 12452}}, {"type": "Feature", "geometry": {"type": "LineString", "coordinates": [[-87.86124759258314, 41.7659702683605], [-87.83451454664228, 41.749474770823234]]}, "properties": {"name_a": "Hodgkins", "name_b": "Justice", "divide_score": 0.667, "catchment_overlap": 0.333, "racial_dissimilarity": 34.2, "income_gap": 4542}}, {"type": "Feature", "geometry": {"type": "LineString", "coordinates": [[-87.86124759258314, 41.7659702683605], [-87.79153506357754, 41.766946634334666]]}, "properties": {"name_a": "Hodgkins", "name_b": "Bedford Park", "divide_score": 0.761, "catchment_overlap": 0.239, "racial_dissimilarity": 10.4, "income_gap": 48194}}, {"type": "Feature", "geometry": {"type": "LineString", "coordinates": [[-87.86124759258314, 41.7659702683605], [-87.87522403850974, 41.77420381048527]]}, "properties": {"name_a": "Hodgkins", "name_b": "Countryside", "divide_score": 0.6, "catchment_overlap": 0.4, "racial_dissimilarity": 32.6, "income_gap": 15076}}, {"type": "Feature", "geometry": {"type": "LineString", "coordinates": [[-87.86124759258314, 41.7659702683605], [-87.84113932360387, 41.79590825159134]]}, "properties": {"name_a": "Hodgkins", "name_b": "McCook", "divide_score": 0.792, "catchment_overlap": 0.208, "racial_dissimilarity": 3.6, "income_gap": 11408}}, {"type": "Feature", "geometry": {"type": "LineString", "coordinates": [[-87.73113376356208, 41.73124843894018], [-87.75277691180487, 41.71388549768124]]}, "properties": {"name_a": "Hometown", "name_b": "Oak Lawn", "divide_score": 0.596, "catchment_overlap": 0.404, "racial_dissimilarity": 8.7, "income_gap": 23228}}, {"type": "Feature", "geometry": {"type": "LineString", "coordinates": [[-87.73113376356208, 41.73124843894018], [-87.76850478137439, 41.74442036487854]]}, "properties": {"name_a": "Hometown", "name_b": "Burbank", "divide_score": 0.656, "catchment_overlap": 0.344, "racial_dissimilarity": 18.1, "income_gap": 24710}}, {"type": "Feature", "geometry": {"type": "LineString", "coordinates": [[-87.73113376356208, 41.73124843894018], [-87.68493237114761, 41.83697060484273]]}, "properties": {"name_a": "Hometown", "name_b": "Chicago", "divide_score": 0.986, "catchment_overlap": 0.014, "racial_dissimilarity": 30.1, "income_gap": 15869}}, {"type": "Feature", "geometry": {"type": "LineString", "coordinates": [[-87.6609605240034, 41.55910405335682], [-87.63449564738073, 41.51001396439309]]}, "properties": {"name_a": "Homewood", "name_b": "Chicago Heights", "divide_score": 0.833, "catchment_overlap": 0.167, "racial_dissimilarity": 28.1, "income_gap": 39043}}, {"type": "Feature", "geometry": {"type": "LineString", "coordinates": [[-87.6609605240034, 41.55910405335682], [-87.61869552063584, 41.57106215085735]]}, "properties": {"name_a": "Homewood", "name_b": "Thornton", "divide_score": 0.8, "catchment_overlap": 0.2, "racial_dissimilarity": 11.1, "income_gap": 35411}}, {"type": "Feature", "geometry": {"type": "LineString", "coordinates": [[-87.6609605240034, 41.55910405335682], [-87.65027276662566, 41.57579858532358]]}, "properties": {"name_a": "Homewood", "name_b": "East Hazel Crest", "divide_score": 0.583, "catchment_overlap": 0.417, "racial_dissimilarity": 21.3, "income_gap": 39522}}, {"type": "Feature", "geometry": {"type": "LineString", "coordinates": [[-88.10206639206511, 41.690112550679515], [-88.09969487694806, 41.631769826191984]]}, "properties": {"name_a": "Bolingbrook", "name_b": "Romeoville", "divide_score": 0.792, "catchment_overlap": 0.208, "racial_dissimilarity": 9.8, "income_gap": 7530}}, {"type": "Feature", "geometry": {"type": "LineString", "coordinates": [[-88.10206639206511, 41.690112550679515], [-88.16589831473719, 41.74805801970225]]}, "properties": {"name_a": "Bolingbrook", "name_b": "Naperville", "divide_score": 0.944, "catchment_overlap": 0.056, "racial_dissimilarity": 30.1, "income_gap": 43385}}, {"type": "Feature", "geometry": {"type": "LineString", "coordinates": [[-88.10206639206511, 41.690112550679515], [-88.04081119880327, 41.73698581264874]]}, "properties": {"name_a": "Bolingbrook", "name_b": "Woodridge", "divide_score": 0.829, "catchment_overlap": 0.171, "racial_dissimilarity": 20.0, "income_gap": 10289}}, {"type": "Feature", "geometry": {"type": "LineString", "coordinates": [[-87.62347620620687, 41.44005418989674], [-87.71531201643624, 41.44609102919263]]}, "properties": {"name_a": "Crete", "name_b": "University Park", "divide_score": 0.909, "catchment_overlap": 0.091, "racial_dissimilarity": 46.1, "income_gap": 32404}}, {"type": "Feature", "geometry": {"type": "LineString", "coordinates": [[-87.62347620620687, 41.44005418989674], [-87.61769717129737, 41.4723125083966]]}, "properties": {"name_a": "Crete", "name_b": "Steger", "divide_score": 0.5, "catchment_overlap": 0.5, "racial_dissimilarity": 16.6, "income_gap": 38293}}, {"type": "Feature", "geometry": {"type": "LineString", "coordinates": [[-87.62347620620687, 41.44005418989674], [-87.57061192659258, 41.49064593858568]]}, "properties": {"name_a": "Crete", "name_b": "Sauk Village", "divide_score": 0.778, "catchment_overlap": 0.222, "racial_dissimilarity": 31.9, "income_gap": 41038}}, {"type": "Feature", "geometry": {"type": "LineString", "coordinates": [[-87.83614997003403, 41.489131049909965], [-87.73865536984478, 41.48163345921742]]}, "properties": {"name_a": "Frankfort", "name_b": "Richton Park", "divide_score": 1.0, "catchment_overlap": 0.0, "racial_dissimilarity": 75.1, "income_gap": 81990}}, {"type": "Feature", "geometry": {"type": "LineString", "coordinates": [[-87.83614997003403, 41.489131049909965], [-87.74678019724544, 41.509480382746865]]}, "properties": {"name_a": "Frankfort", "name_b": "Matteson", "divide_score": 1.0, "catchment_overlap": 0.0, "racial_dissimilarity": 67.6, "income_gap": 55097}}, {"type": "Feature", "geometry": {"type": "LineString", "coordinates": [[-87.83614997003403, 41.489131049909965], [-87.80313582851177, 41.52193964923188]]}, "properties": {"name_a": "Frankfort", "name_b": "Frankfort Square", "divide_score": 0.5, "catchment_overlap": 0.5, "racial_dissimilarity": 11.3, "income_gap": 26761}}, {"type": "Feature", "geometry": {"type": "LineString", "coordinates": [[-87.83614997003403, 41.489131049909965], [-87.80501935102815, 41.567014335153075]]}, "properties": {"name_a": "Frankfort", "name_b": "Tinley Park", "divide_score": 0.857, "catchment_overlap": 0.143, "racial_dissimilarity": 5.5, "income_gap": 49895}}, {"type": "Feature", "geometry": {"type": "LineString", "coordinates": [[-87.83614997003403, 41.489131049909965], [-87.87809399236758, 41.53269293888818]]}, "properties": {"name_a": "Frankfort", "name_b": "Mokena", "divide_score": 0.571, "catchment_overlap": 0.429, "racial_dissimilarity": 10.1, "income_gap": 24697}}, {"type": "Feature", "geometry": {"type": "LineString", "coordinates": [[-87.9837489075545, 41.669500167954205], [-87.94968845327531, 41.60435317117057]]}, "properties": {"name_a": "Lemont", "name_b": "Homer Glen", "divide_score": 0.783, "catchment_overlap": 0.217, "racial_dissimilarity": 1.3, "income_gap": 2446}}, {"type": "Feature", "geometry": {"type": "LineString", "coordinates": [[-87.9837489075545, 41.669500167954205], [-87.88902121080952, 41.6679077525107]]}, "properties": {"name_a": "Lemont", "name_b": "Palos Park", "divide_score": 0.917, "catchment_overlap": 0.083, "racial_dissimilarity": 5.2, "income_gap": 163}}, {"type": "Feature", "geometry": {"type": "LineString", "coordinates": [[-87.9837489075545, 41.669500167954205], [-88.09969487694806, 41.631769826191984]]}, "properties": {"name_a": "Lemont", "name_b": "Romeoville", "divide_score": 0.885, "catchment_overlap": 0.115, "racial_dissimilarity": 40.2, "income_gap": 26078}}, {"type": "Feature", "geometry": {"type": "LineString", "coordinates": [[-87.9837489075545, 41.669500167954205], [-88.04081119880327, 41.73698581264874]]}, "properties": {"name_a": "Lemont", "name_b": "Woodridge", "divide_score": 0.829, "catchment_overlap": 0.171, "racial_dissimilarity": 22.4, "income_gap": 28837}}, {"type": "Feature", "geometry": {"type": "LineString", "coordinates": [[-87.9837489075545, 41.669500167954205], [-87.98221102129675, 41.74476314036082]]}, "properties": {"name_a": "Lemont", "name_b": "Darien", "divide_score": 0.839, "catchment_overlap": 0.161, "racial_dissimilarity": 7.3, "income_gap": 16746}}, {"type": "Feature", "geometry": {"type": "LineString", "coordinates": [[-88.2791068817339, 41.450670943944566], [-88.25994990156886, 41.42110707713758]]}, "properties": {"name_a": "Minooka", "name_b": "Channahon", "divide_score": 0.167, "catchment_overlap": 0.833, "racial_dissimilarity": 3.8, "income_gap": 705}}, {"type": "Feature", "geometry": {"type": "LineString", "coordinates": [[-87.87809399236758, 41.53269293888818], [-87.84606541203625, 41.53531144430313]]}, "properties": {"name_a": "Mokena", "name_b": "Arbury Hills", "divide_score": 0.833, "catchment_overlap": 0.167, "racial_dissimilarity": 20.0, "income_gap": 25561}}, {"type": "Feature", "geometry": {"type": "LineString", "coordinates": [[-87.87809399236758, 41.53269293888818], [-87.80501935102815, 41.567014335153075]]}, "properties": {"name_a": "Mokena", "name_b": "Tinley Park", "divide_score": 0.875, "catchment_overlap": 0.125, "racial_dissimilarity": 10.6, "income_gap": 25198}}, {"type": "Feature", "geometry": {"type": "LineString", "coordinates": [[-87.87809399236758, 41.53269293888818], [-87.86193756997125, 41.60739724232531]]}, "properties": {"name_a": "Mokena", "name_b": "Orland Park", "divide_score": 0.88, "catchment_overlap": 0.12, "racial_dissimilarity": 7.1, "income_gap": 30038}}, {"type": "Feature", "geometry": {"type": "LineString", "coordinates": [[-88.09969487694806, 41.631769826191984], [-88.04081119880327, 41.73698581264874]]}, "properties": {"name_a": "Romeoville", "name_b": "Woodridge", "divide_score": 0.927, "catchment_overlap": 0.073, "racial_dissimilarity": 17.7, "income_gap": 2759}}, {"type": "Feature", "geometry": {"type": "LineString", "coordinates": [[-87.80501935102815, 41.567014335153075], [-87.74678019724544, 41.509480382746865]]}, "properties": {"name_a": "Tinley Park", "name_b": "Matteson", "divide_score": 1.0, "catchment_overlap": 0.0, "racial_dissimilarity": 71.4, "income_gap": 5202}}, {"type": "Feature", "geometry": {"type": "LineString", "coordinates": [[-87.80501935102815, 41.567014335153075], [-87.80313582851177, 41.52193964923188]]}, "properties": {"name_a": "Tinley Park", "name_b": "Frankfort Square", "divide_score": 0.833, "catchment_overlap": 0.167, "racial_dissimilarity": 5.8, "income_gap": 23134}}, {"type": "Feature", "geometry": {"type": "LineString", "coordinates": [[-87.80501935102815, 41.567014335153075], [-87.84606541203625, 41.53531144430313]]}, "properties": {"name_a": "Tinley Park", "name_b": "Arbury Hills", "divide_score": 0.917, "catchment_overlap": 0.083, "racial_dissimilarity": 14.6, "income_gap": 363}}, {"type": "Feature", "geometry": {"type": "LineString", "coordinates": [[-87.80501935102815, 41.567014335153075], [-87.84135458201987, 41.59051362303223]]}, "properties": {"name_a": "Tinley Park", "name_b": "Orland Hills", "divide_score": 0.714, "catchment_overlap": 0.286, "racial_dissimilarity": 7.3, "income_gap": 14462}}, {"type": "Feature", "geometry": {"type": "LineString", "coordinates": [[-87.80501935102815, 41.567014335153075], [-87.86193756997125, 41.60739724232531]]}, "properties": {"name_a": "Tinley Park", "name_b": "Orland Park", "divide_score": 0.828, "catchment_overlap": 0.172, "racial_dissimilarity": 3.5, "income_gap": 4840}}, {"type": "Feature", "geometry": {"type": "LineString", "coordinates": [[-87.71531201643624, 41.44609102919263], [-87.68680082684676, 41.48174716792701]]}, "properties": {"name_a": "University Park", "name_b": "Park Forest", "divide_score": 0.692, "catchment_overlap": 0.308, "racial_dissimilarity": 12.4, "income_gap": 3275}}, {"type": "Feature", "geometry": {"type": "LineString", "coordinates": [[-87.71531201643624, 41.44609102919263], [-87.73865536984478, 41.48163345921742]]}, "properties": {"name_a": "University Park", "name_b": "Richton Park", "divide_score": 0.556, "catchment_overlap": 0.444, "racial_dissimilarity": 5.0, "income_gap": 6144}}, {"type": "Feature", "geometry": {"type": "LineString", "coordinates": [[-88.16398463176976, 41.32071884300154], [-88.2234983473402, 41.26954245042548]]}, "properties": {"name_a": "Wilmington", "name_b": "Braidwood", "divide_score": 1.0, "catchment_overlap": 0.0, "racial_dissimilarity": 4.0, "income_gap": 19851}}, {"type": "Feature", "geometry": {"type": "LineString", "coordinates": [[-88.16398463176976, 41.32071884300154], [-88.1442805652217, 41.27991342127222]]}, "properties": {"name_a": "Wilmington", "name_b": "Lakewood Shores", "divide_score": 0.0, "catchment_overlap": 1.0, "racial_dissimilarity": 5.2, "income_gap": 12986}}, {"type": "Feature", "geometry": {"type": "LineString", "coordinates": [[-88.04081119880327, 41.73698581264874], [-87.98221102129675, 41.74476314036082]]}, "properties": {"name_a": "Woodridge", "name_b": "Darien", "divide_score": 0.692, "catchment_overlap": 0.308, "racial_dissimilarity": 16.2, "income_gap": 12091}}, {"type": "Feature", "geometry": {"type": "LineString", "coordinates": [[-88.04081119880327, 41.73698581264874], [-88.08880644351387, 41.791820981469165]]}, "properties": {"name_a": "Woodridge", "name_b": "Lisle", "divide_score": 0.738, "catchment_overlap": 0.262, "racial_dissimilarity": 13.2, "income_gap": 8910}}, {"type": "Feature", "geometry": {"type": "LineString", "coordinates": [[-88.04081119880327, 41.73698581264874], [-88.01714252830205, 41.794868226832115]]}, "properties": {"name_a": "Woodridge", "name_b": "Downers Grove", "divide_score": 0.732, "catchment_overlap": 0.268, "racial_dissimilarity": 21.9, "income_gap": 22386}}, {"type": "Feature", "geometry": {"type": "LineString", "coordinates": [[-87.94968845327531, 41.60435317117057], [-87.86193756997125, 41.60739724232531]]}, "properties": {"name_a": "Homer Glen", "name_b": "Orland Park", "divide_score": 0.767, "catchment_overlap": 0.233, "racial_dissimilarity": 5.3, "income_gap": 29567}}, {"type": "Feature", "geometry": {"type": "LineString", "coordinates": [[-88.06231363030642, 42.23128058154274], [-88.08696044821362, 42.19560219970201]]}, "properties": {"name_a": "Hawthorn Woods", "name_b": "Lake Zurich", "divide_score": 0.588, "catchment_overlap": 0.412, "racial_dissimilarity": 2.4, "income_gap": 98155}}, {"type": "Feature", "geometry": {"type": "LineString", "coordinates": [[-88.06231363030642, 42.23128058154274], [-88.05316603509488, 42.210258420436915]]}, "properties": {"name_a": "Hawthorn Woods", "name_b": "Forest Lake", "divide_score": 0.9, "catchment_overlap": 0.1, "racial_dissimilarity": 15.5, "income_gap": 145158}}, {"type": "Feature", "geometry": {"type": "LineString", "coordinates": [[-88.16834373491697, 42.21218447662018], [-88.20337966659275, 42.139854166904264]]}, "properties": {"name_a": "Lake Barrington", "name_b": "Barrington Hills", "divide_score": 0.944, "catchment_overlap": 0.056, "racial_dissimilarity": 1.2, "income_gap": 53810}}, {"type": "Feature", "geometry": {"type": "LineString", "coordinates": [[-87.85949901102039, 42.23799402284453], [-87.8694590398527, 42.19326006339775]]}, "properties": {"name_a": "Lake Forest", "name_b": "Bannockburn", "divide_score": 0.778, "catchment_overlap": 0.222, "racial_dissimilarity": 12.2, "income_gap": 32495}}, {"type": "Feature", "geometry": {"type": "LineString", "coordinates": [[-87.85949901102039, 42.23799402284453], [-87.91966126219249, 42.244494633024885]]}, "properties": {"name_a": "Lake Forest", "name_b": "Mettawa", "divide_score": 0.923, "catchment_overlap": 0.077, "racial_dissimilarity": 4.2, "income_gap": 53046}}, {"type": "Feature", "geometry": {"type": "LineString", "coordinates": [[-87.85949901102039, 42.23799402284453], [-87.87931746268379, 42.28458399214532]]}, "properties": {"name_a": "Lake Forest", "name_b": "Knollwood", "divide_score": 0.708, "catchment_overlap": 0.292, "racial_dissimilarity": 11.6, "income_gap": 94668}}, {"type": "Feature", "geometry": {"type": "LineString", "coordinates": [[-87.84135458201987, 41.59051362303223], [-87.86193756997125, 41.60739724232531]]}, "properties": {"name_a": "Orland Hills", "name_b": "Orland Park", "divide_score": 0.727, "catchment_overlap": 0.273, "racial_dissimilarity": 10.8, "income_gap": 19302}}, {"type": "Feature", "geometry": {"type": "LineString", "coordinates": [[-88.34765725296599, 42.19128519172831], [-88.43299497447947, 42.15989821829904]]}, "properties": {"name_a": "Lake in the Hills", "name_b": "Huntley", "divide_score": 0.839, "catchment_overlap": 0.161, "racial_dissimilarity": 11.4, "income_gap": 27142}}, {"type": "Feature", "geometry": {"type": "LineString", "coordinates": [[-88.34765725296599, 42.19128519172831], [-88.24941337410827, 42.212835521774075]]}, "properties": {"name_a": "Lake in the Hills", "name_b": "Cary", "divide_score": 0.839, "catchment_overlap": 0.161, "racial_dissimilarity": 10.9, "income_gap": 3701}}, {"type": "Feature", "geometry": {"type": "LineString", "coordinates": [[-88.1842719170874, 42.42369003247255], [-88.12755898663211, 42.37585770879575]]}, "properties": {"name_a": "Fox Lake", "name_b": "Long Lake", "divide_score": 0.667, "catchment_overlap": 0.333, "racial_dissimilarity": 29.3, "income_gap": 30928}}, {"type": "Feature", "geometry": {"type": "LineString", "coordinates": [[-88.1842719170874, 42.42369003247255], [-88.21144455920465, 42.40230294277312]]}, "properties": {"name_a": "Fox Lake", "name_b": "Pistakee Highlands", "divide_score": 0.75, "catchment_overlap": 0.25, "racial_dissimilarity": 12.4, "income_gap": 22408}}, {"type": "Feature", "geometry": {"type": "LineString", "coordinates": [[-88.1842719170874, 42.42369003247255], [-88.23996794930852, 42.45434563260888]]}, "properties": {"name_a": "Fox Lake", "name_b": "Spring Grove", "divide_score": 1.0, "catchment_overlap": 0.0, "racial_dissimilarity": 8.7, "income_gap": 63328}}, {"type": "Feature", "geometry": {"type": "LineString", "coordinates": [[-88.36344119275238, 42.32261474921568], [-88.29316912845357, 42.338751549233486]]}, "properties": {"name_a": "Bull Valley", "name_b": "McHenry", "divide_score": 1.0, "catchment_overlap": 0.0, "racial_dissimilarity": 4.5, "income_gap": 98552}}, {"type": "Feature", "geometry": {"type": "LineString", "coordinates": [[-88.36344119275238, 42.32261474921568], [-88.34926046373322, 42.37946412770593]]}, "properties": {"name_a": "Bull Valley", "name_b": "Wonder Lake", "divide_score": 0.5, "catchment_overlap": 0.5, "racial_dissimilarity": 13.1, "income_gap": 82588}}, {"type": "Feature", "geometry": {"type": "LineString", "coordinates": [[-88.2234983473402, 41.26954245042548], [-88.24641398727412, 41.228011549900025]]}, "properties": {"name_a": "Braidwood", "name_b": "Braceville", "divide_score": 0.0, "catchment_overlap": 1.0, "racial_dissimilarity": 11.8, "income_gap": 13087}}, {"type": "Feature", "geometry": {"type": "LineString", "coordinates": [[-88.2234983473402, 41.26954245042548], [-88.2451586923421, 41.238489487867774]]}, "properties": {"name_a": "Braidwood", "name_b": "Godley", "divide_score": 0.5, "catchment_overlap": 0.5, "racial_dissimilarity": 5.3, "income_gap": 28782}}, {"type": "Feature", "geometry": {"type": "LineString", "coordinates": [[-88.2234983473402, 41.26954245042548], [-88.2507006789952, 41.28522419374751]]}, "properties": {"name_a": "Braidwood", "name_b": "Diamond", "divide_score": 0.5, "catchment_overlap": 0.5, "racial_dissimilarity": 1.7, "income_gap": 23365}}, {"type": "Feature", "geometry": {"type": "LineString", "coordinates": [[-88.13074527082631, 41.918163047525475], [-88.10851997173285, 41.85606789101485]]}, "properties": {"name_a": "Carol Stream", "name_b": "Wheaton", "divide_score": 0.757, "catchment_overlap": 0.243, "racial_dissimilarity": 20.4, "income_gap": 14171}}, {"type": "Feature", "geometry": {"type": "LineString", "coordinates": [[-88.13074527082631, 41.918163047525475], [-88.0629042191033, 41.86668609921435]]}, "properties": {"name_a": "Carol Stream", "name_b": "Glen Ellyn", "divide_score": 0.784, "catchment_overlap": 0.216, "racial_dissimilarity": 19.4, "income_gap": 27951}}, {"type": "Feature", "geometry": {"type": "LineString", "coordinates": [[-88.13074527082631, 41.918163047525475], [-88.15074087814219, 41.878566831844175]]}, "properties": {"name_a": "Carol Stream", "name_b": "Winfield", "divide_score": 0.739, "catchment_overlap": 0.261, "racial_dissimilarity": 20.5, "income_gap": 37707}}, {"type": "Feature", "geometry": {"type": "LineString", "coordinates": [[-88.13074527082631, 41.918163047525475], [-88.14459964274562, 41.98180538713967]]}, "properties": {"name_a": "Carol Stream", "name_b": "Hanover Park", "divide_score": 0.828, "catchment_overlap": 0.172, "racial_dissimilarity": 20.8, "income_gap": 13132}}, {"type": "Feature", "geometry": {"type": "LineString", "coordinates": [[-88.13074527082631, 41.918163047525475], [-88.20708006932418, 41.9803996546245]]}, "properties": {"name_a": "Carol Stream", "name_b": "Bartlett", "divide_score": 0.966, "catchment_overlap": 0.034, "racial_dissimilarity": 8.1, "income_gap": 25084}}, {"type": "Feature", "geometry": {"type": "LineString", "coordinates": [[-88.13074527082631, 41.918163047525475], [-88.07851045403818, 41.91947523409696]]}, "properties": {"name_a": "Carol Stream", "name_b": "Glendale Heights", "divide_score": 0.478, "catchment_overlap": 0.522, "racial_dissimilarity": 19.6, "income_gap": 23163}}, {"type": "Feature", "geometry": {"type": "LineString", "coordinates": [[-88.13074527082631, 41.918163047525475], [-88.08947803985143, 41.949654754085564]]}, "properties": {"name_a": "Carol Stream", "name_b": "Bloomingdale", "divide_score": 0.731, "catchment_overlap": 0.269, "racial_dissimilarity": 13.8, "income_gap": 6504}}, {"type": "Feature", "geometry": {"type": "LineString", "coordinates": [[-87.98221102129675, 41.74476314036082], [-87.94541226433508, 41.76401052923643]]}, "properties": {"name_a": "Darien", "name_b": "Willowbrook", "divide_score": 0.645, "catchment_overlap": 0.355, "racial_dissimilarity": 5.1, "income_gap": 11493}}, {"type": "Feature", "geometry": {"type": "LineString", "coordinates": [[-87.98221102129675, 41.74476314036082], [-87.97420902191577, 41.79478258271356]]}, "properties": {"name_a": "Darien", "name_b": "Westmont", "divide_score": 0.761, "catchment_overlap": 0.239, "racial_dissimilarity": 10.7, "income_gap": 25732}}, {"type": "Feature", "geometry": {"type": "LineString", "coordinates": [[-87.98221102129675, 41.74476314036082], [-88.01714252830205, 41.794868226832115]]}, "properties": {"name_a": "Darien", "name_b": "Downers Grove", "divide_score": 0.821, "catchment_overlap": 0.179, "racial_dissimilarity": 5.7, "income_gap": 10295}}, {"type": "Feature", "geometry": {"type": "LineString", "coordinates": [[-88.01714252830205, 41.794868226832115], [-87.97420902191577, 41.79478258271356]]}, "properties": {"name_a": "Downers Grove", "name_b": "Westmont", "divide_score": 0.574, "catchment_overlap": 0.426, "racial_dissimilarity": 16.4, "income_gap": 36027}}, {"type": "Feature", "geometry": {"type": "LineString", "coordinates": [[-88.01714252830205, 41.794868226832115], [-87.95162353276879, 41.837314390286366]]}, "properties": {"name_a": "Downers Grove", "name_b": "Oak Brook", "divide_score": 0.806, "catchment_overlap": 0.194, "racial_dissimilarity": 12.1, "income_gap": 51474}}, {"type": "Feature", "geometry": {"type": "LineString", "coordinates": [[-88.01714252830205, 41.794868226832115], [-88.08880644351387, 41.791820981469165]]}, "properties": {"name_a": "Downers Grove", "name_b": "Lisle", "divide_score": 0.867, "catchment_overlap": 0.133, "racial_dissimilarity": 8.7, "income_gap": 13476}}, {"type": "Feature", "geometry": {"type": "LineString", "coordinates": [[-88.01714252830205, 41.794868226832115], [-88.01569262325508, 41.874108103106316]]}, "properties": {"name_a": "Downers Grove", "name_b": "Lombard", "divide_score": 0.83, "catchment_overlap": 0.17, "racial_dissimilarity": 13.2, "income_gap": 22396}}, {"type": "Feature", "geometry": {"type": "LineString", "coordinates": [[-88.01830058674292, 41.97717287717356], [-87.98076671706842, 41.96676521109735]]}, "properties": {"name_a": "Itasca", "name_b": "Wood Dale", "divide_score": 0.455, "catchment_overlap": 0.545, "racial_dissimilarity": 9.1, "income_gap": 21490}}, {"type": "Feature", "geometry": {"type": "LineString", "coordinates": [[-88.01830058674292, 41.97717287717356], [-88.08610611481045, 41.980913149633444]]}, "properties": {"name_a": "Itasca", "name_b": "Roselle", "divide_score": 0.769, "catchment_overlap": 0.231, "racial_dissimilarity": 9.3, "income_gap": 2780}}, {"type": "Feature", "geometry": {"type": "LineString", "coordinates": [[-88.01830058674292, 41.97717287717356], [-87.99215279965777, 42.00640864066623]]}, "properties": {"name_a": "Itasca", "name_b": "Elk Grove Village", "divide_score": 0.531, "catchment_overlap": 0.469, "racial_dissimilarity": 3.2, "income_gap": 16682}}, {"type": "Feature", "geometry": {"type": "LineString", "coordinates": [[-87.96890255399792, 41.853864251789545], [-87.95162353276879, 41.837314390286366]]}, "properties": {"name_a": "Oakbrook Terrace", "name_b": "Oak Brook", "divide_score": 0.636, "catchment_overlap": 0.364, "racial_dissimilarity": 16.5, "income_gap": 100537}}, {"type": "Feature", "geometry": {"type": "LineString", "coordinates": [[-87.96890255399792, 41.853864251789545], [-87.94321005017201, 41.89733316732881]]}, "properties": {"name_a": "Oakbrook Terrace", "name_b": "Elmhurst", "divide_score": 0.719, "catchment_overlap": 0.281, "racial_dissimilarity": 23.7, "income_gap": 74788}}, {"type": "Feature", "geometry": {"type": "LineString", "coordinates": [[-87.96890255399792, 41.853864251789545], [-88.01569262325508, 41.874108103106316]]}, "properties": {"name_a": "Oakbrook Terrace", "name_b": "Lombard", "divide_score": 0.731, "catchment_overlap": 0.269, "racial_dissimilarity": 17.7, "income_gap": 26667}}, {"type": "Feature", "geometry": {"type": "LineString", "coordinates": [[-87.96890255399792, 41.853864251789545], [-87.97798048155305, 41.8865033478462]]}, "properties": {"name_a": "Oakbrook Terrace", "name_b": "Villa Park", "divide_score": 0.621, "catchment_overlap": 0.379, "racial_dissimilarity": 23.1, "income_gap": 24112}}, {"type": "Feature", "geometry": {"type": "LineString", "coordinates": [[-88.18554668270393, 41.820931119805415], [-88.16589831473719, 41.74805801970225]]}, "properties": {"name_a": "Warrenville", "name_b": "Naperville", "divide_score": 0.794, "catchment_overlap": 0.206, "racial_dissimilarity": 8.9, "income_gap": 51909}}, {"type": "Feature", "geometry": {"type": "LineString", "coordinates": [[-88.18554668270393, 41.820931119805415], [-88.22526364959235, 41.89598507313473]]}, "properties": {"name_a": "Warrenville", "name_b": "West Chicago", "divide_score": 1.0, "catchment_overlap": 0.0, "racial_dissimilarity": 27.4, "income_gap": 1540}}, {"type": "Feature", "geometry": {"type": "LineString", "coordinates": [[-88.25849655084538, 41.94940331180989], [-88.22526364959235, 41.89598507313473]]}, "properties": {"name_a": "Wayne", "name_b": "West Chicago", "divide_score": 0.667, "catchment_overlap": 0.333, "racial_dissimilarity": 41.6, "income_gap": 69015}}, {"type": "Feature", "geometry": {"type": "LineString", "coordinates": [[-88.25849655084538, 41.94940331180989], [-88.20708006932418, 41.9803996546245]]}, "properties": {"name_a": "Wayne", "name_b": "Bartlett", "divide_score": 1.0, "catchment_overlap": 0.0, "racial_dissimilarity": 12.8, "income_gap": 39104}}, {"type": "Feature", "geometry": {"type": "LineString", "coordinates": [[-88.25849655084538, 41.94940331180989], [-88.31101326092426, 41.9192446125975]]}, "properties": {"name_a": "Wayne", "name_b": "St. Charles", "divide_score": 0.957, "catchment_overlap": 0.043, "racial_dissimilarity": 3.7, "income_gap": 54233}}, {"type": "Feature", "geometry": {"type": "LineString", "coordinates": [[-87.94541226433508, 41.76401052923643], [-87.91993353734208, 41.74849318502496]]}, "properties": {"name_a": "Willowbrook", "name_b": "Burr Ridge", "divide_score": 0.556, "catchment_overlap": 0.444, "racial_dissimilarity": 7.4, "income_gap": 56647}}, {"type": "Feature", "geometry": {"type": "LineString", "coordinates": [[-87.94541226433508, 41.76401052923643], [-87.97420902191577, 41.79478258271356]]}, "properties": {"name_a": "Willowbrook", "name_b": "Westmont", "divide_score": 0.707, "catchment_overlap": 0.293, "racial_dissimilarity": 6.2, "income_gap": 14239}}, {"type": "Feature", "geometry": {"type": "LineString", "coordinates": [[-87.94541226433508, 41.76401052923643], [-87.9568499125358, 41.798052751630514]]}, "properties": {"name_a": "Willowbrook", "name_b": "Clarendon Hills", "divide_score": 0.679, "catchment_overlap": 0.321, "racial_dissimilarity": 11.8, "income_gap": 27965}}, {"type": "Feature", "geometry": {"type": "LineString", "coordinates": [[-88.15074087814219, 41.878566831844175], [-88.10851997173285, 41.85606789101485]]}, "properties": {"name_a": "Winfield", "name_b": "Wheaton", "divide_score": 0.719, "catchment_overlap": 0.281, "racial_dissimilarity": 4.1, "income_gap": 23536}}, {"type": "Feature", "geometry": {"type": "LineString", "coordinates": [[-88.38357639197984, 42.395380413468494], [-88.34926046373322, 42.37946412770593]]}, "properties": {"name_a": "Greenwood", "name_b": "Wonder Lake", "divide_score": 0.0, "catchment_overlap": 1.0, "racial_dissimilarity": 9.3, "income_gap": 35921}}, {"type": "Feature", "geometry": {"type": "LineString", "coordinates": [[-88.30408420925302, 42.39728191830897], [-88.24738839666229, 42.382937114688254]]}, "properties": {"name_a": "Ringwood", "name_b": "Johnsburg", "divide_score": 1.0, "catchment_overlap": 0.0, "racial_dissimilarity": 5.3, "income_gap": 50673}}, {"type": "Feature", "geometry": {"type": "LineString", "coordinates": [[-88.30408420925302, 42.39728191830897], [-88.34926046373322, 42.37946412770593]]}, "properties": {"name_a": "Ringwood", "name_b": "Wonder Lake", "divide_score": 0.0, "catchment_overlap": 1.0, "racial_dissimilarity": 24.3, "income_gap": 54671}}, {"type": "Feature", "geometry": {"type": "LineString", "coordinates": [[-88.2451586923421, 41.238489487867774], [-88.24641398727412, 41.228011549900025]]}, "properties": {"name_a": "Godley", "name_b": "Braceville", "divide_score": 0.5, "catchment_overlap": 0.5, "racial_dissimilarity": 16.9, "income_gap": 15695}}, {"type": "Feature", "geometry": {"type": "LineString", "coordinates": [[-88.41659344017364, 41.94979870791085], [-88.46051282960306, 41.88518335183268]]}, "properties": {"name_a": "Campton Hills", "name_b": "Elburn", "divide_score": 0.5, "catchment_overlap": 0.5, "racial_dissimilarity": 3.3, "income_gap": 86221}}, {"type": "Feature", "geometry": {"type": "LineString", "coordinates": [[-88.41659344017364, 41.94979870791085], [-88.31101326092426, 41.9192446125975]]}, "properties": {"name_a": "Campton Hills", "name_b": "St. Charles", "divide_score": 0.958, "catchment_overlap": 0.042, "racial_dissimilarity": 10.5, "income_gap": 77377}}, {"type": "Feature", "geometry": {"type": "LineString", "coordinates": [[-88.41659344017364, 41.94979870791085], [-88.32399968136608, 42.038344605465376]]}, "properties": {"name_a": "Campton Hills", "name_b": "Elgin", "divide_score": 1.0, "catchment_overlap": 0.0, "racial_dissimilarity": 49.3, "income_gap": 104411}}, {"type": "Feature", "geometry": {"type": "LineString", "coordinates": [[-87.92655184705454, 42.10388205356038], [-87.98255437673278, 42.09555873832726]]}, "properties": {"name_a": "Prospect Heights", "name_b": "Arlington Heights", "divide_score": 0.855, "catchment_overlap": 0.145, "racial_dissimilarity": 24.0, "income_gap": 26933}}, {"type": "Feature", "geometry": {"type": "LineString", "coordinates": [[-87.92655184705454, 42.10388205356038], [-87.93754824419122, 42.0640846828142]]}, "properties": {"name_a": "Prospect Heights", "name_b": "Mount Prospect", "divide_score": 0.622, "catchment_overlap": 0.378, "racial_dissimilarity": 14.8, "income_gap": 12312}}, {"type": "Feature", "geometry": {"type": "LineString", "coordinates": [[-87.92655184705454, 42.10388205356038], [-87.92394494671679, 42.13076377064692]]}, "properties": {"name_a": "Prospect Heights", "name_b": "Wheeling", "divide_score": 0.675, "catchment_overlap": 0.325, "racial_dissimilarity": 6.4, "income_gap": 8348}}, {"type": "Feature", "geometry": {"type": "LineString", "coordinates": [[-87.92655184705454, 42.10388205356038], [-87.82146505099155, 42.082505091641934]]}, "properties": {"name_a": "Prospect Heights", "name_b": "Glenview", "divide_score": 0.838, "catchment_overlap": 0.162, "racial_dissimilarity": 20.6, "income_gap": 47159}}, {"type": "Feature", "geometry": {"type": "LineString", "coordinates": [[-87.98255437673278, 42.09555873832726], [-87.99215279965777, 42.00640864066623]]}, "properties": {"name_a": "Arlington Heights", "name_b": "Elk Grove Village", "divide_score": 0.864, "catchment_overlap": 0.136, "racial_dissimilarity": 5.3, "income_gap": 23316}}, {"type": "Feature", "geometry": {"type": "LineString", "coordinates": [[-87.98255437673278, 42.09555873832726], [-88.0251727723458, 42.074658859407876]]}, "properties": {"name_a": "Arlington Heights", "name_b": "Rolling Meadows", "divide_score": 0.582, "catchment_overlap": 0.418, "racial_dissimilarity": 20.5, "income_gap": 18108}}, {"type": "Feature", "geometry": {"type": "LineString", "coordinates": [[-87.98255437673278, 42.09555873832726], [-87.93754824419122, 42.0640846828142]]}, "properties": {"name_a": "Arlington Heights", "name_b": "Mount Prospect", "divide_score": 0.593, "catchment_overlap": 0.407, "racial_dissimilarity": 9.2, "income_gap": 14621}}, {"type": "Feature", "geometry": {"type": "LineString", "coordinates": [[-87.98255437673278, 42.09555873832726], [-87.92394494671679, 42.13076377064692]]}, "properties": {"name_a": "Arlington Heights", "name_b": "Wheeling", "divide_score": 0.862, "catchment_overlap": 0.138, "racial_dissimilarity": 25.2, "income_gap": 35281}}, {"type": "Feature", "geometry": {"type": "LineString", "coordinates": [[-87.98255437673278, 42.09555873832726], [-87.96160458164073, 42.16753398601984]]}, "properties": {"name_a": "Arlington Heights", "name_b": "Buffalo Grove", "divide_score": 0.87, "catchment_overlap": 0.13, "racial_dissimilarity": 10.0, "income_gap": 11288}}, {"type": "Feature", "geometry": {"type": "LineString", "coordinates": [[-88.20337966659275, 42.139854166904264], [-88.1579674472316, 42.088133531840285]]}, "properties": {"name_a": "Barrington Hills", "name_b": "South Barrington", "divide_score": 0.87, "catchment_overlap": 0.13, "racial_dissimilarity": 19.3, "income_gap": 24416}}, {"type": "Feature", "geometry": {"type": "LineString", "coordinates": [[-88.20337966659275, 42.139854166904264], [-88.2544717123838, 42.097240710855104]]}, "properties": {"name_a": "Barrington Hills", "name_b": "East Dundee", "divide_score": 0.955, "catchment_overlap": 0.045, "racial_dissimilarity": 19.4, "income_gap": 99565}}, {"type": "Feature", "geometry": {"type": "LineString", "coordinates": [[-88.20337966659275, 42.139854166904264], [-88.28975499058785, 42.122656572778624]]}, "properties": {"name_a": "Barrington Hills", "name_b": "Carpentersville", "divide_score": 0.783, "catchment_overlap": 0.217, "racial_dissimilarity": 57.1, "income_gap": 100340}}, {"type": "Feature", "geometry": {"type": "LineString", "coordinates": [[-88.20337966659275, 42.139854166904264], [-88.12820295365158, 42.15152317695412]]}, "properties": {"name_a": "Barrington Hills", "name_b": "Barrington", "divide_score": 0.625, "catchment_overlap": 0.375, "racial_dissimilarity": 4.0, "income_gap": 35953}}, {"type": "Feature", "geometry": {"type": "LineString", "coordinates": [[-88.20337966659275, 42.139854166904264], [-88.10190538479404, 42.11523393604826]]}, "properties": {"name_a": "Barrington Hills", "name_b": "Inverness", "divide_score": 0.913, "catchment_overlap": 0.087, "racial_dissimilarity": 6.9, "income_gap": 29143}}, {"type": "Feature", "geometry": {"type": "LineString", "coordinates": [[-88.20708006932418, 41.9803996546245], [-88.14459964274562, 41.98180538713967]]}, "properties": {"name_a": "Bartlett", "name_b": "Hanover Park", "divide_score": 0.5, "catchment_overlap": 0.5, "racial_dissimilarity": 28.9, "income_gap": 38216}}, {"type": "Feature", "geometry": {"type": "LineString", "coordinates": [[-88.20708006932418, 41.9803996546245], [-88.1778254885642, 42.02086605357946]]}, "properties": {"name_a": "Bartlett", "name_b": "Streamwood", "divide_score": 0.591, "catchment_overlap": 0.409, "racial_dissimilarity": 22.9, "income_gap": 29430}}, {"type": "Feature", "geometry": {"type": "LineString", "coordinates": [[-88.20708006932418, 41.9803996546245], [-88.313532937291, 41.99058017265578]]}, "properties": {"name_a": "Bartlett", "name_b": "South Elgin", "divide_score": 0.952, "catchment_overlap": 0.048, "racial_dissimilarity": 6.1, "income_gap": 6735}}, {"type": "Feature", "geometry": {"type": "LineString", "coordinates": [[-88.20708006932418, 41.9803996546245], [-88.32399968136608, 42.038344605465376]]}, "properties": {"name_a": "Bartlett", "name_b": "Elgin", "divide_score": 0.974, "catchment_overlap": 0.026, "racial_dissimilarity": 29.6, "income_gap": 42163}}, {"type": "Feature", "geometry": {"type": "LineString", "coordinates": [[-87.94421018544237, 41.95804316293349], [-87.94321005017201, 41.89733316732881]]}, "properties": {"name_a": "Bensenville", "name_b": "Elmhurst", "divide_score": 0.875, "catchment_overlap": 0.125, "racial_dissimilarity": 40.3, "income_gap": 67076}}, {"type": "Feature", "geometry": {"type": "LineString", "coordinates": [[-87.94421018544237, 41.95804316293349], [-87.98076671706842, 41.96676521109735]]}, "properties": {"name_a": "Bensenville", "name_b": "Wood Dale", "divide_score": 0.684, "catchment_overlap": 0.316, "racial_dissimilarity": 23.2, "income_gap": 12110}}, {"type": "Feature", "geometry": {"type": "LineString", "coordinates": [[-87.94421018544237, 41.95804316293349], [-87.99215279965777, 42.00640864066623]]}, "properties": {"name_a": "Bensenville", "name_b": "Elk Grove Village", "divide_score": 0.914, "catchment_overlap": 0.086, "racial_dissimilarity": 33.1, "income_gap": 16918}}, {"type": "Feature", "geometry": {"type": "LineString", "coordinates": [[-87.94421018544237, 41.95804316293349], [-87.68493237114761, 41.83697060484273]]}, "properties": {"name_a": "Bensenville", "name_b": "Chicago", "divide_score": 0.997, "catchment_overlap": 0.003, "racial_dissimilarity": 25.4, "income_gap": 3164}}, {"type": "Feature", "geometry": {"type": "LineString", "coordinates": [[-87.65770928270908, 41.66494232926426], [-87.63664113035497, 41.644051039000594]]}, "properties": {"name_a": "Calumet Park", "name_b": "Riverdale", "divide_score": 0.667, "catchment_overlap": 0.333, "racial_dissimilarity": 4.9, "income_gap": 11680}}, {"type": "Feature", "geometry": {"type": "LineString", "coordinates": [[-87.65770928270908, 41.66494232926426], [-87.68114654195584, 41.65778139112179]]}, "properties": {"name_a": "Calumet Park", "name_b": "Blue Island", "divide_score": 0.231, "catchment_overlap": 0.769, "racial_dissimilarity": 50.2, "income_gap": 3576}}, {"type": "Feature", "geometry": {"type": "LineString", "coordinates": [[-87.65770928270908, 41.66494232926426], [-87.68493237114761, 41.83697060484273]]}, "properties": {"name_a": "Calumet Park", "name_b": "Chicago", "divide_score": 0.986, "catchment_overlap": 0.014, "racial_dissimilarity": 53.5, "income_gap": 17745}}, {"type": "Feature", "geometry": {"type": "LineString", "coordinates": [[-87.63449564738073, 41.51001396439309], [-87.61769717129737, 41.4723125083966]]}, "properties": {"name_a": "Chicago Heights", "name_b": "Steger", "divide_score": 0.7, "catchment_overlap": 0.3, "racial_dissimilarity": 35.1, "income_gap": 2212}}, {"type": "Feature", "geometry": {"type": "LineString", "coordinates": [[-87.63449564738073, 41.51001396439309], [-87.68680082684676, 41.48174716792701]]}, "properties": {"name_a": "Chicago Heights", "name_b": "Park Forest", "divide_score": 0.6, "catchment_overlap": 0.4, "racial_dissimilarity": 30.1, "income_gap": 4826}}, {"type": "Feature", "geometry": {"type": "LineString", "coordinates": [[-87.63449564738073, 41.51001396439309], [-87.63695484783283, 41.48306703290834]]}, "properties": {"name_a": "Chicago Heights", "name_b": "South Chicago Heights", "divide_score": 0.588, "catchment_overlap": 0.412, "racial_dissimilarity": 8.9, "income_gap": 1229}}, {"type": "Feature", "geometry": {"type": "LineString", "coordinates": [[-87.63449564738073, 41.51001396439309], [-87.57061192659258, 41.49064593858568]]}, "properties": {"name_a": "Chicago Heights", "name_b": "Sauk Village", "divide_score": 0.842, "catchment_overlap": 0.158, "racial_dissimilarity": 24.9, "income_gap": 533}}, {"type": "Feature", "geometry": {"type": "LineString", "coordinates": [[-87.63449564738073, 41.51001396439309], [-87.69243160121084, 41.51702536580733]]}, "properties": {"name_a": "Chicago Heights", "name_b": "Olympia Fields", "divide_score": 0.667, "catchment_overlap": 0.333, "racial_dissimilarity": 38.5, "income_gap": 50177}}, {"type": "Feature", "geometry": {"type": "LineString", "coordinates": [[-88.0251727723458, 42.074658859407876], [-88.08378959194795, 42.030736632712795]]}, "properties": {"name_a": "Rolling Meadows", "name_b": "Schaumburg", "divide_score": 0.791, "catchment_overlap": 0.209, "racial_dissimilarity": 11.2, "income_gap": 5734}}, {"type": "Feature", "geometry": {"type": "LineString", "coordinates": [[-88.08378959194795, 42.030736632712795], [-88.14459964274562, 41.98180538713967]]}, "properties": {"name_a": "Schaumburg", "name_b": "Hanover Park", "divide_score": 0.821, "catchment_overlap": 0.179, "racial_dissimilarity": 27.5, "income_gap": 2427}}, {"type": "Feature", "geometry": {"type": "LineString", "coordinates": [[-88.08378959194795, 42.030736632712795], [-88.1778254885642, 42.02086605357946]]}, "properties": {"name_a": "Schaumburg", "name_b": "Streamwood", "divide_score": 0.736, "catchment_overlap": 0.264, "racial_dissimilarity": 22.9, "income_gap": 6359}}, {"type": "Feature", "geometry": {"type": "LineString", "coordinates": [[-88.08378959194795, 42.030736632712795], [-88.08610611481045, 41.980913149633444]]}, "properties": {"name_a": "Schaumburg", "name_b": "Roselle", "divide_score": 0.788, "catchment_overlap": 0.212, "racial_dissimilarity": 14.1, "income_gap": 14428}}, {"type": "Feature", "geometry": {"type": "LineString", "coordinates": [[-88.08378959194795, 42.030736632712795], [-87.99215279965777, 42.00640864066623]]}, "properties": {"name_a": "Schaumburg", "name_b": "Elk Grove Village", "divide_score": 0.781, "catchment_overlap": 0.219, "racial_dissimilarity": 9.4, "income_gap": 526}}, {"type": "Feature", "geometry": {"type": "LineString", "coordinates": [[-87.77301291178398, 41.81830037501656], [-87.81909417440687, 41.81185725817264]]}, "properties": {"name_a": "Stickney", "name_b": "Lyons", "divide_score": 0.778, "catchment_overlap": 0.222, "racial_dissimilarity": 16.6, "income_gap": 3098}}, {"type": "Feature", "geometry": {"type": "LineString", "coordinates": [[-87.77301291178398, 41.81830037501656], [-87.79092577767648, 41.84333272255728]]}, "properties": {"name_a": "Stickney", "name_b": "Berwyn", "divide_score": 0.78, "catchment_overlap": 0.22, "racial_dissimilarity": 9.7, "income_gap": 7928}}, {"type": "Feature", "geometry": {"type": "LineString", "coordinates": [[-87.77301291178398, 41.81830037501656], [-87.75928990540922, 41.84453728291717]]}, "properties": {"name_a": "Stickney", "name_b": "Cicero", "divide_score": 0.609, "catchment_overlap": 0.391, "racial_dissimilarity": 25.7, "income_gap": 1241}}, {"type": "Feature", "geometry": {"type": "LineString", "coordinates": [[-87.77301291178398, 41.81830037501656], [-87.68493237114761, 41.83697060484273]]}, "properties": {"name_a": "Stickney", "name_b": "Chicago", "divide_score": 0.983, "catchment_overlap": 0.017, "racial_dissimilarity": 32.0, "income_gap": 7827}}, {"type": "Feature", "geometry": {"type": "LineString", "coordinates": [[-87.8807010563706, 41.90323589703889], [-87.86364788553696, 41.90299469854953]]}, "properties": {"name_a": "Stone Park", "name_b": "Melrose Park", "divide_score": 0.694, "catchment_overlap": 0.306, "racial_dissimilarity": 14.8, "income_gap": 10425}}, {"type": "Feature", "geometry": {"type": "LineString", "coordinates": [[-87.8807010563706, 41.90323589703889], [-87.9054862982148, 41.91431582185733]]}, "properties": {"name_a": "Stone Park", "name_b": "Northlake", "divide_score": 0.696, "catchment_overlap": 0.304, "racial_dissimilarity": 29.2, "income_gap": 2399}}, {"type": "Feature", "geometry": {"type": "LineString", "coordinates": [[-88.1778254885642, 42.02086605357946], [-88.14459964274562, 41.98180538713967]]}, "properties": {"name_a": "Streamwood", "name_b": "Hanover Park", "divide_score": 0.542, "catchment_overlap": 0.458, "racial_dissimilarity": 6.2, "income_gap": 8786}}, {"type": "Feature", "geometry": {"type": "LineString", "coordinates": [[-87.85156115019032, 42.16539152642638], [-87.8694590398527, 42.19326006339775]]}, "properties": {"name_a": "Deerfield", "name_b": "Bannockburn", "divide_score": 0.643, "catchment_overlap": 0.357, "racial_dissimilarity": 14.5, "income_gap": 5920}}, {"type": "Feature", "geometry": {"type": "LineString", "coordinates": [[-88.08638401540122, 42.165454908721586], [-88.12820295365158, 42.15152317695412]]}, "properties": {"name_a": "Deer Park", "name_b": "Barrington", "divide_score": 0.783, "catchment_overlap": 0.217, "racial_dissimilarity": 1.6, "income_gap": 10036}}, {"type": "Feature", "geometry": {"type": "LineString", "coordinates": [[-88.08638401540122, 42.165454908721586], [-88.08696044821362, 42.19560219970201]]}, "properties": {"name_a": "Deer Park", "name_b": "Lake Zurich", "divide_score": 0.364, "catchment_overlap": 0.636, "racial_dissimilarity": 0.3, "income_gap": 20791}}, {"type": "Feature", "geometry": {"type": "LineString", "coordinates": [[-87.90085104741513, 42.03447759567281], [-87.99215279965777, 42.00640864066623]]}, "properties": {"name_a": "Des Plaines", "name_b": "Elk Grove Village", "divide_score": 0.918, "catchment_overlap": 0.082, "racial_dissimilarity": 11.2, "income_gap": 913}}, {"type": "Feature", "geometry": {"type": "LineString", "coordinates": [[-87.90085104741513, 42.03447759567281], [-87.68493237114761, 41.83697060484273]]}, "properties": {"name_a": "Des Plaines", "name_b": "Chicago", "divide_score": 0.987, "catchment_overlap": 0.013, "racial_dissimilarity": 27.2, "income_gap": 19169}}, {"type": "Feature", "geometry": {"type": "LineString", "coordinates": [[-87.90085104741513, 42.03447759567281], [-87.84361635064835, 42.012546510854385]]}, "properties": {"name_a": "Des Plaines", "name_b": "Park Ridge", "divide_score": 0.628, "catchment_overlap": 0.372, "racial_dissimilarity": 23.4, "income_gap": 43756}}, {"type": "Feature", "geometry": {"type": "LineString", "coordinates": [[-87.90085104741513, 42.03447759567281], [-87.87173941381278, 41.988977604571744]]}, "properties": {"name_a": "Des Plaines", "name_b": "Rosemont", "divide_score": 0.765, "catchment_overlap": 0.235, "racial_dissimilarity": 20.9, "income_gap": 25150}}, {"type": "Feature", "geometry": {"type": "LineString", "coordinates": [[-87.90085104741513, 42.03447759567281], [-87.93754824419122, 42.0640846828142]]}, "properties": {"name_a": "Des Plaines", "name_b": "Mount Prospect", "divide_score": 0.739, "catchment_overlap": 0.261, "racial_dissimilarity": 7.8, "income_gap": 9608}}, {"type": "Feature", "geometry": {"type": "LineString", "coordinates": [[-87.90085104741513, 42.03447759567281], [-87.82146505099155, 42.082505091641934]]}, "properties": {"name_a": "Des Plaines", "name_b": "Glenview", "divide_score": 0.844, "catchment_overlap": 0.156, "racial_dissimilarity": 14.8, "income_gap": 44455}}, {"type": "Feature", "geometry": {"type": "LineString", "coordinates": [[-88.2544717123838, 42.097240710855104], [-88.30651891287945, 42.09803048153278]]}, "properties": {"name_a": "East Dundee", "name_b": "West Dundee", "divide_score": 0.417, "catchment_overlap": 0.583, "racial_dissimilarity": 11.1, "income_gap": 17648}}, {"type": "Feature", "geometry": {"type": "LineString", "coordinates": [[-88.2544717123838, 42.097240710855104], [-88.28975499058785, 42.122656572778624]]}, "properties": {"name_a": "East Dundee", "name_b": "Carpentersville", "divide_score": 0.538, "catchment_overlap": 0.462, "racial_dissimilarity": 39.9, "income_gap": 775}}, {"type": "Feature", "geometry": {"type": "LineString", "coordinates": [[-87.99215279965777, 42.00640864066623], [-87.98076671706842, 41.96676521109735]]}, "properties": {"name_a": "Elk Grove Village", "name_b": "Wood Dale", "divide_score": 0.714, "catchment_overlap": 0.286, "racial_dissimilarity": 10.1, "income_gap": 4808}}, {"type": "Feature", "geometry": {"type": "LineString", "coordinates": [[-87.99215279965777, 42.00640864066623], [-88.08610611481045, 41.980913149633444]]}, "properties": {"name_a": "Elk Grove Village", "name_b": "Roselle", "divide_score": 0.806, "catchment_overlap": 0.194, "racial_dissimilarity": 8.1, "income_gap": 13902}}, {"type": "Feature", "geometry": {"type": "LineString", "coordinates": [[-87.99215279965777, 42.00640864066623], [-87.68493237114761, 41.83697060484273]]}, "properties": {"name_a": "Elk Grove Village", "name_b": "Chicago", "divide_score": 0.999, "catchment_overlap": 0.001, "racial_dissimilarity": 38.4, "income_gap": 20082}}, {"type": "Feature", "geometry": {"type": "LineString", "coordinates": [[-87.99215279965777, 42.00640864066623], [-87.93754824419122, 42.0640846828142]]}, "properties": {"name_a": "Elk Grove Village", "name_b": "Mount Prospect", "divide_score": 0.821, "catchment_overlap": 0.179, "racial_dissimilarity": 3.9, "income_gap": 8695}}, {"type": "Feature", "geometry": {"type": "LineString", "coordinates": [[-87.82146505099155, 42.082505091641934], [-87.7399938282355, 42.03597034989608]]}, "properties": {"name_a": "Glenview", "name_b": "Skokie", "divide_score": 0.94, "catchment_overlap": 0.06, "racial_dissimilarity": 15.4, "income_gap": 45208}}, {"type": "Feature", "geometry": {"type": "LineString", "coordinates": [[-87.82146505099155, 42.082505091641934], [-87.72820270095579, 42.07705967907389]]}, "properties": {"name_a": "Glenview", "name_b": "Wilmette", "divide_score": 0.833, "catchment_overlap": 0.167, "racial_dissimilarity": 7.2, "income_gap": 53542}}, {"type": "Feature", "geometry": {"type": "LineString", "coordinates": [[-87.82146505099155, 42.082505091641934], [-87.78901215137415, 42.0423209883898]]}, "properties": {"name_a": "Glenview", "name_b": "Morton Grove", "divide_score": 0.704, "catchment_overlap": 0.296, "racial_dissimilarity": 8.5, "income_gap": 32680}}, {"type": "Feature", "geometry": {"type": "LineString", "coordinates": [[-87.82146505099155, 42.082505091641934], [-87.78494059032776, 42.05854908736719]]}, "properties": {"name_a": "Glenview", "name_b": "Golf", "divide_score": 0.696, "catchment_overlap": 0.304, "racial_dissimilarity": 8.1, "income_gap": 99340}}, {"type": "Feature", "geometry": {"type": "LineString", "coordinates": [[-87.82146505099155, 42.082505091641934], [-87.77921217790995, 42.10259329609067]]}, "properties": {"name_a": "Glenview", "name_b": "Northfield", "divide_score": 0.742, "catchment_overlap": 0.258, "racial_dissimilarity": 11.8, "income_gap": 41734}}, {"type": "Feature", "geometry": {"type": "LineString", "coordinates": [[-87.78494059032776, 42.05854908736719], [-87.78901215137415, 42.0423209883898]]}, "properties": {"name_a": "Golf", "name_b": "Morton Grove", "divide_score": 0.704, "catchment_overlap": 0.296, "racial_dissimilarity": 15.1, "income_gap": 132020}}, {"type": "Feature", "geometry": {"type": "LineString", "coordinates": [[-88.14459964274562, 41.98180538713967], [-88.08947803985143, 41.949654754085564]]}, "properties": {"name_a": "Hanover Park", "name_b": "Bloomingdale", "divide_score": 0.821, "catchment_overlap": 0.179, "racial_dissimilarity": 34.6, "income_gap": 6628}}, {"type": "Feature", "geometry": {"type": "LineString", "coordinates": [[-88.14459964274562, 41.98180538713967], [-88.08610611481045, 41.980913149633444]]}, "properties": {"name_a": "Hanover Park", "name_b": "Roselle", "divide_score": 0.808, "catchment_overlap": 0.192, "racial_dissimilarity": 41.6, "income_gap": 16855}}, {"type": "Feature", "geometry": {"type": "LineString", "coordinates": [[-87.9273187235616, 41.80063244616487], [-87.91993353734208, 41.74849318502496]]}, "properties": {"name_a": "Hinsdale", "name_b": "Burr Ridge", "divide_score": 0.562, "catchment_overlap": 0.438, "racial_dissimilarity": 1.4, "income_gap": 95493}}, {"type": "Feature", "geometry": {"type": "LineString", "coordinates": [[-87.9273187235616, 41.80063244616487], [-87.89768783854949, 41.76897906998813]]}, "properties": {"name_a": "Hinsdale", "name_b": "Indian Head Park", "divide_score": 0.786, "catchment_overlap": 0.214, "racial_dissimilarity": 9.8, "income_gap": 142982}}, {"type": "Feature", "geometry": {"type": "LineString", "coordinates": [[-87.9273187235616, 41.80063244616487], [-87.97420902191577, 41.79478258271356]]}, "properties": {"name_a": "Hinsdale", "name_b": "Westmont", "divide_score": 0.696, "catchment_overlap": 0.304, "racial_dissimilarity": 12.2, "income_gap": 166379}}, {"type": "Feature", "geometry": {"type": "LineString", "coordinates": [[-87.9273187235616, 41.80063244616487], [-87.9568499125358, 41.798052751630514]]}, "properties": {"name_a": "Hinsdale", "name_b": "Clarendon Hills", "divide_score": 0.581, "catchment_overlap": 0.419, "racial_dissimilarity": 5.7, "income_gap": 124175}}, {"type": "Feature", "geometry": {"type": "LineString", "coordinates": [[-87.9273187235616, 41.80063244616487], [-87.90055593169187, 41.80227765396823]]}, "properties": {"name_a": "Hinsdale", "name_b": "Western Springs", "divide_score": 0.705, "catchment_overlap": 0.295, "racial_dissimilarity": 8.6, "income_gap": 31162}}, {"type": "Feature", "geometry": {"type": "LineString", "coordinates": [[-87.9273187235616, 41.80063244616487], [-87.95162353276879, 41.837314390286366]]}, "properties": {"name_a": "Hinsdale", "name_b": "Oak Brook", "divide_score": 0.674, "catchment_overlap": 0.326, "racial_dissimilarity": 6.7, "income_gap": 78878}}, {"type": "Feature", "geometry": {"type": "LineString", "coordinates": [[-87.90055593169187, 41.80227765396823], [-87.91993353734208, 41.74849318502496]]}, "properties": {"name_a": "Western Springs", "name_b": "Burr Ridge", "divide_score": 0.786, "catchment_overlap": 0.214, "racial_dissimilarity": 8.9, "income_gap": 64331}}, {"type": "Feature", "geometry": {"type": "LineString", "coordinates": [[-87.90055593169187, 41.80227765396823], [-87.89768783854949, 41.76897906998813]]}, "properties": {"name_a": "Western Springs", "name_b": "Indian Head Park", "divide_score": 0.853, "catchment_overlap": 0.147, "racial_dissimilarity": 6.3, "income_gap": 111820}}, {"type": "Feature", "geometry": {"type": "LineString", "coordinates": [[-87.90055593169187, 41.80227765396823], [-87.87414808184037, 41.80721336102451]]}, "properties": {"name_a": "Western Springs", "name_b": "La Grange", "divide_score": 0.457, "catchment_overlap": 0.543, "racial_dissimilarity": 10.3, "income_gap": 64283}}, {"type": "Feature", "geometry": {"type": "LineString", "coordinates": [[-87.90055593169187, 41.80227765396823], [-87.87227376509392, 41.83077800485331]]}, "properties": {"name_a": "Western Springs", "name_b": "La Grange Park", "divide_score": 0.615, "catchment_overlap": 0.385, "racial_dissimilarity": 11.7, "income_gap": 99724}}, {"type": "Feature", "geometry": {"type": "LineString", "coordinates": [[-87.72820270095579, 42.07705967907389], [-87.7399938282355, 42.03597034989608]]}, "properties": {"name_a": "Wilmette", "name_b": "Skokie", "divide_score": 0.767, "catchment_overlap": 0.233, "racial_dissimilarity": 22.6, "income_gap": 98750}}, {"type": "Feature", "geometry": {"type": "LineString", "coordinates": [[-87.72820270095579, 42.07705967907389], [-87.71449736832636, 42.08881772432657]]}, "properties": {"name_a": "Wilmette", "name_b": "Kenilworth", "divide_score": 0.655, "catchment_overlap": 0.345, "racial_dissimilarity": 3.1, "income_gap": 57701}}, {"type": "Feature", "geometry": {"type": "LineString", "coordinates": [[-87.72820270095579, 42.07705967907389], [-87.77921217790995, 42.10259329609067]]}, "properties": {"name_a": "Wilmette", "name_b": "Northfield", "divide_score": 0.739, "catchment_overlap": 0.261, "racial_dissimilarity": 4.6, "income_gap": 11808}}, {"type": "Feature", "geometry": {"type": "LineString", "coordinates": [[-87.74204673165278, 42.106460533892694], [-87.71449736832636, 42.08881772432657]]}, "properties": {"name_a": "Winnetka", "name_b": "Kenilworth", "divide_score": 0.483, "catchment_overlap": 0.517, "racial_dissimilarity": 4.7, "income_gap": 0}}, {"type": "Feature", "geometry": {"type": "LineString", "coordinates": [[-87.74204673165278, 42.106460533892694], [-87.77921217790995, 42.10259329609067]]}, "properties": {"name_a": "Winnetka", "name_b": "Northfield", "divide_score": 0.605, "catchment_overlap": 0.395, "racial_dissimilarity": 3.0, "income_gap": 69509}}, {"type": "Feature", "geometry": {"type": "LineString", "coordinates": [[-87.79164265956534, 41.687723216121846], [-87.73679033890176, 41.67007575363542]]}, "properties": {"name_a": "Worth", "name_b": "Alsip", "divide_score": 0.706, "catchment_overlap": 0.294, "racial_dissimilarity": 25.5, "income_gap": 10559}}, {"type": "Feature", "geometry": {"type": "LineString", "coordinates": [[-87.79164265956534, 41.687723216121846], [-87.79578944639489, 41.66373109602603]]}, "properties": {"name_a": "Worth", "name_b": "Palos Heights", "divide_score": 0.429, "catchment_overlap": 0.571, "racial_dissimilarity": 14.7, "income_gap": 50976}}, {"type": "Feature", "geometry": {"type": "LineString", "coordinates": [[-87.79164265956534, 41.687723216121846], [-87.82655583115542, 41.69863487120382]]}, "properties": {"name_a": "Worth", "name_b": "Palos Hills", "divide_score": 0.3, "catchment_overlap": 0.7, "racial_dissimilarity": 12.3, "income_gap": 26971}}, {"type": "Feature", "geometry": {"type": "LineString", "coordinates": [[-87.79164265956534, 41.687723216121846], [-87.7794672809494, 41.703414624426166]]}, "properties": {"name_a": "Worth", "name_b": "Chicago Ridge", "divide_score": 0.533, "catchment_overlap": 0.467, "racial_dissimilarity": 10.1, "income_gap": 12391}}, {"type": "Feature", "geometry": {"type": "LineString", "coordinates": [[-87.92394494671679, 42.13076377064692], [-87.96160458164073, 42.16753398601984]]}, "properties": {"name_a": "Wheeling", "name_b": "Buffalo Grove", "divide_score": 0.571, "catchment_overlap": 0.429, "racial_dissimilarity": 19.3, "income_gap": 46569}}, {"type": "Feature", "geometry": {"type": "LineString", "coordinates": [[-87.74678019724544, 41.509480382746865], [-87.68680082684676, 41.48174716792701]]}, "properties": {"name_a": "Matteson", "name_b": "Park Forest", "divide_score": 0.533, "catchment_overlap": 0.467, "racial_dissimilarity": 9.9, "income_gap": 36312}}, {"type": "Feature", "geometry": {"type": "LineString", "coordinates": [[-87.74678019724544, 41.509480382746865], [-87.73865536984478, 41.48163345921742]]}, "properties": {"name_a": "Matteson", "name_b": "Richton Park", "divide_score": 0.364, "catchment_overlap": 0.636, "racial_dissimilarity": 7.5, "income_gap": 26893}}, {"type": "Feature", "geometry": {"type": "LineString", "coordinates": [[-87.74678019724544, 41.509480382746865], [-87.80313582851177, 41.52193964923188]]}, "properties": {"name_a": "Matteson", "name_b": "Frankfort Square", "divide_score": 1.0, "catchment_overlap": 0.0, "racial_dissimilarity": 69.9, "income_gap": 28336}}, {"type": "Feature", "geometry": {"type": "LineString", "coordinates": [[-87.74678019724544, 41.509480382746865], [-87.69243160121084, 41.51702536580733]]}, "properties": {"name_a": "Matteson", "name_b": "Olympia Fields", "divide_score": 0.429, "catchment_overlap": 0.571, "racial_dissimilarity": 3.3, "income_gap": 9039}}, {"type": "Feature", "geometry": {"type": "LineString", "coordinates": [[-87.86193756997125, 41.60739724232531], [-87.88902121080952, 41.6679077525107]]}, "properties": {"name_a": "Orland Park", "name_b": "Palos Park", "divide_score": 0.833, "catchment_overlap": 0.167, "racial_dissimilarity": 6.9, "income_gap": 27284}}, {"type": "Feature", "geometry": {"type": "LineString", "coordinates": [[-87.86193756997125, 41.60739724232531], [-87.79578944639489, 41.66373109602603]]}, "properties": {"name_a": "Orland Park", "name_b": "Palos Heights", "divide_score": 0.941, "catchment_overlap": 0.059, "racial_dissimilarity": 4.0, "income_gap": 8995}}, {"type": "Feature", "geometry": {"type": "LineString", "coordinates": [[-87.68680082684676, 41.48174716792701], [-87.73865536984478, 41.48163345921742]]}, "properties": {"name_a": "Park Forest", "name_b": "Richton Park", "divide_score": 0.615, "catchment_overlap": 0.385, "racial_dissimilarity": 17.4, "income_gap": 9419}}, {"type": "Feature", "geometry": {"type": "LineString", "coordinates": [[-87.68680082684676, 41.48174716792701], [-87.69243160121084, 41.51702536580733]]}, "properties": {"name_a": "Park Forest", "name_b": "Olympia Fields", "divide_score": 0.625, "catchment_overlap": 0.375, "racial_dissimilarity": 8.5, "income_gap": 45351}}, {"type": "Feature", "geometry": {"type": "LineString", "coordinates": [[-87.89768783854949, 41.76897906998813], [-87.91993353734208, 41.74849318502496]]}, "properties": {"name_a": "Indian Head Park", "name_b": "Burr Ridge", "divide_score": 0.727, "catchment_overlap": 0.273, "racial_dissimilarity": 11.2, "income_gap": 47489}}, {"type": "Feature", "geometry": {"type": "LineString", "coordinates": [[-87.89768783854949, 41.76897906998813], [-87.87522403850974, 41.77420381048527]]}, "properties": {"name_a": "Indian Head Park", "name_b": "Countryside", "divide_score": 0.742, "catchment_overlap": 0.258, "racial_dissimilarity": 10.3, "income_gap": 28887}}, {"type": "Feature", "geometry": {"type": "LineString", "coordinates": [[-88.31097819553219, 41.847839739701044], [-88.3414795346758, 41.80859482808289]]}, "properties": {"name_a": "Batavia", "name_b": "North Aurora", "divide_score": 0.727, "catchment_overlap": 0.273, "racial_dissimilarity": 13.3, "income_gap": 7386}}, {"type": "Feature", "geometry": {"type": "LineString", "coordinates": [[-88.31097819553219, 41.847839739701044], [-88.22526364959235, 41.89598507313473]]}, "properties": {"name_a": "Batavia", "name_b": "West Chicago", "divide_score": 1.0, "catchment_overlap": 0.0, "racial_dissimilarity": 43.0, "income_gap": 18599}}, {"type": "Feature", "geometry": {"type": "LineString", "coordinates": [[-88.31097819553219, 41.847839739701044], [-88.32436243447127, 41.88324863273287]]}, "properties": {"name_a": "Batavia", "name_b": "Geneva", "divide_score": 0.533, "catchment_overlap": 0.467, "racial_dissimilarity": 1.3, "income_gap": 17454}}, {"type": "Feature", "geometry": {"type": "LineString", "coordinates": [[-88.31101326092426, 41.9192446125975], [-88.22526364959235, 41.89598507313473]]}, "properties": {"name_a": "St. Charles", "name_b": "West Chicago", "divide_score": 0.966, "catchment_overlap": 0.034, "racial_dissimilarity": 38.7, "income_gap": 14782}}, {"type": "Feature", "geometry": {"type": "LineString", "coordinates": [[-88.31101326092426, 41.9192446125975], [-88.32436243447127, 41.88324863273287]]}, "properties": {"name_a": "St. Charles", "name_b": "Geneva", "divide_score": 0.367, "catchment_overlap": 0.633, "racial_dissimilarity": 6.0, "income_gap": 21271}}, {"type": "Feature", "geometry": {"type": "LineString", "coordinates": [[-88.16589831473719, 41.74805801970225], [-88.08880644351387, 41.791820981469165]]}, "properties": {"name_a": "Naperville", "name_b": "Lisle", "divide_score": 0.725, "catchment_overlap": 0.275, "racial_dissimilarity": 3.5, "income_gap": 44764}}, {"type": "Feature", "geometry": {"type": "LineString", "coordinates": [[-88.00850983703307, 41.93133934894044], [-87.94321005017201, 41.89733316732881]]}, "properties": {"name_a": "Addison", "name_b": "Elmhurst", "divide_score": 0.732, "catchment_overlap": 0.268, "racial_dissimilarity": 34.8, "income_gap": 57787}}, {"type": "Feature", "geometry": {"type": "LineString", "coordinates": [[-88.00850983703307, 41.93133934894044], [-88.01569262325508, 41.874108103106316]]}, "properties": {"name_a": "Addison", "name_b": "Lombard", "divide_score": 0.952, "catchment_overlap": 0.048, "racial_dissimilarity": 28.1, "income_gap": 9666}}, {"type": "Feature", "geometry": {"type": "LineString", "coordinates": [[-88.00850983703307, 41.93133934894044], [-87.97798048155305, 41.8865033478462]]}, "properties": {"name_a": "Addison", "name_b": "Villa Park", "divide_score": 0.692, "catchment_overlap": 0.308, "racial_dissimilarity": 19.6, "income_gap": 7111}}, {"type": "Feature", "geometry": {"type": "LineString", "coordinates": [[-88.00850983703307, 41.93133934894044], [-88.07851045403818, 41.91947523409696]]}, "properties": {"name_a": "Addison", "name_b": "Glendale Heights", "divide_score": 0.838, "catchment_overlap": 0.162, "racial_dissimilarity": 17.1, "income_gap": 5355}}, {"type": "Feature", "geometry": {"type": "LineString", "coordinates": [[-88.00850983703307, 41.93133934894044], [-88.08947803985143, 41.949654754085564]]}, "properties": {"name_a": "Addison", "name_b": "Bloomingdale", "divide_score": 0.758, "catchment_overlap": 0.242, "racial_dissimilarity": 29.4, "income_gap": 11304}}, {"type": "Feature", "geometry": {"type": "LineString", "coordinates": [[-88.00850983703307, 41.93133934894044], [-87.98076671706842, 41.96676521109735]]}, "properties": {"name_a": "Addison", "name_b": "Wood Dale", "divide_score": 0.758, "catchment_overlap": 0.242, "racial_dissimilarity": 17.8, "income_gap": 2821}}, {"type": "Feature", "geometry": {"type": "LineString", "coordinates": [[-87.9568499125358, 41.798052751630514], [-87.97420902191577, 41.79478258271356]]}, "properties": {"name_a": "Clarendon Hills", "name_b": "Westmont", "divide_score": 0.471, "catchment_overlap": 0.529, "racial_dissimilarity": 17.9, "income_gap": 42204}}, {"type": "Feature", "geometry": {"type": "LineString", "coordinates": [[-88.07851045403818, 41.91947523409696], [-88.08947803985143, 41.949654754085564]]}, "properties": {"name_a": "Glendale Heights", "name_b": "Bloomingdale", "divide_score": 0.583, "catchment_overlap": 0.417, "racial_dissimilarity": 33.4, "income_gap": 16659}}, {"type": "Feature", "geometry": {"type": "LineString", "coordinates": [[-88.0629042191033, 41.86668609921435], [-88.10851997173285, 41.85606789101485]]}, "properties": {"name_a": "Glen Ellyn", "name_b": "Wheaton", "divide_score": 0.417, "catchment_overlap": 0.583, "racial_dissimilarity": 1.8, "income_gap": 13780}}, {"type": "Feature", "geometry": {"type": "LineString", "coordinates": [[-88.0629042191033, 41.86668609921435], [-88.01569262325508, 41.874108103106316]]}, "properties": {"name_a": "Glen Ellyn", "name_b": "Lombard", "divide_score": 0.657, "catchment_overlap": 0.343, "racial_dissimilarity": 8.7, "income_gap": 36093}}, {"type": "Feature", "geometry": {"type": "LineString", "coordinates": [[-88.08880644351387, 41.791820981469165], [-88.10851997173285, 41.85606789101485]]}, "properties": {"name_a": "Lisle", "name_b": "Wheaton", "divide_score": 0.875, "catchment_overlap": 0.125, "racial_dissimilarity": 5.2, "income_gap": 13393}}, {"type": "Feature", "geometry": {"type": "LineString", "coordinates": [[-87.97798048155305, 41.8865033478462], [-87.94321005017201, 41.89733316732881]]}, "properties": {"name_a": "Villa Park", "name_b": "Elmhurst", "divide_score": 0.441, "catchment_overlap": 0.559, "racial_dissimilarity": 16.3, "income_gap": 50676}}, {"type": "Feature", "geometry": {"type": "LineString", "coordinates": [[-87.97798048155305, 41.8865033478462], [-88.01569262325508, 41.874108103106316]]}, "properties": {"name_a": "Villa Park", "name_b": "Lombard", "divide_score": 0.714, "catchment_overlap": 0.286, "racial_dissimilarity": 8.5, "income_gap": 2555}}, {"type": "Feature", "geometry": {"type": "LineString", "coordinates": [[-88.22526364959235, 41.89598507313473], [-88.32436243447127, 41.88324863273287]]}, "properties": {"name_a": "West Chicago", "name_b": "Geneva", "divide_score": 1.0, "catchment_overlap": 0.0, "racial_dissimilarity": 44.0, "income_gap": 36053}}, {"type": "Feature", "geometry": {"type": "LineString", "coordinates": [[-87.97420902191577, 41.79478258271356], [-87.95162353276879, 41.837314390286366]]}, "properties": {"name_a": "Westmont", "name_b": "Oak Brook", "divide_score": 0.673, "catchment_overlap": 0.327, "racial_dissimilarity": 7.5, "income_gap": 87501}}, {"type": "Feature", "geometry": {"type": "LineString", "coordinates": [[-88.43584405945606, 42.08553851144483], [-88.32399968136608, 42.038344605465376]]}, "properties": {"name_a": "Pingree Grove", "name_b": "Elgin", "divide_score": 0.963, "catchment_overlap": 0.037, "racial_dissimilarity": 29.4, "income_gap": 31564}}, {"type": "Feature", "geometry": {"type": "LineString", "coordinates": [[-88.43584405945606, 42.08553851144483], [-88.51176450464733, 42.112479084783466]]}, "properties": {"name_a": "Pingree Grove", "name_b": "Hampshire", "divide_score": 0.667, "catchment_overlap": 0.333, "racial_dissimilarity": 17.9, "income_gap": 12106}}, {"type": "Feature", "geometry": {"type": "LineString", "coordinates": [[-88.31372544666831, 42.091245112181745], [-88.32399968136608, 42.038344605465376]]}, "properties": {"name_a": "Sleepy Hollow", "name_b": "Elgin", "divide_score": 0.806, "catchment_overlap": 0.194, "racial_dissimilarity": 31.4, "income_gap": 59091}}, {"type": "Feature", "geometry": {"type": "LineString", "coordinates": [[-88.31372544666831, 42.091245112181745], [-88.30651891287945, 42.09803048153278]]}, "properties": {"name_a": "Sleepy Hollow", "name_b": "West Dundee", "divide_score": 0.167, "catchment_overlap": 0.833, "racial_dissimilarity": 11.4, "income_gap": 42657}}, {"type": "Feature", "geometry": {"type": "LineString", "coordinates": [[-88.30651891287945, 42.09803048153278], [-88.32399968136608, 42.038344605465376]]}, "properties": {"name_a": "West Dundee", "name_b": "Elgin", "divide_score": 0.781, "catchment_overlap": 0.219, "racial_dissimilarity": 42.9, "income_gap": 16434}}, {"type": "Feature", "geometry": {"type": "LineString", "coordinates": [[-88.30651891287945, 42.09803048153278], [-88.28975499058785, 42.122656572778624]]}, "properties": {"name_a": "West Dundee", "name_b": "Carpentersville", "divide_score": 0.5, "catchment_overlap": 0.5, "racial_dissimilarity": 48.8, "income_gap": 18423}}, {"type": "Feature", "geometry": {"type": "LineString", "coordinates": [[-88.08947803985143, 41.949654754085564], [-88.08610611481045, 41.980913149633444]]}, "properties": {"name_a": "Bloomingdale", "name_b": "Roselle", "divide_score": 0.75, "catchment_overlap": 0.25, "racial_dissimilarity": 7.0, "income_gap": 10227}}, {"type": "Feature", "geometry": {"type": "LineString", "coordinates": [[-88.01569262325508, 41.874108103106316], [-87.95162353276879, 41.837314390286366]]}, "properties": {"name_a": "Lombard", "name_b": "Oak Brook", "divide_score": 0.864, "catchment_overlap": 0.136, "racial_dissimilarity": 8.4, "income_gap": 73870}}, {"type": "Feature", "geometry": {"type": "LineString", "coordinates": [[-87.65027276662566, 41.57579858532358], [-87.61869552063584, 41.57106215085735]]}, "properties": {"name_a": "East Hazel Crest", "name_b": "Thornton", "divide_score": 0.556, "catchment_overlap": 0.444, "racial_dissimilarity": 24.1, "income_gap": 4111}}, {"type": "Feature", "geometry": {"type": "LineString", "coordinates": [[-87.65027276662566, 41.57579858532358], [-87.60222368001384, 41.59765769879601]]}, "properties": {"name_a": "East Hazel Crest", "name_b": "South Holland", "divide_score": 0.864, "catchment_overlap": 0.136, "racial_dissimilarity": 17.7, "income_gap": 30378}}, {"type": "Feature", "geometry": {"type": "LineString", "coordinates": [[-88.51176450464733, 42.112479084783466], [-88.43299497447947, 42.15989821829904]]}, "properties": {"name_a": "Hampshire", "name_b": "Huntley", "divide_score": 1.0, "catchment_overlap": 0.0, "racial_dissimilarity": 3.2, "income_gap": 21425}}, {"type": "Feature", "geometry": {"type": "LineString", "coordinates": [[-88.313532937291, 41.99058017265578], [-88.32399968136608, 42.038344605465376]]}, "properties": {"name_a": "South Elgin", "name_b": "Elgin", "divide_score": 0.667, "catchment_overlap": 0.333, "racial_dissimilarity": 24.3, "income_gap": 35428}}, {"type": "Feature", "geometry": {"type": "LineString", "coordinates": [[-88.44811775827982, 41.775885977970724], [-88.42246727803348, 41.78469947084739]]}, "properties": {"name_a": "Sugar Grove", "name_b": "Prestbury", "divide_score": 0.667, "catchment_overlap": 0.333, "racial_dissimilarity": 1.5, "income_gap": 44120}}, {"type": "Feature", "geometry": {"type": "LineString", "coordinates": [[-88.10190538479404, 42.11523393604826], [-88.1579674472316, 42.088133531840285]]}, "properties": {"name_a": "Inverness", "name_b": "South Barrington", "divide_score": 0.812, "catchment_overlap": 0.188, "racial_dissimilarity": 12.5, "income_gap": 4727}}, {"type": "Feature", "geometry": {"type": "LineString", "coordinates": [[-88.10190538479404, 42.11523393604826], [-88.12820295365158, 42.15152317695412]]}, "properties": {"name_a": "Inverness", "name_b": "Barrington", "divide_score": 0.846, "catchment_overlap": 0.154, "racial_dissimilarity": 4.7, "income_gap": 65096}}, {"type": "Feature", "geometry": {"type": "LineString", "coordinates": [[-87.83451454664228, 41.749474770823234], [-87.80664402998715, 41.7402806047947]]}, "properties": {"name_a": "Justice", "name_b": "Bridgeview", "divide_score": 0.607, "catchment_overlap": 0.393, "racial_dissimilarity": 19.4, "income_gap": 6639}}, {"type": "Feature", "geometry": {"type": "LineString", "coordinates": [[-87.83451454664228, 41.749474770823234], [-87.79153506357754, 41.766946634334666]]}, "properties": {"name_a": "Justice", "name_b": "Bedford Park", "divide_score": 0.675, "catchment_overlap": 0.325, "racial_dissimilarity": 23.8, "income_gap": 52736}}, {"type": "Feature", "geometry": {"type": "LineString", "coordinates": [[-87.87414808184037, 41.80721336102451], [-87.87522403850974, 41.77420381048527]]}, "properties": {"name_a": "La Grange", "name_b": "Countryside", "divide_score": 0.58, "catchment_overlap": 0.42, "racial_dissimilarity": 8.0, "income_gap": 76424}}, {"type": "Feature", "geometry": {"type": "LineString", "coordinates": [[-87.87414808184037, 41.80721336102451], [-87.87227376509392, 41.83077800485331]]}, "properties": {"name_a": "La Grange", "name_b": "La Grange Park", "divide_score": 0.347, "catchment_overlap": 0.653, "racial_dissimilarity": 3.1, "income_gap": 35441}}, {"type": "Feature", "geometry": {"type": "LineString", "coordinates": [[-87.87414808184037, 41.80721336102451], [-87.84113932360387, 41.79590825159134]]}, "properties": {"name_a": "La Grange", "name_b": "McCook", "divide_score": 0.462, "catchment_overlap": 0.538, "racial_dissimilarity": 37.0, "income_gap": 80092}}, {"type": "Feature", "geometry": {"type": "LineString", "coordinates": [[-87.87414808184037, 41.80721336102451], [-87.8470023591619, 41.824528530581894]]}, "properties": {"name_a": "La Grange", "name_b": "Brookfield", "divide_score": 0.36, "catchment_overlap": 0.64, "racial_dissimilarity": 8.6, "income_gap": 46127}}, {"type": "Feature", "geometry": {"type": "LineString", "coordinates": [[-87.87227376509392, 41.83077800485331], [-87.8470023591619, 41.824528530581894]]}, "properties": {"name_a": "La Grange Park", "name_b": "Brookfield", "divide_score": 0.373, "catchment_overlap": 0.627, "racial_dissimilarity": 7.3, "income_gap": 10686}}, {"type": "Feature", "geometry": {"type": "LineString", "coordinates": [[-87.87227376509392, 41.83077800485331], [-87.89061942887881, 41.84919591707584]]}, "properties": {"name_a": "La Grange Park", "name_b": "Westchester", "divide_score": 0.52, "catchment_overlap": 0.48, "racial_dissimilarity": 23.2, "income_gap": 15554}}, {"type": "Feature", "geometry": {"type": "LineString", "coordinates": [[-87.87227376509392, 41.83077800485331], [-87.85619170116742, 41.858367208045166]]}, "properties": {"name_a": "La Grange Park", "name_b": "Broadview", "divide_score": 0.736, "catchment_overlap": 0.264, "racial_dissimilarity": 66.4, "income_gap": 58976}}, {"type": "Feature", "geometry": {"type": "LineString", "coordinates": [[-87.73295942603514, 42.00542992796645], [-87.68493237114761, 41.83697060484273]]}, "properties": {"name_a": "Lincolnwood", "name_b": "Chicago", "divide_score": 0.963, "catchment_overlap": 0.037, "racial_dissimilarity": 37.8, "income_gap": 32816}}, {"type": "Feature", "geometry": {"type": "LineString", "coordinates": [[-87.73295942603514, 42.00542992796645], [-87.7399938282355, 42.03597034989608]]}, "properties": {"name_a": "Lincolnwood", "name_b": "Skokie", "divide_score": 0.636, "catchment_overlap": 0.364, "racial_dissimilarity": 11.2, "income_gap": 14400}}, {"type": "Feature", "geometry": {"type": "LineString", "coordinates": [[-87.57061192659258, 41.49064593858568], [-87.61769717129737, 41.4723125083966]]}, "properties": {"name_a": "Sauk Village", "name_b": "Steger", "divide_score": 0.444, "catchment_overlap": 0.556, "racial_dissimilarity": 45.0, "income_gap": 2745}}, {"type": "Feature", "geometry": {"type": "LineString", "coordinates": [[-87.57061192659258, 41.49064593858568], [-87.55107025115827, 41.523512260462645]]}, "properties": {"name_a": "Sauk Village", "name_b": "Lynwood", "divide_score": 0.7, "catchment_overlap": 0.3, "racial_dissimilarity": 5.9, "income_gap": 19673}}, {"type": "Feature", "geometry": {"type": "LineString", "coordinates": [[-87.61769717129737, 41.4723125083966], [-87.63695484783283, 41.48306703290834]]}, "properties": {"name_a": "Steger", "name_b": "South Chicago Heights", "divide_score": 0.769, "catchment_overlap": 0.231, "racial_dissimilarity": 26.2, "income_gap": 3441}}, {"type": "Feature", "geometry": {"type": "LineString", "coordinates": [[-87.73679033890176, 41.67007575363542], [-87.73969840533611, 41.64538695124805]]}, "properties": {"name_a": "Alsip", "name_b": "Crestwood", "divide_score": 0.704, "catchment_overlap": 0.296, "racial_dissimilarity": 23.7, "income_gap": 1129}}, {"type": "Feature", "geometry": {"type": "LineString", "coordinates": [[-87.73679033890176, 41.67007575363542], [-87.68114654195584, 41.65778139112179]]}, "properties": {"name_a": "Alsip", "name_b": "Blue Island", "divide_score": 0.81, "catchment_overlap": 0.19, "racial_dissimilarity": 26.7, "income_gap": 6592}}, {"type": "Feature", "geometry": {"type": "LineString", "coordinates": [[-87.73679033890176, 41.67007575363542], [-87.79578944639489, 41.66373109602603]]}, "properties": {"name_a": "Alsip", "name_b": "Palos Heights", "divide_score": 0.7, "catchment_overlap": 0.3, "racial_dissimilarity": 40.1, "income_gap": 40417}}, {"type": "Feature", "geometry": {"type": "LineString", "coordinates": [[-87.73679033890176, 41.67007575363542], [-87.75277691180487, 41.71388549768124]]}, "properties": {"name_a": "Alsip", "name_b": "Oak Lawn", "divide_score": 0.776, "catchment_overlap": 0.224, "racial_dissimilarity": 19.5, "income_gap": 14936}}, {"type": "Feature", "geometry": {"type": "LineString", "coordinates": [[-87.73679033890176, 41.67007575363542], [-87.68493237114761, 41.83697060484273]]}, "properties": {"name_a": "Alsip", "name_b": "Chicago", "divide_score": 0.991, "catchment_overlap": 0.009, "racial_dissimilarity": 9.8, "income_gap": 7577}}, {"type": "Feature", "geometry": {"type": "LineString", "coordinates": [[-87.79153506357754, 41.766946634334666], [-87.80664402998715, 41.7402806047947]]}, "properties": {"name_a": "Bedford Park", "name_b": "Bridgeview", "divide_score": 0.72, "catchment_overlap": 0.28, "racial_dissimilarity": 11.5, "income_gap": 46097}}, {"type": "Feature", "geometry": {"type": "LineString", "coordinates": [[-87.79153506357754, 41.766946634334666], [-87.76850478137439, 41.74442036487854]]}, "properties": {"name_a": "Bedford Park", "name_b": "Burbank", "divide_score": 0.735, "catchment_overlap": 0.265, "racial_dissimilarity": 8.2, "income_gap": 27275}}, {"type": "Feature", "geometry": {"type": "LineString", "coordinates": [[-87.79153506357754, 41.766946634334666], [-87.81457485144928, 41.78765859348765]]}, "properties": {"name_a": "Bedford Park", "name_b": "Summit", "divide_score": 0.721, "catchment_overlap": 0.279, "racial_dissimilarity": 36.3, "income_gap": 50833}}, {"type": "Feature", "geometry": {"type": "LineString", "coordinates": [[-87.79153506357754, 41.766946634334666], [-87.84113932360387, 41.79590825159134]]}, "properties": {"name_a": "Bedford Park", "name_b": "McCook", "divide_score": 0.855, "catchment_overlap": 0.145, "racial_dissimilarity": 8.1, "income_gap": 36786}}, {"type": "Feature", "geometry": {"type": "LineString", "coordinates": [[-87.79153506357754, 41.766946634334666], [-87.68493237114761, 41.83697060484273]]}, "properties": {"name_a": "Bedford Park", "name_b": "Chicago", "divide_score": 0.982, "catchment_overlap": 0.018, "racial_dissimilarity": 25.6, "income_gap": 36116}}, {"type": "Feature", "geometry": {"type": "LineString", "coordinates": [[-87.87616991148637, 41.882901030473484], [-87.89061942887881, 41.84919591707584]]}, "properties": {"name_a": "Bellwood", "name_b": "Westchester", "divide_score": 0.723, "catchment_overlap": 0.277, "racial_dissimilarity": 51.1, "income_gap": 26571}}, {"type": "Feature", "geometry": {"type": "LineString", "coordinates": [[-87.87616991148637, 41.882901030473484], [-87.85619170116742, 41.858367208045166]]}, "properties": {"name_a": "Bellwood", "name_b": "Broadview", "divide_score": 0.486, "catchment_overlap": 0.514, "racial_dissimilarity": 8.0, "income_gap": 16851}}, {"type": "Feature", "geometry": {"type": "LineString", "coordinates": [[-87.87616991148637, 41.882901030473484], [-87.91147122862156, 41.88911620807922]]}, "properties": {"name_a": "Bellwood", "name_b": "Berkeley", "divide_score": 0.778, "catchment_overlap": 0.222, "racial_dissimilarity": 43.8, "income_gap": 6234}}, {"type": "Feature", "geometry": {"type": "LineString", "coordinates": [[-87.87616991148637, 41.882901030473484], [-87.86364788553696, 41.90299469854953]]}, "properties": {"name_a": "Bellwood", "name_b": "Melrose Park", "divide_score": 0.6, "catchment_overlap": 0.4, "racial_dissimilarity": 67.0, "income_gap": 12250}}, {"type": "Feature", "geometry": {"type": "LineString", "coordinates": [[-87.87616991148637, 41.882901030473484], [-87.84418376346724, 41.87977674207706]]}, "properties": {"name_a": "Bellwood", "name_b": "Maywood", "divide_score": 0.578, "catchment_overlap": 0.422, "racial_dissimilarity": 12.3, "income_gap": 10492}}, {"type": "Feature", "geometry": {"type": "LineString", "coordinates": [[-87.88902121080952, 41.6679077525107], [-87.79578944639489, 41.66373109602603]]}, "properties": {"name_a": "Palos Park", "name_b": "Palos Heights", "divide_score": 0.579, "catchment_overlap": 0.421, "racial_dissimilarity": 4.0, "income_gap": 18289}}, {"type": "Feature", "geometry": {"type": "LineString", "coordinates": [[-87.88902121080952, 41.6679077525107], [-87.82655583115542, 41.69863487120382]]}, "properties": {"name_a": "Palos Park", "name_b": "Palos Hills", "divide_score": 0.6, "catchment_overlap": 0.4, "racial_dissimilarity": 7.2, "income_gap": 42294}}, {"type": "Feature", "geometry": {"type": "LineString", "coordinates": [[-87.84361635064835, 42.012546510854385], [-87.68493237114761, 41.83697060484273]]}, "properties": {"name_a": "Park Ridge", "name_b": "Chicago", "divide_score": 0.972, "catchment_overlap": 0.028, "racial_dissimilarity": 50.6, "income_gap": 62925}}, {"type": "Feature", "geometry": {"type": "LineString", "coordinates": [[-87.84361635064835, 42.012546510854385], [-87.87173941381278, 41.988977604571744]]}, "properties": {"name_a": "Park Ridge", "name_b": "Rosemont", "divide_score": 0.803, "catchment_overlap": 0.197, "racial_dissimilarity": 42.9, "income_gap": 68906}}, {"type": "Feature", "geometry": {"type": "LineString", "coordinates": [[-87.63085197575111, 41.611781396191496], [-87.60222368001384, 41.59765769879601]]}, "properties": {"name_a": "Phoenix", "name_b": "South Holland", "divide_score": 0.632, "catchment_overlap": 0.368, "racial_dissimilarity": 11.2, "income_gap": 61675}}, {"type": "Feature", "geometry": {"type": "LineString", "coordinates": [[-87.68584243795867, 41.62906685854057], [-87.69045499503827, 41.600036036292515]]}, "properties": {"name_a": "Posen", "name_b": "Markham", "divide_score": 0.786, "catchment_overlap": 0.214, "racial_dissimilarity": 52.2, "income_gap": 19630}}, {"type": "Feature", "geometry": {"type": "LineString", "coordinates": [[-87.68584243795867, 41.62906685854057], [-87.72423288985023, 41.62542817146333]]}, "properties": {"name_a": "Posen", "name_b": "Midlothian", "divide_score": 0.769, "catchment_overlap": 0.231, "racial_dissimilarity": 33.8, "income_gap": 4122}}, {"type": "Feature", "geometry": {"type": "LineString", "coordinates": [[-87.68584243795867, 41.62906685854057], [-87.66723265622534, 41.63295046200766]]}, "properties": {"name_a": "Posen", "name_b": "Dixmoor", "divide_score": 0.667, "catchment_overlap": 0.333, "racial_dissimilarity": 19.0, "income_gap": 32133}}, {"type": "Feature", "geometry": {"type": "LineString", "coordinates": [[-87.68584243795867, 41.62906685854057], [-87.68114654195584, 41.65778139112179]]}, "properties": {"name_a": "Posen", "name_b": "Blue Island", "divide_score": 0.769, "catchment_overlap": 0.231, "racial_dissimilarity": 17.9, "income_gap": 11029}}, {"type": "Feature", "geometry": {"type": "LineString", "coordinates": [[-87.63664113035497, 41.644051039000594], [-87.5978706771097, 41.62836033368131]]}, "properties": {"name_a": "Riverdale", "name_b": "Dolton", "divide_score": 0.708, "catchment_overlap": 0.292, "racial_dissimilarity": 5.0, "income_gap": 12997}}, {"type": "Feature", "geometry": {"type": "LineString", "coordinates": [[-87.63664113035497, 41.644051039000594], [-87.66723265622534, 41.63295046200766]]}, "properties": {"name_a": "Riverdale", "name_b": "Dixmoor", "divide_score": 0.4, "catchment_overlap": 0.6, "racial_dissimilarity": 50.8, "income_gap": 5848}}, {"type": "Feature", "geometry": {"type": "LineString", "coordinates": [[-87.63664113035497, 41.644051039000594], [-87.68114654195584, 41.65778139112179]]}, "properties": {"name_a": "Riverdale", "name_b": "Blue Island", "divide_score": 0.71, "catchment_overlap": 0.29, "racial_dissimilarity": 52.6, "income_gap": 15256}}, {"type": "Feature", "geometry": {"type": "LineString", "coordinates": [[-87.63664113035497, 41.644051039000594], [-87.68493237114761, 41.83697060484273]]}, "properties": {"name_a": "Riverdale", "name_b": "Chicago", "divide_score": 0.991, "catchment_overlap": 0.009, "racial_dissimilarity": 56.0, "income_gap": 29425}}, {"type": "Feature", "geometry": {"type": "LineString", "coordinates": [[-87.91966126219249, 42.244494633024885], [-87.96072639499364, 42.2340101877544]]}, "properties": {"name_a": "Mettawa", "name_b": "Vernon Hills", "divide_score": 0.531, "catchment_overlap": 0.469, "racial_dissimilarity": 18.7, "income_gap": 54449}}, {"type": "Feature", "geometry": {"type": "LineString", "coordinates": [[-87.96072639499364, 42.2340101877544], [-87.96160458164073, 42.16753398601984]]}, "properties": {"name_a": "Vernon Hills", "name_b": "Buffalo Grove", "divide_score": 0.796, "catchment_overlap": 0.204, "racial_dissimilarity": 4.6, "income_gap": 9195}}, {"type": "Feature", "geometry": {"type": "LineString", "coordinates": [[-88.03382299630691, 42.34042134984459], [-87.9828939686287, 42.35191544432221]]}, "properties": {"name_a": "Grayslake", "name_b": "Gages Lake", "divide_score": 0.81, "catchment_overlap": 0.19, "racial_dissimilarity": 1.6, "income_gap": 8583}}, {"type": "Feature", "geometry": {"type": "LineString", "coordinates": [[-88.03382299630691, 42.34042134984459], [-88.04670876577566, 42.40119308742947]]}, "properties": {"name_a": "Grayslake", "name_b": "Venetian Village", "divide_score": 0.696, "catchment_overlap": 0.304, "racial_dissimilarity": 11.0, "income_gap": 21911}}, {"type": "Feature", "geometry": {"type": "LineString", "coordinates": [[-88.10591715373366, 42.34350936134787], [-88.12755898663211, 42.37585770879575]]}, "properties": {"name_a": "Round Lake", "name_b": "Long Lake", "divide_score": 0.429, "catchment_overlap": 0.571, "racial_dissimilarity": 8.3, "income_gap": 8141}}, {"type": "Feature", "geometry": {"type": "LineString", "coordinates": [[-88.62111613963343, 42.42963364574598], [-88.64170980399324, 42.44329996693127]]}, "properties": {"name_a": "Harvard", "name_b": "Lawrence", "divide_score": 0.857, "catchment_overlap": 0.143, "racial_dissimilarity": 52.1, "income_gap": 22787}}, {"type": "Feature", "geometry": {"type": "LineString", "coordinates": [[-88.24738839666229, 42.382937114688254], [-88.21144455920465, 42.40230294277312]]}, "properties": {"name_a": "Johnsburg", "name_b": "Pistakee Highlands", "divide_score": 0.75, "catchment_overlap": 0.25, "racial_dissimilarity": 1.2, "income_gap": 14523}}, {"type": "Feature", "geometry": {"type": "LineString", "coordinates": [[-88.24738839666229, 42.382937114688254], [-88.29316912845357, 42.338751549233486]]}, "properties": {"name_a": "Johnsburg", "name_b": "McHenry", "divide_score": 0.455, "catchment_overlap": 0.545, "racial_dissimilarity": 9.7, "income_gap": 19962}}, {"type": "Feature", "geometry": {"type": "LineString", "coordinates": [[-88.24738839666229, 42.382937114688254], [-88.34926046373322, 42.37946412770593]]}, "properties": {"name_a": "Johnsburg", "name_b": "Wonder Lake", "divide_score": 1.0, "catchment_overlap": 0.0, "racial_dissimilarity": 19.0, "income_gap": 3998}}, {"type": "Feature", "geometry": {"type": "LineString", "coordinates": [[-88.24738839666229, 42.382937114688254], [-88.23996794930852, 42.45434563260888]]}, "properties": {"name_a": "Johnsburg", "name_b": "Spring Grove", "divide_score": 1.0, "catchment_overlap": 0.0, "racial_dissimilarity": 3.8, "income_gap": 26397}}, {"type": "Feature", "geometry": {"type": "LineString", "coordinates": [[-88.29316912845357, 42.338751549233486], [-88.26951911042005, 42.277025042072864]]}, "properties": {"name_a": "McHenry", "name_b": "Prairie Grove", "divide_score": 1.0, "catchment_overlap": 0.0, "racial_dissimilarity": 11.5, "income_gap": 51364}}, {"type": "Feature", "geometry": {"type": "LineString", "coordinates": [[-88.29316912845357, 42.338751549233486], [-88.34926046373322, 42.37946412770593]]}, "properties": {"name_a": "McHenry", "name_b": "Wonder Lake", "divide_score": 1.0, "catchment_overlap": 0.0, "racial_dissimilarity": 9.3, "income_gap": 15964}}, {"type": "Feature", "geometry": {"type": "LineString", "coordinates": [[-88.23996794930852, 42.45434563260888], [-88.21144455920465, 42.40230294277312]]}, "properties": {"name_a": "Spring Grove", "name_b": "Pistakee Highlands", "divide_score": 1.0, "catchment_overlap": 0.0, "racial_dissimilarity": 4.2, "income_gap": 40920}}, {"type": "Feature", "geometry": {"type": "LineString", "coordinates": [[-87.91147122862156, 41.88911620807922], [-87.94321005017201, 41.89733316732881]]}, "properties": {"name_a": "Berkeley", "name_b": "Elmhurst", "divide_score": 0.483, "catchment_overlap": 0.517, "racial_dissimilarity": 54.6, "income_gap": 62150}}, {"type": "Feature", "geometry": {"type": "LineString", "coordinates": [[-87.91147122862156, 41.88911620807922], [-87.86364788553696, 41.90299469854953]]}, "properties": {"name_a": "Berkeley", "name_b": "Melrose Park", "divide_score": 0.848, "catchment_overlap": 0.152, "racial_dissimilarity": 32.6, "income_gap": 18484}}, {"type": "Feature", "geometry": {"type": "LineString", "coordinates": [[-87.91147122862156, 41.88911620807922], [-87.9054862982148, 41.91431582185733]]}, "properties": {"name_a": "Berkeley", "name_b": "Northlake", "divide_score": 0.435, "catchment_overlap": 0.565, "racial_dissimilarity": 20.9, "income_gap": 5660}}, {"type": "Feature", "geometry": {"type": "LineString", "coordinates": [[-87.79092577767648, 41.84333272255728], [-87.81909417440687, 41.81185725817264]]}, "properties": {"name_a": "Berwyn", "name_b": "Lyons", "divide_score": 0.839, "catchment_overlap": 0.161, "racial_dissimilarity": 18.4, "income_gap": 11026}}, {"type": "Feature", "geometry": {"type": "LineString", "coordinates": [[-87.79092577767648, 41.84333272255728], [-87.81696845509713, 41.831007416331616]]}, "properties": {"name_a": "Berwyn", "name_b": "Riverside", "divide_score": 0.722, "catchment_overlap": 0.278, "racial_dissimilarity": 38.7, "income_gap": 73984}}, {"type": "Feature", "geometry": {"type": "LineString", "coordinates": [[-87.79092577767648, 41.84333272255728], [-87.75928990540922, 41.84453728291717]]}, "properties": {"name_a": "Berwyn", "name_b": "Cicero", "divide_score": 0.603, "catchment_overlap": 0.397, "racial_dissimilarity": 26.3, "income_gap": 6687}}, {"type": "Feature", "geometry": {"type": "LineString", "coordinates": [[-87.79092577767648, 41.84333272255728], [-87.78994039877055, 41.88716436855205]]}, "properties": {"name_a": "Berwyn", "name_b": "Oak Park", "divide_score": 0.675, "catchment_overlap": 0.325, "racial_dissimilarity": 48.8, "income_gap": 32791}}, {"type": "Feature", "geometry": {"type": "LineString", "coordinates": [[-87.68114654195584, 41.65778139112179], [-87.72423288985023, 41.62542817146333]]}, "properties": {"name_a": "Blue Island", "name_b": "Midlothian", "divide_score": 0.938, "catchment_overlap": 0.062, "racial_dissimilarity": 32.9, "income_gap": 6907}}, {"type": "Feature", "geometry": {"type": "LineString", "coordinates": [[-87.68114654195584, 41.65778139112179], [-87.66723265622534, 41.63295046200766]]}, "properties": {"name_a": "Blue Island", "name_b": "Dixmoor", "divide_score": 0.786, "catchment_overlap": 0.214, "racial_dissimilarity": 9.6, "income_gap": 21104}}, {"type": "Feature", "geometry": {"type": "LineString", "coordinates": [[-87.68114654195584, 41.65778139112179], [-87.70810316347334, 41.643124562849906]]}, "properties": {"name_a": "Blue Island", "name_b": "Robbins", "divide_score": 0.828, "catchment_overlap": 0.172, "racial_dissimilarity": 49.6, "income_gap": 23371}}, {"type": "Feature", "geometry": {"type": "LineString", "coordinates": [[-87.68114654195584, 41.65778139112179], [-87.68493237114761, 41.83697060484273]]}, "properties": {"name_a": "Blue Island", "name_b": "Chicago", "divide_score": 0.984, "catchment_overlap": 0.016, "racial_dissimilarity": 16.9, "income_gap": 14169}}, {"type": "Feature", "geometry": {"type": "LineString", "coordinates": [[-87.80664402998715, 41.7402806047947], [-87.82655583115542, 41.69863487120382]]}, "properties": {"name_a": "Bridgeview", "name_b": "Palos Hills", "divide_score": 0.621, "catchment_overlap": 0.379, "racial_dissimilarity": 20.9, "income_gap": 18816}}, {"type": "Feature", "geometry": {"type": "LineString", "coordinates": [[-87.80664402998715, 41.7402806047947], [-87.7794672809494, 41.703414624426166]]}, "properties": {"name_a": "Bridgeview", "name_b": "Chicago Ridge", "divide_score": 0.684, "catchment_overlap": 0.316, "racial_dissimilarity": 10.0, "income_gap": 4236}}, {"type": "Feature", "geometry": {"type": "LineString", "coordinates": [[-87.80664402998715, 41.7402806047947], [-87.75277691180487, 41.71388549768124]]}, "properties": {"name_a": "Bridgeview", "name_b": "Oak Lawn", "divide_score": 0.709, "catchment_overlap": 0.291, "racial_dissimilarity": 7.4, "income_gap": 17340}}, {"type": "Feature", "geometry": {"type": "LineString", "coordinates": [[-87.80664402998715, 41.7402806047947], [-87.76850478137439, 41.74442036487854]]}, "properties": {"name_a": "Bridgeview", "name_b": "Burbank", "divide_score": 0.703, "catchment_overlap": 0.297, "racial_dissimilarity": 18.7, "income_gap": 18822}}, {"type": "Feature", "geometry": {"type": "LineString", "coordinates": [[-87.85619170116742, 41.858367208045166], [-87.89061942887881, 41.84919591707584]]}, "properties": {"name_a": "Broadview", "name_b": "Westchester", "divide_score": 0.628, "catchment_overlap": 0.372, "racial_dissimilarity": 43.2, "income_gap": 43422}}, {"type": "Feature", "geometry": {"type": "LineString", "coordinates": [[-87.85619170116742, 41.858367208045166], [-87.84418376346724, 41.87977674207706]]}, "properties": {"name_a": "Broadview", "name_b": "Maywood", "divide_score": 0.6, "catchment_overlap": 0.4, "racial_dissimilarity": 11.3, "income_gap": 6359}}, {"type": "Feature", "geometry": {"type": "LineString", "coordinates": [[-87.8470023591619, 41.824528530581894], [-87.84113932360387, 41.79590825159134]]}, "properties": {"name_a": "Brookfield", "name_b": "McCook", "divide_score": 0.423, "catchment_overlap": 0.577, "racial_dissimilarity": 29.2, "income_gap": 33965}}, {"type": "Feature", "geometry": {"type": "LineString", "coordinates": [[-87.8470023591619, 41.824528530581894], [-87.81909417440687, 41.81185725817264]]}, "properties": {"name_a": "Brookfield", "name_b": "Lyons", "divide_score": 0.585, "catchment_overlap": 0.415, "racial_dissimilarity": 27.1, "income_gap": 44220}}, {"type": "Feature", "geometry": {"type": "LineString", "coordinates": [[-87.8470023591619, 41.824528530581894], [-87.81696845509713, 41.831007416331616]]}, "properties": {"name_a": "Brookfield", "name_b": "Riverside", "divide_score": 0.615, "catchment_overlap": 0.385, "racial_dissimilarity": 9.1, "income_gap": 40790}}, {"type": "Feature", "geometry": {"type": "LineString", "coordinates": [[-87.81909417440687, 41.81185725817264], [-87.81457485144928, 41.78765859348765]]}, "properties": {"name_a": "Lyons", "name_b": "Summit", "divide_score": 0.775, "catchment_overlap": 0.225, "racial_dissimilarity": 32.5, "income_gap": 3792}}, {"type": "Feature", "geometry": {"type": "LineString", "coordinates": [[-87.81909417440687, 41.81185725817264], [-87.84113932360387, 41.79590825159134]]}, "properties": {"name_a": "Lyons", "name_b": "McCook", "divide_score": 0.479, "catchment_overlap": 0.521, "racial_dissimilarity": 2.1, "income_gap": 10255}}, {"type": "Feature", "geometry": {"type": "LineString", "coordinates": [[-87.81909417440687, 41.81185725817264], [-87.81696845509713, 41.831007416331616]]}, "properties": {"name_a": "Lyons", "name_b": "Riverside", "divide_score": 0.385, "catchment_overlap": 0.615, "racial_dissimilarity": 20.3, "income_gap": 85010}}, {"type": "Feature", "geometry": {"type": "LineString", "coordinates": [[-87.84113932360387, 41.79590825159134], [-87.87522403850974, 41.77420381048527]]}, "properties": {"name_a": "McCook", "name_b": "Countryside", "divide_score": 0.66, "catchment_overlap": 0.34, "racial_dissimilarity": 29.0, "income_gap": 3668}}, {"type": "Feature", "geometry": {"type": "LineString", "coordinates": [[-87.84113932360387, 41.79590825159134], [-87.81457485144928, 41.78765859348765]]}, "properties": {"name_a": "McCook", "name_b": "Summit", "divide_score": 0.698, "catchment_overlap": 0.302, "racial_dissimilarity": 30.6, "income_gap": 14047}}, {"type": "Feature", "geometry": {"type": "LineString", "coordinates": [[-87.69045499503827, 41.600036036292515], [-87.72503191945631, 41.5636589954199]]}, "properties": {"name_a": "Markham", "name_b": "Country Club Hills", "divide_score": 0.583, "catchment_overlap": 0.417, "racial_dissimilarity": 16.7, "income_gap": 25099}}, {"type": "Feature", "geometry": {"type": "LineString", "coordinates": [[-87.69045499503827, 41.600036036292515], [-87.72423288985023, 41.62542817146333]]}, "properties": {"name_a": "Markham", "name_b": "Midlothian", "divide_score": 0.643, "catchment_overlap": 0.357, "racial_dissimilarity": 57.6, "income_gap": 15508}}, {"type": "Feature", "geometry": {"type": "LineString", "coordinates": [[-87.84418376346724, 41.87977674207706], [-87.86364788553696, 41.90299469854953]]}, "properties": {"name_a": "Maywood", "name_b": "Melrose Park", "divide_score": 0.623, "catchment_overlap": 0.377, "racial_dissimilarity": 54.7, "income_gap": 1758}}, {"type": "Feature", "geometry": {"type": "LineString", "coordinates": [[-87.84418376346724, 41.87977674207706], [-87.81943072039361, 41.894994790270395]]}, "properties": {"name_a": "Maywood", "name_b": "River Forest", "divide_score": 0.581, "catchment_overlap": 0.419, "racial_dissimilarity": 76.2, "income_gap": 82213}}, {"type": "Feature", "geometry": {"type": "LineString", "coordinates": [[-87.81943072039361, 41.894994790270395], [-87.86364788553696, 41.90299469854953]]}, "properties": {"name_a": "River Forest", "name_b": "Melrose Park", "divide_score": 0.662, "catchment_overlap": 0.338, "racial_dissimilarity": 66.9, "income_gap": 83971}}, {"type": "Feature", "geometry": {"type": "LineString", "coordinates": [[-87.81943072039361, 41.894994790270395], [-87.68493237114761, 41.83697060484273]]}, "properties": {"name_a": "River Forest", "name_b": "Chicago", "divide_score": 0.977, "catchment_overlap": 0.023, "racial_dissimilarity": 46.4, "income_gap": 73577}}, {"type": "Feature", "geometry": {"type": "LineString", "coordinates": [[-87.81943072039361, 41.894994790270395], [-87.78994039877055, 41.88716436855205]]}, "properties": {"name_a": "River Forest", "name_b": "Oak Park", "divide_score": 0.506, "catchment_overlap": 0.494, "racial_dissimilarity": 17.0, "income_gap": 40685}}, {"type": "Feature", "geometry": {"type": "LineString", "coordinates": [[-87.83793359630911, 41.92427691846835], [-87.86364788553696, 41.90299469854953]]}, "properties": {"name_a": "River Grove", "name_b": "Melrose Park", "divide_score": 0.644, "catchment_overlap": 0.356, "racial_dissimilarity": 43.4, "income_gap": 10053}}, {"type": "Feature", "geometry": {"type": "LineString", "coordinates": [[-87.83793359630911, 41.92427691846835], [-87.68493237114761, 41.83697060484273]]}, "properties": {"name_a": "River Grove", "name_b": "Chicago", "divide_score": 0.986, "catchment_overlap": 0.014, "racial_dissimilarity": 30.6, "income_gap": 341}}, {"type": "Feature", "geometry": {"type": "LineString", "coordinates": [[-87.70810316347334, 41.643124562849906], [-87.72423288985023, 41.62542817146333]]}, "properties": {"name_a": "Robbins", "name_b": "Midlothian", "divide_score": 0.5, "catchment_overlap": 0.5, "racial_dissimilarity": 72.2, "income_gap": 30278}}, {"type": "Feature", "geometry": {"type": "LineString", "coordinates": [[-87.70810316347334, 41.643124562849906], [-87.73969840533611, 41.64538695124805]]}, "properties": {"name_a": "Robbins", "name_b": "Crestwood", "divide_score": 0.417, "catchment_overlap": 0.583, "racial_dissimilarity": 71.6, "income_gap": 31092}}, {"type": "Feature", "geometry": {"type": "LineString", "coordinates": [[-87.87173941381278, 41.988977604571744], [-87.68493237114761, 41.83697060484273]]}, "properties": {"name_a": "Rosemont", "name_b": "Chicago", "divide_score": 0.976, "catchment_overlap": 0.024, "racial_dissimilarity": 27.9, "income_gap": 5981}}, {"type": "Feature", "geometry": {"type": "LineString", "coordinates": [[-87.8693167035993, 41.9586263110403], [-87.68493237114761, 41.83697060484273]]}, "properties": {"name_a": "Schiller Park", "name_b": "Chicago", "divide_score": 0.973, "catchment_overlap": 0.027, "racial_dissimilarity": 29.5, "income_gap": 7661}}, {"type": "Feature", "geometry": {"type": "LineString", "coordinates": [[-87.7399938282355, 42.03597034989608], [-87.68493237114761, 41.83697060484273]]}, "properties": {"name_a": "Skokie", "name_b": "Chicago", "divide_score": 0.961, "catchment_overlap": 0.039, "racial_dissimilarity": 26.6, "income_gap": 18416}}, {"type": "Feature", "geometry": {"type": "LineString", "coordinates": [[-87.7399938282355, 42.03597034989608], [-87.78901215137415, 42.0423209883898]]}, "properties": {"name_a": "Skokie", "name_b": "Morton Grove", "divide_score": 0.754, "catchment_overlap": 0.246, "racial_dissimilarity": 7.9, "income_gap": 12528}}, {"type": "Feature", "geometry": {"type": "LineString", "coordinates": [[-87.68493237114761, 41.83697060484273], [-87.55055582610701, 41.61339194906267]]}, "properties": {"name_a": "Chicago", "name_b": "Calumet City", "divide_score": 0.995, "catchment_overlap": 0.005, "racial_dissimilarity": 42.4, "income_gap": 21143}}, {"type": "Feature", "geometry": {"type": "LineString", "coordinates": [[-87.68493237114761, 41.83697060484273], [-87.5978706771097, 41.62836033368131]]}, "properties": {"name_a": "Chicago", "name_b": "Dolton", "divide_score": 0.996, "catchment_overlap": 0.004, "racial_dissimilarity": 59.6, "income_gap": 16428}}, {"type": "Feature", "geometry": {"type": "LineString", "coordinates": [[-87.68493237114761, 41.83697060484273], [-87.54470303794064, 41.63753798537586]]}, "properties": {"name_a": "Chicago", "name_b": "Burnham", "divide_score": 0.996, "catchment_overlap": 0.004, "racial_dissimilarity": 27.8, "income_gap": 19426}}, {"type": "Feature", "geometry": {"type": "LineString", "coordinates": [[-87.68493237114761, 41.83697060484273], [-87.75277691180487, 41.71388549768124]]}, "properties": {"name_a": "Chicago", "name_b": "Oak Lawn", "divide_score": 0.979, "catchment_overlap": 0.021, "racial_dissimilarity": 29.3, "income_gap": 7359}}, {"type": "Feature", "geometry": {"type": "LineString", "coordinates": [[-87.68493237114761, 41.83697060484273], [-87.76850478137439, 41.74442036487854]]}, "properties": {"name_a": "Chicago", "name_b": "Burbank", "divide_score": 0.99, "catchment_overlap": 0.01, "racial_dissimilarity": 29.4, "income_gap": 8841}}, {"type": "Feature", "geometry": {"type": "LineString", "coordinates": [[-87.68493237114761, 41.83697060484273], [-87.81457485144928, 41.78765859348765]]}, "properties": {"name_a": "Chicago", "name_b": "Summit", "divide_score": 0.993, "catchment_overlap": 0.007, "racial_dissimilarity": 43.8, "income_gap": 14717}}, {"type": "Feature", "geometry": {"type": "LineString", "coordinates": [[-87.68493237114761, 41.83697060484273], [-87.75928990540922, 41.84453728291717]]}, "properties": {"name_a": "Chicago", "name_b": "Cicero", "divide_score": 0.966, "catchment_overlap": 0.034, "racial_dissimilarity": 54.5, "income_gap": 6586}}, {"type": "Feature", "geometry": {"type": "LineString", "coordinates": [[-87.68493237114761, 41.83697060484273], [-87.78994039877055, 41.88716436855205]]}, "properties": {"name_a": "Chicago", "name_b": "Oak Park", "divide_score": 0.959, "catchment_overlap": 0.041, "racial_dissimilarity": 29.4, "income_gap": 32892}}, {"type": "Feature", "geometry": {"type": "LineString", "coordinates": [[-87.68493237114761, 41.83697060484273], [-87.8231921800657, 41.963725620126134]]}, "properties": {"name_a": "Chicago", "name_b": "Norridge", "divide_score": 0.972, "catchment_overlap": 0.028, "racial_dissimilarity": 43.5, "income_gap": 12445}}, {"type": "Feature", "geometry": {"type": "LineString", "coordinates": [[-87.94321005017201, 41.89733316732881], [-87.95162353276879, 41.837314390286366]]}, "properties": {"name_a": "Elmhurst", "name_b": "Oak Brook", "divide_score": 0.816, "catchment_overlap": 0.184, "racial_dissimilarity": 10.8, "income_gap": 25749}}, {"type": "Feature", "geometry": {"type": "LineString", "coordinates": [[-87.94321005017201, 41.89733316732881], [-87.9054862982148, 41.91431582185733]]}, "properties": {"name_a": "Elmhurst", "name_b": "Northlake", "divide_score": 0.606, "catchment_overlap": 0.394, "racial_dissimilarity": 51.1, "income_gap": 67810}}, {"type": "Feature", "geometry": {"type": "LineString", "coordinates": [[-87.75277691180487, 41.71388549768124], [-87.7794672809494, 41.703414624426166]]}, "properties": {"name_a": "Oak Lawn", "name_b": "Chicago Ridge", "divide_score": 0.489, "catchment_overlap": 0.511, "racial_dissimilarity": 6.8, "income_gap": 13104}}, {"type": "Feature", "geometry": {"type": "LineString", "coordinates": [[-87.75277691180487, 41.71388549768124], [-87.76850478137439, 41.74442036487854]]}, "properties": {"name_a": "Oak Lawn", "name_b": "Burbank", "divide_score": 0.562, "catchment_overlap": 0.438, "racial_dissimilarity": 26.1, "income_gap": 1482}}, {"type": "Feature", "geometry": {"type": "LineString", "coordinates": [[-87.95162353276879, 41.837314390286366], [-87.89061942887881, 41.84919591707584]]}, "properties": {"name_a": "Oak Brook", "name_b": "Westchester", "divide_score": 0.877, "catchment_overlap": 0.123, "racial_dissimilarity": 20.1, "income_gap": 67562}}, {"type": "Feature", "geometry": {"type": "LineString", "coordinates": [[-87.54470303794064, 41.63753798537586], [-87.55055582610701, 41.61339194906267]]}, "properties": {"name_a": "Burnham", "name_b": "Calumet City", "divide_score": 0.5, "catchment_overlap": 0.5, "racial_dissimilarity": 14.6, "income_gap": 1717}}, {"type": "Feature", "geometry": {"type": "LineString", "coordinates": [[-87.55055582610701, 41.61339194906267], [-87.60222368001384, 41.59765769879601]]}, "properties": {"name_a": "Calumet City", "name_b": "South Holland", "divide_score": 0.7, "catchment_overlap": 0.3, "racial_dissimilarity": 5.8, "income_gap": 33387}}, {"type": "Feature", "geometry": {"type": "LineString", "coordinates": [[-87.55055582610701, 41.61339194906267], [-87.5978706771097, 41.62836033368131]]}, "properties": {"name_a": "Calumet City", "name_b": "Dolton", "divide_score": 0.714, "catchment_overlap": 0.286, "racial_dissimilarity": 17.2, "income_gap": 4715}}, {"type": "Feature", "geometry": {"type": "LineString", "coordinates": [[-87.7794672809494, 41.703414624426166], [-87.82655583115542, 41.69863487120382]]}, "properties": {"name_a": "Chicago Ridge", "name_b": "Palos Hills", "divide_score": 0.667, "catchment_overlap": 0.333, "racial_dissimilarity": 16.5, "income_gap": 14580}}, {"type": "Feature", "geometry": {"type": "LineString", "coordinates": [[-87.75928990540922, 41.84453728291717], [-87.78994039877055, 41.88716436855205]]}, "properties": {"name_a": "Cicero", "name_b": "Oak Park", "divide_score": 0.794, "catchment_overlap": 0.206, "racial_dissimilarity": 75.1, "income_gap": 39478}}, {"type": "Feature", "geometry": {"type": "LineString", "coordinates": [[-87.86364788553696, 41.90299469854953], [-87.9054862982148, 41.91431582185733]]}, "properties": {"name_a": "Melrose Park", "name_b": "Northlake", "divide_score": 0.75, "catchment_overlap": 0.25, "racial_dissimilarity": 14.4, "income_gap": 12824}}, {"type": "Feature", "geometry": {"type": "LineString", "coordinates": [[-87.72423288985023, 41.62542817146333], [-87.73969840533611, 41.64538695124805]]}, "properties": {"name_a": "Midlothian", "name_b": "Crestwood", "divide_score": 0.538, "catchment_overlap": 0.462, "racial_dissimilarity": 21.1, "income_gap": 814}}, {"type": "Feature", "geometry": {"type": "LineString", "coordinates": [[-87.60222368001384, 41.59765769879601], [-87.61869552063584, 41.57106215085735]]}, "properties": {"name_a": "South Holland", "name_b": "Thornton", "divide_score": 0.7, "catchment_overlap": 0.3, "racial_dissimilarity": 41.9, "income_gap": 26267}}, {"type": "Feature", "geometry": {"type": "LineString", "coordinates": [[-87.60222368001384, 41.59765769879601], [-87.5978706771097, 41.62836033368131]]}, "properties": {"name_a": "South Holland", "name_b": "Dolton", "divide_score": 0.409, "catchment_overlap": 0.591, "racial_dissimilarity": 14.7, "income_gap": 28672}}, {"type": "Feature", "geometry": {"type": "LineString", "coordinates": [[-87.79578944639489, 41.66373109602603], [-87.82655583115542, 41.69863487120382]]}, "properties": {"name_a": "Palos Heights", "name_b": "Palos Hills", "divide_score": 0.55, "catchment_overlap": 0.45, "racial_dissimilarity": 4.4, "income_gap": 24005}}, {"type": "Feature", "geometry": {"type": "LineString", "coordinates": [[-88.1487653132961, 42.48258217280446], [-88.12738726326482, 42.486718689136985]]}, "properties": {"name_a": "Channel Lake", "name_b": "Lake Catherine", "divide_score": 1.0, "catchment_overlap": 0.0, "racial_dissimilarity": 4.1, "income_gap": 30863}}, {"type": "Feature", "geometry": {"type": "LineString", "coordinates": [[-88.16391347486223, 41.568531673910094], [-88.1448560267498, 41.57196873905182]]}, "properties": {"name_a": "Crystal Lawns", "name_b": "Sunnyland", "divide_score": 0.333, "catchment_overlap": 0.667, "racial_dissimilarity": 9.1, "income_gap": 43582}}, {"type": "Feature", "geometry": {"type": "LineString", "coordinates": [[-87.54423686557011, 41.46107543159908], [-87.53466305949375, 41.44686080563158]]}, "properties": {"name_a": "Plum Valley", "name_b": "Willowbrook", "divide_score": 1.0, "catchment_overlap": 0.0, "racial_dissimilarity": 9.9, "income_gap": 125896}}]}